time,dt,accel_x,accel_y,accel_z,union_g,gyro_x,gyro_y,gyro_z,pressure,temp,ag
0.088057,0.068285,-0.21546,-0.234612,-9.820188,-9.825353,0,-0.005325,0.00426,97488.03,31.83,-0.000731482
0.157563,0.069506,-0.208278,-0.253764,-9.836946,-9.842423,0.001065,-0.005325,0.00426,97475.63,31.83,-0.017801482
0.22865,0.071087,-0.177156,-0.256158,-9.82737,-9.832304,0.00426,-0.009585,0.001065,97475.63,31.83,-0.007682482
0.29598,0.06733,-0.198702,-0.256158,-9.813006,-9.81836,0,-0.005325,0.003195,97483.9,31.83,0.006261518
0.363201,0.067221,-0.234612,-0.213066,-9.822582,-9.827693,0.001065,-0.00426,0.003195,97479.76,31.83,-0.003071482
0.430375,0.067173,-0.21546,-0.25137,-9.817794,-9.823375,0,-0.00639,0.00426,97479.76,31.85,0.001246518
0.497999,0.067625,-0.189126,-0.256158,-9.836946,-9.842098,0.005325,-0.00426,0.00426,97479.76,31.84,-0.017476482
0.568686,0.070687,-0.19152,-0.25137,-9.813006,-9.818093,-0.001065,-0.003195,0.00426,97488.03,31.84,0.006528518
0.638752,0.070066,-0.246582,-0.225036,-9.829764,-9.835431,0.003195,-0.00639,0.005325,97483.9,31.84,-0.010809482
0.709644,0.070892,-0.232218,-0.234612,-9.810612,-9.816164,0.00213,-0.00639,0.005325,97488.03,31.84,0.008457518
0.777408,0.067765,-0.184338,-0.241794,-9.798642,-9.803358,-0.00213,-0.00426,0.001065,97479.76,31.83,0.021263518
0.844307,0.066899,-0.205884,-0.225036,-9.829764,-9.834495,0.00213,-0.005325,0.003195,97483.9,31.84,-0.009873482
0.911015,0.066708,-0.22743,-0.246582,-9.796248,-9.80199,0.001065,-0.00426,0.005325,97475.63,31.83,0.022631518
0.978257,0.067242,-0.237006,-0.260946,-9.829764,-9.836083,0.001065,-0.005325,0.00426,97479.76,31.84,-0.011461482
1.045676,0.067419,-0.220248,-0.232218,-9.85131,-9.856508,0.005325,-0.00639,0.005325,97471.5,31.84,-0.031886482
1.11207,0.066394,-0.198702,-0.27531,-9.805824,-9.8117,0.003195,-0.005325,0.005325,97479.76,31.84,0.012921518
1.179379,0.067309,-0.198702,-0.232218,-9.820188,-9.824943,-0.00213,-0.00426,0.00213,97488.03,31.84,-0.000321482
1.247101,0.067721,-0.237006,-0.234612,-9.834552,-9.840205,0,-0.005325,0.00213,97471.5,31.83,-0.015583482
1.313714,0.066614,-0.205884,-0.258552,-9.822582,-9.828141,0,-0.005325,0.005325,97475.63,31.84,-0.003519482
1.380989,0.067275,-0.232218,-0.26334,-9.8154,-9.821678,-0.00213,-0.003195,0.00213,97471.5,31.84,0.002943518
1.447985,0.066995,-0.189126,-0.2394,-9.82737,-9.832105,0.00213,-0.003195,0.00213,97479.76,31.84,-0.007483482
1.515479,0.067494,-0.225036,-0.246582,-9.836946,-9.842609,0.003195,-0.007455,0.00426,97479.76,31.84,-0.017987482
1.583254,0.067775,-0.25137,-0.258552,-9.836946,-9.843553,0.003195,-0.00426,0.00426,97479.76,31.84,-0.018931482
1.65033,0.067076,-0.205884,-0.2394,-9.82737,-9.832441,0.00213,-0.003195,0.003195,97475.63,31.84,-0.007819482
1.717117,0.066787,-0.196308,-0.244188,-9.846522,-9.851505,0.00426,-0.005325,0.00639,97471.5,31.84,-0.026883482
1.784499,0.067382,-0.20349,-0.25137,-9.813006,-9.818334,-0.001065,-0.00639,0.003195,97479.76,31.84,0.006287518
1.851784,0.067286,-0.248976,-0.229824,-9.810612,-9.816461,0.003195,-0.005325,0.003195,97479.76,31.84,0.008160518
1.918355,0.066571,-0.193914,-0.272916,-9.822582,-9.828286,0.001065,-0.005325,0.003195,97467.36,31.84,-0.003664482
1.984758,0.066404,-0.22743,-0.260946,-9.82737,-9.833464,0.00426,-0.005325,0.00213,97479.76,31.84,-0.008842482
2.051662,0.066904,-0.189126,-0.2394,-9.844128,-9.848855,-0.001065,-0.005325,0.00426,97479.76,31.84,-0.024233482
2.118781,0.067119,-0.19152,-0.244188,-9.82737,-9.832269,0.00213,-0.007455,0.003195,97475.63,31.84,-0.007647482
2.1861,0.067318,-0.229824,-0.2394,-9.832158,-9.837757,0.003195,-0.007455,0.00213,97479.76,31.84,-0.013135482
2.253221,0.067121,-0.205884,-0.222642,-9.836946,-9.841619,-0.001065,-0.003195,0.003195,97479.76,31.84,-0.016997482
2.32057,0.067349,-0.222642,-0.246582,-9.820188,-9.825806,0.001065,-0.00426,0.00426,97471.5,31.84,-0.001184482
2.387693,0.067123,-0.232218,-0.260946,-9.817794,-9.824006,0.003195,-0.00213,0.003195,97488.03,31.84,0.000615518
2.454389,0.066696,-0.213066,-0.246582,-9.796248,-9.801667,0,-0.003195,0.00426,97483.9,31.84,0.022954518
2.521879,0.067491,-0.205884,-0.244188,-9.8154,-9.820595,0.00213,-0.005325,0.003195,97471.5,31.84,0.004026518
2.589094,0.067215,-0.222642,-0.280098,-9.82737,-9.833882,0.003195,-0.007455,0,97471.5,31.83,-0.009260482
2.656333,0.067239,-0.234612,-0.213066,-9.79146,-9.796588,-0.001065,-0.005325,0.00213,97471.5,31.83,0.028033518
2.723264,0.066931,-0.222642,-0.241794,-9.805824,-9.811331,0.001065,-0.00426,0.00426,97483.9,31.84,0.013290518
2.790325,0.06706,-0.22743,-0.256158,-9.829764,-9.835731,0.00213,-0.00639,0.003195,97479.76,31.83,-0.011109482
2.857601,0.067276,-0.234612,-0.265734,-9.834552,-9.840938,0,-0.001065,0.003195,97479.76,31.83,-0.016316482
2.924663,0.067062,-0.21546,-0.26334,-9.82737,-9.833258,0,-0.005325,0.001065,97479.76,31.84,-0.008636482
2.991913,0.06725,-0.234612,-0.26334,-9.817794,-9.824127,0.003195,-0.007455,0.005325,97479.76,31.83,0.000494518
3.059145,0.067232,-0.229824,-0.258552,-9.83934,-9.845419,-0.001065,-0.005325,0.00426,97475.63,31.84,-0.020797482
3.126006,0.066861,-0.198702,-0.232218,-9.83934,-9.844085,0.001065,-0.00426,0.00426,97471.5,31.83,-0.019463482
3.193142,0.067136,-0.196308,-0.237006,-9.801036,-9.805866,0.003195,-0.00639,0.005325,97483.9,31.83,0.018755518
3.259945,0.066803,-0.222642,-0.2394,-9.810612,-9.816058,0,-0.00639,0.00213,97475.63,31.83,0.008563518
3.327373,0.067428,-0.210672,-0.229824,-9.813006,-9.817957,0.003195,-0.00426,0.00426,97479.76,31.83,0.006664518
3.394377,0.067005,-0.21546,-0.258552,-9.834552,-9.840309,0.001065,-0.00639,0.00426,97479.76,31.83,-0.015687482
3.461981,0.067603,-0.244188,-0.270522,-9.808218,-9.814986,0.005325,-0.003195,0.00426,97467.36,31.84,0.009635518
3.528603,0.066623,-0.222642,-0.253764,-9.796248,-9.802063,0,-0.00639,0.003195,97475.63,31.83,0.022558518
3.595974,0.06737,-0.21546,-0.2394,-9.822582,-9.827861,0.00213,-0.007455,0.005325,97479.76,31.84,-0.003239482
3.66235,0.066376,-0.21546,-0.248976,-9.85131,-9.856811,0.00426,-0.005325,0.00213,97479.76,31.82,-0.032189482
3.729063,0.066713,-0.222642,-0.237006,-9.829764,-9.835141,0,-0.005325,0.005325,97488.03,31.84,-0.010519482
3.796655,0.067592,-0.196308,-0.292068,-9.832158,-9.838454,0.001065,-0.00426,0.003195,97475.63,31.83,-0.013832482
3.863252,0.066597,-0.222642,-0.248976,-9.817794,-9.823474,0,-0.00426,0.003195,97467.36,31.82,0.001147518
3.930323,0.067071,-0.201096,-0.229824,-9.813006,-9.817757,0,-0.00426,0.005325,97483.9,31.84,0.006864518
3.998001,0.067678,-0.232218,-0.265734,-9.824976,-9.831312,0.00213,-0.00639,0.00639,97488.03,31.83,-0.006690482
4.065536,0.067536,-0.222642,-0.244188,-9.844128,-9.849673,0.003195,-0.005325,0.00213,97475.63,31.83,-0.025051482
4.132915,0.067379,-0.241794,-0.232218,-9.805824,-9.811553,0,-0.005325,0.00213,97475.63,31.84,0.013068518
4.200236,0.06732,-0.201096,-0.246582,-9.83934,-9.844483,0.003195,-0.005325,0.005325,97479.76,31.83,-0.019861482
4.267503,0.067267,-0.220248,-0.25137,-9.8154,-9.821088,0.00213,-0.007455,0.00426,97471.5,31.83,0.003533518
4.33733,0.069827,-0.20349,-0.222642,-9.822582,-9.827212,0,0,0.00426,97483.9,31.83,-0.002590482
4.407601,0.070271,-0.222642,-0.232218,-9.824976,-9.830242,0.003195,-0.005325,0.00426,97475.63,31.83,-0.005620482
4.478304,0.070702,-0.21546,-0.26334,-9.834552,-9.840436,-0.00213,-0.005325,0.00213,97475.63,31.83,-0.015814482
4.545556,0.067252,-0.217854,-0.241794,-9.82737,-9.832758,-0.00213,-0.005325,0.003195,97479.76,31.84,-0.008136482
4.616931,0.071375,-0.193914,-0.244188,-9.822582,-9.82753,0.00426,-0.00426,0.00426,97483.9,31.83,-0.002908482
4.686085,0.069154,-0.220248,-0.260946,-9.820188,-9.826123,0.00213,-0.005325,0.001065,97492.16,31.83,-0.001501482
4.758411,0.072326,-0.20349,-0.246582,-9.83934,-9.844533,0.00426,-0.00639,0.003195,97479.76,31.83,-0.019911482
4.825538,0.067127,-0.205884,-0.265734,-9.841734,-9.847473,0.00213,-0.003195,0.00426,97475.63,31.83,-0.022851482
4.892941,0.067403,-0.210672,-0.241794,-9.86328,-9.868492,0,-0.00426,0.00426,97488.03,31.83,-0.043870482
4.960027,0.067087,-0.22743,-0.258552,-9.832158,-9.838186,0.005325,-0.005325,0.00213,97483.9,31.83,-0.013564482
5.026337,0.06631,-0.213066,-0.248976,-9.822582,-9.828047,0.001065,-0.00639,0.00426,97475.63,31.83,-0.003425482
5.093655,0.067318,-0.234612,-0.248976,-9.829764,-9.835715,0.003195,-0.00639,0.005325,97483.9,31.83,-0.011093482
5.160797,0.067142,-0.213066,-0.225036,-9.8154,-9.820291,0.001065,-0.005325,0.003195,97479.76,31.84,0.004330518
5.227668,0.066871,-0.232218,-0.244188,-9.829764,-9.835538,0,-0.00639,0.00213,97475.63,31.83,-0.010916482
5.295029,0.067361,-0.234612,-0.21546,-9.793854,-9.799033,0.001065,-0.00426,0.00426,97479.76,31.83,0.025588518
5.362073,0.067044,-0.198702,-0.246582,-9.80343,-9.808543,-0.00213,-0.00213,0.003195,97483.9,31.83,0.016078518
5.429035,0.066962,-0.217854,-0.244188,-9.846522,-9.851958,0.001065,-0.00426,0.00426,97479.76,31.83,-0.027336482
5.496418,0.067383,-0.198702,-0.237006,-9.8154,-9.820271,0.001065,-0.005325,0.00213,97479.76,31.84,0.004350518
5.56324,0.066822,-0.198702,-0.241794,-9.832158,-9.837138,0,-0.005325,0.00426,97467.36,31.84,-0.012516482
5.63035,0.067111,-0.208278,-0.246582,-9.836946,-9.84224,0.00213,-0.00426,0.00426,97479.76,31.83,-0.017618482
5.697782,0.067431,-0.244188,-0.234612,-9.848916,-9.854736,-0.00213,-0.005325,0.00213,97475.63,31.82,-0.030114482
5.765568,0.067786,-0.213066,-0.237006,-9.80343,-9.808609,0,-0.00639,0.00426,97475.63,31.83,0.016012518
5.832837,0.067268,-0.220248,-0.284886,-9.846522,-9.853104,0.00426,-0.005325,0.00426,97483.9,31.82,-0.028482482
5.899559,0.066722,-0.210672,-0.246582,-9.834552,-9.839898,0.001065,-0.003195,0.005325,97479.76,31.83,-0.015276482
5.967222,0.067663,-0.21546,-0.225036,-9.846522,-9.85145,-0.00213,-0.00426,0.003195,97475.63,31.83,-0.026828482
6.03406,0.066839,-0.196308,-0.25137,-9.832158,-9.83733,0.003195,-0.007455,0.001065,97479.76,31.83,-0.012708482
6.104897,0.070836,-0.237006,-0.265734,-9.836946,-9.843388,0.00213,-0.003195,0.00639,97479.76,31.82,-0.018766482
6.174897,0.07,-0.201096,-0.246582,-9.82737,-9.83252,0,-0.00426,0.005325,97479.76,31.83,-0.007898482
6.246721,0.071824,-0.241794,-0.260946,-9.834552,-9.840984,0.003195,-0.00426,0.00426,97479.76,31.82,-0.016362482
6.313557,0.066836,-0.220248,-0.225036,-9.820188,-9.825235,0,-0.00213,0.00213,97488.03,31.83,-0.000613482
6.380672,0.067115,-0.201096,-0.2394,-9.822582,-9.827557,0.00426,-0.00639,0.00426,97475.63,31.82,-0.002935482
6.447796,0.067123,-0.234612,-0.244188,-9.848916,-9.854736,0.001065,-0.003195,0.003195,97475.63,31.83,-0.030114482
6.515287,0.067491,-0.210672,-0.241794,-9.82737,-9.832601,0,-0.00639,0.00213,97475.63,31.82,-0.007979482
6.582344,0.067057,-0.21546,-0.241794,-9.805824,-9.811171,0.00213,-0.005325,0.001065,97471.5,31.82,0.013450518
6.648989,0.066645,-0.244188,-0.229824,-9.813006,-9.818734,0.00213,-0.00426,0.00213,97488.03,31.82,0.005887518
6.7163,0.067312,-0.244188,-0.22743,-9.8154,-9.821071,0.001065,-0.005325,0.00426,97479.76,31.82,0.003550518
6.783225,0.066924,-0.189126,-0.268128,-9.836946,-9.842417,0.00426,-0.00213,0.003195,97475.63,31.83,-0.017795482
6.850355,0.067131,-0.229824,-0.256158,-9.801036,-9.807076,0.003195,-0.00426,0.00213,97479.76,31.83,0.017545518
6.917743,0.067388,-0.201096,-0.229824,-9.832158,-9.836899,0.001065,-0.003195,0.001065,97483.9,31.83,-0.012277482
6.984939,0.067196,-0.220248,-0.234612,-9.8154,-9.820674,0.003195,-0.007455,0.00426,97475.63,31.83,0.003947518
7.051799,0.06686,-0.21546,-0.270522,-9.83934,-9.845416,0.00213,-0.005325,0.003195,97475.63,31.83,-0.020794482
7.118377,0.066578,-0.22743,-0.237006,-9.82737,-9.832858,0.001065,-0.005325,0.00213,97479.76,31.82,-0.008236482
7.186419,0.068042,-0.20349,-0.25137,-9.813006,-9.818334,-0.001065,-0.003195,0,97483.9,31.82,0.006287518
7.253752,0.067333,-0.222642,-0.241794,-9.832158,-9.83765,0.003195,-0.007455,0.001065,97479.76,31.83,-0.013028482
7.321012,0.06726,-0.213066,-0.253764,-9.8154,-9.820991,0.001065,-0.003195,0.00639,97496.3,31.82,0.003630518
7.391388,0.070375,-0.20349,-0.248976,-9.841734,-9.846986,0,-0.005325,0.005325,97483.9,31.82,-0.022364482
7.46156,0.070173,-0.20349,-0.260946,-9.801036,-9.806621,-0.001065,-0.007455,0,97483.9,31.82,0.018000518
7.532679,0.071119,-0.201096,-0.237006,-9.813006,-9.817927,0.003195,-0.005325,0.003195,97479.76,31.83,0.006694518
7.59999,0.067311,-0.169974,-0.246582,-9.820188,-9.824754,0.003195,-0.00639,0.005325,97488.03,31.83,-0.000132482
7.666893,0.066903,-0.198702,-0.265734,-9.834552,-9.840148,0.003195,-0.007455,0.003195,97479.76,31.82,-0.015526482
7.733726,0.066833,-0.21546,-0.253764,-9.844128,-9.849755,0.001065,-0.003195,0.00426,97479.76,31.82,-0.025133482
7.800854,0.067127,-0.20349,-0.232218,-9.820188,-9.825041,0.003195,-0.007455,0.005325,97488.03,31.83,-0.000419482
7.867846,0.066992,-0.205884,-0.256158,-9.822582,-9.828078,0.00213,-0.003195,0.00426,97483.9,31.83,-0.003456482
7.93508,0.067234,-0.22743,-0.253764,-9.82737,-9.833276,-0.001065,-0.00426,0.003195,97475.63,31.82,-0.008654482
8.002461,0.067381,-0.217854,-0.246582,-9.836946,-9.842447,0.00426,-0.003195,0.00426,97483.9,31.82,-0.017825482
8.069196,0.066735,-0.220248,-0.237006,-9.8154,-9.820731,0.003195,-0.001065,0.003195,97483.9,31.83,0.003890518
8.13651,0.067314,-0.21546,-0.225036,-9.848916,-9.853842,0.001065,-0.00426,0.003195,97479.76,31.82,-0.029220482
8.203521,0.067011,-0.217854,-0.253764,-9.829764,-9.835452,0.00213,-0.00426,0.003195,97488.03,31.81,-0.010830482
8.270827,0.067306,-0.241794,-0.270522,-9.822582,-9.829281,0.003195,-0.00852,0.00639,97479.76,31.82,-0.004659482
8.338308,0.067481,-0.213066,-0.237006,-9.820188,-9.825358,0.00213,-0.00639,0.00426,97488.03,31.82,-0.000736482
8.404741,0.066434,-0.21546,-0.244188,-9.83934,-9.844728,0.00213,-0.00639,0.003195,97492.16,31.82,-0.020106482
8.471945,0.067204,-0.208278,-0.280098,-9.824976,-9.831174,0.00213,-0.007455,0.00213,97488.03,31.82,-0.006552482
8.539105,0.06716,-0.198702,-0.234612,-9.853704,-9.858499,0.001065,-0.00426,0.005325,97479.76,31.82,-0.033877482
8.60642,0.067314,-0.22743,-0.217854,-9.824976,-9.830022,0.003195,-0.00426,0.003195,97483.9,31.82,-0.005400482
8.673415,0.066996,-0.213066,-0.258552,-9.848916,-9.854613,0.003195,-0.00426,0.00213,97488.03,31.83,-0.029991482
8.740156,0.066741,-0.225036,-0.229824,-9.8154,-9.820669,-0.001065,-0.005325,0.00426,97479.76,31.83,0.003952518
8.808534,0.068378,-0.21546,-0.241794,-9.832158,-9.83749,0.00213,-0.005325,0.003195,97479.76,31.83,-0.012868482
8.875734,0.0672,-0.217854,-0.248976,-9.834552,-9.840115,0.005325,-0.005325,0.00426,97471.5,31.82,-0.015493482
8.946346,0.070612,-0.217854,-0.246582,-9.813006,-9.818521,0,-0.003195,0.003195,97479.76,31.82,0.006100518
9.018339,0.071993,-0.222642,-0.244188,-9.8154,-9.820961,0.00213,-0.003195,0.00639,97479.76,31.82,0.003660518
9.087326,0.068986,-0.205884,-0.256158,-9.8154,-9.8209,0,-0.00426,0.00426,97488.03,31.81,0.003721518
9.154401,0.067076,-0.196308,-0.25137,-9.824976,-9.830151,0.001065,-0.001065,0.00213,97471.5,31.82,-0.005529482
9.22166,0.067259,-0.244188,-0.258552,-9.8154,-9.821841,0.003195,-0.00852,0.005325,97492.16,31.82,0.002780518
9.289175,0.067515,-0.208278,-0.2394,-9.83934,-9.844455,0.001065,-0.00426,0.00213,97479.76,31.83,-0.019833482
9.356514,0.067338,-0.210672,-0.256158,-9.817794,-9.823394,0.001065,-0.00639,0.00213,97488.03,31.82,0.001227518
9.423847,0.067333,-0.20349,-0.241794,-9.836946,-9.842021,0.00426,-0.00426,0.003195,97488.03,31.82,-0.017399482
9.490413,0.066566,-0.196308,-0.26334,-9.834552,-9.840035,0.00213,-0.00639,0.003195,97479.76,31.82,-0.015413482
9.557519,0.067106,-0.21546,-0.25137,-9.82737,-9.832945,0,-0.00426,0.00213,97488.03,31.83,-0.008323482
9.624237,0.066718,-0.189126,-0.244188,-9.824976,-9.82983,0.001065,-0.00639,0.003195,97492.16,31.82,-0.005208482
9.691593,0.067356,-0.222642,-0.248976,-9.832158,-9.83783,0.001065,-0.00639,0.005325,97471.5,31.82,-0.013208482
9.758325,0.066732,-0.217854,-0.258552,-9.848916,-9.854717,0.00213,-0.00639,0.00426,97483.9,31.82,-0.030095482
9.825382,0.067056,-0.193914,-0.256158,-9.846522,-9.851762,0.00426,-0.007455,0,97488.03,31.83,-0.027140482
9.892815,0.067433,-0.193914,-0.265734,-9.824976,-9.830482,0.003195,-0.00639,0.00426,97479.76,31.82,-0.005860482
9.960025,0.06721,-0.220248,-0.229824,-9.813006,-9.818168,0.00213,-0.00426,0.003195,97483.9,31.82,0.006453518
10.026948,0.066922,-0.237006,-0.244188,-9.810612,-9.816512,0.001065,-0.00426,0.005325,97492.16,31.83,0.008109518
10.094418,0.067471,-0.213066,-0.268128,-9.796248,-9.802233,0.00213,-0.00426,0.00426,97488.03,31.82,0.022388518
10.164357,0.069939,-0.220248,-0.241794,-9.8154,-9.820848,0.001065,-0.00426,0.00426,97483.9,31.82,0.003773518
10.232505,0.068148,-0.22743,-0.232218,-9.832158,-9.837529,0,-0.00639,0.005325,97475.63,31.81,-0.012907482
10.305674,0.073169,-0.2394,-0.22743,-9.822582,-9.828131,0.001065,-0.005325,0.00426,97479.76,31.83,-0.003509482
10.373013,0.067339,-0.21546,-0.229824,-9.836946,-9.841989,0.001065,-0.005325,0.00213,97492.16,31.82,-0.017367482
10.440645,0.067631,-0.210672,-0.260946,-9.82737,-9.833091,0.003195,-0.00426,0.00213,97488.03,31.82,-0.008469482
10.507656,0.067012,-0.22743,-0.260946,-9.817794,-9.823894,0,-0.00426,0.00426,97479.76,31.82,0.000727518
10.574965,0.067309,-0.241794,-0.241794,-9.844128,-9.850065,0,-0.00213,0.00213,97483.9,31.81,-0.025443482
10.641848,0.066883,-0.225036,-0.232218,-9.853704,-9.859009,0.001065,-0.005325,0.001065,97483.9,31.82,-0.034387482
10.708887,0.067039,-0.21546,-0.282492,-9.841734,-9.848145,0.00426,-0.005325,0.00213,97483.9,31.82,-0.023523482
10.775971,0.067084,-0.229824,-0.232218,-9.836946,-9.84237,0,-0.003195,0.00213,97479.76,31.82,-0.017748482
10.843124,0.067153,-0.198702,-0.237006,-9.83934,-9.8442,0.001065,-0.00426,0.00426,97479.76,31.82,-0.019578482
10.910504,0.06738,-0.21546,-0.260946,-9.801036,-9.806876,0.00213,-0.007455,0.001065,97488.03,31.82,0.017745518
10.978061,0.067557,-0.229824,-0.258552,-9.817794,-9.823887,0,-0.00639,0.005325,97479.76,31.81,0.000734518
11.045046,0.066985,-0.241794,-0.244188,-9.834552,-9.840554,-0.001065,-0.00426,0.00426,97488.03,31.82,-0.015932482
11.11195,0.066903,-0.22743,-0.246582,-9.832158,-9.837879,0.003195,-0.005325,0.00426,97488.03,31.82,-0.013257482
11.179193,0.067244,-0.220248,-0.248976,-9.796248,-9.801886,0.001065,-0.00639,0.00213,97479.76,31.81,0.022735518
11.246336,0.067142,-0.205884,-0.246582,-9.817794,-9.823048,0.001065,-0.005325,0.00639,97483.9,31.81,0.001573518
11.31306,0.066724,-0.213066,-0.248976,-9.824976,-9.830439,0.003195,-0.005325,0.00426,97479.76,31.82,-0.005817482
11.380072,0.067012,-0.22743,-0.256158,-9.824976,-9.830946,0,-0.00213,0.005325,97488.03,31.82,-0.006324482
11.447449,0.067377,-0.205884,-0.244188,-9.80343,-9.808632,0.001065,-0.00426,0.003195,97483.9,31.81,0.015989518
11.514319,0.06687,-0.217854,-0.244188,-9.832158,-9.837602,0.00213,-0.005325,0.003195,97479.76,31.82,-0.012980482
11.581537,0.067218,-0.213066,-0.280098,-9.82737,-9.833669,0.003195,-0.005325,0,97475.63,31.82,-0.009047482
11.649049,0.067512,-0.196308,-0.225036,-9.808218,-9.812763,0.00213,-0.00426,0.001065,97479.76,31.81,0.011858518
11.716144,0.067095,-0.213066,-0.246582,-9.810612,-9.816023,0.00426,-0.00639,0.003195,97479.76,31.82,0.008598518
11.783016,0.066872,-0.222642,-0.25137,-9.810612,-9.816357,0,-0.005325,0.003195,97483.9,31.81,0.008264518
11.849998,0.066982,-0.213066,-0.234612,-9.822582,-9.827693,-0.00213,-0.005325,0.003195,97479.76,31.81,-0.003071482
11.916938,0.06694,-0.213066,-0.241794,-9.836946,-9.842224,0,-0.00426,0.005325,97488.03,31.81,-0.017602482
11.983821,0.066883,-0.21546,-0.280098,-9.856098,-9.862431,0.001065,-0.00426,0.00213,97479.76,31.81,-0.037809482
12.051173,0.067352,-0.19152,-0.246582,-9.813006,-9.817972,0,-0.00426,0.003195,97488.03,31.81,0.006649518
12.118306,0.067133,-0.213066,-0.260946,-9.80343,-9.809217,0.00426,-0.005325,0.00426,97488.03,31.81,0.015404518
12.185013,0.066707,-0.222642,-0.237006,-9.832158,-9.837534,0.00213,-0.00426,0.005325,97488.03,31.81,-0.012912482
12.252051,0.067038,-0.232218,-0.232218,-9.822582,-9.82807,-0.001065,-0.00426,0.00426,97479.76,31.81,-0.003448482
12.318943,0.066892,-0.232218,-0.265734,-9.824976,-9.831312,0.003195,-0.00426,0.00426,97483.9,31.82,-0.006690482
12.390365,0.071422,-0.21546,-0.280098,-9.805824,-9.812189,0,-0.00639,0.003195,97479.76,31.82,0.012432518
12.459592,0.069227,-0.205884,-0.256158,-9.834552,-9.840042,0.001065,-0.00852,0.00639,97483.9,31.81,-0.015420482
12.531018,0.071426,-0.244188,-0.229824,-9.80343,-9.809163,0.001065,-0.003195,0,97475.63,31.81,0.015458518
12.598377,0.067359,-0.198702,-0.277704,-9.848916,-9.854834,0,-0.00426,0.00426,97483.9,31.81,-0.030212482
12.666364,0.067987,-0.234612,-0.237006,-9.82737,-9.833027,0.001065,-0.00639,0.003195,97475.63,31.81,-0.008405482
12.733528,0.067164,-0.225036,-0.241794,-9.820188,-9.825742,0.00213,-0.005325,0.00213,97479.76,31.81,-0.001120482
12.800518,0.066989,-0.232218,-0.25137,-9.848916,-9.85486,0.001065,-0.00426,0.003195,97492.16,31.81,-0.030238482
12.867533,0.067015,-0.20349,-0.213066,-9.844128,-9.848536,0.00213,-0.003195,0.00426,97488.03,31.81,-0.023914482
12.934374,0.066841,-0.21546,-0.260946,-9.824976,-9.830802,0.00213,-0.00639,0.003195,97475.63,31.82,-0.006180482
13.001667,0.067293,-0.210672,-0.241794,-9.832158,-9.837387,0.00213,-0.005325,0.00426,97475.63,31.82,-0.012765482
13.06898,0.067313,-0.22743,-0.222642,-9.813006,-9.818166,0.00213,-0.005325,0.003195,97488.03,31.81,0.006455518
13.136051,0.067071,-0.193914,-0.26334,-9.817794,-9.823239,0.001065,-0.00426,0.003195,97479.76,31.81,0.001382518
13.203617,0.067567,-0.217854,-0.280098,-9.805824,-9.812242,0.001065,-0.005325,0.001065,97488.03,31.81,0.012379518
13.270393,0.066776,-0.220248,-0.246582,-9.832158,-9.837715,0.001065,-0.005325,0.00213,97492.16,31.81,-0.013093482
13.337263,0.06687,-0.205884,-0.244188,-9.822582,-9.827774,0,-0.00426,0.005325,97483.9,31.81,-0.003152482
13.404185,0.066922,-0.248976,-0.260946,-9.832158,-9.838771,0.00213,-0.005325,0.007455,97483.9,31.81,-0.014149482
13.472109,0.067924,-0.205884,-0.232218,-9.829764,-9.834662,0.003195,-0.00639,0.005325,97488.03,31.81,-0.010040482
13.539637,0.067528,-0.213066,-0.22743,-9.834552,-9.839489,-0.001065,-0.00213,0.003195,97488.03,31.81,-0.014867482
13.606342,0.066705,-0.208278,-0.258552,-9.829764,-9.835369,0.00426,-0.00639,0.003195,97479.76,31.81,-0.010747482
13.672718,0.066376,-0.237006,-0.25137,-9.810612,-9.816693,0.001065,-0.00426,0.00213,97483.9,31.81,0.007928518
13.739487,0.066769,-0.205884,-0.244188,-9.817794,-9.822988,0.00213,-0.00426,0.00213,97479.76,31.81,0.001633518
13.806364,0.066876,-0.225036,-0.2394,-9.805824,-9.811327,0.001065,-0.00426,0.00426,97488.03,31.81,0.013294518
13.873224,0.066861,-0.210672,-0.22743,-9.822582,-9.827473,0.001065,-0.00426,0.001065,97483.9,31.81,-0.002851482
13.939892,0.066668,-0.21546,-0.234612,-9.810612,-9.815782,0.003195,-0.00426,0.003195,97496.3,31.81,0.008839518
14.006869,0.066977,-0.222642,-0.244188,-9.824976,-9.830532,0.001065,-0.00639,0.00213,97488.03,31.81,-0.005910482
14.075023,0.068154,-0.22743,-0.246582,-9.82737,-9.833094,-0.00213,-0.00426,0.003195,97475.63,31.81,-0.008472482
14.143425,0.068402,-0.237006,-0.2394,-9.834552,-9.84032,0.001065,-0.003195,0.005325,97488.03,31.81,-0.015698482
14.21401,0.070585,-0.205884,-0.25137,-9.813006,-9.818384,0.001065,-0.00426,0.00426,97483.9,31.81,0.006237518
14.287632,0.073623,-0.208278,-0.26334,-9.817794,-9.823533,0.003195,-0.00639,0.00426,97483.9,31.81,0.001088518
14.355094,0.067462,-0.21546,-0.272916,-9.856098,-9.86223,0.001065,-0.003195,0.003195,97483.9,31.81,-0.037608482
14.422336,0.067241,-0.213066,-0.256158,-9.813006,-9.818661,0.00213,-0.003195,0.003195,97479.76,31.81,0.005960518
14.489849,0.067514,-0.25137,-0.26334,-9.824976,-9.831718,0.001065,-0.00213,0.003195,97479.76,31.81,-0.007096482
14.559871,0.070021,-0.213066,-0.241794,-9.83934,-9.844616,-0.00213,-0.005325,0.00213,97483.9,31.81,-0.019994482
14.630155,0.070284,-0.21546,-0.229824,-9.824976,-9.830025,0.001065,-0.003195,0.00426,97492.16,31.81,-0.005403482
14.702189,0.072034,-0.241794,-0.265734,-9.834552,-9.841112,0.001065,-0.00426,0.00213,97479.76,31.81,-0.016490482
14.768978,0.066789,-0.220248,-0.22743,-9.8154,-9.820505,0.003195,-0.007455,0.003195,97479.76,31.81,0.004116518
14.83614,0.067162,-0.229824,-0.260946,-9.805824,-9.811987,0.001065,-0.00426,0.00426,97479.76,31.81,0.012634518
14.903268,0.067128,-0.22743,-0.225036,-9.801036,-9.806257,0.00213,-0.00639,0.003195,97479.76,31.81,0.018364518
14.970347,0.067079,-0.217854,-0.256158,-9.83934,-9.845085,0.00213,-0.005325,0.00426,97492.16,31.81,-0.020463482
15.037764,0.067417,-0.225036,-0.25137,-9.810612,-9.816412,0.003195,-0.005325,0.003195,97483.9,31.81,0.008209518
15.104738,0.066975,-0.232218,-0.241794,-9.848916,-9.85462,0,-0.00213,0.005325,97496.3,31.81,-0.029998482
15.17197,0.067232,-0.222642,-0.225036,-9.813006,-9.818111,0.001065,-0.005325,0.00426,97488.03,31.8,0.006510518
15.239572,0.067602,-0.21546,-0.280098,-9.813006,-9.819367,0.00213,-0.003195,0.00213,97488.03,31.81,0.005254518
15.306285,0.066713,-0.225036,-0.22743,-9.813006,-9.81822,0.001065,-0.003195,0.00426,97479.76,31.81,0.006401518
15.37312,0.066835,-0.21546,-0.220248,-9.836946,-9.84177,0.001065,-0.003195,0.00426,97483.9,31.81,-0.017148482
15.439818,0.066698,-0.220248,-0.272916,-9.822582,-9.828841,0.00213,-0.00426,0.003195,97483.9,31.81,-0.004219482
15.512421,0.072603,-0.208278,-0.26334,-9.817794,-9.823533,0.003195,-0.005325,0.003195,97488.03,31.81,0.001088518
15.581836,0.069415,-0.225036,-0.284886,-9.85131,-9.857997,0.00213,-0.001065,0.00426,97492.16,31.81,-0.033375482
15.652264,0.070428,-0.241794,-0.256158,-9.817794,-9.824111,0.00213,-0.00426,0.001065,97488.03,31.81,0.000510518
15.719827,0.067563,-0.220248,-0.256158,-9.829764,-9.835567,-0.001065,-0.00213,0.003195,97492.16,31.81,-0.010945482
15.787417,0.06759,-0.198702,-0.241794,-9.829764,-9.834745,0.001065,-0.00639,0.00213,97483.9,31.81,-0.010123482
15.85433,0.066913,-0.225036,-0.26334,-9.813006,-9.819118,0.00213,-0.00426,0.005325,97488.03,31.81,0.005503518
15.922044,0.067714,-0.205884,-0.256158,-9.832158,-9.837649,0,-0.00426,0.00213,97483.9,31.8,-0.013027482
15.988716,0.066672,-0.232218,-0.232218,-9.846522,-9.851997,0.003195,-0.00426,0.00213,97479.76,31.81,-0.027375482
16.055449,0.066732,-0.196308,-0.258552,-9.83934,-9.844694,0.003195,-0.00639,0.00426,97492.16,31.81,-0.020072482
16.122293,0.066845,-0.2394,-0.258552,-9.820188,-9.826508,0.001065,-0.00426,0.003195,97492.16,31.81,-0.001886482
16.18982,0.067526,-0.20349,-0.220248,-9.832158,-9.83673,0.00213,-0.005325,0.00639,97479.76,31.81,-0.012108482
16.256936,0.067117,-0.20349,-0.253764,-9.8154,-9.820788,0.003195,-0.005325,0.003195,97475.63,31.81,0.003833518
16.32369,0.066753,-0.205884,-0.272916,-9.822582,-9.828529,0.00213,-0.003195,0.00213,97488.03,31.81,-0.003907482
16.390296,0.066606,-0.20349,-0.21546,-9.834552,-9.839016,0.00213,-0.003195,0.00213,97483.9,31.8,-0.014394482
16.457551,0.067255,-0.193914,-0.234612,-9.848916,-9.853618,0.00426,-0.007455,0.00426,97488.03,31.8,-0.028996482
16.525696,0.068145,-0.210672,-0.26334,-9.822582,-9.82837,0.00213,-0.005325,0.003195,97479.76,31.81,-0.003748482
16.593053,0.067357,-0.25137,-0.248976,-9.844128,-9.850484,-0.001065,-0.00213,0.00213,97492.16,31.8,-0.025862482
16.662985,0.069932,-0.198702,-0.2394,-9.836946,-9.841865,-0.001065,-0.00213,0.00426,97488.03,31.8,-0.017243482
16.733347,0.070362,-0.205884,-0.229824,-9.844128,-9.848963,0.003195,-0.005325,0.00213,97488.03,31.81,-0.024341482
16.803858,0.070511,-0.189126,-0.27531,-9.8154,-9.821081,0.001065,-0.00426,0.00426,97492.16,31.8,0.003540518
16.870818,0.06696,-0.234612,-0.25137,-9.834552,-9.840561,0.00213,-0.00426,0.003195,97479.76,31.81,-0.015939482
16.942948,0.07213,-0.2394,-0.256158,-9.83934,-9.845585,0.00213,-0.007455,0.003195,97488.03,31.8,-0.020963482
17.013627,0.070679,-0.213066,-0.253764,-9.8154,-9.820991,0.003195,-0.00426,0.00426,97488.03,31.8,0.003630518
17.084345,0.070718,-0.20349,-0.258552,-9.813006,-9.81852,0.001065,-0.005325,0.00426,97483.9,31.81,0.006101518
17.151699,0.067354,-0.22743,-0.244188,-9.798642,-9.804322,0.001065,-0.007455,0.003195,97488.03,31.8,0.020299518
17.218471,0.066772,-0.217854,-0.256158,-9.82737,-9.833121,0,-0.003195,0.00213,97479.76,31.8,-0.008499482
17.285431,0.066961,-0.234612,-0.225036,-9.8154,-9.820782,0.003195,-0.007455,0.003195,97479.76,31.81,0.003839518
17.352666,0.067234,-0.222642,-0.26334,-9.798642,-9.804708,0.003195,-0.005325,0.005325,97496.3,31.8,0.019913518
17.4202,0.067534,-0.201096,-0.241794,-9.8154,-9.820437,0.003195,-0.003195,0.005325,97483.9,31.81,0.004184518
17.48731,0.067111,-0.201096,-0.241794,-9.829764,-9.834794,0.00213,-0.007455,0.00426,97496.3,31.81,-0.010172482
17.554332,0.067022,-0.205884,-0.253764,-9.824976,-9.830409,-0.001065,-0.00852,0.005325,97488.03,31.81,-0.005787482
17.621628,0.067296,-0.213066,-0.25137,-9.801036,-9.806574,0,-0.003195,0.001065,97488.03,31.8,0.018047518
17.689052,0.067424,-0.184338,-0.253764,-9.829764,-9.834767,0.003195,-0.007455,0.00426,97483.9,31.81,-0.010145482
17.75597,0.066918,-0.25137,-0.280098,-9.810612,-9.817828,0.00426,-0.00426,0.00213,97492.16,31.81,0.006793518
17.822914,0.066944,-0.20349,-0.21546,-9.82737,-9.831838,0.001065,-0.00426,0,97483.9,31.81,-0.007216482
17.890307,0.067393,-0.210672,-0.237006,-9.805824,-9.81095,0.00426,-0.005325,0.005325,97488.03,31.8,0.013671518
17.957156,0.066849,-0.21546,-0.280098,-9.836946,-9.843291,0.00426,-0.00852,0.00639,97483.9,31.8,-0.018669482
18.027545,0.070389,-0.220248,-0.234612,-9.824976,-9.830244,-0.003195,-0.005325,0.00639,97488.03,31.81,-0.005622482
18.097384,0.069839,-0.205884,-0.229824,-9.817794,-9.822642,-0.001065,-0.00426,0.003195,97492.16,31.8,0.001979518
18.168479,0.071094,-0.208278,-0.277704,-9.813006,-9.819144,0,-0.00426,0.003195,97483.9,31.8,0.005477518
18.236014,0.067535,-0.208278,-0.2394,-9.813006,-9.818135,0.001065,-0.00639,0.003195,97492.16,31.8,0.006486518
18.302342,0.066328,-0.21546,-0.241794,-9.836946,-9.842276,0.00213,-0.00426,0.00426,97479.76,31.81,-0.017654482
18.370043,0.067701,-0.21546,-0.237006,-9.810612,-9.815839,0.001065,-0.00639,0.00213,97483.9,31.8,0.008782518
18.437581,0.067538,-0.213066,-0.22743,-9.813006,-9.817953,0.00213,-0.00426,0.00426,97479.76,31.8,0.006668518
18.50507,0.067489,-0.217854,-0.237006,-9.822582,-9.827856,0.00426,-0.007455,0.00639,97492.16,31.8,-0.003234482
18.572213,0.067142,-0.232218,-0.229824,-9.822582,-9.828014,0.005325,-0.005325,0.00213,97483.9,31.8,-0.003392482
18.639757,0.067544,-0.229824,-0.22743,-9.83934,-9.844651,0.001065,-0.00639,0.001065,97479.76,31.8,-0.020029482
18.706287,0.06653,-0.205884,-0.229824,-9.822582,-9.827427,0.001065,-0.003195,0.00426,97488.03,31.8,-0.002805482
18.772917,0.06663,-0.201096,-0.270522,-9.844128,-9.849897,0,-0.00639,0.005325,97488.03,31.81,-0.025275482
18.839774,0.066857,-0.237006,-0.277704,-9.786672,-9.793479,0.001065,-0.001065,0.00213,97496.3,31.8,0.031142518
18.907232,0.067458,-0.213066,-0.198702,-9.817794,-9.822116,0,-0.00426,0.00426,97492.16,31.81,0.002505518
18.974369,0.067137,-0.205884,-0.25137,-9.85131,-9.856667,0,-0.00639,0.00213,97488.03,31.81,-0.032045482
19.041242,0.066873,-0.237006,-0.241794,-9.829764,-9.835593,0.001065,-0.003195,0.00426,97488.03,31.79,-0.010971482
19.108289,0.067048,-0.2394,-0.246582,-9.820188,-9.8262,-0.001065,-0.003195,0.003195,97488.03,31.8,-0.001578482
19.175631,0.067341,-0.21546,-0.272916,-9.824976,-9.831127,0,-0.005325,0.003195,97488.03,31.8,-0.006505482
19.242341,0.06671,-0.241794,-0.282492,-9.824976,-9.83201,0,-0.00639,0.00213,97488.03,31.8,-0.007388482
19.310016,0.067675,-0.189126,-0.253764,-9.817794,-9.822894,0.00213,-0.00213,0.005325,97488.03,31.8,0.001727518
19.376928,0.066912,-0.205884,-0.2394,-9.817794,-9.82287,0.003195,-0.003195,0.00213,97492.16,31.8,0.001751518
19.443895,0.066967,-0.237006,-0.244188,-9.829764,-9.835652,0,-0.003195,0.00213,97483.9,31.8,-0.011030482
19.510867,0.066971,-0.234612,-0.246582,-9.820188,-9.826085,0,-0.00426,0.00426,97492.16,31.8,-0.001463482
19.581796,0.07093,-0.213066,-0.244188,-9.824976,-9.830319,0.00213,-0.00213,0.005325,97492.16,31.8,-0.005697482
19.652705,0.070908,-0.20349,-0.246582,-9.83934,-9.844533,0.00213,-0.005325,0.00213,97483.9,31.8,-0.019911482
19.722984,0.07028,-0.205884,-0.248976,-9.834552,-9.839857,0.00213,-0.003195,0.005325,97479.76,31.8,-0.015235482
19.790105,0.06712,-0.217854,-0.268128,-9.841734,-9.847796,0.001065,-0.005325,0.00426,97488.03,31.8,-0.023174482
19.85739,0.067285,-0.189126,-0.27531,-9.820188,-9.825867,0.00213,-0.00213,0.001065,97488.03,31.81,-0.001245482
19.92479,0.0674,-0.234612,-0.270522,-9.817794,-9.824322,0,-0.00213,0.00213,97488.03,31.8,0.000299518
19.99199,0.0672,-0.193914,-0.2394,-9.810612,-9.815448,0.001065,-0.005325,0.00213,97483.9,31.8,0.009173518
20.059214,0.067223,-0.248976,-0.248976,-9.836946,-9.843246,0.00213,-0.00426,0.003195,97488.03,31.79,-0.018624482
20.12627,0.067057,-0.205884,-0.248976,-9.8154,-9.820716,0.003195,-0.00639,0.00426,97492.16,31.8,0.003905518
20.193607,0.067337,-0.186732,-0.234612,-9.832158,-9.836729,0.00213,-0.005325,0.00426,97488.03,31.8,-0.012107482
20.260753,0.067146,-0.220248,-0.268128,-9.836946,-9.843064,0.00213,-0.005325,0.00213,97496.3,31.8,-0.018442482
20.327791,0.067038,-0.217854,-0.246582,-9.813006,-9.818521,0.001065,-0.00426,0.003195,97496.3,31.81,0.006100518
20.39493,0.06714,-0.220248,-0.241794,-9.80343,-9.808884,0,-0.005325,0.003195,97496.3,31.8,0.015737518
20.462338,0.067407,-0.225036,-0.27531,-9.820188,-9.826623,0.00213,-0.00639,0.003195,97488.03,31.8,-0.002001482
20.529713,0.067376,-0.237006,-0.244188,-9.824976,-9.830867,0.001065,-0.00213,0.00426,97488.03,31.79,-0.006245482
20.59669,0.066977,-0.248976,-0.256158,-9.846522,-9.853,0.00213,-0.007455,0.00213,97488.03,31.8,-0.028378482
20.664074,0.067385,-0.19152,-0.232218,-9.822582,-9.827193,0.00213,-0.005325,0.001065,97483.9,31.79,-0.002571482
20.731088,0.067013,-0.225036,-0.277704,-9.832158,-9.838653,0.003195,-0.00426,0.00426,97488.03,31.79,-0.014031482
20.801732,0.070645,-0.237006,-0.241794,-9.820188,-9.826023,0.003195,-0.00852,0.005325,97488.03,31.79,-0.001401482
20.871625,0.069893,-0.196308,-0.25137,-9.834552,-9.839722,0.00213,-0.00639,0.00639,97488.03,31.8,-0.015100482
20.942913,0.071288,-0.196308,-0.2394,-9.822582,-9.82746,0.00213,-0.00426,0.003195,97479.76,31.8,-0.002838482
21.009155,0.066242,-0.237006,-0.246582,-9.8154,-9.821357,0.001065,-0.00426,0.00426,97496.3,31.8,0.003264518
21.077115,0.06796,-0.253764,-0.246582,-9.824976,-9.831345,0,-0.005325,0.00426,97483.9,31.79,-0.006723482
21.143933,0.066818,-0.217854,-0.282492,-9.817794,-9.824273,0.005325,-0.00426,0.00426,97483.9,31.8,0.000348518
21.211028,0.067095,-0.222642,-0.248976,-9.829764,-9.835437,-0.003195,-0.005325,0.003195,97496.3,31.8,-0.010815482
21.27836,0.067332,-0.210672,-0.234612,-9.832158,-9.837213,0.005325,-0.00639,0.003195,97492.16,31.79,-0.012591482
21.345303,0.066943,-0.237006,-0.246582,-9.805824,-9.811787,0.00213,-0.00852,0.001065,97483.9,31.8,0.012834518
21.41242,0.067117,-0.196308,-0.2394,-9.820188,-9.825067,0.001065,-0.005325,0.00213,97492.16,31.8,-0.000445482
21.47929,0.06687,-0.225036,-0.265734,-9.822582,-9.828752,-0.001065,-0.00213,0.005325,97496.3,31.8,-0.004130482
21.546292,0.067002,-0.208278,-0.25137,-9.848916,-9.854325,0.003195,-0.005325,0.00213,97488.03,31.8,-0.029703482
21.613331,0.067038,-0.21546,-0.25137,-9.8154,-9.820982,0.00213,-0.003195,0,97496.3,31.79,0.003639518
21.680524,0.067193,-0.237006,-0.229824,-9.82737,-9.832914,0.00213,-0.005325,0.003195,97496.3,31.8,-0.008292482
21.747309,0.066786,-0.210672,-0.268128,-9.836946,-9.842854,0.001065,-0.003195,0.00426,97492.16,31.79,-0.018232482
21.81434,0.067031,-0.232218,-0.234612,-9.786672,-9.792238,0.001065,-0.005325,0.003195,97488.03,31.8,0.032383518
21.881249,0.066908,-0.20349,-0.253764,-9.8154,-9.820788,-0.003195,-0.005325,0.001065,97488.03,31.79,0.003833518
21.948891,0.067642,-0.213066,-0.246582,-9.841734,-9.847128,0.003195,-0.00639,0.00213,97488.03,31.8,-0.022506482
22.016133,0.067242,-0.220248,-0.292068,-9.829764,-9.836568,0.00213,-0.00639,0.00213,97483.9,31.8,-0.011946482
22.083441,0.067308,-0.229824,-0.213066,-9.822582,-9.82758,0.001065,-0.005325,0.005325,97488.03,31.79,-0.002958482
22.150466,0.067025,-0.217854,-0.253764,-9.832158,-9.837845,0.00213,-0.00639,0.005325,97483.9,31.79,-0.013223482
22.217763,0.067297,-0.213066,-0.244188,-9.829764,-9.835105,0.003195,-0.00426,0.003195,97492.16,31.8,-0.010483482
22.288434,0.070671,-0.208278,-0.270522,-9.810612,-9.816551,-0.003195,-0.003195,0.00213,97479.76,31.78,0.008070518
22.363596,0.075162,-0.205884,-0.244188,-9.79146,-9.796668,0.00213,-0.003195,0.003195,97496.3,31.78,0.027953518
22.434587,0.070991,-0.222642,-0.256158,-9.841734,-9.847584,0.003195,-0.005325,0.00426,97475.63,31.79,-0.022962482
22.504904,0.070317,-0.222642,-0.248976,-9.80343,-9.809118,0.003195,-0.00426,0.00426,97488.03,31.79,0.015503518
22.575514,0.07061,-0.21546,-0.272916,-9.824976,-9.831127,0.003195,-0.005325,0.003195,97496.3,31.79,-0.006505482
22.642321,0.066806,-0.193914,-0.225036,-9.808218,-9.812715,-0.003195,-0.00639,0.00426,97496.3,31.79,0.011906518
22.710354,0.068033,-0.244188,-0.220248,-9.83934,-9.844834,0.001065,-0.00426,0.00426,97492.16,31.79,-0.020212482
22.77761,0.067256,-0.220248,-0.260946,-9.832158,-9.838086,0.003195,-0.005325,0.001065,97488.03,31.79,-0.013464482
22.844125,0.066515,-0.225036,-0.282492,-9.822582,-9.82922,0.00213,-0.003195,0.003195,97496.3,31.78,-0.004598482
22.911213,0.067088,-0.205884,-0.246582,-9.829764,-9.835011,0.001065,-0.001065,0.00426,97492.16,31.8,-0.010389482
22.978662,0.067449,-0.21546,-0.248976,-9.817794,-9.823314,0.003195,-0.003195,0.001065,97496.3,31.79,0.001307518
23.045401,0.066739,-0.2394,-0.234612,-9.798642,-9.804374,0.00213,-0.00639,0.00426,97479.76,31.79,0.020247518
23.112827,0.067426,-0.189126,-0.265734,-9.813006,-9.818425,0.001065,-0.00426,0.003195,97483.9,31.8,0.006196518
23.179394,0.066567,-0.22743,-0.253764,-9.810612,-9.816528,0,-0.00426,0.003195,97492.16,31.79,0.008093518
23.24699,0.067596,-0.229824,-0.270522,-9.805824,-9.812247,0,-0.003195,0.00426,97496.3,31.8,0.012374518
23.314036,0.067046,-0.234612,-0.237006,-9.805824,-9.811493,0.003195,-0.00426,0.003195,97496.3,31.79,0.013128518
23.380949,0.066912,-0.220248,-0.229824,-9.822582,-9.827739,0.00213,-0.00639,0.003195,97496.3,31.8,-0.003117482
23.448193,0.067244,-0.213066,-0.260946,-9.796248,-9.802039,0.001065,-0.005325,0.00426,97488.03,31.79,0.022582518
23.514966,0.066774,-0.232218,-0.25137,-9.829764,-9.835719,0.00213,-0.007455,0.003195,97488.03,31.79,-0.011097482
23.582099,0.067133,-0.220248,-0.237006,-9.822582,-9.827909,0.00213,-0.00639,0.005325,97483.9,31.79,-0.003287482
23.649268,0.06717,-0.258552,-0.25137,-9.796248,-9.802883,0.00426,-0.005325,0.003195,97488.03,31.79,0.021738518
23.716463,0.067194,-0.208278,-0.270522,-9.810612,-9.816551,0.003195,-0.005325,0.00213,97496.3,31.79,0.008070518
23.787434,0.070971,-0.213066,-0.256158,-9.82737,-9.833017,0,-0.005325,0.003195,97488.03,31.79,-0.008395482
23.858028,0.070594,-0.237006,-0.21546,-9.82737,-9.832588,0.003195,-0.003195,0.001065,97492.16,31.79,-0.007966482
23.929175,0.071147,-0.234612,-0.21546,-9.8154,-9.820567,0.003195,-0.00426,0.001065,97496.3,31.79,0.004054518
23.99685,0.067675,-0.201096,-0.253764,-9.8154,-9.820739,-0.001065,-0.003195,0.001065,97500.43,31.78,0.003882518
24.064158,0.067308,-0.246582,-0.260946,-9.824976,-9.831533,0.00426,-0.007455,0.003195,97496.3,31.79,-0.006911482
24.130882,0.066725,-0.213066,-0.25137,-9.82737,-9.832893,0.001065,-0.00426,0.00213,97488.03,31.78,-0.008271482
24.198158,0.067276,-0.205884,-0.234612,-9.829764,-9.834719,0.001065,-0.00426,0.003195,97488.03,31.78,-0.010097482
24.265055,0.066897,-0.184338,-0.265734,-9.822582,-9.827905,0.00213,-0.00639,0.005325,97492.16,31.79,-0.003283482
24.331845,0.06679,-0.2394,-0.244188,-9.820188,-9.82614,-0.001065,-0.00426,0.00213,97488.03,31.78,-0.001518482
24.400029,0.068183,-0.248976,-0.244188,-9.817794,-9.823986,0.001065,-0.005325,0.00213,97492.16,31.79,0.000635518
24.467155,0.067126,-0.220248,-0.25137,-9.805824,-9.811518,0.00213,-0.005325,0.00426,97496.3,31.78,0.013103518
24.537401,0.070246,-0.201096,-0.253764,-9.824976,-9.83031,0.00213,-0.005325,0.003195,97488.03,31.79,-0.005688482
24.607769,0.070368,-0.22743,-0.265734,-9.813006,-9.819238,0.00213,-0.00426,0.003195,97492.16,31.79,0.005383518
24.677849,0.070079,-0.208278,-0.25137,-9.836946,-9.842361,0.00213,-0.00426,0.00213,97492.16,31.79,-0.017739482
24.745018,0.067169,-0.210672,-0.25137,-9.82737,-9.832841,0.00213,-0.00426,0.00213,97492.16,31.78,-0.008219482
24.812211,0.067194,-0.201096,-0.244188,-9.841734,-9.846817,0,-0.003195,0.003195,97492.16,31.79,-0.022195482
24.879214,0.067003,-0.208278,-0.265734,-9.841734,-9.847524,0.00426,-0.00639,0.00213,97488.03,31.79,-0.022902482
24.946405,0.067191,-0.222642,-0.277704,-9.80343,-9.809889,0.001065,-0.003195,0.005325,97496.3,31.78,0.014732518
25.013594,0.067188,-0.244188,-0.213066,-9.810612,-9.815963,-0.001065,-0.00213,0.003195,97488.03,31.79,0.008658518
25.08036,0.066766,-0.196308,-0.27531,-9.82737,-9.833185,0.00213,-0.005325,0.00213,97488.03,31.79,-0.008563482
25.147747,0.067387,-0.196308,-0.258552,-9.829764,-9.835123,0.003195,-0.00426,0.00213,97488.03,31.79,-0.010501482
25.21481,0.067063,-0.225036,-0.225036,-9.82737,-9.832522,0.001065,-0.003195,0.00426,97488.03,31.78,-0.007900482
25.282114,0.067304,-0.232218,-0.237006,-9.85131,-9.856896,0.003195,-0.007455,0.00426,97488.03,31.78,-0.032274482
25.348978,0.066865,-0.22743,-0.26334,-9.829764,-9.835921,0.005325,-0.005325,0.005325,97496.3,31.79,-0.011299482
25.416778,0.0678,-0.241794,-0.26334,-9.83934,-9.845833,0,-0.00639,0.001065,97496.3,31.78,-0.021211482
25.483815,0.067037,-0.205884,-0.237006,-9.824976,-9.829991,0.001065,-0.00213,0.003195,97488.03,31.79,-0.005369482
25.551194,0.067379,-0.2394,-0.246582,-9.813006,-9.819022,0.00213,-0.007455,0.005325,97488.03,31.78,0.005599518
25.618048,0.066854,-0.237006,-0.268128,-9.853704,-9.8602,0,-0.003195,0.00213,97483.9,31.78,-0.035578482
25.684873,0.066825,-0.21546,-0.258552,-9.824976,-9.830739,0.001065,-0.005325,0.00426,97496.3,31.78,-0.006117482
25.752341,0.067468,-0.225036,-0.225036,-9.824976,-9.830129,0.003195,-0.00426,0.00426,97496.3,31.79,-0.005507482
25.819634,0.067293,-0.22743,-0.237006,-9.82737,-9.832858,0.003195,-0.005325,0.00213,97488.03,31.79,-0.008236482
25.886468,0.066834,-0.205884,-0.210672,-9.832158,-9.83657,-0.001065,-0.001065,0.001065,97496.3,31.79,-0.011948482
25.953631,0.067163,-0.205884,-0.246582,-9.817794,-9.823048,0,-0.00639,0.005325,97488.03,31.79,0.001573518
26.020864,0.067233,-0.234612,-0.25137,-9.813006,-9.819028,0.00213,-0.00639,0.00426,97483.9,31.78,0.005593518
26.087974,0.06711,-0.22743,-0.237006,-9.8154,-9.820895,0.001065,-0.005325,0.00639,97496.3,31.79,0.003726518
26.154819,0.066845,-0.198702,-0.220248,-9.82737,-9.831846,0.001065,-0.00426,0.005325,97496.3,31.79,-0.007224482
26.221625,0.066806,-0.20349,-0.26334,-9.836946,-9.842574,-0.001065,-0.003195,0.00213,97488.03,31.78,-0.017952482
26.289827,0.068202,-0.2394,-0.241794,-9.813006,-9.818903,0.001065,-0.00426,0.005325,97492.16,31.78,0.005718518
26.356941,0.067114,-0.20349,-0.232218,-9.83934,-9.844183,0.001065,-0.00639,0.00213,97492.16,31.78,-0.019561482
26.426867,0.069926,-0.220248,-0.25137,-9.853704,-9.85937,0.003195,-0.005325,0.001065,97492.16,31.78,-0.034748482
26.498557,0.071689,-0.253764,-0.237006,-9.83934,-9.845465,0.00213,-0.00213,0.001065,97492.16,31.78,-0.020843482
26.568388,0.069831,-0.20349,-0.258552,-9.83934,-9.84484,0,-0.005325,0.00213,97488.03,31.78,-0.020218482
26.63572,0.067331,-0.213066,-0.253764,-9.798642,-9.804243,0,-0.003195,0.00213,97479.76,31.79,0.020378518
26.702937,0.067217,-0.220248,-0.253764,-9.805824,-9.811579,-0.001065,-0.00213,0.00213,97496.3,31.78,0.013042518
26.770241,0.067304,-0.184338,-0.2394,-9.808218,-9.812871,0.001065,-0.00639,0,97488.03,31.78,0.011750518
26.83814,0.067899,-0.196308,-0.248976,-9.817794,-9.822912,0.003195,-0.00213,0.003195,97492.16,31.78,0.001709518
26.905064,0.066924,-0.232218,-0.2394,-9.841734,-9.847384,0.00213,-0.00639,0.00426,97492.16,31.78,-0.022762482
26.971976,0.066912,-0.222642,-0.22743,-9.82737,-9.832522,0,-0.00213,0.003195,97492.16,31.78,-0.007900482
27.038353,0.066377,-0.220248,-0.232218,-9.841734,-9.846937,0.00213,-0.007455,0.005325,97488.03,31.79,-0.022315482
27.105279,0.066926,-0.210672,-0.25137,-9.805824,-9.811307,0.001065,-0.003195,0.00426,97488.03,31.78,0.013314518
27.172675,0.067396,-0.220248,-0.222642,-9.834552,-9.839537,0.001065,-0.00639,0.00213,97496.3,31.79,-0.014915482
27.239863,0.067188,-0.217854,-0.241794,-9.832158,-9.837543,0,-0.005325,0.005325,97500.43,31.78,-0.012921482
27.30654,0.066677,-0.241794,-0.25137,-9.824976,-9.831165,0.003195,-0.00639,0.00426,97496.3,31.78,-0.006543482
27.374351,0.067811,-0.2394,-0.244188,-9.813006,-9.818963,0.00213,-0.003195,0.003195,97488.03,31.79,0.005658518
27.442203,0.067852,-0.217854,-0.225036,-9.834552,-9.839538,0,-0.005325,0.003195,97488.03,31.78,-0.014916482
27.509355,0.067152,-0.189126,-0.248976,-9.853704,-9.858663,0.003195,-0.00639,0.00426,97483.9,31.78,-0.034041482
27.579532,0.070178,-0.205884,-0.237006,-9.801036,-9.806063,0.003195,-0.00426,0.003195,97492.16,31.79,0.018558518
27.649557,0.070025,-0.20349,-0.22743,-9.817794,-9.822536,-0.001065,-0.005325,0.00213,97496.3,31.79,0.002085518
27.726518,0.07696,-0.22743,-0.241794,-9.832158,-9.83776,-0.00213,-0.00426,0.00213,97492.16,31.79,-0.013138482
27.799037,0.072519,-0.229824,-0.258552,-9.8154,-9.821494,0.00213,-0.007455,0,97488.03,31.78,0.003127518
27.870475,0.071439,-0.241794,-0.232218,-9.829764,-9.835479,0.001065,-0.00639,0.00426,97492.16,31.79,-0.010857482
27.945401,0.074926,-0.174762,-0.248976,-9.817794,-9.822505,0.005325,-0.00639,0.00426,97496.3,31.78,0.002116518
28.015997,0.070595,-0.217854,-0.244188,-9.834552,-9.839995,0.001065,-0.00426,0.00213,97488.03,31.78,-0.015373482
28.086214,0.070217,-0.208278,-0.2394,-9.832158,-9.837277,0.003195,-0.00213,0.00426,97496.3,31.78,-0.012655482
28.156618,0.070403,-0.20349,-0.244188,-9.805824,-9.810974,0.003195,-0.00426,0.003195,97483.9,31.77,0.013647518
28.223589,0.066972,-0.217854,-0.258552,-9.82737,-9.833184,0.003195,-0.00639,0.00213,97496.3,31.78,-0.008562482
28.290266,0.066677,-0.229824,-0.229824,-9.82737,-9.832743,0.001065,-0.00213,0.003195,97496.3,31.78,-0.008121482
28.357608,0.067342,-0.220248,-0.248976,-9.832158,-9.837776,0.001065,-0.005325,0.003195,97500.43,31.78,-0.013154482
28.4249,0.067292,-0.205884,-0.265734,-9.8154,-9.821155,0.00213,-0.005325,0.00426,97488.03,31.78,0.003466518
28.492086,0.067186,-0.222642,-0.26334,-9.798642,-9.804708,0,-0.00426,0.00426,97496.3,31.78,0.019913518
28.558831,0.066745,-0.193914,-0.234612,-9.82737,-9.832083,-0.001065,-0.005325,0.003195,97488.03,31.78,-0.007461482
28.626103,0.067271,-0.229824,-0.265734,-9.832158,-9.838433,0.003195,-0.00426,0.001065,97496.3,31.77,-0.013811482
28.693185,0.067082,-0.220248,-0.248976,-9.810612,-9.816242,0,-0.00426,0.003195,97492.16,31.79,0.008379518
28.760036,0.066851,-0.205884,-0.234612,-9.834552,-9.839504,0.001065,-0.00426,0.003195,97488.03,31.78,-0.014882482
28.827948,0.067912,-0.20349,-0.246582,-9.822582,-9.827783,0.003195,-0.007455,0.001065,97492.16,31.78,-0.003161482
28.895147,0.067199,-0.225036,-0.244188,-9.822582,-9.828193,0.001065,-0.00426,0.00426,97488.03,31.78,-0.003571482
28.962663,0.067516,-0.234612,-0.25137,-9.8154,-9.821421,0.001065,-0.007455,0.00639,97496.3,31.78,0.003200518
29.030334,0.067671,-0.21546,-0.244188,-9.8154,-9.820801,0,-0.00639,0.001065,97500.43,31.78,0.003820518
29.101114,0.07078,-0.237006,-0.253764,-9.80343,-9.809577,0.003195,-0.00426,0.003195,97496.3,31.77,0.015044518
29.17115,0.070036,-0.246582,-0.272916,-9.832158,-9.839035,-0.001065,-0.00639,0.00852,97483.9,31.78,-0.014413482
29.242403,0.071253,-0.217854,-0.284886,-9.846522,-9.853051,0.003195,-0.007455,0.003195,97500.43,31.78,-0.028429482
29.309146,0.066743,-0.22743,-0.256158,-9.813006,-9.818983,0.003195,-0.00426,0.003195,97496.3,31.79,0.005638518
29.376349,0.067203,-0.193914,-0.220248,-9.836946,-9.841322,0.001065,-0.00852,0.00426,97496.3,31.78,-0.016700482
29.443282,0.066933,-0.220248,-0.237006,-9.820188,-9.825516,0.00426,-0.00639,0.00426,97496.3,31.78,-0.000894482
29.510334,0.067052,-0.196308,-0.26334,-9.824976,-9.830465,0.003195,-0.005325,0.00426,97488.03,31.78,-0.005843482
29.578259,0.067924,-0.205884,-0.26334,-9.820188,-9.825875,0.001065,-0.005325,0.00426,97488.03,31.77,-0.001253482
29.644936,0.066677,-0.234612,-0.22743,-9.817794,-9.82323,0.00213,-0.005325,0.003195,97496.3,31.78,0.001391518
29.711821,0.066885,-0.22743,-0.25137,-9.820188,-9.826037,0.00426,-0.00639,0.00213,97492.16,31.77,-0.001415482
29.77833,0.06651,-0.21546,-0.234612,-9.810612,-9.815782,0.001065,-0.00213,0.00426,97488.03,31.77,0.008839518
29.845638,0.067307,-0.196308,-0.222642,-9.817794,-9.82228,0.00213,-0.005325,0.003195,97488.03,31.77,0.002341518
29.912691,0.067054,-0.20349,-0.22743,-9.841734,-9.846464,0.00426,-0.00852,0.00426,97496.3,31.78,-0.021842482
29.980067,0.067376,-0.208278,-0.241794,-9.836946,-9.842121,0,-0.005325,0.00426,97496.3,31.78,-0.017499482
30.047397,0.06733,-0.198702,-0.210672,-9.832158,-9.836422,0.00213,-0.003195,0.00426,97500.43,31.77,-0.011800482
30.114322,0.066925,-0.20349,-0.27531,-9.834552,-9.840509,0.00213,-0.00639,0.00213,97496.3,31.77,-0.015887482
30.181077,0.066755,-0.225036,-0.272916,-9.808218,-9.814594,0.001065,-0.003195,0.00426,97500.43,31.77,0.010027518
30.248644,0.067567,-0.205884,-0.237006,-9.836946,-9.841954,0,-0.001065,0.00213,97504.56,31.77,-0.017332482
30.31657,0.067926,-0.198702,-0.241794,-9.8154,-9.820388,0.00213,-0.00639,0.003195,97500.43,31.78,0.004233518
30.387023,0.070453,-0.229824,-0.244188,-9.817794,-9.823519,0,-0.00639,0.003195,97492.16,31.77,0.001102518
30.457487,0.070464,-0.21546,-0.248976,-9.817794,-9.823314,0.003195,-0.00639,0.00426,97492.16,31.77,0.001307518
30.527931,0.070443,-0.220248,-0.220248,-9.834552,-9.839483,0.00426,-0.01065,0.00426,97488.03,31.77,-0.014861482
30.59579,0.067859,-0.220248,-0.256158,-9.813006,-9.818819,0.003195,-0.00639,0.00426,97496.3,31.78,0.005802518
30.662451,0.066661,-0.225036,-0.232218,-9.820188,-9.825511,0,-0.00639,0.00426,97496.3,31.78,-0.000889482
30.729554,0.067103,-0.20349,-0.26334,-9.829764,-9.835396,0.001065,-0.00639,0.00426,97492.16,31.78,-0.010774482
30.796865,0.067311,-0.220248,-0.25137,-9.813006,-9.818696,0.00213,-0.005325,0.003195,97488.03,31.77,0.005925518
30.864576,0.067711,-0.213066,-0.248976,-9.808218,-9.813691,0,-0.007455,0.003195,97496.3,31.78,0.010930518
30.931522,0.066946,-0.186732,-0.256158,-9.822582,-9.827696,0.003195,-0.005325,0.005325,97500.43,31.78,-0.003074482
30.998549,0.067027,-0.222642,-0.253764,-9.824976,-9.830774,0.00213,-0.00426,0.003195,97504.56,31.77,-0.006152482
31.064963,0.066414,-0.237006,-0.234612,-9.824976,-9.830634,0.00213,-0.005325,0.00213,97496.3,31.77,-0.006012482
31.131837,0.066874,-0.196308,-0.246582,-9.817794,-9.822852,0.00213,-0.00639,0.00213,97496.3,31.77,0.001769518
31.199001,0.067165,-0.210672,-0.27531,-9.820188,-9.826305,0.00213,-0.005325,0,97504.56,31.78,-0.001683482
31.266285,0.067284,-0.222642,-0.2394,-9.813006,-9.81845,0.00213,-0.005325,0.003195,97488.03,31.77,0.006171518
31.334095,0.06781,-0.225036,-0.244188,-9.846522,-9.85212,0,-0.001065,0.003195,97492.16,31.77,-0.027498482
31.400608,0.066513,-0.222642,-0.229824,-9.822582,-9.827793,0.003195,-0.00852,0.003195,97488.03,31.77,-0.003171482
31.46755,0.066942,-0.201096,-0.248976,-9.841734,-9.846936,0.00213,-0.00639,0.00213,97488.03,31.77,-0.022314482
31.535669,0.068119,-0.196308,-0.229824,-9.805824,-9.810481,0,-0.00426,0.00426,97496.3,31.78,0.014140518
31.602593,0.066924,-0.232218,-0.237006,-9.829764,-9.835363,0.003195,-0.00426,0.005325,97483.9,31.78,-0.010741482
31.66948,0.066887,-0.205884,-0.258552,-9.832158,-9.837712,0.00213,-0.007455,0.005325,97496.3,31.77,-0.013090482
31.73665,0.06717,-0.2394,-0.244188,-9.801036,-9.807,0,-0.005325,0.005325,97496.3,31.77,0.017621518
31.80706,0.07041,-0.19152,-0.258552,-9.848916,-9.85417,0.003195,-0.00639,0.003195,97488.03,31.77,-0.029548482
31.87711,0.07005,-0.225036,-0.256158,-9.822582,-9.828498,0.00213,-0.005325,0.003195,97496.3,31.77,-0.003876482
31.949057,0.071948,-0.229824,-0.234612,-9.83934,-9.84482,-0.001065,-0.003195,0.00213,97492.16,31.77,-0.020198482
32.019509,0.070452,-0.21546,-0.248976,-9.836946,-9.842455,0.00426,-0.00426,0.001065,97492.16,31.77,-0.017833482
32.092517,0.073008,-0.205884,-0.258552,-9.836946,-9.842497,0.00213,-0.005325,0.005325,97500.43,31.77,-0.017875482
32.160681,0.068164,-0.222642,-0.232218,-9.822582,-9.827849,0,-0.00639,0.003195,97496.3,31.77,-0.003227482
32.227521,0.06684,-0.234612,-0.248976,-9.829764,-9.835715,0.001065,-0.00426,0.003195,97496.3,31.77,-0.011093482
32.29475,0.067229,-0.210672,-0.225036,-9.801036,-9.805882,0.003195,-0.00639,0.00213,97496.3,31.77,0.018739518
32.361861,0.067111,-0.210672,-0.229824,-9.822582,-9.827529,0.00213,-0.00426,0.003195,97496.3,31.77,-0.002907482
32.42965,0.067789,-0.22743,-0.25137,-9.824976,-9.830822,0.001065,-0.005325,0.00426,97504.56,31.77,-0.006200482
32.496984,0.067335,-0.208278,-0.256158,-9.805824,-9.81138,0.00213,-0.005325,0.005325,97504.56,31.77,0.013241518
32.567415,0.070431,-0.232218,-0.25137,-9.82737,-9.833327,0,-0.00426,0.00213,97496.3,31.77,-0.008705482
32.636656,0.069241,-0.217854,-0.21546,-9.813006,-9.817788,0.001065,-0.003195,0.00213,97492.16,31.76,0.006833518
32.704854,0.068198,-0.237006,-0.237006,-9.834552,-9.840262,0.00213,-0.007455,0.001065,97500.43,31.77,-0.015640482
32.776051,0.071197,-0.225036,-0.248976,-9.83934,-9.845062,0.00426,-0.005325,0.005325,97496.3,31.76,-0.020440482
32.842761,0.066709,-0.181944,-0.280098,-9.832158,-9.83783,0.003195,-0.00426,0.005325,97488.03,31.77,-0.013208482
32.910048,0.067288,-0.189126,-0.258552,-9.822582,-9.827804,0.00213,-0.00426,0.00213,97492.16,31.77,-0.003182482
32.978292,0.068244,-0.198702,-0.2394,-9.844128,-9.849043,0.001065,-0.003195,0.00213,97488.03,31.77,-0.024421482
33.044966,0.066674,-0.220248,-0.246582,-9.80343,-9.809004,0.00213,-0.00426,0.001065,97500.43,31.76,0.015617518
33.112078,0.067112,-0.213066,-0.248976,-9.820188,-9.825654,-0.001065,-0.00213,0.003195,97500.43,31.77,-0.001032482
33.178978,0.0669,-0.189126,-0.2394,-9.834552,-9.839283,0.00213,-0.005325,0.00639,97488.03,31.77,-0.014661482
33.246064,0.067086,-0.21546,-0.26334,-9.853704,-9.859577,0,-0.00426,0.00213,97504.56,31.77,-0.034955482
33.316832,0.070768,-0.213066,-0.258552,-9.822582,-9.828294,0,-0.007455,0.005325,97496.3,31.77,-0.003672482
33.387236,0.070404,-0.193914,-0.244188,-9.798642,-9.803602,0.003195,-0.00213,0.001065,97496.3,31.77,0.021019518
33.456469,0.069233,-0.213066,-0.268128,-9.824976,-9.830943,0.00426,-0.00213,0.005325,97496.3,31.77,-0.006321482
33.524979,0.06851,-0.213066,-0.225036,-9.832158,-9.837041,-0.001065,-0.003195,0.003195,97504.56,31.77,-0.012419482
33.592834,0.067856,-0.210672,-0.241794,-9.836946,-9.842172,0.003195,-0.003195,0.003195,97496.3,31.77,-0.017550482
33.660023,0.067188,-0.21546,-0.265734,-9.848916,-9.854856,0.001065,-0.005325,0.001065,97492.16,31.77,-0.030234482
33.727034,0.067011,-0.210672,-0.25137,-9.834552,-9.840019,0.00213,-0.005325,0.00426,97483.9,31.76,-0.015397482
33.794312,0.067278,-0.19152,-0.25137,-9.834552,-9.839628,0,-0.00426,0.001065,97496.3,31.77,-0.015006482
33.861214,0.066902,-0.20349,-0.234612,-9.832158,-9.837062,0.003195,-0.007455,0.005325,97488.03,31.77,-0.012440482
33.928098,0.066885,-0.217854,-0.260946,-9.832158,-9.838033,0.001065,-0.003195,0.001065,97496.3,31.76,-0.013411482
33.99557,0.067472,-0.201096,-0.256158,-9.841734,-9.847121,0,-0.00426,0.003195,97492.16,31.77,-0.022499482
34.062374,0.066804,-0.232218,-0.26334,-9.85131,-9.857565,0.003195,-0.005325,0.00213,97488.03,31.77,-0.032943482
34.129679,0.067304,-0.225036,-0.28728,-9.817794,-9.824574,0,-0.00426,0.00426,97496.3,31.77,4.75E-05
34.197247,0.067568,-0.20349,-0.220248,-9.8154,-9.819979,0.001065,-0.00426,0.003195,97496.3,31.77,0.004642518
34.264835,0.067588,-0.20349,-0.268128,-9.858492,-9.864237,0.001065,-0.00639,0.003195,97488.03,31.76,-0.039615482
34.337508,0.072673,-0.220248,-0.268128,-9.841734,-9.847849,0.00213,-0.005325,0.00426,97496.3,31.77,-0.023227482
34.409013,0.071505,-0.241794,-0.225036,-9.82737,-9.83292,0.00213,-0.00426,0.001065,97488.03,31.77,-0.008298482
34.477556,0.068543,-0.248976,-0.260946,-9.817794,-9.824417,0.00213,-0.005325,0.00426,97500.43,31.77,0.000204518
34.547185,0.06963,-0.229824,-0.258552,-9.836946,-9.843027,0.00213,-0.003195,0.003195,97492.16,31.76,-0.018405482
34.615986,0.068801,-0.213066,-0.229824,-9.8154,-9.820402,-0.001065,-0.00426,0.003195,97504.56,31.76,0.004219518
34.688654,0.072667,-0.21546,-0.260946,-9.786672,-9.792521,0.001065,-0.003195,0.00426,97492.16,31.77,0.032100518
34.756262,0.067609,-0.246582,-0.222642,-9.83934,-9.844947,0.001065,-0.007455,0.00426,97492.16,31.76,-0.020325482
34.824034,0.067771,-0.208278,-0.237006,-9.836946,-9.842005,0.003195,-0.007455,0.00213,97500.43,31.77,-0.017383482
34.890288,0.066255,-0.208278,-0.260946,-9.820188,-9.825862,0.003195,-0.00639,0.00426,97492.16,31.77,-0.001240482
34.95807,0.067782,-0.21546,-0.234612,-9.8154,-9.820567,0,-0.003195,0.00426,97496.3,31.77,0.004054518
35.025182,0.067112,-0.210672,-0.270522,-9.8154,-9.821387,0.00213,-0.00213,0.005325,97492.16,31.76,0.003234518
35.092142,0.06696,-0.210672,-0.284886,-9.860886,-9.86725,0.003195,-0.005325,0.00426,97496.3,31.76,-0.042628482
35.159058,0.066916,-0.210672,-0.225036,-9.832158,-9.836989,0.001065,-0.003195,0,97492.16,31.77,-0.012367482
35.225886,0.066828,-0.225036,-0.222642,-9.829764,-9.83486,0.00213,-0.00639,0.003195,97496.3,31.77,-0.010238482
35.293308,0.067421,-0.222642,-0.260946,-9.829764,-9.835747,0.00213,-0.005325,0.005325,97496.3,31.77,-0.011125482
35.359864,0.066556,-0.270522,-0.272916,-9.832158,-9.839664,-0.00213,-0.00426,0.00213,97504.56,31.77,-0.015042482
35.427315,0.067451,-0.241794,-0.244188,-9.834552,-9.840554,0,-0.00426,0.003195,97488.03,31.77,-0.015932482
35.494296,0.066981,-0.210672,-0.248976,-9.844128,-9.849529,0.003195,-0.005325,0.00213,97496.3,31.77,-0.024907482
35.561375,0.067079,-0.22743,-0.256158,-9.822582,-9.828553,0.00213,-0.003195,0.003195,97496.3,31.77,-0.003931482
35.628611,0.067236,-0.210672,-0.246582,-9.841734,-9.847076,0.003195,-0.005325,0.00426,97488.03,31.77,-0.022454482
35.695387,0.066776,-0.208278,-0.237006,-9.836946,-9.842005,0.00426,-0.00639,0.005325,97496.3,31.76,-0.017383482
35.762336,0.066949,-0.222642,-0.253764,-9.822582,-9.828381,-0.001065,-0.00213,0.001065,97496.3,31.76,-0.003759482
35.830459,0.068122,-0.237006,-0.244188,-9.808218,-9.814119,-0.001065,-0.00426,0.003195,97508.7,31.77,0.010502518
35.898083,0.067625,-0.222642,-0.27531,-9.824976,-9.831354,0,-0.003195,0.001065,97492.16,31.76,-0.006732482
35.96765,0.069567,-0.232218,-0.237006,-9.8154,-9.821007,0.003195,-0.007455,0.003195,97492.16,31.76,0.003614518
36.041319,0.073669,-0.234612,-0.241794,-9.824976,-9.830751,0.003195,-0.005325,0.00426,97492.16,31.77,-0.006129482
36.108566,0.067247,-0.205884,-0.260946,-9.83934,-9.844953,0,-0.005325,0.003195,97496.3,31.76,-0.020331482
36.175624,0.067058,-0.21546,-0.246582,-9.822582,-9.828039,0.00213,-0.003195,0.00213,97496.3,31.76,-0.003417482
36.242829,0.067205,-0.217854,-0.253764,-9.8154,-9.821096,0.003195,-0.00426,0.00426,97500.43,31.76,0.003525518
36.310222,0.067393,-0.237006,-0.270522,-9.817794,-9.82438,0,-0.00426,0.00213,97488.03,31.76,0.000241518
36.377791,0.067569,-0.193914,-0.232218,-9.80343,-9.808097,0.001065,-0.00426,0.00426,97496.3,31.76,0.016524518
36.444896,0.067105,-0.210672,-0.248976,-9.824976,-9.830388,0.003195,-0.005325,0.00426,97492.16,31.76,-0.005766482
36.512198,0.067302,-0.201096,-0.229824,-9.841734,-9.846471,0.003195,-0.005325,0,97496.3,31.76,-0.021849482
36.579096,0.066898,-0.220248,-0.248976,-9.820188,-9.825812,-0.001065,-0.003195,0.00213,97504.56,31.77,-0.001190482
36.646328,0.067232,-0.217854,-0.241794,-9.817794,-9.823187,0.00213,-0.00426,0.003195,97492.16,31.76,0.001434518
36.713009,0.066681,-0.198702,-0.27531,-9.841734,-9.847589,0.00213,-0.005325,0.001065,97496.3,31.77,-0.022967482
36.780096,0.067088,-0.210672,-0.25137,-9.813006,-9.818485,0.00213,-0.00426,0.003195,97496.3,31.77,0.006136518
36.847534,0.067438,-0.208278,-0.244188,-9.841734,-9.846966,0.003195,-0.005325,0.00426,97504.56,31.76,-0.022344482
36.914244,0.06671,-0.237006,-0.217854,-9.820188,-9.825463,0.001065,-0.00639,0.003195,97504.56,31.76,-0.000841482
36.981074,0.06683,-0.229824,-0.248976,-9.820188,-9.826032,-0.001065,-0.00426,0.00213,97496.3,31.76,-0.001410482
37.048805,0.067731,-0.213066,-0.21546,-9.834552,-9.839219,0,-0.005325,0.003195,97496.3,31.75,-0.014597482
37.117025,0.06822,-0.22743,-0.253764,-9.844128,-9.850024,-0.001065,-0.005325,0.00213,97496.3,31.77,-0.025402482
37.183426,0.066401,-0.232218,-0.253764,-9.808218,-9.814248,0.00213,-0.003195,0.00426,97483.9,31.76,0.010373518
37.251281,0.067855,-0.181944,-0.25137,-9.834552,-9.839446,0,-0.00426,0.005325,97504.56,31.76,-0.014824482
37.318107,0.066826,-0.198702,-0.232218,-9.82737,-9.832121,0.005325,-0.00639,0.005325,97496.3,31.76,-0.007499482
37.388335,0.070228,-0.22743,-0.25137,-9.822582,-9.82843,0.003195,-0.00639,0.003195,97504.56,31.75,-0.003808482
37.458127,0.069793,-0.198702,-0.277704,-9.817794,-9.823731,0.00213,-0.00426,0.003195,97508.7,31.76,0.000890518
37.529412,0.071284,-0.237006,-0.258552,-9.829764,-9.83602,0.005325,-0.00852,0.005325,97500.43,31.74,-0.011398482
37.600292,0.07088,-0.205884,-0.26334,-9.8154,-9.82109,0.001065,-0.005325,0.003195,97500.43,31.76,0.003531518
37.667701,0.067409,-0.241794,-0.258552,-9.805824,-9.812212,0.00213,-0.00426,0.00213,97500.43,31.75,0.012409518
37.736938,0.069238,-0.217854,-0.2394,-9.85131,-9.856626,0.001065,-0.00213,0.005325,97500.43,31.76,-0.032004482
37.808588,0.071649,-0.225036,-0.246582,-9.82737,-9.833038,0,-0.00213,0.001065,97500.43,31.76,-0.008416482
37.875827,0.067239,-0.20349,-0.237006,-9.834552,-9.839512,0.003195,-0.00639,0.00213,97504.56,31.76,-0.014890482
37.943128,0.067301,-0.217854,-0.256158,-9.824976,-9.830729,0.001065,-0.00426,0.005325,97500.43,31.76,-0.006107482
38.010332,0.067204,-0.2394,-0.248976,-9.824976,-9.831045,0.001065,-0.005325,0.005325,97496.3,31.76,-0.006423482
38.077072,0.066741,-0.201096,-0.260946,-9.80343,-9.808964,-0.00213,-0.001065,0.003195,97488.03,31.76,0.015657518
38.144439,0.067367,-0.213066,-0.270522,-9.805824,-9.811869,0.001065,-0.003195,0.003195,97492.16,31.76,0.012752518
38.211691,0.067252,-0.2394,-0.220248,-9.820188,-9.825574,0.001065,-0.003195,0.003195,97500.43,31.76,-0.000952482
38.279089,0.067399,-0.232218,-0.246582,-9.83934,-9.845168,0.003195,-0.00426,0.003195,97496.3,31.76,-0.020546482
38.346094,0.067005,-0.19152,-0.244188,-9.824976,-9.829876,0.003195,-0.00639,0.00426,97496.3,31.76,-0.005254482
38.412988,0.066894,-0.186732,-0.253764,-9.824976,-9.830026,0.00213,-0.00426,0.005325,97496.3,31.76,-0.005404482
38.480378,0.06739,-0.198702,-0.220248,-9.832158,-9.836632,-0.001065,-0.003195,0.003195,97504.56,31.75,-0.012010482
38.547699,0.067322,-0.234612,-0.2394,-9.841734,-9.84744,0.001065,-0.00639,0.00213,97496.3,31.76,-0.022818482
38.614365,0.066666,-0.22743,-0.256158,-9.810612,-9.816591,0.001065,-0.00213,0.00426,97500.43,31.76,0.008030518
38.681888,0.067523,-0.208278,-0.234612,-9.829764,-9.834769,0.001065,-0.005325,0.003195,97500.43,31.76,-0.010147482
38.750126,0.068238,-0.198702,-0.270522,-9.836946,-9.842671,0.00213,-0.005325,0.00213,97500.43,31.75,-0.018049482
38.827061,0.076935,-0.225036,-0.270522,-9.786672,-9.792996,0.00426,-0.007455,0.00426,97496.3,31.75,0.031625518
38.89553,0.068469,-0.222642,-0.26334,-9.817794,-9.823848,0.001065,-0.00639,0.00426,97492.16,31.76,0.000773518
38.968856,0.073327,-0.217854,-0.26334,-9.824976,-9.830919,0.00213,-0.00426,0.005325,97504.56,31.76,-0.006297482
39.039914,0.071057,-0.189126,-0.234612,-9.798642,-9.803275,0.00213,-0.00426,0.003195,97500.43,31.75,0.021346518
39.106379,0.066465,-0.220248,-0.248976,-9.836946,-9.842561,0.003195,-0.005325,0.003195,97504.56,31.76,-0.017939482
39.173709,0.06733,-0.2394,-0.277704,-9.829764,-9.8366,0.00213,-0.003195,0.00426,97504.56,31.76,-0.011978482
39.240822,0.067114,-0.208278,-0.241794,-9.834552,-9.839729,0.001065,-0.00213,0.00213,97496.3,31.76,-0.015107482
39.307875,0.067053,-0.208278,-0.244188,-9.808218,-9.813468,0.003195,-0.007455,0.005325,97500.43,31.75,0.011153518
39.374984,0.067109,-0.196308,-0.229824,-9.8154,-9.820053,0.001065,-0.00639,0.00426,97500.43,31.76,0.004568518
39.442044,0.067059,-0.22743,-0.256158,-9.841734,-9.847694,0.00213,-0.00426,0.003195,97500.43,31.76,-0.023072482
39.508671,0.066627,-0.232218,-0.272916,-9.832158,-9.838686,0.00213,-0.005325,0.003195,97492.16,31.75,-0.014064482
39.575667,0.066996,-0.213066,-0.248976,-9.822582,-9.828047,0.00213,-0.003195,0.00213,97504.56,31.75,-0.003425482
39.642872,0.067205,-0.234612,-0.248976,-9.82737,-9.833323,0.001065,-0.00426,0.00426,97500.43,31.75,-0.008701482
39.710384,0.067512,-0.189126,-0.22743,-9.834552,-9.838999,0.00213,-0.00639,0.00213,97504.56,31.76,-0.014377482
39.77757,0.067186,-0.2394,-0.260946,-9.813006,-9.819394,0.001065,-0.00426,0.003195,97496.3,31.76,0.005227518
39.84459,0.067019,-0.205884,-0.248976,-9.834552,-9.839857,0.00426,-0.007455,0.003195,97496.3,31.76,-0.015235482
39.911867,0.067278,-0.208278,-0.225036,-9.844128,-9.848902,0.00213,-0.005325,0.00426,97500.43,31.75,-0.024280482
39.978872,0.067004,-0.22743,-0.241794,-9.801036,-9.806656,0,-0.007455,0.00213,97496.3,31.75,0.017965518
40.045895,0.067023,-0.193914,-0.256158,-9.817794,-9.823049,0.00213,-0.00639,0.003195,97492.16,31.74,0.001572518
40.112985,0.06709,-0.220248,-0.25137,-9.829764,-9.835444,0.00426,-0.005325,0.00426,97504.56,31.75,-0.010822482
40.181758,0.068773,-0.234612,-0.256158,-9.798642,-9.804797,0.001065,-0.007455,0.00213,97488.03,31.75,0.019824518
40.25322,0.071462,-0.268128,-0.253764,-9.777096,-9.784063,-0.00213,-0.00426,0.00426,97504.56,31.75,0.040558518
40.325412,0.072192,-0.21546,-0.26334,-9.813006,-9.818903,0,-0.005325,0.00426,97492.16,31.76,0.005718518
40.393011,0.067599,-0.246582,-0.244188,-9.786672,-9.792823,0.003195,-0.00426,0.00426,97496.3,31.75,0.031798518
40.460386,0.067375,-0.208278,-0.234612,-9.820188,-9.825198,0.001065,-0.00852,0.005325,97500.43,31.76,-0.000576482
40.527428,0.067042,-0.26334,-0.258552,-9.8154,-9.822335,0.00213,-0.00639,0.00213,97496.3,31.76,0.002286518
40.594392,0.066965,-0.210672,-0.272916,-9.83934,-9.845378,0,-0.005325,0.003195,97496.3,31.75,-0.020756482
40.661655,0.067263,-0.225036,-0.22743,-9.846522,-9.851719,0.001065,-0.00213,0.003195,97500.43,31.76,-0.027097482
40.728787,0.067132,-0.225036,-0.237006,-9.848916,-9.854337,0.005325,-0.00426,0.003195,97496.3,31.75,-0.029715482
40.795562,0.066775,-0.225036,-0.256158,-9.789066,-9.795002,0.00213,-0.00426,0.003195,97496.3,31.75,0.029619518
40.862816,0.067254,-0.222642,-0.213066,-9.834552,-9.839379,0.00213,-0.005325,0.00213,97500.43,31.76,-0.014757482
40.930241,0.067426,-0.21546,-0.272916,-9.832158,-9.838305,0.00213,-0.005325,0.003195,97500.43,31.74,-0.013683482
40.997235,0.066994,-0.2394,-0.246582,-9.798642,-9.804667,0.001065,-0.003195,0.001065,97496.3,31.75,0.019954518
41.064392,0.067157,-0.234612,-0.222642,-9.848916,-9.854225,0,-0.003195,0.00213,97508.7,31.75,-0.029603482
41.13132,0.066928,-0.201096,-0.270522,-9.841734,-9.847505,0.001065,-0.00639,0.00426,97504.56,31.74,-0.022883482
41.198637,0.067318,-0.234612,-0.260946,-9.822582,-9.828848,0.00213,-0.00639,0.00426,97504.56,31.76,-0.004226482
41.265282,0.066645,-0.229824,-0.229824,-9.813006,-9.818387,0.003195,-0.00426,0.00426,97500.43,31.75,0.006234518
41.3325,0.067218,-0.20349,-0.2394,-9.8154,-9.820428,0,-0.005325,0.003195,97496.3,31.75,0.004193518
41.399713,0.067214,-0.241794,-0.277704,-9.817794,-9.824697,0.00213,-0.00426,0.003195,97508.7,31.76,-7.55E-05
41.466296,0.066582,-0.181944,-0.272916,-9.824976,-9.83045,0.00213,-0.005325,0.00426,97496.3,31.76,-0.005828482
41.533558,0.067263,-0.201096,-0.248976,-9.820188,-9.825402,0.005325,-0.007455,0.003195,97496.3,31.74,-0.000780482
41.600452,0.066894,-0.246582,-0.241794,-9.813006,-9.819081,0.00213,-0.00639,0.005325,97504.56,31.74,0.005540518
41.668757,0.068304,-0.234612,-0.232218,-9.829764,-9.835305,0,-0.003195,0.003195,97500.43,31.75,-0.010683482
41.739642,0.070885,-0.201096,-0.253764,-9.832158,-9.837488,-0.001065,-0.007455,0.003195,97496.3,31.74,-0.012866482
41.813853,0.074211,-0.210672,-0.258552,-9.834552,-9.840206,0.00213,-0.00639,0.003195,97496.3,31.75,-0.015584482
41.884144,0.070291,-0.222642,-0.225036,-9.824976,-9.830074,0,-0.00426,0.003195,97508.7,31.75,-0.005452482
41.950492,0.066347,-0.213066,-0.258552,-9.83934,-9.845042,0.001065,-0.005325,0.00213,97496.3,31.74,-0.020420482
42.018222,0.06773,-0.208278,-0.277704,-9.80343,-9.809574,0.00213,-0.00426,0.00426,97504.56,31.75,0.015047518
42.085032,0.066811,-0.205884,-0.225036,-9.820188,-9.824923,-0.00213,-0.001065,0.003195,97504.56,31.75,-0.000301482
42.151633,0.0666,-0.19152,-0.253764,-9.832158,-9.837297,0.00426,-0.00852,0.003195,97496.3,31.74,-0.012675482
42.218262,0.066629,-0.25137,-0.246582,-9.8154,-9.821714,0.003195,-0.007455,0.00426,97504.56,31.76,0.002907518
42.285036,0.066775,-0.222642,-0.225036,-9.829764,-9.83486,0.001065,-0.00426,0.001065,97496.3,31.74,-0.010238482
42.352684,0.067648,-0.162792,-0.26334,-9.844128,-9.848995,0.001065,-0.007455,0.003195,97496.3,31.74,-0.024373482
42.419429,0.066745,-0.234612,-0.246582,-9.824976,-9.83087,0.003195,-0.005325,0.00213,97496.3,31.74,-0.006248482
42.485808,0.066379,-0.21546,-0.244188,-9.820188,-9.825586,0.00213,-0.00213,0.007455,97496.3,31.74,-0.000964482
42.552473,0.066665,-0.198702,-0.246582,-9.841734,-9.846828,0.00426,-0.00639,0.001065,97496.3,31.74,-0.022206482
42.619251,0.066779,-0.22743,-0.253764,-9.829764,-9.835669,-0.001065,-0.00639,0.00213,97488.03,31.75,-0.011047482
42.686072,0.066821,-0.241794,-0.220248,-9.832158,-9.837596,0,-0.005325,0.00426,97500.43,31.75,-0.012974482
42.752582,0.06651,-0.213066,-0.253764,-9.834552,-9.840132,0.001065,-0.003195,0.00639,97488.03,31.74,-0.015510482
42.81986,0.067278,-0.220248,-0.272916,-9.82737,-9.833626,0.003195,-0.003195,0.005325,97496.3,31.74,-0.009004482
42.887432,0.067572,-0.205884,-0.210672,-9.813006,-9.817426,0.00213,-0.005325,0.00213,97504.56,31.74,0.007195518
42.95517,0.067738,-0.225036,-0.225036,-9.829764,-9.834914,0.001065,-0.007455,0.00213,97496.3,31.74,-0.010292482
43.026146,0.070977,-0.174762,-0.265734,-9.820188,-9.825337,0.001065,-0.00639,0.00213,97496.3,31.74,-0.000715482
43.098316,0.072169,-0.201096,-0.260946,-9.817794,-9.82332,0.005325,-0.007455,0.00426,97504.56,31.74,0.001301518
43.167625,0.06931,-0.222642,-0.2394,-9.832158,-9.837592,0.00639,-0.00639,0.00213,97496.3,31.74,-0.012970482
43.234862,0.067237,-0.210672,-0.222642,-9.82737,-9.832149,0.00213,-0.00639,0.001065,97504.56,31.75,-0.007527482
43.302132,0.06727,-0.205884,-0.25137,-9.8154,-9.820777,0.00213,-0.00426,0.005325,97496.3,31.74,0.003844518
43.36888,0.066747,-0.21546,-0.232218,-9.832158,-9.83726,0.00213,-0.00426,0.005325,97496.3,31.74,-0.012638482
43.435515,0.066635,-0.237006,-0.258552,-9.829764,-9.83602,0.001065,-0.005325,0.005325,97496.3,31.74,-0.011398482
43.502315,0.0668,-0.225036,-0.244188,-9.79146,-9.797089,0,-0.00213,0.001065,97504.56,31.75,0.027532518
43.568948,0.066634,-0.213066,-0.253764,-9.817794,-9.823384,0.003195,-0.00852,0.00213,97500.43,31.75,0.001237518
43.636378,0.06743,-0.208278,-0.2394,-9.844128,-9.849241,0,-0.00426,0.003195,97504.56,31.74,-0.024619482
43.703384,0.067006,-0.220248,-0.253764,-9.856098,-9.861824,0.001065,-0.00639,0.00213,97500.43,31.74,-0.037202482
43.771154,0.06777,-0.2394,-0.246582,-9.844128,-9.850125,0.00426,-0.00426,0.00426,97504.56,31.75,-0.025503482
43.838074,0.06692,-0.234612,-0.246582,-9.805824,-9.811729,0.001065,-0.005325,0.007455,97496.3,31.75,0.012892518
43.905002,0.066928,-0.217854,-0.208278,-9.824976,-9.829598,0,-0.00426,0.003195,97500.43,31.74,-0.004976482
43.971567,0.066566,-0.189126,-0.26334,-9.820188,-9.825539,0.001065,-0.00639,0.00213,97508.7,31.74,-0.000917482
44.038862,0.067295,-0.234612,-0.248976,-9.813006,-9.818967,0.00213,-0.00426,0.00213,97504.56,31.75,0.005654518
44.106465,0.067603,-0.196308,-0.2394,-9.836946,-9.841817,0.00213,-0.00426,0.00213,97496.3,31.75,-0.017195482
44.176811,0.070346,-0.234612,-0.258552,-9.808218,-9.81443,0.001065,-0.00639,0,97504.56,31.74,0.010191518
44.247326,0.070514,-0.198702,-0.258552,-9.829764,-9.835171,0.005325,-0.00426,0.005325,97492.16,31.74,-0.010549482
44.322643,0.075317,-0.20349,-0.229824,-9.832158,-9.836949,0.001065,-0.00426,0.001065,97504.56,31.73,-0.012327482
44.392402,0.069759,-0.222642,-0.220248,-9.844128,-9.849108,0.00213,-0.00639,0.003195,97504.56,31.75,-0.024486482
44.463572,0.071171,-0.21546,-0.258552,-9.824976,-9.830739,0.00426,-0.00639,0.001065,97504.56,31.73,-0.006117482
44.530333,0.066761,-0.213066,-0.253764,-9.822582,-9.828169,0,-0.007455,0.00426,97504.56,31.74,-0.003547482
44.598084,0.067751,-0.225036,-0.244188,-9.8154,-9.821016,-0.001065,-0.005325,0.00639,97504.56,31.75,0.003605518
44.665112,0.067028,-0.225036,-0.2394,-9.832158,-9.837646,0,-0.00639,0.00426,97500.43,31.74,-0.013024482
44.732972,0.06786,-0.232218,-0.253764,-9.822582,-9.828603,0.00426,-0.005325,0.00213,97504.56,31.74,-0.003981482
44.800687,0.067715,-0.20349,-0.258552,-9.813006,-9.81852,0.003195,-0.005325,0.005325,97488.03,31.74,0.006101518
44.867763,0.067076,-0.205884,-0.22743,-9.8154,-9.820193,-0.00213,-0.00426,0.003195,97500.43,31.74,0.004428518
44.935276,0.067513,-0.21546,-0.22743,-9.822582,-9.827577,0.003195,-0.007455,0.005325,97508.7,31.74,-0.002955482
45.005525,0.070249,-0.201096,-0.229824,-9.836946,-9.841685,0.005325,-0.005325,0.00213,97500.43,31.74,-0.017063482
45.075491,0.069966,-0.244188,-0.253764,-9.810612,-9.816931,0.00426,-0.00639,0.005325,97500.43,31.74,0.007690518
45.146363,0.070872,-0.237006,-0.284886,-9.817794,-9.824786,0,-0.005325,0.001065,97504.56,31.74,-0.000164482
45.213687,0.067324,-0.253764,-0.26334,-9.829764,-9.836565,0.001065,-0.007455,0.003195,97496.3,31.74,-0.011943482
45.280397,0.06671,-0.21546,-0.2394,-9.829764,-9.835039,0.001065,-0.00213,0.00426,97512.83,31.74,-0.010417482
45.34753,0.067133,-0.220248,-0.270522,-9.813006,-9.819205,0.00213,-0.005325,0.003195,97500.43,31.74,0.005416518
45.414594,0.067064,-0.232218,-0.237006,-9.82737,-9.83297,0.00213,-0.005325,0.00426,97496.3,31.74,-0.008348482
45.481611,0.067017,-0.210672,-0.222642,-9.808218,-9.813006,-0.001065,-0.00213,0.00213,97500.43,31.75,0.011615518
45.549285,0.067674,-0.234612,-0.268128,-9.848916,-9.855358,0.00213,-0.003195,0.00426,97496.3,31.74,-0.030736482
45.616239,0.066954,-0.19152,-0.258552,-9.8154,-9.820672,-0.003195,-0.00213,0.00426,97504.56,31.74,0.003949518
45.683207,0.066968,-0.17955,-0.237006,-9.813006,-9.81751,0.001065,-0.003195,0.003195,97500.43,31.74,0.007111518
45.749987,0.066781,-0.220248,-0.27531,-9.822582,-9.828907,0.003195,-0.00426,0.003195,97500.43,31.74,-0.004285482
45.817261,0.067274,-0.210672,-0.253764,-9.829764,-9.835296,0.00213,-0.005325,0.00426,97512.83,31.74,-0.010674482
45.88468,0.067419,-0.208278,-0.244188,-9.834552,-9.839788,0,-0.005325,0.00426,97496.3,31.74,-0.015166482
45.95202,0.067339,-0.210672,-0.260946,-9.824976,-9.830698,0.003195,-0.003195,0.003195,97500.43,31.74,-0.006076482
46.019336,0.067317,-0.186732,-0.229824,-9.8154,-9.819866,0.003195,-0.005325,0.00426,97500.43,31.74,0.004755518
46.086402,0.067066,-0.241794,-0.229824,-9.801036,-9.806711,0.001065,-0.005325,0.003195,97496.3,31.74,0.017910518
46.153865,0.067463,-0.217854,-0.229824,-9.820188,-9.825292,0.00426,-0.00426,0.003195,97500.43,31.74,-0.000670482
46.220935,0.06707,-0.260946,-0.280098,-9.83934,-9.846784,0.00213,-0.005325,0.003195,97500.43,31.74,-0.022162482
46.287654,0.066718,-0.222642,-0.225036,-9.841734,-9.846824,-0.001065,-0.003195,0.003195,97500.43,31.74,-0.022202482
46.354285,0.066631,-0.205884,-0.2394,-9.844128,-9.849191,0.00213,-0.00426,0.00213,97504.56,31.74,-0.024569482
46.42107,0.066785,-0.22743,-0.258552,-9.832158,-9.838186,0.003195,-0.005325,0.003195,97496.3,31.73,-0.013564482
46.488782,0.067712,-0.244188,-0.237006,-9.805824,-9.811727,-0.001065,-0.00213,0.003195,97500.43,31.73,0.012894518
46.556842,0.06806,-0.213066,-0.248976,-9.841734,-9.847188,0.001065,-0.007455,0.003195,97500.43,31.74,-0.022566482
46.623849,0.067007,-0.21546,-0.272916,-9.822582,-9.828735,0.001065,-0.00426,0.001065,97508.7,31.74,-0.004113482
46.693333,0.069483,-0.198702,-0.272916,-9.805824,-9.811633,0.001065,-0.005325,0.00213,97504.56,31.73,0.012988518
46.762292,0.06896,-0.220248,-0.213066,-9.820188,-9.824968,0.00213,-0.005325,0.00213,97508.7,31.74,-0.000346482
46.83389,0.071598,-0.21546,-0.234612,-9.836946,-9.842102,0,-0.00426,0.00426,97508.7,31.73,-0.017480482
46.902406,0.068516,-0.213066,-0.229824,-9.789066,-9.794081,0,-0.00426,0.003195,97512.83,31.74,0.030540518
46.969867,0.067461,-0.229824,-0.265734,-9.848916,-9.85518,0.00426,-0.00213,0.00213,97488.03,31.74,-0.030558482
47.037657,0.067791,-0.248976,-0.241794,-9.813006,-9.819142,0.00213,-0.005325,0.003195,97504.56,31.73,0.005479518
47.104864,0.067206,-0.210672,-0.256158,-9.834552,-9.840143,-0.001065,-0.007455,0.00213,97496.3,31.73,-0.015521482
47.171953,0.067089,-0.205884,-0.253764,-9.822582,-9.828016,0.001065,-0.00426,0.00213,97500.43,31.74,-0.003394482
47.239061,0.067108,-0.248976,-0.256158,-9.846522,-9.853,0.003195,-0.00639,0.003195,97504.56,31.73,-0.028378482
47.306417,0.067356,-0.220248,-0.22743,-9.8154,-9.820505,0.001065,-0.003195,0.00213,97504.56,31.73,0.004116518
47.378115,0.071698,-0.198702,-0.22743,-9.832158,-9.836795,0.003195,-0.005325,0.003195,97512.83,31.73,-0.012173482
47.450392,0.072278,-0.198702,-0.241794,-9.813006,-9.817995,-0.001065,-0.00426,0.003195,97504.56,31.73,0.006626518
47.517714,0.067322,-0.217854,-0.225036,-9.8154,-9.820396,0,-0.00426,0.00639,97500.43,31.73,0.004225518
47.584946,0.067232,-0.20349,-0.258552,-9.810612,-9.816128,0.003195,-0.005325,0.003195,97508.7,31.74,0.008493518
47.652039,0.067093,-0.2394,-0.2394,-9.820188,-9.826022,0.00213,-0.00639,0.003195,97496.3,31.72,-0.001400482
47.719357,0.067318,-0.2394,-0.241794,-9.813006,-9.818903,0.001065,-0.00639,0.003195,97504.56,31.74,0.005718518
47.786342,0.066984,-0.220248,-0.268128,-9.832158,-9.838279,0.003195,-0.005325,0.00213,97508.7,31.74,-0.013657482
47.853562,0.06722,-0.210672,-0.229824,-9.832158,-9.8371,0.003195,-0.00639,0.00426,97504.56,31.74,-0.012478482
47.9206,0.067038,-0.196308,-0.2394,-9.829764,-9.834638,0.00213,-0.005325,0.00213,97504.56,31.74,-0.010016482
47.987384,0.066785,-0.198702,-0.237006,-9.836946,-9.841807,0.001065,-0.00426,0.003195,97500.43,31.73,-0.017185482
48.055652,0.068268,-0.237006,-0.265734,-9.798642,-9.805109,0.001065,-0.00639,0.003195,97496.3,31.73,0.019512518
48.125748,0.070096,-0.225036,-0.234612,-9.810612,-9.815997,0.001065,-0.00639,0.00213,97496.3,31.73,0.008624518
48.199351,0.073603,-0.210672,-0.22743,-9.82737,-9.832259,0.001065,-0.00213,0.00213,97504.56,31.73,-0.007637482
48.267334,0.067982,-0.220248,-0.246582,-9.808218,-9.813789,0.001065,-0.00426,0.00639,97508.7,31.72,0.010832518
48.334276,0.066943,-0.210672,-0.232218,-9.85131,-9.856298,0.001065,-0.00639,0.005325,97504.56,31.73,-0.031676482
48.400998,0.066722,-0.20349,-0.241794,-9.822582,-9.827665,0.001065,-0.003195,0.00213,97504.56,31.73,-0.003043482
48.468145,0.067147,-0.213066,-0.258552,-9.824976,-9.830687,0.00213,-0.00213,0.003195,97500.43,31.74,-0.006065482
48.535684,0.067539,-0.198702,-0.22743,-9.841734,-9.846367,0.003195,-0.00213,0.003195,97504.56,31.73,-0.021745482
48.60237,0.066686,-0.217854,-0.210672,-9.822582,-9.827256,0.003195,-0.007455,0.00213,97500.43,31.74,-0.002634482
48.669484,0.067114,-0.213066,-0.248976,-9.80343,-9.808905,0.003195,-0.00426,0.00213,97508.7,31.74,0.015716518
48.737101,0.067617,-0.210672,-0.220248,-9.83934,-9.844059,0.001065,-0.00426,0.00213,97504.56,31.73,-0.019437482
48.804768,0.067667,-0.234612,-0.265734,-9.820188,-9.826584,0.00213,-0.005325,0.00639,97500.43,31.73,-0.001962482
48.871881,0.067113,-0.21546,-0.270522,-9.817794,-9.823883,0.003195,-0.00213,0.00426,97500.43,31.73,0.000738518
48.941583,0.069702,-0.229824,-0.260946,-9.813006,-9.819165,0.00213,-0.00639,0.003195,97492.16,31.73,0.005456518
49.010821,0.069238,-0.22743,-0.2394,-9.808218,-9.813775,0,-0.00426,0.00426,97500.43,31.73,0.010846518
49.081325,0.070504,-0.25137,-0.229824,-9.829764,-9.835663,0.00213,-0.003195,0.00426,97504.56,31.74,-0.011041482
49.149184,0.067859,-0.217854,-0.237006,-9.832158,-9.837427,0.001065,-0.00426,0.003195,97504.56,31.73,-0.012805482
49.217042,0.067858,-0.237006,-0.256158,-9.834552,-9.840742,0.00213,-0.00639,0.00213,97508.7,31.73,-0.016120482
49.284207,0.067165,-0.241794,-0.253764,-9.834552,-9.840796,0.00213,-0.00639,0.003195,97500.43,31.73,-0.016174482
49.352846,0.068639,-0.232218,-0.234612,-9.810612,-9.816164,0,-0.005325,0.003195,97496.3,31.73,0.008457518
49.419778,0.066932,-0.217854,-0.248976,-9.832158,-9.837722,0.00213,-0.00426,0.00213,97504.56,31.73,-0.013100482
49.487269,0.067492,-0.201096,-0.256158,-9.829764,-9.835157,0.00213,-0.007455,0.001065,97496.3,31.73,-0.010535482
49.554107,0.066838,-0.205884,-0.25137,-9.801036,-9.80642,0.001065,-0.00639,0.005325,97508.7,31.73,0.018201518
49.620522,0.066415,-0.210672,-0.25137,-9.832158,-9.837627,0.00213,-0.00426,0.001065,97500.43,31.73,-0.013005482
49.687291,0.066769,-0.205884,-0.256158,-9.82737,-9.832864,0.00213,-0.005325,0.003195,97500.43,31.74,-0.008242482
49.754534,0.067243,-0.22743,-0.232218,-9.824976,-9.830351,0,-0.00426,0.003195,97504.56,31.73,-0.005729482
49.821534,0.067,-0.16758,-0.234612,-9.822582,-9.826812,0,-0.005325,0.005325,97504.56,31.72,-0.002190482
49.888796,0.067262,-0.241794,-0.260946,-9.822582,-9.829022,0.003195,-0.007455,0.001065,97512.83,31.73,-0.004400482
49.956662,0.067866,-0.22743,-0.253764,-9.805824,-9.811743,-0.001065,-0.003195,0.005325,97504.56,31.73,0.012878518
50.023462,0.0668,-0.193914,-0.234612,-9.813006,-9.817725,0,-0.003195,0.00426,97504.56,31.72,0.006896518
50.09051,0.067048,-0.20349,-0.265734,-9.832158,-9.837853,0.003195,-0.003195,0.00426,97504.56,31.73,-0.013231482
50.157684,0.067174,-0.234612,-0.277704,-9.813006,-9.819738,0.001065,-0.005325,0.00426,97504.56,31.73,0.004883518
50.224762,0.067079,-0.229824,-0.22743,-9.841734,-9.847044,0.00213,-0.007455,0.001065,97512.83,31.73,-0.022422482
50.291698,0.066936,-0.222642,-0.232218,-9.83934,-9.844598,0.00213,-0.007455,0.00213,97500.43,31.73,-0.019976482
50.35907,0.067372,-0.198702,-0.258552,-9.824976,-9.830386,0.001065,-0.00639,0.003195,97508.7,31.73,-0.005764482
50.42567,0.0666,-0.213066,-0.232218,-9.808218,-9.81328,-0.001065,-0.003195,0.00426,97504.56,31.73,0.011341518
50.492815,0.067144,-0.229824,-0.232218,-9.829764,-9.835192,0.001065,-0.00426,0.003195,97504.56,31.73,-0.010570482
50.56062,0.067805,-0.234612,-0.26334,-9.832158,-9.838482,0.003195,-0.00639,0.005325,97508.7,31.73,-0.013860482
50.631022,0.070402,-0.241794,-0.265734,-9.8154,-9.821973,0.00213,-0.001065,0.005325,97496.3,31.72,0.002648518
50.700563,0.069541,-0.208278,-0.25137,-9.813006,-9.818434,0,-0.00426,0.00639,97496.3,31.73,0.006187518
50.77211,0.071547,-0.220248,-0.210672,-9.810612,-9.815345,0.003195,-0.003195,0.003195,97504.56,31.73,0.009276518
50.840725,0.068615,-0.220248,-0.241794,-9.824976,-9.830418,0.00213,-0.00639,0.00213,97496.3,31.73,-0.005796482
50.917059,0.076335,-0.19152,-0.237006,-9.83934,-9.844057,0.00213,-0.00639,0.003195,97512.83,31.72,-0.019435482
50.984395,0.067336,-0.217854,-0.253764,-9.80343,-9.809133,0.001065,-0.003195,0.003195,97504.56,31.72,0.015488518
51.051759,0.067364,-0.220248,-0.237006,-9.841734,-9.847051,0.003195,-0.00426,0.001065,97504.56,31.73,-0.022429482
51.119285,0.067526,-0.21546,-0.268128,-9.8154,-9.821425,0.003195,-0.00426,0.003195,97500.43,31.72,0.003196518
51.186352,0.067067,-0.205884,-0.220248,-9.822582,-9.827208,0.003195,-0.005325,0.00426,97512.83,31.72,-0.002586482
51.253614,0.067262,-0.21546,-0.241794,-9.8154,-9.820742,0,-0.00639,0.005325,97500.43,31.72,0.003879518
51.320578,0.066965,-0.210672,-0.268128,-9.824976,-9.830892,0.001065,-0.00213,0,97508.7,31.72,-0.006270482
51.387658,0.06708,-0.21546,-0.248976,-9.832158,-9.83767,0,-0.00426,0.003195,97500.43,31.72,-0.013048482
51.454247,0.066589,-0.222642,-0.2394,-9.817794,-9.823236,0.00213,-0.00639,0.001065,97516.96,31.73,0.001385518
51.521576,0.067329,-0.205884,-0.256158,-9.822582,-9.828078,0,-0.003195,0,97496.3,31.73,-0.003456482
51.588432,0.066856,-0.229824,-0.272916,-9.832158,-9.83863,0.00213,-0.005325,0.003195,97504.56,31.73,-0.014008482
51.65508,0.066647,-0.198702,-0.22743,-9.810612,-9.815259,0.001065,-0.003195,0.00426,97500.43,31.72,0.009362518
51.722339,0.067259,-0.25137,-0.268128,-9.824976,-9.831848,0.003195,-0.007455,0.003195,97512.83,31.72,-0.007226482
51.792872,0.070532,-0.201096,-0.246582,-9.801036,-9.8062,0.00426,-0.007455,0.00426,97504.56,31.72,0.018421518
51.860875,0.068003,-0.196308,-0.237006,-9.805824,-9.810652,0.003195,-0.00639,0.00426,97504.56,31.73,0.013969518
51.931841,0.070966,-0.225036,-0.22743,-9.824976,-9.830184,0.003195,-0.00639,0.001065,97500.43,31.73,-0.005562482
52.00744,0.075599,-0.234612,-0.246582,-9.8154,-9.821299,-0.001065,-0.005325,0.003195,97496.3,31.72,0.003322518
52.076886,0.069445,-0.222642,-0.260946,-9.817794,-9.823784,0,-0.00639,0.00213,97500.43,31.72,0.000837518
52.147988,0.071103,-0.237006,-0.256158,-9.808218,-9.814425,0.003195,-0.005325,0.00426,97504.56,31.72,0.010196518
52.215207,0.067219,-0.229824,-0.2394,-9.834552,-9.84015,0.001065,-0.003195,0.003195,97500.43,31.73,-0.015528482
52.282795,0.067587,-0.229824,-0.225036,-9.829764,-9.835025,0,-0.005325,0.003195,97504.56,31.72,-0.010403482
52.350218,0.067424,-0.222642,-0.253764,-9.808218,-9.814026,0.00213,-0.007455,0.00426,97496.3,31.73,0.010595518
52.41765,0.067432,-0.217854,-0.268128,-9.824976,-9.831048,0.00213,-0.005325,0.003195,97504.56,31.73,-0.006426482
52.484816,0.067166,-0.19152,-0.2394,-9.83934,-9.844115,0.001065,-0.003195,0.00213,97508.7,31.72,-0.019493482
52.55174,0.066925,-0.220248,-0.253764,-9.848916,-9.854646,0.00426,-0.009585,0.005325,97508.7,31.73,-0.030024482
52.621229,0.069489,-0.208278,-0.282492,-9.813006,-9.81928,0.00426,-0.00639,0.00426,97504.56,31.72,0.005341518
52.689203,0.067974,-0.217854,-0.22743,-9.82737,-9.832415,0,-0.00426,0.003195,97500.43,31.72,-0.007793482
52.759729,0.070526,-0.198702,-0.220248,-9.846522,-9.850989,0.003195,-0.005325,0.003195,97500.43,31.72,-0.026367482
52.830546,0.070817,-0.196308,-0.225036,-9.798642,-9.803191,0.00213,-0.005325,0.005325,97496.3,31.72,0.021430518
52.897745,0.067199,-0.21546,-0.248976,-9.82737,-9.832884,0.003195,-0.00426,0.001065,97500.43,31.73,-0.008262482
52.964871,0.067126,-0.22743,-0.258552,-9.8154,-9.821438,0,-0.005325,0.00213,97504.56,31.73,0.003183518
53.032483,0.067612,-0.217854,-0.244188,-9.836946,-9.842388,0.001065,-0.00639,0.005325,97508.7,31.73,-0.017766482
53.099541,0.067058,-0.208278,-0.248976,-9.820188,-9.825551,0,-0.00852,0.003195,97508.7,31.72,-0.000929482
53.166831,0.06729,-0.220248,-0.2394,-9.824976,-9.83036,0.00213,-0.00639,0.00639,97508.7,31.73,-0.005738482
53.2335,0.066669,-0.21546,-0.280098,-9.832158,-9.838506,0.003195,-0.005325,0.003195,97500.43,31.72,-0.013884482
53.304428,0.070928,-0.21546,-0.241794,-9.805824,-9.811171,0.00213,-0.005325,0.00213,97504.56,31.72,0.013450518
53.377039,0.072612,-0.217854,-0.225036,-9.805824,-9.810825,0,-0.00426,0.003195,97496.3,31.72,0.013796518
53.445797,0.068758,-0.184338,-0.237006,-9.810612,-9.815206,0.003195,-0.00426,0.001065,97500.43,31.72,0.009415518
53.516976,0.071178,-0.232218,-0.248976,-9.817794,-9.823695,0.00639,-0.00426,0.003195,97500.43,31.72,0.000926518
53.586975,0.069999,-0.22743,-0.2394,-9.834552,-9.840094,0.00426,-0.00426,0.003195,97504.56,31.72,-0.015472482
53.65573,0.068755,-0.241794,-0.222642,-9.822582,-9.82808,-0.00213,-0.00426,0.00426,97508.7,31.72,-0.003458482
53.723694,0.067965,-0.213066,-0.27531,-9.836946,-9.843104,0.003195,-0.00852,0.00426,97504.56,31.72,-0.018482482
53.790951,0.067257,-0.22743,-0.253764,-9.810612,-9.816528,0,-0.00426,0.003195,97504.56,31.72,0.008093518
53.858361,0.06741,-0.217854,-0.225036,-9.820188,-9.825182,0,-0.00639,0.00426,97508.7,31.72,-0.000560482
53.925289,0.066928,-0.205884,-0.272916,-9.82737,-9.833314,0,-0.005325,0.00213,97512.83,31.72,-0.008692482
53.992513,0.067224,-0.208278,-0.27531,-9.817794,-9.823861,0.00213,-0.00426,0.003195,97504.56,31.72,0.000760518
54.059522,0.067008,-0.220248,-0.229824,-9.8154,-9.82056,0.001065,-0.005325,0.00426,97504.56,31.72,0.004061518
54.126337,0.066816,-0.222642,-0.244188,-9.810612,-9.816176,0.001065,-0.009585,0.005325,97496.3,31.72,0.008445518
54.193727,0.06739,-0.260946,-0.229824,-9.822582,-9.828735,0.00426,-0.007455,0.00213,97504.56,31.72,-0.004113482
54.260717,0.066989,-0.208278,-0.234612,-9.810612,-9.815627,0,-0.00426,0.00426,97504.56,31.72,0.008994518
54.327449,0.066733,-0.222642,-0.25137,-9.836946,-9.842676,0.001065,-0.005325,0.00426,97512.83,31.72,-0.018054482
54.394285,0.066835,-0.196308,-0.258552,-9.829764,-9.835123,0.005325,-0.00639,0.003195,97512.83,31.72,-0.010501482
54.462343,0.068058,-0.217854,-0.229824,-9.82737,-9.832471,0.001065,-0.005325,0.001065,97504.56,31.72,-0.007849482
54.530151,0.067807,-0.205884,-0.241794,-9.801036,-9.80618,0.001065,-0.007455,0.00639,97508.7,31.72,0.018441518
54.597704,0.067553,-0.201096,-0.248976,-9.824976,-9.830187,0.00213,-0.00639,0.003195,97496.3,31.72,-0.005565482
54.665127,0.067423,-0.220248,-0.26334,-9.841734,-9.84772,0.00426,-0.007455,0.001065,97504.56,31.72,-0.023098482
54.736408,0.071281,-0.234612,-0.217854,-9.832158,-9.837369,0.003195,-0.00426,0.00426,97508.7,31.72,-0.012747482
54.805669,0.069261,-0.193914,-0.22743,-9.834552,-9.839092,0.00213,-0.003195,0.003195,97512.83,31.72,-0.014470482
54.880753,0.075084,-0.21546,-0.25137,-9.813006,-9.818589,0.001065,-0.005325,0.003195,97504.56,31.72,0.006032518
54.948095,0.067342,-0.232218,-0.225036,-9.834552,-9.839867,0.001065,-0.005325,0.00213,97504.56,31.72,-0.015245482
55.017188,0.069093,-0.217854,-0.229824,-9.824976,-9.830078,0.003195,-0.007455,0.003195,97512.83,31.72,-0.005456482
55.089684,0.072496,-0.21546,-0.258552,-9.8154,-9.821168,0,-0.00426,0.00426,97508.7,31.71,0.003453518
55.157801,0.068117,-0.213066,-0.22743,-9.846522,-9.851453,0.00213,-0.00639,0.00426,97500.43,31.71,-0.026831482
55.228154,0.070353,-0.237006,-0.220248,-9.848916,-9.854229,0.003195,-0.00852,0.00213,97504.56,31.72,-0.029607482
55.302739,0.074584,-0.208278,-0.280098,-9.846522,-9.852707,0.001065,-0.007455,0.003195,97504.56,31.72,-0.028085482
55.36943,0.066692,-0.225036,-0.253764,-9.846522,-9.852362,0.00213,-0.00852,0.003195,97504.56,31.71,-0.027740482
55.436735,0.067304,-0.19152,-0.253764,-9.829764,-9.834904,0.00213,-0.00852,0.00639,97504.56,31.72,-0.010282482
55.503351,0.066617,-0.21546,-0.246582,-9.82737,-9.832824,0.00213,-0.001065,0.00426,97512.83,31.71,-0.008202482
55.570716,0.067365,-0.189126,-0.25137,-9.834552,-9.839582,0,-0.005325,0.003195,97504.56,31.72,-0.014960482
55.637659,0.066943,-0.217854,-0.260946,-9.79146,-9.797359,0.001065,-0.00639,0.003195,97508.7,31.72,0.027262518
55.704866,0.067206,-0.21546,-0.217854,-9.820188,-9.824967,0,-0.00639,0.003195,97496.3,31.72,-0.000345482
55.771683,0.066818,-0.208278,-0.222642,-9.83934,-9.844062,0.001065,-0.007455,0.00426,97512.83,31.72,-0.019440482
55.839336,0.067653,-0.220248,-0.268128,-9.82737,-9.833494,0.00426,-0.009585,0.00213,97504.56,31.72,-0.008872482
55.906356,0.06702,-0.210672,-0.253764,-9.808218,-9.813762,-0.001065,-0.003195,0.003195,97508.7,31.72,0.010859518
55.972702,0.066346,-0.208278,-0.213066,-9.832158,-9.836672,0.00213,-0.005325,0.00213,97508.7,31.72,-0.012050482
56.04,0.067298,-0.237006,-0.2394,-9.8154,-9.821179,0.00426,-0.005325,0.00426,97516.96,31.72,0.003442518
56.106975,0.066975,-0.220248,-0.237006,-9.820188,-9.825516,0,-0.009585,0.005325,97504.56,31.72,-0.000894482
56.174244,0.06727,-0.217854,-0.244188,-9.822582,-9.828032,0.003195,-0.00639,0.003195,97508.7,31.72,-0.003410482
56.245374,0.07113,-0.225036,-0.246582,-9.86328,-9.868928,0.00213,-0.007455,0.00426,97504.56,31.72,-0.044306482
56.319686,0.074312,-0.210672,-0.244188,-9.824976,-9.830268,0.001065,-0.00426,0.00213,97508.7,31.72,-0.005646482
56.388061,0.068375,-0.20349,-0.234612,-9.836946,-9.841847,-0.001065,-0.005325,0.00426,97512.83,31.72,-0.017225482
56.458422,0.070361,-0.198702,-0.244188,-9.801036,-9.806091,0.007455,-0.00639,0.003195,97512.83,31.71,0.018530518
56.531482,0.07306,-0.217854,-0.270522,-9.844128,-9.850254,0,-0.00639,0.003195,97504.56,31.72,-0.025632482
56.599081,0.067599,-0.225036,-0.232218,-9.832158,-9.837474,0.001065,-0.00852,-0.001065,97504.56,31.72,-0.012852482
56.666332,0.067251,-0.19152,-0.256158,-9.829764,-9.834966,0.001065,-0.005325,0.003195,97512.83,31.72,-0.010344482
56.734067,0.067735,-0.225036,-0.232218,-9.836946,-9.84226,0,-0.007455,0.00213,97512.83,31.72,-0.017638482
56.801165,0.067098,-0.210672,-0.234612,-9.822582,-9.827642,0.00213,-0.00852,0.00426,97504.56,31.72,-0.003020482
56.86816,0.066995,-0.229824,-0.277704,-9.817794,-9.824409,0.001065,-0.005325,0.001065,97496.3,31.72,0.000212518
56.935457,0.067297,-0.196308,-0.253764,-9.820188,-9.825427,0.00213,-0.001065,0.005325,97500.43,31.72,-0.000805482
57.002316,0.066859,-0.205884,-0.234612,-9.822582,-9.82754,0.001065,-0.003195,0.003195,97504.56,31.72,-0.002918482
57.07361,0.071294,-0.208278,-0.277704,-9.820188,-9.826321,0.003195,-0.005325,0.005325,97508.7,31.72,-0.001699482
57.143186,0.069576,-0.217854,-0.253764,-9.836946,-9.84263,0.003195,-0.00426,0.00213,97504.56,31.72,-0.018008482
57.213187,0.07,-0.213066,-0.26334,-9.834552,-9.840384,0.00426,-0.00852,0.007455,97500.43,31.71,-0.015762482
57.28144,0.068253,-0.21546,-0.241794,-9.822582,-9.82792,0,-0.00426,0.00213,97508.7,31.7,-0.003298482
57.349115,0.067675,-0.181944,-0.232218,-9.82737,-9.831797,0.001065,-0.00639,0.001065,97512.83,31.72,-0.007175482
57.416978,0.067863,-0.22743,-0.22743,-9.832158,-9.837417,0.001065,-0.007455,0.005325,97508.7,31.72,-0.012795482
57.487507,0.07053,-0.213066,-0.248976,-9.834552,-9.84001,0.00213,-0.005325,0.00213,97504.56,31.71,-0.015388482
57.561743,0.074236,-0.22743,-0.26334,-9.836946,-9.843098,0.001065,-0.00852,0.00426,97500.43,31.71,-0.018476482
57.630432,0.068689,-0.19152,-0.22743,-9.846522,-9.85101,0.001065,-0.00639,0.003195,97504.56,31.72,-0.026388482
57.697214,0.066782,-0.210672,-0.256158,-9.83934,-9.844928,0,-0.005325,0.00213,97508.7,31.71,-0.020306482
57.763989,0.066775,-0.22743,-0.225036,-9.80343,-9.80865,-0.001065,-0.00639,0.003195,97504.56,31.71,0.015971518
57.830291,0.066302,-0.21546,-0.234612,-9.817794,-9.82296,0.001065,-0.007455,0.00213,97496.3,31.72,0.001661518
57.897255,0.066965,-0.208278,-0.232218,-9.817794,-9.822748,0.003195,-0.00639,0.003195,97496.3,31.71,0.001873518
57.964263,0.067008,-0.220248,-0.225036,-9.820188,-9.825235,0.00213,-0.00639,0.003195,97512.83,31.71,-0.000613482
58.031429,0.067165,-0.222642,-0.210672,-9.808218,-9.813006,0.00213,-0.005325,0.00213,97500.43,31.72,0.011615518
58.098965,0.067537,-0.220248,-0.220248,-9.820188,-9.825126,0.00426,-0.00639,0.00213,97508.7,31.71,-0.000504482
58.166099,0.067134,-0.213066,-0.241794,-9.820188,-9.825475,-0.001065,-0.003195,0.00213,97500.43,31.7,-0.000853482
58.232215,0.066116,-0.22743,-0.244188,-9.798642,-9.804322,0.001065,-0.00213,0.001065,97504.56,31.72,0.020299518
58.299075,0.066859,-0.19152,-0.26334,-9.829764,-9.835156,0.001065,-0.007455,0.00213,97512.83,31.71,-0.010534482
58.366292,0.067217,-0.217854,-0.237006,-9.832158,-9.837427,0.001065,-0.00213,0.00639,97504.56,31.72,-0.012805482
58.433191,0.066899,-0.205884,-0.229824,-9.8154,-9.820249,0.001065,-0.009585,0.00639,97508.7,31.71,0.004372518
58.499977,0.066786,-0.210672,-0.248976,-9.813006,-9.818424,0.001065,-0.00852,0.003195,97504.56,31.71,0.006197518
58.566808,0.066831,-0.208278,-0.277704,-9.834552,-9.840676,0,-0.005325,0.005325,97508.7,31.71,-0.016054482
58.63407,0.067263,-0.222642,-0.232218,-9.829764,-9.835027,0,-0.005325,0.005325,97512.83,31.71,-0.010405482
58.702407,0.068337,-0.198702,-0.2394,-9.80343,-9.808366,0.00426,-0.007455,0.005325,97496.3,31.71,0.016255518
58.770175,0.067768,-0.196308,-0.256158,-9.820188,-9.82549,0.003195,-0.005325,0.001065,97508.7,31.71,-0.000868482
58.840314,0.070139,-0.246582,-0.244188,-9.820188,-9.826318,0.00213,-0.005325,0.003195,97508.7,31.72,-0.001696482
58.90737,0.067056,-0.2394,-0.234612,-9.8154,-9.821122,0,-0.003195,0.00213,97508.7,31.71,0.003499518
58.977086,0.069716,-0.193914,-0.260946,-9.834552,-9.839924,0.003195,-0.007455,0.003195,97512.83,31.7,-0.015302482
59.048665,0.071578,-0.213066,-0.256158,-9.834552,-9.840194,0.005325,-0.007455,0.003195,97508.7,31.7,-0.015572482
59.116875,0.06821,-0.22743,-0.2394,-9.836946,-9.842487,0.00213,-0.007455,0.003195,97508.7,31.71,-0.017865482
59.187184,0.070309,-0.222642,-0.244188,-9.82737,-9.832924,0.00213,-0.00639,0,97496.3,31.71,-0.008302482
59.257889,0.070705,-0.213066,-0.280098,-9.83934,-9.845632,0.00426,-0.00639,0.003195,97508.7,31.71,-0.021010482
59.327931,0.070042,-0.222642,-0.258552,-9.832158,-9.838077,0.00213,-0.005325,0.003195,97504.56,31.71,-0.013455482
59.395025,0.067094,-0.234612,-0.25137,-9.834552,-9.840561,0,-0.005325,0.00213,97516.96,31.71,-0.015939482
59.462127,0.067102,-0.253764,-0.241794,-9.834552,-9.840796,0.003195,-0.00426,0.003195,97512.83,31.71,-0.016174482
59.529798,0.067671,-0.201096,-0.256158,-9.820188,-9.825586,0.00213,-0.003195,0.00213,97512.83,31.71,-0.000964482
59.596936,0.067138,-0.19152,-0.258552,-9.824976,-9.830243,0.001065,-0.00639,0.003195,97504.56,31.71,-0.005621482
59.664107,0.067171,-0.205884,-0.220248,-9.832158,-9.836779,0,-0.003195,0.00213,97508.7,31.72,-0.012157482
59.731254,0.067147,-0.22743,-0.232218,-9.844128,-9.849493,0.00426,-0.00852,0.00426,97508.7,31.71,-0.024871482
59.798387,0.067133,-0.237006,-0.26334,-9.813006,-9.8194,0,-0.00639,0.00426,97508.7,31.72,0.005221518
59.865541,0.067154,-0.222642,-0.232218,-9.796248,-9.801529,-0.001065,-0.003195,0.00213,97500.43,31.7,0.023092518
59.932566,0.067025,-0.208278,-0.220248,-9.844128,-9.848794,0.001065,-0.007455,0.003195,97504.56,31.71,-0.024172482
59.999489,0.066923,-0.21546,-0.234612,-9.824976,-9.830138,0.00213,-0.009585,0.00213,97512.83,31.71,-0.005516482
60.066936,0.067447,-0.234612,-0.237006,-9.8154,-9.821064,0.001065,-0.005325,0.003195,97516.96,31.7,0.003557518
60.1341,0.067165,-0.19152,-0.253764,-9.846522,-9.851653,0.001065,-0.005325,0.005325,97500.43,31.71,-0.027031482
60.200915,0.066814,-0.213066,-0.248976,-9.817794,-9.823261,0.00213,-0.00426,0.003195,97504.56,31.7,0.001360518
60.268116,0.067201,-0.208278,-0.25137,-9.798642,-9.804078,0.003195,-0.00639,0.005325,97504.56,31.7,0.020543518
60.339497,0.071382,-0.22743,-0.229824,-9.844128,-9.849437,0.001065,-0.00639,0.00213,97504.56,31.71,-0.024815482
60.409047,0.06955,-0.198702,-0.2394,-9.820188,-9.825115,0.003195,-0.00852,0.00639,97500.43,31.71,-0.000493482
60.480438,0.07139,-0.186732,-0.258552,-9.824976,-9.830151,-0.001065,-0.00639,0.003195,97508.7,31.71,-0.005529482
60.548851,0.068413,-0.21546,-0.229824,-9.832158,-9.837204,0,-0.00426,0.00426,97508.7,31.7,-0.012582482
60.620985,0.072134,-0.225036,-0.256158,-9.83934,-9.845246,0.003195,-0.00426,0.00213,97504.56,31.7,-0.020624482
60.692871,0.071886,-0.222642,-0.248976,-9.82737,-9.833044,0.00213,-0.00639,0.003195,97508.7,31.7,-0.008422482
60.759985,0.067115,-0.220248,-0.232218,-9.80343,-9.808653,0.003195,-0.007455,0.005325,97504.56,31.71,0.015968518
60.827095,0.06711,-0.246582,-0.244188,-9.832158,-9.83828,0,-0.003195,0.00426,97508.7,31.71,-0.013658482
60.894593,0.067498,-0.248976,-0.229824,-9.829764,-9.835602,0.001065,-0.00426,0.007455,97508.7,31.71,-0.010980482
60.961795,0.067203,-0.193914,-0.27531,-9.834552,-9.840316,0,-0.00426,0.00213,97504.56,31.7,-0.015694482
61.028775,0.06698,-0.234612,-0.26334,-9.789066,-9.795417,0,-0.00639,0.001065,97512.83,31.7,0.029204518
61.096064,0.067289,-0.201096,-0.22743,-9.836946,-9.841629,0.001065,-0.00639,0.001065,97496.3,31.71,-0.017007482
61.162992,0.066928,-0.210672,-0.232218,-9.817794,-9.822799,0.001065,-0.007455,0.005325,97496.3,31.7,0.001822518
61.230163,0.067171,-0.208278,-0.246582,-9.832158,-9.837455,0.00426,-0.00852,0.00426,97504.56,31.71,-0.012833482
61.297017,0.066854,-0.244188,-0.232218,-9.817794,-9.823575,-0.00213,-0.00426,0,97512.83,31.71,0.001046518
61.364095,0.067078,-0.210672,-0.205884,-9.813006,-9.817426,0.001065,-0.00426,0.00213,97500.43,31.7,0.007195518
61.432065,0.067969,-0.217854,-0.260946,-9.841734,-9.847603,0.00213,-0.00639,0.003195,97504.56,31.7,-0.022981482
61.502252,0.070188,-0.220248,-0.248976,-9.836946,-9.842561,0.003195,-0.00852,0.005325,97504.56,31.7,-0.017939482
61.570289,0.068037,-0.201096,-0.246582,-9.829764,-9.834912,0,-0.005325,0.001065,97504.56,31.7,-0.010290482
61.64085,0.07056,-0.21546,-0.2394,-9.808218,-9.813505,0.00426,-0.007455,0.003195,97512.83,31.7,0.011116518
61.709109,0.068259,-0.225036,-0.237006,-9.822582,-9.828018,0.001065,-0.003195,0.00426,97508.7,31.7,-0.003396482
61.777115,0.068007,-0.20349,-0.248976,-9.80343,-9.808702,0.00213,-0.007455,0.00426,97512.83,31.69,0.015919518
61.844889,0.067773,-0.225036,-0.26334,-9.820188,-9.826295,0.003195,-0.005325,0.003195,97512.83,31.7,-0.001673482
61.912006,0.067118,-0.234612,-0.2394,-9.836946,-9.842655,0,-0.007455,0.00426,97512.83,31.71,-0.018033482
61.979163,0.067156,-0.21546,-0.22743,-9.808218,-9.81322,0.003195,-0.00426,0.00426,97508.7,31.7,0.011401518
62.046274,0.067112,-0.208278,-0.280098,-9.836946,-9.843137,0.00426,-0.00426,0.003195,97504.56,31.69,-0.018515482
62.113428,0.067154,-0.210672,-0.258552,-9.810612,-9.816279,0,-0.003195,0.005325,97512.83,31.7,0.008342518
62.180435,0.067007,-0.234612,-0.244188,-9.841734,-9.847558,-0.001065,-0.00213,0.00213,97512.83,31.7,-0.022936482
62.247599,0.067165,-0.234612,-0.229824,-9.820188,-9.825678,0.001065,-0.00426,0.00213,97496.3,31.69,-0.001056482
62.314308,0.066709,-0.21546,-0.253764,-9.822582,-9.828221,0.00213,-0.00639,0.00213,97512.83,31.69,-0.003599482
62.381524,0.067216,-0.201096,-0.246582,-9.82737,-9.83252,0,-0.00852,0.00426,97512.83,31.69,-0.007898482
62.449455,0.067931,-0.201096,-0.258552,-9.836946,-9.842398,0.003195,-0.00426,0.00213,97504.56,31.71,-0.017776482
62.517116,0.067662,-0.232218,-0.256158,-9.824976,-9.831058,0.001065,-0.00639,0,97512.83,31.71,-0.006436482
62.584253,0.067136,-0.220248,-0.248976,-9.832158,-9.837776,-0.001065,-0.00639,0.00213,97512.83,31.7,-0.013154482
62.654872,0.070619,-0.220248,-0.2394,-9.805824,-9.811218,-0.001065,-0.005325,0.00426,97512.83,31.71,0.013403518
62.728115,0.073243,-0.21546,-0.225036,-9.853704,-9.858628,0,-0.003195,0.003195,97496.3,31.7,-0.034006482
62.795648,0.067533,-0.213066,-0.246582,-9.822582,-9.827986,0.001065,-0.00213,0.00426,97508.7,31.7,-0.003364482
62.86325,0.067603,-0.20349,-0.253764,-9.848916,-9.854286,0.001065,-0.00639,0.00213,97512.83,31.69,-0.029664482
62.930858,0.067607,-0.220248,-0.260946,-9.832158,-9.838086,0.003195,-0.007455,0.00213,97508.7,31.69,-0.013464482
63.000679,0.069821,-0.217854,-0.246582,-9.817794,-9.823306,0.001065,-0.00426,0.003195,97512.83,31.71,0.001315518
63.080779,0.0801,-0.229824,-0.237006,-9.836946,-9.842484,0.001065,-0.005325,0.00426,97500.43,31.68,-0.017862482
63.154114,0.073335,-0.229824,-0.234612,-9.808218,-9.813715,0.001065,-0.005325,0.003195,97512.83,31.69,0.010906518
63.221119,0.067005,-0.229824,-0.246582,-9.822582,-9.828364,0.00213,-0.00639,0.00426,97512.83,31.69,-0.003742482
63.288291,0.067172,-0.222642,-0.265734,-9.822582,-9.828698,0.00213,-0.005325,0.00213,97512.83,31.7,-0.004076482
63.355877,0.067586,-0.21546,-0.220248,-9.810612,-9.815449,-0.001065,-0.005325,0.005325,97504.56,31.7,0.009172518
63.42304,0.067163,-0.248976,-0.2394,-9.83934,-9.845401,0,-0.00639,0.001065,97508.7,31.7,-0.020779482
63.490329,0.067289,-0.229824,-0.241794,-9.86328,-9.86892,0.001065,-0.01065,0.00213,97508.7,31.7,-0.044298482
63.559938,0.069608,-0.217854,-0.241794,-9.817794,-9.823187,0.003195,-0.00639,0.003195,97512.83,31.69,0.001434518
63.628129,0.068191,-0.220248,-0.241794,-9.829764,-9.835204,0.00213,-0.00639,0.005325,97504.56,31.7,-0.010582482
63.698293,0.070164,-0.205884,-0.222642,-9.824976,-9.829655,0.003195,-0.005325,0.003195,97508.7,31.7,-0.005033482
63.768803,0.07051,-0.208278,-0.241794,-9.810612,-9.815801,0,-0.003195,0.003195,97512.83,31.69,0.008820518
63.83604,0.067237,-0.210672,-0.26334,-9.822582,-9.82837,0.001065,-0.007455,0.00426,97504.56,31.7,-0.003748482
63.903092,0.067052,-0.198702,-0.26334,-9.834552,-9.840084,0.001065,-0.007455,0.003195,97512.83,31.7,-0.015462482
63.970398,0.067306,-0.20349,-0.248976,-9.789066,-9.794346,-0.001065,-0.005325,0.00213,97504.56,31.69,0.030275518
64.037472,0.067074,-0.244188,-0.2394,-9.846522,-9.852458,0.003195,-0.005325,0.00639,97512.83,31.7,-0.027836482
64.104556,0.067084,-0.222642,-0.246582,-9.793854,-9.799487,0.00213,-0.00639,0.003195,97504.56,31.7,0.025134518
64.171853,0.067297,-0.21546,-0.241794,-9.817794,-9.823134,-0.001065,-0.003195,0.003195,97512.83,31.69,0.001487518
64.238863,0.06701,-0.232218,-0.222642,-9.808218,-9.813492,0.001065,-0.005325,0.003195,97508.7,31.7,0.011129518
64.305593,0.066729,-0.234612,-0.253764,-9.822582,-9.82866,0.00213,-0.00639,0.003195,97508.7,31.69,-0.004038482
64.37262,0.067027,-0.256158,-0.241794,-9.824976,-9.831289,0.001065,-0.005325,0.001065,97508.7,31.69,-0.006667482
64.440038,0.067419,-0.237006,-0.229824,-9.824976,-9.830521,0.003195,-0.003195,0.00213,97508.7,31.7,-0.005899482
64.507168,0.067129,-0.189126,-0.229824,-9.824976,-9.829483,0.003195,-0.005325,0.00213,97512.83,31.69,-0.004861482
64.574932,0.067764,-0.232218,-0.248976,-9.820188,-9.826088,0.001065,-0.007455,0.003195,97512.83,31.69,-0.001466482
64.642166,0.067234,-0.229824,-0.217854,-9.83934,-9.844435,0.00213,-0.005325,0,97512.83,31.7,-0.019813482
64.708825,0.066659,-0.22743,-0.246582,-9.820188,-9.825916,0.001065,-0.00426,0.00426,97504.56,31.69,-0.001294482
64.776506,0.06768,-0.196308,-0.272916,-9.841734,-9.847474,0.00213,-0.00426,0.001065,97508.7,31.69,-0.022852482
64.842966,0.06646,-0.205884,-0.25137,-9.810612,-9.815991,-0.00213,-0.005325,0.00213,97504.56,31.7,0.008630518
64.910178,0.067212,-0.210672,-0.2394,-9.83934,-9.844506,0,-0.005325,0,97500.43,31.69,-0.019884482
64.977756,0.067578,-0.20349,-0.241794,-9.824976,-9.830057,0.003195,-0.007455,0.003195,97512.83,31.69,-0.005435482
65.044936,0.06718,-0.20349,-0.241794,-9.829764,-9.834843,0.003195,-0.00639,0.005325,97508.7,31.7,-0.010221482
65.112132,0.067196,-0.244188,-0.229824,-9.841734,-9.847445,0,-0.00639,0.003195,97504.56,31.7,-0.022823482
65.179445,0.067313,-0.210672,-0.234612,-9.824976,-9.830035,0.00213,-0.00426,0,97508.7,31.68,-0.005413482
65.252583,0.073138,-0.20349,-0.2394,-9.834552,-9.83957,0.003195,-0.009585,0.00426,97516.96,31.7,-0.014948482
65.323669,0.071086,-0.210672,-0.258552,-9.817794,-9.823457,0.00213,-0.00213,0.00213,97512.83,31.69,0.001164518
65.391053,0.067384,-0.229824,-0.26334,-9.82737,-9.833584,0.003195,-0.00639,0.00426,97512.83,31.69,-0.008962482
65.462029,0.070976,-0.241794,-0.232218,-9.796248,-9.801983,0.003195,-0.005325,0.00426,97508.7,31.7,0.022638518
65.53608,0.07405,-0.22743,-0.234612,-9.836946,-9.842371,0,-0.005325,0.00213,97516.96,31.7,-0.017749482
65.604499,0.06842,-0.213066,-0.26334,-9.82737,-9.833206,-0.001065,-0.00639,0.00426,97504.56,31.69,-0.008584482
65.677085,0.072586,-0.217854,-0.256158,-9.82737,-9.833121,0.00213,-0.00639,0.001065,97512.83,31.69,-0.008499482
65.749356,0.072271,-0.201096,-0.241794,-9.8154,-9.820437,0.003195,-0.00639,0.003195,97512.83,31.69,0.004184518
65.820349,0.070993,-0.229824,-0.260946,-9.829764,-9.835912,0.00426,-0.007455,0.003195,97504.56,31.69,-0.011290482
65.892605,0.072255,-0.225036,-0.253764,-9.817794,-9.823651,0.001065,-0.005325,0.003195,97508.7,31.69,0.000970518
65.96138,0.068776,-0.25137,-0.253764,-9.829764,-9.836251,0,-0.007455,0.003195,97516.96,31.69,-0.011629482
66.028649,0.067268,-0.234612,-0.241794,-9.813006,-9.818788,0.001065,-0.003195,0.001065,97512.83,31.69,0.005833518
66.09928,0.070631,-0.234612,-0.217854,-9.841734,-9.84694,0.001065,-0.00639,0.00213,97508.7,31.69,-0.022318482
66.169274,0.069995,-0.22743,-0.241794,-9.805824,-9.811441,0.003195,-0.00639,0.005325,97512.83,31.69,0.013180518
66.239849,0.070575,-0.201096,-0.232218,-9.820188,-9.824991,0.00213,-0.007455,0.003195,97508.7,31.69,-0.000369482
66.307713,0.067864,-0.217854,-0.25137,-9.817794,-9.823427,0.001065,-0.007455,0.003195,97508.7,31.69,0.001194518
66.375033,0.06732,-0.198702,-0.256158,-9.82737,-9.832716,0,-0.00639,0.003195,97508.7,31.69,-0.008094482
66.442074,0.067041,-0.19152,-0.237006,-9.817794,-9.822522,0.001065,-0.00426,0.00426,97508.7,31.69,0.002099518
66.510485,0.068411,-0.213066,-0.244188,-9.810612,-9.815963,0.00426,-0.00639,0.001065,97512.83,31.69,0.008658518
66.582358,0.071873,-0.229824,-0.265734,-9.796248,-9.802546,0.001065,-0.007455,0.003195,97521.1,31.69,0.022075518
66.654142,0.071783,-0.256158,-0.25137,-9.846522,-9.85306,0.00213,-0.00639,0.00426,97508.7,31.69,-0.028438482
66.722293,0.068151,-0.232218,-0.26334,-9.844128,-9.850387,0.00213,-0.005325,0.005325,97512.83,31.69,-0.025765482
66.790075,0.067783,-0.205884,-0.256158,-9.82737,-9.832864,0.001065,-0.00426,0.00213,97529.36,31.69,-0.008242482
66.866259,0.076184,-0.225036,-0.234612,-9.824976,-9.830353,0.001065,-0.005325,0.00213,97516.96,31.69,-0.005731482
66.937831,0.071571,-0.189126,-0.256158,-9.79146,-9.796636,0.00213,-0.00639,0,97508.7,31.68,0.027985518
67.007932,0.070101,-0.222642,-0.246582,-9.824976,-9.830591,0,-0.005325,0.001065,97512.83,31.69,-0.005969482
67.079126,0.071194,-0.21546,-0.25137,-9.820188,-9.825767,-0.001065,-0.00639,0.001065,97512.83,31.69,-0.001145482
67.147304,0.068178,-0.205884,-0.237006,-9.822582,-9.827598,-0.001065,-0.00426,0.003195,97504.56,31.68,-0.002976482
67.214403,0.0671,-0.22743,-0.229824,-9.834552,-9.839866,0,-0.003195,0,97512.83,31.69,-0.015244482
67.281579,0.067176,-0.205884,-0.258552,-9.82737,-9.832926,0.001065,-0.007455,0.003195,97512.83,31.69,-0.008304482
67.348755,0.067177,-0.217854,-0.256158,-9.810612,-9.816373,0.00213,-0.005325,0.003195,97512.83,31.69,0.008248518
67.415994,0.067239,-0.20349,-0.225036,-9.796248,-9.800945,0.001065,-0.005325,0.003195,97516.96,31.69,0.023676518
67.483071,0.067076,-0.193914,-0.234612,-9.82737,-9.832083,0.00213,-0.00639,0.001065,97508.7,31.69,-0.007461482
67.550008,0.066937,-0.21546,-0.26334,-9.813006,-9.818903,0.00426,-0.003195,0.003195,97512.83,31.69,0.005718518
67.617026,0.067019,-0.210672,-0.217854,-9.801036,-9.80572,0,-0.00639,0.00426,97512.83,31.69,0.018901518
67.684172,0.067146,-0.205884,-0.246582,-9.813006,-9.818262,0.003195,-0.005325,0.001065,97512.83,31.69,0.006359518
67.750883,0.06671,-0.20349,-0.268128,-9.817794,-9.823562,0.00213,-0.005325,0.00213,97504.56,31.68,0.001059518
67.817837,0.066954,-0.244188,-0.229824,-9.820188,-9.825912,0.001065,-0.00426,0.003195,97508.7,31.69,-0.001290482
67.884618,0.066782,-0.205884,-0.234612,-9.820188,-9.825147,0.00213,-0.005325,0.00426,97508.7,31.69,-0.000525482
67.951459,0.06684,-0.232218,-0.268128,-9.817794,-9.8242,0.003195,-0.005325,0.005325,97508.7,31.69,0.000421518
68.022905,0.071447,-0.21546,-0.256158,-9.8154,-9.821106,-0.001065,-0.005325,0.00213,97508.7,31.69,0.003515518
68.092541,0.069635,-0.20349,-0.222642,-9.834552,-9.839176,0,-0.00426,0.00213,97504.56,31.69,-0.014554482
68.163748,0.071207,-0.21546,-0.256158,-9.817794,-9.823498,0,-0.00426,0.005325,97525.23,31.68,0.001123518
68.232473,0.068726,-0.201096,-0.2394,-9.841734,-9.846699,0,-0.00639,0.003195,97512.83,31.68,-0.022077482
68.299226,0.066752,-0.232218,-0.265734,-9.801036,-9.807387,0.001065,-0.00426,0.00426,97512.83,31.69,0.017234518
68.369618,0.070393,-0.213066,-0.26334,-9.83934,-9.845169,0.001065,-0.00426,0.00426,97512.83,31.68,-0.020547482
68.43909,0.069472,-0.205884,-0.265734,-9.817794,-9.823547,0.00213,-0.00639,0.003195,97504.56,31.68,0.001074518
68.510343,0.071253,-0.184338,-0.270522,-9.844128,-9.849569,0.00213,-0.00639,0.005325,97529.36,31.68,-0.024947482
68.577807,0.067464,-0.217854,-0.201096,-9.813006,-9.817484,0.00213,-0.00426,0.00213,97500.43,31.68,0.007137518
68.644793,0.066986,-0.229824,-0.225036,-9.832158,-9.837418,0.003195,-0.007455,0.00213,97512.83,31.69,-0.012796482
68.711814,0.067021,-0.208278,-0.244188,-9.82737,-9.832609,0.00426,-0.00426,0.00213,97496.3,31.68,-0.007987482
68.779179,0.067364,-0.21546,-0.25137,-9.820188,-9.825767,0.001065,-0.00639,0.005325,97512.83,31.69,-0.001145482
68.846379,0.067201,-0.220248,-0.232218,-9.817794,-9.823009,0.001065,-0.003195,0.005325,97512.83,31.68,0.001612518
68.913413,0.067034,-0.246582,-0.270522,-9.834552,-9.841362,-0.00213,-0.005325,0.003195,97512.83,31.68,-0.016740482
68.980936,0.067523,-0.222642,-0.244188,-9.80343,-9.808998,0.001065,-0.00426,0.003195,97512.83,31.68,0.015623518
69.047997,0.067061,-0.220248,-0.253764,-9.824976,-9.83072,0.001065,-0.007455,0.00426,97504.56,31.68,-0.006098482
69.114378,0.066381,-0.20349,-0.2394,-9.841734,-9.846748,0.00213,-0.00639,0.00213,97500.43,31.68,-0.022126482
69.181568,0.06719,-0.21546,-0.25137,-9.82737,-9.832945,0.001065,-0.00852,0.00213,97512.83,31.69,-0.008323482
69.248744,0.067176,-0.210672,-0.237006,-9.82737,-9.832485,0.001065,-0.007455,0.00213,97504.56,31.69,-0.007863482
69.315749,0.067005,-0.205884,-0.268128,-9.829764,-9.835575,0.001065,-0.00426,0.00213,97516.96,31.68,-0.010953482
69.38404,0.068291,-0.229824,-0.25137,-9.841734,-9.847626,0.00213,-0.00426,0.003195,97512.83,31.68,-0.023004482
69.451358,0.067318,-0.248976,-0.229824,-9.813006,-9.818854,0.001065,-0.00639,0.003195,97508.7,31.69,0.005767518
69.522558,0.0712,-0.220248,-0.244188,-9.798642,-9.804158,0,-0.005325,0.00213,97516.96,31.68,0.020463518
69.593213,0.070655,-0.210672,-0.2394,-9.820188,-9.825364,0.00213,-0.00639,0.005325,97512.83,31.68,-0.000742482
69.660933,0.06772,-0.229824,-0.253764,-9.829764,-9.835724,0,-0.003195,0.00213,97508.7,31.68,-0.011102482
69.727804,0.066871,-0.196308,-0.241794,-9.82737,-9.832304,0.00213,-0.00639,0.003195,97516.96,31.69,-0.007682482
69.797222,0.069418,-0.225036,-0.244188,-9.8154,-9.821016,0.003195,-0.00426,0.001065,97516.96,31.68,0.003605518
69.864649,0.067426,-0.196308,-0.220248,-9.83934,-9.843762,0.001065,-0.00639,0.00213,97504.56,31.68,-0.019140482
69.931828,0.067179,-0.229824,-0.256158,-9.848916,-9.854927,0.001065,-0.007455,0.005325,97525.23,31.68,-0.030305482
69.999054,0.067226,-0.220248,-0.265734,-9.808218,-9.814289,0.00213,-0.00639,0.00426,97521.1,31.68,0.010332518
70.065753,0.066699,-0.237006,-0.217854,-9.82737,-9.832641,0.00213,-0.00639,0,97504.56,31.68,-0.008019482
70.133016,0.067263,-0.201096,-0.244188,-9.82737,-9.83246,0,-0.005325,0.005325,97504.56,31.68,-0.007838482
70.200084,0.067069,-0.208278,-0.272916,-9.817794,-9.823795,0.003195,-0.00639,0.00426,97512.83,31.68,0.000826518
70.267124,0.06704,-0.232218,-0.248976,-9.82737,-9.833266,0.003195,-0.00426,0.00639,97512.83,31.68,-0.008644482
70.334344,0.06722,-0.225036,-0.237006,-9.829764,-9.835196,0.00213,-0.00426,0.003195,97512.83,31.68,-0.010574482
70.40125,0.066906,-0.237006,-0.229824,-9.822582,-9.828128,0.003195,-0.00639,0.005325,97512.83,31.68,-0.003506482
70.468731,0.06748,-0.241794,-0.248976,-9.820188,-9.826319,0.00213,-0.00426,0.00213,97516.96,31.68,-0.001697482
70.535582,0.066851,-0.21546,-0.22743,-9.822582,-9.827577,0.003195,-0.00639,0.003195,97512.83,31.68,-0.002955482
70.602303,0.066721,-0.196308,-0.26334,-9.824976,-9.830465,0.001065,-0.005325,0.005325,97512.83,31.68,-0.005843482
70.670697,0.068395,-0.234612,-0.272916,-9.846522,-9.853097,0.001065,-0.007455,0.001065,97504.56,31.68,-0.028475482
70.740518,0.069821,-0.21546,-0.25137,-9.822582,-9.82816,0,-0.005325,0.003195,97516.96,31.69,-0.003538482
70.810383,0.069865,-0.205884,-0.225036,-9.832158,-9.836888,0,-0.00426,0.005325,97516.96,31.68,-0.012266482
70.882075,0.071692,-0.20349,-0.220248,-9.822582,-9.827158,0.001065,-0.00426,0.003195,97521.1,31.68,-0.002536482
70.950305,0.068229,-0.193914,-0.237006,-9.824976,-9.829747,0.00213,-0.00639,0.00426,97516.96,31.68,-0.005125482
71.021016,0.070711,-0.210672,-0.234612,-9.836946,-9.841998,0.003195,-0.00639,0.00426,97512.83,31.68,-0.017376482
71.094457,0.073441,-0.19152,-0.25137,-9.808218,-9.813308,0.00213,-0.00852,0.003195,97516.96,31.69,0.011313518
71.162375,0.067919,-0.213066,-0.241794,-9.856098,-9.861365,0.00213,-0.00639,0.00213,97512.83,31.68,-0.036743482
71.229725,0.06735,-0.234612,-0.277704,-9.808218,-9.814953,0.003195,-0.005325,0.001065,97500.43,31.68,0.009668518
71.296828,0.067103,-0.222642,-0.241794,-9.841734,-9.847221,-0.001065,-0.005325,0.005325,97512.83,31.68,-0.022599482
71.363873,0.067045,-0.201096,-0.241794,-9.8154,-9.820437,0.00213,-0.00852,0.00852,97521.1,31.68,0.004184518
71.431285,0.067412,-0.244188,-0.2394,-9.846522,-9.852458,0.00426,-0.00639,0.00426,97521.1,31.68,-0.027836482
71.498434,0.067148,-0.220248,-0.232218,-9.8154,-9.820617,-0.001065,-0.00639,0.00426,97516.96,31.67,0.004004518
71.564926,0.066493,-0.196308,-0.220248,-9.824976,-9.829405,0.00213,-0.00426,0.00426,97512.83,31.67,-0.004783482
71.631614,0.066688,-0.220248,-0.25137,-9.832158,-9.837836,0.001065,-0.00639,0.001065,97512.83,31.68,-0.013214482
71.699603,0.067989,-0.217854,-0.270522,-9.834552,-9.840684,-0.001065,-0.00426,0.00426,97516.96,31.68,-0.016062482
71.766844,0.067242,-0.220248,-0.232218,-9.832158,-9.837366,0.001065,-0.00639,0.001065,97508.7,31.68,-0.012744482
71.834293,0.067448,-0.208278,-0.25137,-9.82737,-9.83279,0.00213,-0.00639,0.005325,97512.83,31.68,-0.008168482
71.901018,0.066726,-0.232218,-0.248976,-9.820188,-9.826088,-0.001065,-0.005325,-0.001065,97504.56,31.67,-0.001466482
71.967652,0.066634,-0.232218,-0.22743,-9.853704,-9.859063,0.003195,-0.005325,0.00213,97516.96,31.68,-0.034441482
72.034319,0.066667,-0.20349,-0.225036,-9.834552,-9.839231,0.00213,-0.00639,0.005325,97504.56,31.68,-0.014609482
72.10207,0.067751,-0.205884,-0.25137,-9.808218,-9.813598,0.00213,-0.005325,0.00426,97516.96,31.68,0.011023518
72.169065,0.066995,-0.237006,-0.256158,-9.817794,-9.823994,0.00213,-0.005325,0.00426,97516.96,31.68,0.000627518
72.236125,0.06706,-0.222642,-0.248976,-9.834552,-9.840222,0.003195,-0.007455,0.00426,97512.83,31.68,-0.015600482
72.307247,0.071122,-0.210672,-0.248976,-9.856098,-9.861493,0.001065,-0.003195,0.00426,97512.83,31.68,-0.036871482
72.381274,0.074027,-0.213066,-0.265734,-9.820188,-9.826093,0.003195,-0.005325,0.00639,97512.83,31.67,-0.001471482
72.448801,0.067527,-0.193914,-0.272916,-9.80343,-9.809145,0.00426,-0.00426,0.005325,97508.7,31.67,0.015476518
72.519474,0.070673,-0.241794,-0.234612,-9.817794,-9.823573,-0.001065,-0.00639,0.003195,97521.1,31.67,0.001048518
72.593391,0.073917,-0.196308,-0.241794,-9.8154,-9.82034,0.003195,-0.00426,0.003195,97525.23,31.68,0.004281518
72.660566,0.067175,-0.217854,-0.258552,-9.805824,-9.811651,-0.001065,-0.00639,0.00213,97521.1,31.68,0.012970518
72.732321,0.071755,-0.205884,-0.237006,-9.82737,-9.832383,0.001065,-0.00426,0.00426,97512.83,31.67,-0.007761482
72.806211,0.07389,-0.246582,-0.22743,-9.83934,-9.845057,0.00213,-0.007455,0.00213,97516.96,31.68,-0.020435482
72.873608,0.067396,-0.205884,-0.229824,-9.798642,-9.803499,0.001065,-0.00639,0.003195,97512.83,31.68,0.021122518
72.940912,0.067305,-0.220248,-0.270522,-9.796248,-9.802457,0.003195,-0.00639,0.005325,97533.5,31.68,0.022164518
73.007622,0.066709,-0.220248,-0.248976,-9.834552,-9.840168,0.003195,-0.007455,0.00426,97525.23,31.68,-0.015546482
73.074872,0.06725,-0.241794,-0.241794,-9.824976,-9.830925,0.001065,-0.005325,0.00213,97512.83,31.68,-0.006303482
73.141776,0.066904,-0.205884,-0.241794,-9.841734,-9.846856,0.00213,-0.00639,0.005325,97508.7,31.68,-0.022234482
73.208895,0.067119,-0.217854,-0.260946,-9.82737,-9.833247,-0.001065,-0.00639,0.003195,97512.83,31.68,-0.008625482
73.27652,0.067625,-0.2394,-0.237006,-9.824976,-9.83075,0.00213,-0.00639,0.00426,97508.7,31.68,-0.006128482
73.343647,0.067127,-0.20349,-0.256158,-9.834552,-9.839992,0.001065,-0.00639,0.005325,97512.83,31.68,-0.015370482
73.410318,0.066671,-0.208278,-0.246582,-9.808218,-9.813528,0.003195,-0.007455,0.003195,97508.7,31.68,0.011093518
73.47789,0.067572,-0.220248,-0.265734,-9.82737,-9.833429,0,-0.00426,0.001065,97516.96,31.68,-0.008807482
73.544923,0.067033,-0.196308,-0.268128,-9.836946,-9.842557,0.003195,-0.005325,0.00426,97516.96,31.68,-0.017935482
73.612192,0.067269,-0.220248,-0.220248,-9.836946,-9.841876,0.001065,-0.00639,0.003195,97516.96,31.68,-0.017254482
73.683224,0.071032,-0.208278,-0.25137,-9.82737,-9.83279,0.00426,-0.00639,0.00213,97516.96,31.68,-0.008168482
73.752627,0.069403,-0.213066,-0.280098,-9.801036,-9.807352,-0.001065,-0.005325,0.005325,97516.96,31.67,0.017269518
73.823209,0.070581,-0.213066,-0.244188,-9.834552,-9.83989,0.001065,-0.005325,0.00639,97521.1,31.68,-0.015268482
73.890795,0.067586,-0.201096,-0.229824,-9.834552,-9.839292,0.003195,-0.00639,0.003195,97516.96,31.68,-0.014670482
73.957993,0.067199,-0.210672,-0.265734,-9.844128,-9.849967,0,-0.00639,0.00213,97512.83,31.67,-0.025345482
74.024929,0.066936,-0.225036,-0.253764,-9.853704,-9.85954,0.00213,-0.00426,0.003195,97504.56,31.68,-0.034918482
74.092217,0.067288,-0.220248,-0.246582,-9.798642,-9.804218,0,-0.00639,0.00213,97516.96,31.68,0.020403518
74.159396,0.067179,-0.217854,-0.25137,-9.836946,-9.842568,0.00213,-0.007455,0.003195,97504.56,31.67,-0.017946482
74.226476,0.06708,-0.222642,-0.26334,-9.82737,-9.833418,-0.001065,-0.00426,0.003195,97521.1,31.68,-0.008796482
74.293395,0.066919,-0.20349,-0.241794,-9.824976,-9.830057,0.001065,-0.005325,0.00213,97512.83,31.67,-0.005435482
74.360659,0.067263,-0.193914,-0.229824,-9.813006,-9.817612,0.00639,-0.005325,0.00213,97512.83,31.68,0.007009518
74.427506,0.066847,-0.244188,-0.256158,-9.832158,-9.838525,0.001065,-0.007455,0.001065,97512.83,31.68,-0.013903482
74.494786,0.06728,-0.220248,-0.258552,-9.810612,-9.81649,0.001065,-0.003195,0.003195,97512.83,31.67,0.008131518
74.562109,0.067323,-0.21546,-0.246582,-9.848916,-9.854358,0.00213,-0.00639,0.00213,97512.83,31.67,-0.029736482
74.629077,0.066968,-0.208278,-0.260946,-9.829764,-9.835433,0.003195,-0.00852,0.003195,97516.96,31.68,-0.010811482
74.696179,0.067102,-0.225036,-0.222642,-9.832158,-9.837253,0,-0.005325,0.00426,97521.1,31.68,-0.012631482
74.763818,0.067639,-0.229824,-0.220248,-9.829764,-9.834917,0.00426,-0.00852,0.00426,97516.96,31.67,-0.010295482
74.830789,0.066971,-0.248976,-0.244188,-9.82737,-9.833556,0.00426,-0.00426,0.00213,97504.56,31.68,-0.008934482
74.898128,0.067339,-0.21546,-0.248976,-9.820188,-9.825706,0,-0.007455,0.005325,97516.96,31.68,-0.001084482
74.966019,0.067891,-0.205884,-0.232218,-9.82737,-9.832269,0.00213,-0.005325,0.00639,97504.56,31.67,-0.007647482
75.038315,0.072296,-0.229824,-0.225036,-9.846522,-9.851774,0.00213,-0.007455,0.00426,97512.83,31.67,-0.027152482
75.111319,0.073003,-0.193914,-0.248976,-9.817794,-9.822865,0.00213,-0.00426,0.003195,97516.96,31.67,0.001756518
75.178252,0.066934,-0.19152,-0.234612,-9.85131,-9.855964,0.005325,-0.00426,0.00426,97512.83,31.67,-0.031342482
75.244701,0.066448,-0.217854,-0.2394,-9.813006,-9.818343,0.001065,-0.007455,0.00426,97521.1,31.67,0.006278518
75.311661,0.066961,-0.244188,-0.246582,-9.801036,-9.807178,-0.00213,-0.007455,0.005325,97512.83,31.68,0.017443518
75.379033,0.067372,-0.201096,-0.241794,-9.824976,-9.830008,0.001065,-0.009585,0.00426,97512.83,31.67,-0.005386482
75.446036,0.067003,-0.205884,-0.268128,-9.817794,-9.823612,0.00426,-0.005325,-0.001065,97512.83,31.67,0.001009518
75.512966,0.06693,-0.201096,-0.237006,-9.8154,-9.82032,0,-0.00426,0.00213,97512.83,31.68,0.004301518
75.580172,0.067206,-0.196308,-0.258552,-9.832158,-9.837516,0.00213,-0.00639,0.003195,97512.83,31.68,-0.012894482
75.647306,0.067134,-0.21546,-0.25137,-9.836946,-9.842516,0.003195,-0.00639,0.001065,97521.1,31.67,-0.017894482
75.71443,0.067124,-0.217854,-0.229824,-9.820188,-9.825292,0,-0.003195,0.00213,97516.96,31.67,-0.000670482
75.780933,0.066504,-0.193914,-0.270522,-9.824976,-9.830612,0,-0.005325,0.003195,97512.83,31.67,-0.005990482
75.847841,0.066908,-0.220248,-0.253764,-9.813006,-9.818757,0.001065,-0.005325,0.00213,97516.96,31.67,0.005864518
75.914335,0.066493,-0.225036,-0.265734,-9.844128,-9.850285,0,-0.005325,0.00213,97521.1,31.67,-0.025663482
75.981887,0.067552,-0.21546,-0.234612,-9.844128,-9.84928,0.003195,-0.00639,0.00426,97521.1,31.67,-0.024658482
76.049032,0.067145,-0.210672,-0.260946,-9.8154,-9.821128,0.003195,-0.00426,0.003195,97512.83,31.68,0.003493518
76.116073,0.067041,-0.234612,-0.232218,-9.844128,-9.849661,0.00213,-0.005325,0.00426,97521.1,31.67,-0.025039482
76.183926,0.067853,-0.193914,-0.258552,-9.846522,-9.851825,0.00426,-0.007455,0.00639,97512.83,31.68,-0.027203482
76.251236,0.06731,-0.210672,-0.260946,-9.798642,-9.80438,0.00426,-0.007455,0.003195,97512.83,31.67,0.020241518
76.318488,0.067253,-0.229824,-0.241794,-9.834552,-9.840208,0.001065,-0.00426,0.00426,97516.96,31.68,-0.015586482
76.396383,0.077895,-0.225036,-0.222642,-9.820188,-9.825289,0.003195,-0.00639,0.00426,97516.96,31.67,-0.000667482
76.463588,0.067204,-0.229824,-0.237006,-9.817794,-9.823343,0,-0.00852,0.003195,97512.83,31.67,0.001278518
76.530822,0.067234,-0.20349,-0.225036,-9.82737,-9.832052,0.00213,-0.00639,0.00213,97512.83,31.66,-0.007430482
76.598351,0.067529,-0.21546,-0.260946,-9.829764,-9.835587,0.00213,-0.005325,0.00213,97512.83,31.67,-0.010965482
76.665191,0.066841,-0.220248,-0.26334,-9.820188,-9.826187,0,-0.00639,0.003195,97512.83,31.67,-0.001565482
76.732728,0.067536,-0.244188,-0.241794,-9.8154,-9.821414,0,-0.007455,0.00426,97512.83,31.67,0.003207518
76.799834,0.067106,-0.198702,-0.253764,-9.8154,-9.82069,0.003195,-0.007455,0.001065,97512.83,31.67,0.003931518
76.866332,0.066499,-0.22743,-0.294462,-9.83934,-9.846372,0.001065,-0.005325,0.00426,97504.56,31.67,-0.021750482
76.933223,0.066891,-0.225036,-0.21546,-9.801036,-9.805986,0.003195,-0.005325,0.003195,97516.96,31.67,0.018635518
77.000395,0.067172,-0.21546,-0.25137,-9.841734,-9.847301,0.003195,-0.009585,0.005325,97512.83,31.67,-0.022679482
77.067703,0.067308,-0.193914,-0.256158,-9.813006,-9.818264,0.001065,-0.00213,0.003195,97516.96,31.67,0.006357518
77.134299,0.066596,-0.234612,-0.225036,-9.829764,-9.835138,0.00426,-0.003195,0.005325,97521.1,31.67,-0.010516482
77.201693,0.067394,-0.220248,-0.241794,-9.832158,-9.837596,0.003195,-0.01065,0.003195,97512.83,31.67,-0.012974482
77.26905,0.067357,-0.21546,-0.265734,-9.822582,-9.828538,0.001065,-0.005325,0.001065,97512.83,31.68,-0.003916482
77.337049,0.067999,-0.205884,-0.2394,-9.805824,-9.810906,0,-0.005325,0.005325,97512.83,31.68,0.013715518
77.403625,0.066575,-0.196308,-0.225036,-9.841734,-9.846264,0.00639,-0.00639,0.005325,97512.83,31.67,-0.021642482
77.471256,0.067632,-0.237006,-0.241794,-9.817794,-9.82363,0.00213,-0.007455,0.003195,97516.96,31.66,0.000991518
77.538395,0.067138,-0.217854,-0.201096,-9.836946,-9.841413,0,-0.00639,0.00213,97516.96,31.67,-0.016791482
77.608582,0.070188,-0.186732,-0.248976,-9.817794,-9.822726,0.00213,-0.00426,0.00426,97512.83,31.66,0.001895518
77.678258,0.069676,-0.205884,-0.260946,-9.824976,-9.830597,0.00426,-0.00639,0.00426,97525.23,31.67,-0.005975482
77.750108,0.07185,-0.21546,-0.25137,-9.820188,-9.825767,0.003195,-0.005325,0.00213,97512.83,31.66,-0.001145482
77.817038,0.06693,-0.213066,-0.248976,-9.85131,-9.856759,0.00213,-0.007455,0.00426,97512.83,31.67,-0.032137482
77.883761,0.066723,-0.189126,-0.25137,-9.836946,-9.841975,0,-0.00426,0.00213,97512.83,31.68,-0.017353482
77.951088,0.067327,-0.222642,-0.256158,-9.824976,-9.830836,0.001065,-0.007455,0.005325,97512.83,31.67,-0.006214482
78.019096,0.068008,-0.217854,-0.244188,-9.805824,-9.811283,0.00426,-0.00639,0.00426,97512.83,31.67,0.013338518
78.091421,0.072324,-0.229824,-0.246582,-9.808218,-9.814008,0,-0.00639,0.001065,97512.83,31.66,0.010613518
78.163046,0.071626,-0.213066,-0.260946,-9.83934,-9.845105,0.001065,-0.005325,0.003195,97521.1,31.67,-0.020483482
78.230986,0.067939,-0.201096,-0.248976,-9.808218,-9.813438,0.001065,-0.003195,0.00213,97521.1,31.66,0.011183518
78.298871,0.067886,-0.229824,-0.25137,-9.832158,-9.838056,0.00213,-0.00426,0.00426,97512.83,31.66,-0.013434482
78.366124,0.067253,-0.234612,-0.253764,-9.829764,-9.835837,0.003195,-0.005325,0.00426,97512.83,31.67,-0.011215482
78.436312,0.070188,-0.217854,-0.258552,-9.824976,-9.830792,0.003195,-0.007455,0.00426,97521.1,31.66,-0.006170482
78.505813,0.069501,-0.210672,-0.258552,-9.796248,-9.801924,0.003195,-0.00426,0.003195,97516.96,31.66,0.022697518
78.577642,0.071829,-0.198702,-0.237006,-9.836946,-9.841807,0.001065,-0.007455,0.00213,97516.96,31.67,-0.017185482
78.644731,0.067089,-0.213066,-0.244188,-9.824976,-9.830319,0,-0.003195,0.003195,97512.83,31.66,-0.005697482
78.711821,0.06709,-0.220248,-0.232218,-9.846522,-9.851722,-0.001065,-0.005325,0.005325,97521.1,31.67,-0.027100482
78.778459,0.066639,-0.196308,-0.220248,-9.832158,-9.836584,0.003195,-0.007455,0.003195,97521.1,31.66,-0.011962482
78.845772,0.067313,-0.225036,-0.2394,-9.822582,-9.828076,0.001065,-0.00426,0.00213,97512.83,31.66,-0.003454482
78.912681,0.066908,-0.222642,-0.234612,-9.822582,-9.827906,0,-0.005325,0.00213,97516.96,31.66,-0.003284482
78.980037,0.067357,-0.198702,-0.25137,-9.853704,-9.858912,0.003195,-0.005325,0.00213,97512.83,31.66,-0.034290482
79.047573,0.067536,-0.201096,-0.258552,-9.829764,-9.83522,0.001065,-0.005325,0.00213,97512.83,31.66,-0.010598482
79.114486,0.066913,-0.222642,-0.244188,-9.841734,-9.84728,0.001065,-0.00852,0.003195,97521.1,31.66,-0.022658482
79.181579,0.067093,-0.210672,-0.232218,-9.824976,-9.829978,0.003195,-0.00852,0.00213,97516.96,31.67,-0.005356482
79.248685,0.067106,-0.210672,-0.237006,-9.820188,-9.825306,0.00213,-0.00639,0.003195,97512.83,31.66,-0.000684482
79.315882,0.067198,-0.213066,-0.244188,-9.820188,-9.825534,0.00213,-0.00639,0.00213,97512.83,31.67,-0.000912482
79.382514,0.066631,-0.21546,-0.272916,-9.836946,-9.84309,0.00426,-0.007455,0.00639,97521.1,31.67,-0.018468482
79.449812,0.067298,-0.205884,-0.256158,-9.832158,-9.837649,0,-0.00639,0.003195,97516.96,31.66,-0.013027482
79.516948,0.067136,-0.213066,-0.2394,-9.832158,-9.83738,0.001065,-0.00426,0.005325,97521.1,31.67,-0.012758482
79.58382,0.066871,-0.217854,-0.248976,-9.834552,-9.840115,0.00213,-0.00639,0.00639,97512.83,31.67,-0.015493482
79.651498,0.067679,-0.20349,-0.26334,-9.820188,-9.825826,0.003195,-0.007455,0.00426,97512.83,31.67,-0.001204482
79.718893,0.067395,-0.22743,-0.222642,-9.844128,-9.849272,0.001065,-0.007455,0.00426,97512.83,31.66,-0.024650482
79.786322,0.067429,-0.198702,-0.2394,-9.832158,-9.837079,0.001065,-0.00426,0.00426,97521.1,31.66,-0.012457482
79.852543,0.066221,-0.22743,-0.253764,-9.841734,-9.847632,0,-0.00639,0.00213,97516.96,31.66,-0.023010482
79.919744,0.067201,-0.210672,-0.2394,-9.82737,-9.832543,-0.001065,-0.005325,0.005325,97508.7,31.67,-0.007921482
79.98647,0.066727,-0.22743,-0.26334,-9.829764,-9.835921,0.00213,-0.00639,0.003195,97512.83,31.67,-0.011299482
80.054132,0.067662,-0.198702,-0.256158,-9.841734,-9.847072,0,-0.007455,0.00426,97516.96,31.66,-0.022450482
80.120693,0.066561,-0.21546,-0.20349,-9.820188,-9.824659,0,-0.007455,0.00426,97512.83,31.66,-3.75E-05
80.187609,0.066916,-0.198702,-0.22743,-9.832158,-9.836795,0.001065,-0.005325,0.003195,97521.1,31.66,-0.012173482
80.25495,0.067341,-0.234612,-0.246582,-9.817794,-9.823692,0.00213,-0.00639,0.005325,97512.83,31.66,0.000929518
80.322303,0.067354,-0.241794,-0.244188,-9.820188,-9.826199,0.001065,-0.00852,0.003195,97516.96,31.66,-0.001577482
80.389159,0.066856,-0.21546,-0.234612,-9.829764,-9.834924,0.00213,-0.00426,0.003195,97512.83,31.66,-0.010302482
80.456103,0.066945,-0.210672,-0.258552,-9.810612,-9.816279,0.00213,-0.005325,0.00213,97521.1,31.66,0.008342518
80.523688,0.067585,-0.213066,-0.248976,-9.836946,-9.842403,-0.001065,-0.00426,0.001065,97512.83,31.66,-0.017781482
80.590776,0.067088,-0.220248,-0.258552,-9.836946,-9.842808,0.001065,-0.00426,0.00426,97516.96,31.67,-0.018186482
80.658113,0.067337,-0.208278,-0.253764,-9.820188,-9.825674,0.003195,-0.007455,0.003195,97516.96,31.67,-0.001052482
80.724988,0.066875,-0.181944,-0.237006,-9.841734,-9.846269,0.001065,-0.00639,0.003195,97521.1,31.66,-0.021647482
80.791955,0.066968,-0.205884,-0.244188,-9.829764,-9.834952,-0.001065,-0.00639,0.003195,97516.96,31.66,-0.010330482
80.858969,0.067014,-0.21546,-0.256158,-9.856098,-9.86178,0.003195,-0.00852,0.00639,97512.83,31.67,-0.037158482
80.926374,0.067405,-0.237006,-0.237006,-9.846522,-9.852225,-0.00213,-0.00426,0.003195,97516.96,31.66,-0.027603482
80.993269,0.066895,-0.198702,-0.246582,-9.813006,-9.818114,0.003195,-0.005325,0.00639,97521.1,31.66,0.006507518
81.060267,0.066998,-0.201096,-0.26334,-9.846522,-9.852095,0.003195,-0.007455,0.00426,97529.36,31.67,-0.027473482
81.12756,0.067292,-0.225036,-0.248976,-9.8154,-9.821136,0.00426,-0.005325,0.00213,97516.96,31.66,0.003485518
81.194341,0.066781,-0.220248,-0.246582,-9.82737,-9.83293,0,-0.005325,0.00426,97512.83,31.65,-0.008308482
81.261785,0.067444,-0.232218,-0.244188,-9.817794,-9.823575,0.00426,-0.00639,0.003195,97521.1,31.65,0.001046518
81.328958,0.067173,-0.229824,-0.2394,-9.832158,-9.837757,0,-0.00852,0.00426,97521.1,31.67,-0.013135482
81.395804,0.066846,-0.220248,-0.21546,-9.841734,-9.846556,0.00213,-0.00426,0.00213,97512.83,31.66,-0.021934482
81.462854,0.06705,-0.196308,-0.26334,-9.822582,-9.828072,0.003195,-0.00639,0.001065,97521.1,31.66,-0.003450482
81.53124,0.068386,-0.208278,-0.260946,-9.822582,-9.828255,0.00213,-0.007455,0.00213,97512.83,31.67,-0.003633482
81.602006,0.070766,-0.234612,-0.256158,-9.846522,-9.852647,0.001065,-0.00426,0.00213,97512.83,31.66,-0.028025482
81.676184,0.074177,-0.21546,-0.225036,-9.820188,-9.825129,0.003195,-0.005325,0.00213,97516.96,31.66,-0.000507482
81.746221,0.070037,-0.210672,-0.258552,-9.820188,-9.82585,0.001065,-0.003195,0.003195,97512.83,31.65,-0.001228482
81.81518,0.068959,-0.20349,-0.244188,-9.836946,-9.84208,0,-0.003195,0.00426,97512.83,31.65,-0.017458482
81.888791,0.073611,-0.210672,-0.248976,-9.82737,-9.832781,0.001065,-0.00426,0.003195,97516.96,31.66,-0.008159482
81.955614,0.066824,-0.225036,-0.234612,-9.82737,-9.832746,0.00213,-0.00426,0.003195,97521.1,31.66,-0.008124482
82.023412,0.067798,-0.20349,-0.25137,-9.832158,-9.837476,0.001065,-0.005325,0.00426,97516.96,31.65,-0.012854482
82.090399,0.066986,-0.213066,-0.25137,-9.824976,-9.8305,0.00213,-0.00639,0.00213,97521.1,31.65,-0.005878482
82.15698,0.066581,-0.201096,-0.210672,-9.846522,-9.850828,0.001065,-0.005325,0.00213,97512.83,31.65,-0.026206482
82.223768,0.066789,-0.201096,-0.229824,-9.824976,-9.829721,0.00426,-0.005325,0.00213,97512.83,31.66,-0.005099482
82.290838,0.06707,-0.234612,-0.248976,-9.82737,-9.833323,0.001065,-0.005325,0.005325,97516.96,31.65,-0.008701482
82.358013,0.067174,-0.217854,-0.237006,-9.808218,-9.8135,0,-0.00639,0.00426,97521.1,31.65,0.011121518
82.42435,0.066338,-0.22743,-0.26334,-9.817794,-9.823958,0.001065,-0.005325,0.003195,97521.1,31.66,0.000663518
82.491543,0.067193,-0.201096,-0.268128,-9.820188,-9.825906,0.00213,-0.00852,0.00213,97516.96,31.65,-0.001284482
82.559148,0.067604,-0.220248,-0.22743,-9.82737,-9.832468,0.001065,-0.005325,0.003195,97516.96,31.66,-0.007846482
82.627025,0.067878,-0.20349,-0.258552,-9.813006,-9.81852,0.00426,-0.007455,0.00213,97521.1,31.65,0.006101518
82.697069,0.070044,-0.17955,-0.241794,-9.848916,-9.85352,0.00426,-0.005325,0.00426,97512.83,31.66,-0.028898482
82.767428,0.070359,-0.208278,-0.2394,-9.813006,-9.818135,0.00426,-0.005325,0.003195,97525.23,31.65,0.006486518
82.839627,0.072199,-0.222642,-0.265734,-9.822582,-9.828698,0.00426,-0.007455,0.00213,97521.1,31.65,-0.004076482
82.906111,0.066484,-0.225036,-0.265734,-9.810612,-9.81679,0.00213,-0.00639,0.003195,97512.83,31.65,0.007831518
82.972506,0.066395,-0.217854,-0.237006,-9.822582,-9.827856,0,-0.005325,0.00213,97508.7,31.66,-0.003234482
83.039606,0.067101,-0.21546,-0.248976,-9.834552,-9.840062,0.003195,-0.00639,0.00426,97508.7,31.65,-0.015440482
83.106877,0.06727,-0.213066,-0.248976,-9.798642,-9.80412,0,-0.005325,0.003195,97521.1,31.66,0.020501518
83.17827,0.071394,-0.19152,-0.25137,-9.822582,-9.827664,0,-0.007455,0.00639,97521.1,31.66,-0.003042482
83.251721,0.073451,-0.210672,-0.220248,-9.8154,-9.820131,0.001065,-0.00426,0.003195,97512.83,31.66,0.004490518
83.320328,0.068607,-0.220248,-0.244188,-9.822582,-9.828085,-0.001065,-0.00426,0.003195,97525.23,31.65,-0.003463482
83.38698,0.066652,-0.210672,-0.229824,-9.829764,-9.834707,0.001065,-0.007455,0.00639,97504.56,31.64,-0.010085482
83.45431,0.067329,-0.222642,-0.27531,-9.836946,-9.843316,0.00213,-0.007455,0.003195,97521.1,31.66,-0.018694482
83.521422,0.067113,-0.248976,-0.253764,-9.832158,-9.838583,0,-0.00639,0.003195,97521.1,31.65,-0.013961482
83.589398,0.067975,-0.184338,-0.225036,-9.82737,-9.831674,0.00213,-0.005325,0.003195,97512.83,31.66,-0.007052482
83.658986,0.069589,-0.205884,-0.248976,-9.82737,-9.832679,0.001065,-0.00426,0.00426,97521.1,31.64,-0.008057482
83.728776,0.06979,-0.229824,-0.229824,-9.820188,-9.825565,0.001065,-0.00639,0.001065,97521.1,31.66,-0.000943482
83.799819,0.071043,-0.232218,-0.25137,-9.836946,-9.842897,0.005325,-0.003195,0.00426,97512.83,31.64,-0.018275482
83.866999,0.06718,-0.241794,-0.234612,-9.85131,-9.857069,0.003195,-0.005325,0.003195,97512.83,31.65,-0.032447482
83.93434,0.067341,-0.181944,-0.241794,-9.822582,-9.827242,0,-0.00639,0.00213,97529.36,31.65,-0.002620482
84.00111,0.06677,-0.210672,-0.260946,-9.820188,-9.825913,0.001065,-0.005325,0.00213,97504.56,31.66,-0.001291482
84.068802,0.067692,-0.21546,-0.256158,-9.834552,-9.840247,0.001065,-0.00852,0.003195,97516.96,31.65,-0.015625482
84.13694,0.068138,-0.246582,-0.256158,-9.805824,-9.812268,0.00213,-0.005325,0.003195,97529.36,31.66,0.012353518
84.204015,0.067074,-0.20349,-0.225036,-9.82737,-9.832052,0.001065,-0.003195,0.00426,97529.36,31.65,-0.007430482
84.27476,0.070745,-0.220248,-0.25137,-9.834552,-9.840229,0.001065,-0.007455,0.005325,97516.96,31.66,-0.015607482
84.344036,0.069276,-0.22743,-0.25137,-9.822582,-9.82843,0.001065,-0.00639,0.00213,97521.1,31.65,-0.003808482
84.415781,0.071745,-0.2394,-0.229824,-9.834552,-9.84015,0.00213,-0.00426,0.00213,97521.1,31.65,-0.015528482
84.482957,0.067175,-0.198702,-0.260946,-9.810612,-9.816093,0.001065,-0.005325,0.00213,97521.1,31.64,0.008528518
84.549875,0.066918,-0.22743,-0.22743,-9.822582,-9.827846,0,-0.00426,0.001065,97516.96,31.65,-0.003224482
84.618356,0.068481,-0.196308,-0.229824,-9.829764,-9.83441,0.001065,-0.007455,0.00213,97512.83,31.65,-0.009788482
84.685038,0.066682,-0.208278,-0.246582,-9.846522,-9.851811,0.00213,-0.00639,0.00426,97521.1,31.66,-0.027189482
84.751942,0.066905,-0.186732,-0.25137,-9.820188,-9.825179,0.001065,-0.007455,0.003195,97521.1,31.65,-0.000557482
84.819173,0.06723,-0.17955,-0.234612,-9.841734,-9.846167,0,-0.005325,0.003195,97512.83,31.64,-0.021545482
84.886384,0.067211,-0.234612,-0.272916,-9.822582,-9.829173,0.003195,-0.00639,0.003195,97512.83,31.65,-0.004551482
84.95298,0.066596,-0.225036,-0.246582,-9.822582,-9.828253,0.00426,-0.007455,0.005325,97516.96,31.65,-0.003631482
85.02001,0.067031,-0.20349,-0.253764,-9.832158,-9.837537,0.003195,-0.00426,0.001065,97512.83,31.64,-0.012915482
85.086292,0.066281,-0.213066,-0.244188,-9.832158,-9.837497,0.00426,-0.00639,0.00213,97516.96,31.64,-0.012875482
85.153712,0.06742,-0.237006,-0.244188,-9.844128,-9.850008,-0.001065,-0.007455,0.003195,97516.96,31.64,-0.025386482
85.220921,0.06721,-0.205884,-0.234612,-9.82737,-9.832326,0.003195,-0.00639,0.005325,97516.96,31.65,-0.007704482
85.288364,0.067443,-0.210672,-0.256158,-9.817794,-9.823394,0.00213,-0.00426,0.001065,97512.83,31.65,0.001227518
85.355498,0.067134,-0.21546,-0.28728,-9.822582,-9.829144,0.001065,-0.00852,0.003195,97508.7,31.65,-0.004522482
85.422822,0.067323,-0.222642,-0.234612,-9.813006,-9.818335,0,-0.00639,0.003195,97521.1,31.65,0.006286518
85.49019,0.067368,-0.19152,-0.237006,-9.832158,-9.836879,0.00213,-0.007455,0.001065,97512.83,31.64,-0.012257482
85.557795,0.067605,-0.22743,-0.265734,-9.834552,-9.84077,0.00426,-0.007455,0.00213,97512.83,31.64,-0.016148482
85.624191,0.066396,-0.22743,-0.246582,-9.798642,-9.804382,-0.001065,-0.003195,0.001065,97516.96,31.64,0.020239518
85.690769,0.066578,-0.210672,-0.241794,-9.824976,-9.830209,0.003195,-0.00639,0.003195,97516.96,31.65,-0.005587482
85.757854,0.067085,-0.205884,-0.272916,-9.820188,-9.826137,0.003195,-0.00852,0.003195,97525.23,31.65,-0.001515482
85.824916,0.067062,-0.244188,-0.27531,-9.829764,-9.83665,0,-0.00639,0.001065,97516.96,31.64,-0.012028482
85.892776,0.06786,-0.232218,-0.232218,-9.820188,-9.825678,-0.001065,-0.00426,0.003195,97525.23,31.65,-0.001056482
85.959577,0.066801,-0.205884,-0.258552,-9.822582,-9.828141,0.00213,-0.007455,0.00213,97516.96,31.65,-0.003519482
86.026967,0.067389,-0.222642,-0.253764,-9.8154,-9.821204,0.00213,-0.007455,0.00426,97516.96,31.65,0.003417518
86.09385,0.066883,-0.196308,-0.25137,-9.820188,-9.825366,-0.001065,-0.00426,0.003195,97521.1,31.64,-0.000744482
86.160689,0.066839,-0.210672,-0.246582,-9.8154,-9.820757,0.003195,-0.007455,0.00213,97512.83,31.64,0.003864518
86.228496,0.067807,-0.2394,-0.241794,-9.832158,-9.838044,0,-0.005325,0.003195,97516.96,31.65,-0.013422482
86.294948,0.066452,-0.244188,-0.282492,-9.820188,-9.827285,-0.001065,-0.005325,0.00426,97516.96,31.64,-0.002663482
86.362157,0.067209,-0.222642,-0.229824,-9.813006,-9.818222,0.00213,-0.00852,0.00213,97512.83,31.65,0.006399518
86.429097,0.06694,-0.234612,-0.265734,-9.83934,-9.845723,0.00213,-0.007455,0.00426,97512.83,31.64,-0.021101482
86.495924,0.066827,-0.220248,-0.217854,-9.822582,-9.827466,-0.001065,-0.005325,0.003195,97533.5,31.64,-0.002844482
86.563162,0.067239,-0.21546,-0.260946,-9.846522,-9.852335,0.001065,-0.005325,0.00213,97516.96,31.64,-0.027713482
86.630328,0.067166,-0.208278,-0.270522,-9.834552,-9.840476,0.001065,-0.005325,0.001065,97516.96,31.64,-0.015854482
86.697523,0.067195,-0.22743,-0.237006,-9.844128,-9.849607,-0.001065,-0.005325,0.00213,97529.36,31.65,-0.024985482
86.764588,0.067065,-0.217854,-0.246582,-9.817794,-9.823306,-0.001065,-0.00426,0.003195,97529.36,31.64,0.001315518
86.831598,0.067011,-0.225036,-0.280098,-9.82737,-9.833936,0.00213,-0.00639,0,97512.83,31.64,-0.009314482
86.898268,0.06667,-0.16758,-0.260946,-9.808218,-9.81312,0.003195,-0.005325,0.00213,97516.96,31.64,0.011501518
86.966085,0.067817,-0.217854,-0.20349,-9.82737,-9.83189,0,-0.00639,0.003195,97512.83,31.64,-0.007268482
87.03288,0.066795,-0.21546,-0.222642,-9.832158,-9.837038,0.003195,-0.007455,0.003195,97512.83,31.64,-0.012416482
87.100368,0.067488,-0.181944,-0.268128,-9.856098,-9.861423,0,-0.005325,0.00426,97521.1,31.65,-0.036801482
87.16762,0.067253,-0.22743,-0.2394,-9.8154,-9.820953,0.001065,-0.005325,0.003195,97516.96,31.64,0.003668518
87.234312,0.066692,-0.210672,-0.25137,-9.844128,-9.84959,0.00213,-0.005325,0.003195,97512.83,31.64,-0.024968482
87.301613,0.0673,-0.229824,-0.25137,-9.810612,-9.816522,0.003195,-0.00426,0.003195,97525.23,31.65,0.008099518
87.3688,0.067188,-0.210672,-0.241794,-9.846522,-9.851743,0,-0.003195,0.00426,97521.1,31.64,-0.027121482
87.43539,0.06659,-0.222642,-0.237006,-9.82737,-9.832748,0.00213,-0.007455,0.003195,97512.83,31.64,-0.008126482
87.502351,0.066961,-0.234612,-0.265734,-9.808218,-9.814622,0.001065,-0.00639,0.00213,97521.1,31.65,0.009999518
87.569796,0.067445,-0.229824,-0.25137,-9.805824,-9.811737,0.001065,-0.00639,0.00213,97521.1,31.64,0.012884518
87.637017,0.067221,-0.222642,-0.246582,-9.836946,-9.842554,0.001065,-0.00852,0.003195,97512.83,31.64,-0.017932482
87.703912,0.066895,-0.205884,-0.256158,-9.810612,-9.816115,0.001065,-0.00213,0.005325,97533.5,31.64,0.008506518
87.771096,0.067183,-0.217854,-0.246582,-9.832158,-9.837662,0,-0.00426,0.003195,97525.23,31.64,-0.013040482
87.838281,0.067186,-0.217854,-0.222642,-9.834552,-9.839484,0.003195,-0.005325,0.00426,97512.83,31.64,-0.014862482
87.905366,0.067085,-0.2394,-0.246582,-9.8154,-9.821415,0.003195,-0.00852,0.003195,97516.96,31.64,0.003206518
87.97234,0.066974,-0.22743,-0.25137,-9.82737,-9.833215,-0.00213,-0.00213,0.00426,97521.1,31.64,-0.008593482
88.0403,0.067961,-0.217854,-0.225036,-9.820188,-9.825182,0.00213,-0.005325,0.003195,97516.96,31.64,-0.000560482
88.107356,0.067056,-0.225036,-0.232218,-9.813006,-9.818333,0.001065,-0.00639,0.00426,97521.1,31.64,0.006288518
88.174347,0.066991,-0.205884,-0.253764,-9.846522,-9.851943,0.001065,-0.005325,0.00213,97516.96,31.64,-0.027321482
88.24208,0.067733,-0.217854,-0.234612,-9.817794,-9.823013,0.00213,-0.00426,0.001065,97533.5,31.64,0.001608518
88.311532,0.069452,-0.237006,-0.246582,-9.8154,-9.821357,0.003195,-0.00426,0.00426,97529.36,31.64,0.003264518
88.382133,0.070601,-0.2394,-0.253764,-9.824976,-9.831168,0.00426,-0.00639,0.003195,97521.1,31.64,-0.006546482
88.453546,0.071412,-0.213066,-0.229824,-9.8154,-9.820402,0.003195,-0.007455,0.00213,97516.96,31.64,0.004219518
88.5208,0.067254,-0.205884,-0.270522,-9.820188,-9.826071,0.003195,-0.007455,0.00213,97521.1,31.64,-0.001449482
88.588629,0.06783,-0.22743,-0.234612,-9.829764,-9.835193,-0.001065,-0.00639,0.00213,97512.83,31.64,-0.010571482
88.655188,0.066559,-0.220248,-0.241794,-9.810612,-9.816062,0.00213,-0.007455,0.00426,97512.83,31.63,0.008559518
88.722342,0.067154,-0.208278,-0.260946,-9.817794,-9.823469,0.00426,-0.00639,0.00426,97516.96,31.64,0.001152518
88.789539,0.067197,-0.229824,-0.256158,-9.822582,-9.828609,0.001065,-0.00639,0.003195,97521.1,31.63,-0.003987482
88.856641,0.067102,-0.205884,-0.260946,-9.8154,-9.821026,-0.001065,-0.007455,0.003195,97516.96,31.65,0.003595518
88.923872,0.067231,-0.232218,-0.248976,-9.820188,-9.826088,0.003195,-0.007455,0.005325,97512.83,31.64,-0.001466482
88.990376,0.066504,-0.17955,-0.270522,-9.822582,-9.827947,0.003195,-0.00639,0.00426,97529.36,31.64,-0.003325482
89.057895,0.067519,-0.244188,-0.246582,-9.822582,-9.82871,-0.001065,-0.00426,0.005325,97516.96,31.64,-0.004088482
89.125096,0.067201,-0.237006,-0.234612,-9.822582,-9.828242,0.003195,-0.003195,0.003195,97521.1,31.64,-0.003620482
89.192483,0.067387,-0.208278,-0.272916,-9.810612,-9.816617,0.00426,-0.00426,0.003195,97516.96,31.63,0.008004518
89.25944,0.066956,-0.220248,-0.26334,-9.801036,-9.807047,0,-0.005325,0.003195,97521.1,31.64,0.017574518
89.326644,0.067204,-0.217854,-0.234612,-9.808218,-9.813442,-0.003195,-0.00426,0.005325,97521.1,31.63,0.011179518
89.393636,0.066992,-0.213066,-0.253764,-9.810612,-9.816206,0.003195,-0.005325,0.00213,97529.36,31.64,0.008415518
89.461149,0.067512,-0.244188,-0.253764,-9.834552,-9.840856,0.003195,-0.00426,0.001065,97529.36,31.63,-0.016234482
89.527606,0.066458,-0.196308,-0.237006,-9.8154,-9.820223,0,-0.005325,0.003195,97516.96,31.64,0.004398518
89.595388,0.067781,-0.232218,-0.2394,-9.824976,-9.830635,0.001065,-0.005325,0,97521.1,31.65,-0.006013482
89.667293,0.071905,-0.232218,-0.277704,-9.813006,-9.819681,0.003195,-0.009585,0.003195,97521.1,31.65,0.004940518
89.7399,0.072607,-0.198702,-0.258552,-9.824976,-9.830386,0.003195,-0.00639,0.00639,97521.1,31.63,-0.005764482
89.81104,0.071141,-0.208278,-0.260946,-9.805824,-9.811506,0.003195,-0.005325,0.003195,97512.83,31.64,0.013115518
89.885631,0.074591,-0.205884,-0.258552,-9.82737,-9.832926,0.00213,-0.00639,0.00426,97525.23,31.64,-0.008304482
89.955665,0.070034,-0.222642,-0.246582,-9.836946,-9.842554,0.003195,-0.00639,0.00639,97525.23,31.64,-0.017932482
90.023849,0.068184,-0.246582,-0.258552,-9.832158,-9.838647,0.005325,-0.005325,0.00426,97537.63,31.64,-0.014025482
90.09828,0.074432,-0.21546,-0.265734,-9.810612,-9.816575,-0.001065,-0.007455,0.003195,97521.1,31.63,0.008046518
90.164962,0.066682,-0.253764,-0.256158,-9.822582,-9.829198,0.001065,-0.005325,0.003195,97529.36,31.63,-0.004576482
90.231665,0.066702,-0.25137,-0.241794,-9.810612,-9.81681,-0.001065,-0.00426,0.003195,97512.83,31.63,0.007811518
90.298841,0.067176,-0.20349,-0.237006,-9.82737,-9.832333,0.00213,-0.005325,0.00426,97512.83,31.64,-0.007711482
90.366291,0.06745,-0.232218,-0.253764,-9.824976,-9.830996,0.00213,-0.00639,0.003195,97516.96,31.63,-0.006374482
90.433042,0.066751,-0.217854,-0.246582,-9.813006,-9.818521,0.001065,-0.003195,0.00426,97521.1,31.62,0.006100518
90.499892,0.06685,-0.222642,-0.244188,-9.836946,-9.842495,-0.00213,-0.007455,0.003195,97529.36,31.64,-0.017873482
90.568122,0.06823,-0.208278,-0.26334,-9.848916,-9.854637,0.00426,-0.009585,0.003195,97512.83,31.64,-0.030015482
90.63571,0.067588,-0.222642,-0.270522,-9.83934,-9.845576,0.003195,-0.00852,0.003195,97516.96,31.63,-0.020954482
90.712513,0.076803,-0.2394,-0.270522,-9.822582,-9.829222,0,-0.007455,0.00426,97525.23,31.64,-0.004600482
90.779874,0.067361,-0.225036,-0.258552,-9.841734,-9.847701,0.001065,-0.00639,0.00426,97529.36,31.64,-0.023079482
90.846938,0.067064,-0.237006,-0.2394,-9.83934,-9.845105,0.00213,-0.00639,0.001065,97529.36,31.63,-0.020483482
90.914367,0.067429,-0.17955,-0.222642,-9.810612,-9.81478,0,-0.007455,0.00426,97516.96,31.62,0.009841518
90.980926,0.06656,-0.21546,-0.270522,-9.829764,-9.835846,0.00213,-0.005325,0.005325,97516.96,31.64,-0.011224482
91.049425,0.068499,-0.22743,-0.258552,-9.808218,-9.814261,-0.001065,-0.005325,0.003195,97521.1,31.63,0.010360518
91.118904,0.069479,-0.208278,-0.265734,-9.82737,-9.833168,-0.00213,-0.003195,0.003195,97512.83,31.64,-0.008546482
91.187782,0.068878,-0.220248,-0.232218,-9.83934,-9.844544,0.001065,-0.00639,0.003195,97508.7,31.64,-0.019922482
91.260506,0.072724,-0.196308,-0.2394,-9.86328,-9.868138,0.00426,-0.00852,0.00213,97516.96,31.62,-0.043516482
91.327729,0.067223,-0.213066,-0.22743,-9.82737,-9.83231,0.001065,-0.00639,0.003195,97516.96,31.63,-0.007688482
91.394259,0.06653,-0.19152,-0.272916,-9.824976,-9.830632,0.005325,-0.00639,0.00639,97512.83,31.62,-0.006010482
91.462029,0.06777,-0.21546,-0.234612,-9.8154,-9.820567,0.00213,-0.00426,0.003195,97521.1,31.63,0.004054518
91.529314,0.067285,-0.205884,-0.244188,-9.817794,-9.822988,0.00213,-0.007455,0.00213,97516.96,31.64,0.001633518
91.59701,0.067696,-0.196308,-0.234612,-9.848916,-9.853666,0.00426,-0.007455,0.003195,97521.1,31.63,-0.029044482
91.664336,0.067326,-0.198702,-0.265734,-9.810612,-9.816222,-0.001065,-0.00426,0.00213,97533.5,31.63,0.008399518
91.731386,0.06705,-0.232218,-0.25137,-9.82737,-9.833327,0.00213,-0.00639,0.003195,97525.23,31.64,-0.008705482
91.802342,0.070956,-0.20349,-0.26334,-9.805824,-9.81147,0.001065,-0.003195,0.001065,97529.36,31.62,0.013151518
91.872294,0.069952,-0.217854,-0.246582,-9.834552,-9.840055,0,-0.00426,0.00426,97508.7,31.63,-0.015433482
91.943014,0.07072,-0.222642,-0.22743,-9.832158,-9.837308,0.003195,-0.005325,0.00426,97512.83,31.63,-0.012686482
92.010362,0.067348,-0.21546,-0.25137,-9.836946,-9.842516,0.00213,-0.00639,0.005325,97521.1,31.63,-0.017894482
92.0776,0.067238,-0.232218,-0.282492,-9.829764,-9.836564,0.001065,-0.005325,0.00426,97521.1,31.63,-0.011942482
92.145226,0.067626,-0.217854,-0.234612,-9.810612,-9.815835,0.00213,-0.00426,0.00213,97525.23,31.63,0.008786518
92.211892,0.066666,-0.244188,-0.248976,-9.832158,-9.838341,0.00426,-0.007455,0.00213,97516.96,31.64,-0.013719482
92.278268,0.066376,-0.21546,-0.241794,-9.8154,-9.820742,0.00426,-0.00639,0.001065,97508.7,31.62,0.003879518
92.347012,0.068744,-0.232218,-0.229824,-9.820188,-9.825621,0,-0.007455,0.00426,97521.1,31.63,-0.000999482
92.419081,0.07207,-0.213066,-0.25137,-9.82737,-9.832893,0.001065,-0.00639,0.00213,97521.1,31.63,-0.008271482
92.490815,0.071734,-0.201096,-0.241794,-9.824976,-9.830008,0.001065,-0.00639,0.00639,97516.96,31.62,-0.005386482
92.558119,0.067304,-0.217854,-0.222642,-9.810612,-9.815556,0.003195,-0.005325,0.00213,97521.1,31.63,0.009065518
92.624979,0.066861,-0.241794,-0.268128,-9.820188,-9.826823,0,-0.00639,0.00426,97525.23,31.63,-0.002201482
92.692959,0.06798,-0.220248,-0.244188,-9.820188,-9.825692,0.00213,-0.005325,0.001065,97516.96,31.63,-0.001070482
92.760317,0.067358,-0.208278,-0.26334,-9.824976,-9.830711,0.00213,-0.00426,0.00426,97525.23,31.63,-0.006089482
92.827241,0.066924,-0.220248,-0.217854,-9.808218,-9.813109,0.005325,-0.00852,0.005325,97521.1,31.63,0.011512518
92.894312,0.067071,-0.201096,-0.265734,-9.808218,-9.813878,0.00213,-0.00852,0,97529.36,31.63,0.010743518
92.961041,0.066729,-0.232218,-0.246582,-9.808218,-9.814065,0,-0.00426,0.003195,97529.36,31.63,0.010556518
93.028631,0.06759,-0.21546,-0.220248,-9.822582,-9.827413,0.00213,-0.007455,0.003195,97516.96,31.63,-0.002791482
93.101259,0.072629,-0.222642,-0.260946,-9.853704,-9.859673,0.005325,-0.00852,0.003195,97533.5,31.63,-0.035051482
93.17334,0.072081,-0.234612,-0.248976,-9.834552,-9.8405,0.001065,-0.00426,0.003195,97512.83,31.62,-0.015878482
93.240887,0.067547,-0.196308,-0.25137,-9.8154,-9.82058,0.00213,-0.007455,0.00426,97529.36,31.62,0.004041518
93.308186,0.067299,-0.210672,-0.237006,-9.796248,-9.801379,-0.001065,-0.005325,0.005325,97533.5,31.63,0.023242518
93.375339,0.067153,-0.205884,-0.246582,-9.813006,-9.818262,-0.001065,-0.00426,0.003195,97533.5,31.62,0.006359518
93.442104,0.066765,-0.21546,-0.265734,-9.832158,-9.838108,0.003195,-0.00852,0.003195,97529.36,31.63,-0.013486482
93.508733,0.066628,-0.208278,-0.284886,-9.824976,-9.831312,0.00213,-0.007455,0.005325,97525.23,31.63,-0.006690482
93.57606,0.067327,-0.20349,-0.248976,-9.813006,-9.818273,0.001065,-0.005325,0.003195,97525.23,31.63,0.006348518
93.644239,0.068178,-0.22743,-0.256158,-9.810612,-9.816591,0,-0.007455,0.00213,97516.96,31.63,0.008030518
93.713998,0.069759,-0.232218,-0.260946,-9.832158,-9.838361,0.00639,-0.011715,0.00426,97529.36,31.63,-0.013739482
93.787429,0.073431,-0.222642,-0.284886,-9.829764,-9.836411,0.00426,-0.00639,-0.001065,97512.83,31.63,-0.011789482
93.85503,0.067602,-0.229824,-0.26334,-9.82737,-9.833584,0.00213,-0.005325,0.00213,97537.63,31.62,-0.008962482
93.923033,0.068003,-0.198702,-0.260946,-9.813006,-9.818486,0,-0.005325,0.00213,97521.1,31.63,0.006135518
93.993744,0.070711,-0.21546,-0.253764,-9.824976,-9.830614,0,-0.005325,0.003195,97525.23,31.63,-0.005992482
94.066441,0.072697,-0.19152,-0.225036,-9.822582,-9.827026,0,-0.00426,0.00213,97525.23,31.63,-0.002404482
94.139044,0.072602,-0.2394,-0.237006,-9.817794,-9.823572,0,-0.00639,0.00213,97521.1,31.62,0.001049518
94.208183,0.069139,-0.22743,-0.244188,-9.8154,-9.821071,0,-0.00639,0.00213,97525.23,31.62,0.003550518
94.279832,0.071649,-0.222642,-0.232218,-9.82737,-9.832634,-0.00213,-0.005325,0,97525.23,31.63,-0.008012482
94.347123,0.067291,-0.21546,-0.2394,-9.824976,-9.830254,0,-0.00426,0.00213,97533.5,31.61,-0.005632482
94.414318,0.067196,-0.217854,-0.246582,-9.844128,-9.849625,0.00213,-0.005325,0.00213,97516.96,31.63,-0.025003482
94.481262,0.066944,-0.229824,-0.246582,-9.841734,-9.847505,0.00213,-0.005325,0.00213,97529.36,31.62,-0.022883482
94.548231,0.066969,-0.237006,-0.210672,-9.832158,-9.83727,0,-0.00639,0.003195,97521.1,31.62,-0.012648482
94.615597,0.067366,-0.198702,-0.21546,-9.82737,-9.83174,0.00213,-0.007455,0.00426,97529.36,31.63,-0.007118482
94.68247,0.066873,-0.229824,-0.260946,-9.829764,-9.835912,0.001065,-0.005325,0.00426,97533.5,31.63,-0.011290482
94.749997,0.067527,-0.201096,-0.244188,-9.820188,-9.825282,0.001065,-0.005325,0.00426,97521.1,31.62,-0.000660482
94.81705,0.067053,-0.196308,-0.246582,-9.817794,-9.822852,0.001065,-0.00426,0.001065,97521.1,31.62,0.001769518
94.883888,0.066838,-0.193914,-0.272916,-9.836946,-9.842642,0.00213,-0.007455,0.003195,97521.1,31.62,-0.018020482
94.951681,0.067793,-0.229824,-0.246582,-9.82737,-9.833149,0.00213,-0.007455,0.00213,97521.1,31.62,-0.008527482
95.019295,0.067614,-0.232218,-0.2394,-9.832158,-9.837813,0,-0.005325,0.00639,97533.5,31.62,-0.013191482
95.08726,0.067965,-0.217854,-0.241794,-9.813006,-9.818402,0.003195,-0.005325,0.005325,97521.1,31.63,0.006219518
95.160611,0.07335,-0.177156,-0.25137,-9.822582,-9.827395,0.00213,-0.00639,0.003195,97525.23,31.63,-0.002773482
95.231488,0.070877,-0.19152,-0.244188,-9.817794,-9.822698,0.00213,-0.00852,0.00213,97516.96,31.63,0.001923518
95.302767,0.071279,-0.198702,-0.246582,-9.829764,-9.834864,0.00213,-0.007455,0.00213,97516.96,31.62,-0.010242482
95.376715,0.073948,-0.208278,-0.260946,-9.832158,-9.837825,0.001065,-0.00426,0.001065,97529.36,31.62,-0.013203482
95.444826,0.068111,-0.20349,-0.258552,-9.820188,-9.825698,0.00426,-0.005325,0.003195,97529.36,31.63,-0.001076482
95.515271,0.070445,-0.193914,-0.253764,-9.848916,-9.854093,0.00213,-0.005325,0.00213,97529.36,31.62,-0.029471482
95.585541,0.07027,-0.201096,-0.26334,-9.836946,-9.842525,0.00213,-0.00426,0.00426,97529.36,31.62,-0.017903482
95.656875,0.071334,-0.217854,-0.25137,-9.801036,-9.806679,0.00213,-0.00639,0.00426,97512.83,31.61,0.017942518
95.72762,0.070745,-0.201096,-0.26334,-9.829764,-9.835347,0.001065,-0.00213,0.00213,97533.5,31.62,-0.010725482
95.80142,0.0738,-0.217854,-0.256158,-9.820188,-9.825944,0.001065,-0.00639,0.00426,97529.36,31.62,-0.001322482
95.868982,0.067561,-0.229824,-0.258552,-9.822582,-9.828672,0,-0.00639,0.00426,97521.1,31.61,-0.004050482
95.936135,0.067154,-0.210672,-0.241794,-9.798642,-9.803889,0.00213,-0.007455,0.00213,97521.1,31.62,0.020732518
96.00312,0.066985,-0.201096,-0.248976,-9.80343,-9.808653,0,-0.00426,0.00426,97533.5,31.62,0.015968518
96.070796,0.067676,-0.210672,-0.246582,-9.846522,-9.851862,0.00426,-0.00639,0.00213,97529.36,31.62,-0.027240482
96.137702,0.066906,-0.225036,-0.2394,-9.829764,-9.835254,0,-0.005325,0.00426,97521.1,31.62,-0.010632482
96.205733,0.068031,-0.237006,-0.237006,-9.822582,-9.828299,0.00213,-0.005325,0.003195,97521.1,31.62,-0.003677482
96.278024,0.07229,-0.241794,-0.237006,-9.836946,-9.842771,0.00213,-0.007455,0.005325,97521.1,31.62,-0.018149482
96.350058,0.072034,-0.241794,-0.246582,-9.817794,-9.823866,0.001065,-0.005325,0.00213,97533.5,31.6,0.000755518
96.420398,0.070341,-0.208278,-0.25137,-9.820188,-9.825612,0.00213,-0.00426,0.00426,97516.96,31.62,-0.000990482
96.488292,0.067894,-0.241794,-0.248976,-9.813006,-9.819142,0.00426,-0.00852,0.00426,97533.5,31.63,0.005479518
96.558439,0.070147,-0.217854,-0.27531,-9.832158,-9.838424,0.003195,-0.00852,0.003195,97525.23,31.61,-0.013802482
96.630258,0.071819,-0.205884,-0.26334,-9.824976,-9.830661,0.003195,-0.00852,0.00426,97529.36,31.62,-0.006039482
96.697272,0.067014,-0.205884,-0.258552,-9.817794,-9.823356,0,-0.005325,0.003195,97533.5,31.62,0.001265518
96.764246,0.066974,-0.22743,-0.248976,-9.805824,-9.811621,0.00213,-0.003195,0.00426,97521.1,31.63,0.013000518
96.835362,0.071116,-0.184338,-0.246582,-9.846522,-9.851334,0.003195,-0.005325,0.001065,97521.1,31.62,-0.026712482
96.905135,0.069773,-0.234612,-0.26334,-9.822582,-9.828912,0.00213,-0.00639,0.00426,97533.5,31.62,-0.004290482
96.976178,0.071043,-0.2394,-0.248976,-9.824976,-9.831045,0.00426,-0.00852,0.001065,97529.36,31.62,-0.006423482
97.043448,0.06727,-0.20349,-0.248976,-9.846522,-9.851771,0.00426,-0.007455,0.00213,97516.96,31.61,-0.027149482
97.110502,0.067053,-0.186732,-0.265734,-9.829764,-9.835128,0.00213,-0.00852,0.00213,97533.5,31.61,-0.010506482
97.178354,0.067853,-0.229824,-0.234612,-9.813006,-9.8185,0.003195,-0.005325,0.00213,97529.36,31.62,0.006121518
97.244958,0.066604,-0.217854,-0.2394,-9.793854,-9.799201,0.00426,-0.009585,0.003195,97521.1,31.61,0.025420518
97.31188,0.066922,-0.184338,-0.246582,-9.824976,-9.829798,0,-0.00426,0.00213,97529.36,31.61,-0.005176482
97.379142,0.067262,-0.220248,-0.260946,-9.79146,-9.797412,0.001065,-0.00426,0.00213,97516.96,31.62,0.027209518
97.446515,0.067373,-0.237006,-0.258552,-9.836946,-9.843197,0.003195,-0.005325,0.003195,97521.1,31.62,-0.018575482
97.513325,0.06681,-0.225036,-0.260946,-9.82737,-9.833409,0.00213,-0.00639,0.00213,97529.36,31.62,-0.008787482
97.580076,0.066751,-0.213066,-0.2394,-9.820188,-9.825416,0.001065,-0.00426,0.001065,97521.1,31.61,-0.000794482
97.64725,0.067175,-0.196308,-0.234612,-9.832158,-9.836916,0.00426,-0.007455,0.00426,97529.36,31.62,-0.012294482
97.714442,0.067191,-0.210672,-0.26334,-9.817794,-9.823584,0.00426,-0.007455,0.003195,97525.23,31.62,0.001037518
97.782387,0.067945,-0.225036,-0.256158,-9.834552,-9.840461,0,-0.00426,0.003195,97516.96,31.62,-0.015839482
97.853017,0.07063,-0.208278,-0.210672,-9.822582,-9.827048,0.001065,-0.00426,0.00426,97529.36,31.62,-0.002426482
97.92283,0.069813,-0.222642,-0.22743,-9.853704,-9.858843,0.003195,-0.005325,0.00639,97529.36,31.61,-0.034221482
97.993816,0.070986,-0.198702,-0.241794,-9.824976,-9.829959,0.00213,-0.00213,0.00213,97529.36,31.61,-0.005337482
98.06117,0.067355,-0.220248,-0.270522,-9.808218,-9.81442,0,-0.00639,0.00426,97533.5,31.61,0.010201518
98.129876,0.068706,-0.189126,-0.241794,-9.844128,-9.848913,-0.001065,-0.00639,0.00213,97537.63,31.62,-0.024291482
98.199666,0.06979,-0.21546,-0.232218,-9.820188,-9.825296,-0.00213,-0.005325,0.003195,97529.36,31.61,-0.000674482
98.269696,0.07003,-0.189126,-0.232218,-9.820188,-9.824754,0.00213,-0.007455,0.00213,97529.36,31.62,-0.000132482
98.340575,0.070879,-0.22743,-0.26334,-9.817794,-9.823958,0.001065,-0.00426,0.00213,97525.23,31.61,0.000663518
98.407712,0.067136,-0.213066,-0.2394,-9.817794,-9.823023,0.001065,-0.00213,0.007455,97529.36,31.61,0.001598518
98.475052,0.06734,-0.205884,-0.2394,-9.824976,-9.830049,0.003195,-0.00639,0.003195,97529.36,31.61,-0.005427482
98.542083,0.067032,-0.225036,-0.246582,-9.83934,-9.845002,0.00213,-0.009585,0.00639,97521.1,31.62,-0.020380482
98.608968,0.066884,-0.229824,-0.225036,-9.832158,-9.837418,0.00213,-0.005325,0.00426,97529.36,31.62,-0.012796482
98.676235,0.067267,-0.256158,-0.241794,-9.829764,-9.836073,0,-0.007455,0.001065,97525.23,31.62,-0.011451482
98.743123,0.066888,-0.193914,-0.253764,-9.824976,-9.830165,0,-0.005325,0.003195,97521.1,31.62,-0.005543482
98.810955,0.067831,-0.189126,-0.253764,-9.82737,-9.832465,-0.001065,-0.007455,0.00426,97525.23,31.62,-0.007843482
98.878297,0.067342,-0.241794,-0.234612,-9.836946,-9.842714,-0.00213,-0.00426,0.00213,97521.1,31.61,-0.018092482
98.949143,0.070846,-0.193914,-0.272916,-9.832158,-9.837856,0.00426,-0.007455,0.00426,97521.1,31.61,-0.013234482
99.01939,0.070247,-0.198702,-0.26334,-9.82737,-9.832906,0.00213,-0.005325,0.003195,97525.23,31.61,-0.008284482
99.089301,0.069912,-0.232218,-0.248976,-9.817794,-9.823695,0.003195,-0.005325,0.00426,97529.36,31.61,0.000926518
99.156753,0.067451,-0.253764,-0.2394,-9.832158,-9.838345,0.00213,-0.00426,0.00213,97529.36,31.61,-0.013723482
99.223785,0.067032,-0.220248,-0.225036,-9.82737,-9.832413,0.00213,-0.007455,0.001065,97529.36,31.61,-0.007791482
99.294947,0.071162,-0.217854,-0.244188,-9.841734,-9.847173,0.001065,-0.00639,0.003195,97521.1,31.61,-0.022551482
99.36561,0.070663,-0.186732,-0.248976,-9.808218,-9.813154,0.00426,-0.007455,0.00426,97525.23,31.61,0.011467518
99.442248,0.076638,-0.210672,-0.237006,-9.841734,-9.846841,0.001065,-0.00639,0.005325,97533.5,31.6,-0.022219482
99.514365,0.072118,-0.21546,-0.256158,-9.810612,-9.81632,0.00213,-0.005325,0.00426,97529.36,31.61,0.008301518
99.582054,0.067688,-0.208278,-0.222642,-9.829764,-9.834491,0.00426,-0.007455,0.00213,97525.23,31.61,-0.009869482
99.648975,0.066921,-0.189126,-0.253764,-9.844128,-9.849214,0.00426,-0.00426,0.00213,97529.36,31.61,-0.024592482
99.716648,0.067673,-0.208278,-0.268128,-9.810612,-9.816485,0.00426,-0.003195,0.003195,97529.36,31.6,0.008136518
99.784088,0.067441,-0.225036,-0.260946,-9.834552,-9.840587,-0.001065,-0.00639,0.00426,97521.1,31.61,-0.015965482
99.850932,0.066844,-0.22743,-0.237006,-9.824976,-9.830465,0.001065,-0.00426,0.00426,97516.96,31.61,-0.005843482
99.918013,0.067081,-0.20349,-0.244188,-9.817794,-9.822938,0.00213,-0.005325,0.003195,97521.1,31.62,0.001683518
99.984984,0.066971,-0.210672,-0.253764,-9.822582,-9.828118,0.00213,-0.00639,0.003195,97533.5,31.61,-0.003496482
100.052028,0.067044,-0.232218,-0.244188,-9.822582,-9.828361,0.003195,-0.00426,0.00213,97516.96,31.61,-0.003739482
100.118326,0.066298,-0.241794,-0.244188,-9.82737,-9.833376,0.00213,-0.005325,0.00213,97529.36,31.62,-0.008754482
100.185723,0.067397,-0.21546,-0.248976,-9.82737,-9.832884,-0.001065,-0.00852,0.00213,97525.23,31.61,-0.008262482
100.25286,0.067137,-0.198702,-0.2394,-9.810612,-9.815544,0.003195,-0.001065,0.005325,97529.36,31.6,0.009077518
100.319825,0.066965,-0.205884,-0.253764,-9.848916,-9.854336,0,-0.003195,0.00213,97533.5,31.62,-0.029714482
100.387043,0.067218,-0.213066,-0.258552,-9.813006,-9.818724,0,-0.00213,0.00213,97521.1,31.61,0.005897518
100.454282,0.067239,-0.22743,-0.2394,-9.829764,-9.835309,0.001065,-0.003195,0.00213,97529.36,31.6,-0.010687482
100.525397,0.071115,-0.20349,-0.2394,-9.841734,-9.846748,0.00213,-0.00426,0.00426,97521.1,31.61,-0.022126482
100.600814,0.075417,-0.229824,-0.253764,-9.832158,-9.838117,0.00213,-0.005325,0.005325,97521.1,31.61,-0.013495482
100.670735,0.069921,-0.196308,-0.248976,-9.824976,-9.830091,0.001065,-0.00639,0.00639,97533.5,31.6,-0.005469482
100.741512,0.070777,-0.189126,-0.222642,-9.846522,-9.850854,0.001065,-0.005325,0.003195,97529.36,31.6,-0.026232482
100.812936,0.071425,-0.213066,-0.253764,-9.820188,-9.825777,0,-0.00426,0.00426,97537.63,31.61,-0.001155482
100.883214,0.070277,-0.210672,-0.241794,-9.82737,-9.832601,0.001065,-0.00426,0.00213,97521.1,31.6,-0.007979482
100.95311,0.069896,-0.232218,-0.213066,-9.82737,-9.832422,0.00213,-0.00639,0.003195,97529.36,31.61,-0.007800482
101.025037,0.071927,-0.205884,-0.248976,-9.808218,-9.813537,0.005325,-0.007455,0.00426,97529.36,31.61,0.011084518
101.093012,0.067974,-0.229824,-0.25137,-9.810612,-9.816522,0.003195,-0.00639,0.00213,97516.96,31.6,0.008099518
101.162984,0.069972,-0.22743,-0.26334,-9.836946,-9.843098,0.003195,-0.005325,0.00426,97533.5,31.59,-0.018476482
101.233344,0.07036,-0.217854,-0.27531,-9.822582,-9.828854,0.001065,-0.005325,0.00213,97529.36,31.59,-0.004232482
101.30418,0.070836,-0.196308,-0.265734,-9.85131,-9.856848,0.003195,-0.00213,0.00426,97529.36,31.61,-0.032226482
101.372442,0.068262,-0.213066,-0.220248,-9.83934,-9.844111,0.005325,-0.003195,0.00426,97533.5,31.61,-0.019489482
101.442878,0.070436,-0.213066,-0.232218,-9.829764,-9.834815,0.003195,-0.007455,0.003195,97521.1,31.6,-0.010193482
101.513023,0.070145,-0.201096,-0.253764,-9.824976,-9.83031,-0.001065,-0.005325,0.001065,97521.1,31.61,-0.005688482
101.583689,0.070667,-0.220248,-0.229824,-9.82737,-9.832524,0.003195,-0.00639,0.001065,97525.23,31.6,-0.007902482
101.650905,0.067215,-0.229824,-0.248976,-9.841734,-9.847565,0.001065,-0.00639,0.003195,97529.36,31.6,-0.022943482
101.7195,0.068595,-0.229824,-0.25137,-9.822582,-9.828485,0.001065,-0.005325,0.003195,97529.36,31.6,-0.003863482
101.789325,0.069825,-0.20349,-0.246582,-9.85131,-9.856496,0,-0.00639,0.00639,97529.36,31.6,-0.031874482
101.858554,0.069229,-0.213066,-0.244188,-9.836946,-9.842283,0,-0.005325,0.001065,97545.9,31.61,-0.017661482
101.930099,0.071545,-0.205884,-0.2394,-9.844128,-9.849191,0,-0.00426,0.00213,97529.36,31.61,-0.024569482
101.997229,0.06713,-0.198702,-0.232218,-9.798642,-9.803407,0,-0.005325,0.00213,97529.36,31.61,0.021214518
102.064891,0.067662,-0.229824,-0.260946,-9.841734,-9.847875,0.005325,-0.005325,0.00426,97537.63,31.61,-0.023253482
102.132021,0.06713,-0.20349,-0.277704,-9.813006,-9.819043,0.001065,-0.00426,0.003195,97521.1,31.6,0.005578518
102.199307,0.067286,-0.234612,-0.258552,-9.832158,-9.838355,0.001065,-0.00426,0.003195,97525.23,31.62,-0.013733482
102.266324,0.067017,-0.225036,-0.2394,-9.82737,-9.832861,0.005325,-0.00639,0.00639,97533.5,31.6,-0.008239482
102.333464,0.06714,-0.222642,-0.25137,-9.832158,-9.83789,0.003195,-0.00639,0.00426,97529.36,31.6,-0.013268482
102.40054,0.067077,-0.22743,-0.244188,-9.810612,-9.816285,-0.00213,-0.005325,0.00213,97529.36,31.6,0.008336518
102.468438,0.067898,-0.205884,-0.234612,-9.836946,-9.841897,0.003195,-0.005325,0.003195,97537.63,31.6,-0.017275482
102.535503,0.067065,-0.208278,-0.26334,-9.822582,-9.828319,0.003195,-0.009585,0.00426,97529.36,31.59,-0.003697482
102.60228,0.066777,-0.232218,-0.237006,-9.844128,-9.849718,0.003195,-0.00426,0.005325,97521.1,31.59,-0.025096482
102.668938,0.066658,-0.210672,-0.220248,-9.810612,-9.815345,0,-0.007455,0.005325,97521.1,31.59,0.009276518
102.735979,0.067041,-0.210672,-0.25137,-9.817794,-9.823271,0.00213,-0.00852,0.00426,97537.63,31.6,0.001350518
102.803008,0.067029,-0.222642,-0.2394,-9.810612,-9.816058,0.003195,-0.007455,0.00426,97533.5,31.59,0.008563518
102.870136,0.067128,-0.222642,-0.244188,-9.808218,-9.813783,0.001065,-0.00639,0.003195,97521.1,31.59,0.010838518
102.936965,0.066829,-0.205884,-0.229824,-9.829764,-9.834606,0.003195,-0.007455,0.00426,97525.23,31.59,-0.009984482
103.00378,0.066816,-0.234612,-0.248976,-9.8154,-9.82136,-0.00213,-0.00426,0.001065,97533.5,31.6,0.003261518
103.071306,0.067526,-0.217854,-0.232218,-9.813006,-9.818171,0,-0.005325,0.003195,97521.1,31.61,0.006450518
103.138568,0.067262,-0.189126,-0.244188,-9.822582,-9.827437,0.003195,-0.00639,0.00213,97533.5,31.61,-0.002815482
103.205476,0.066908,-0.201096,-0.26334,-9.85131,-9.856881,0.003195,-0.00639,0.00213,97521.1,31.61,-0.032259482
103.272813,0.067337,-0.217854,-0.205884,-9.824976,-9.829547,-0.00213,-0.00426,0.003195,97516.96,31.59,-0.004925482
103.340106,0.067292,-0.217854,-0.244188,-9.824976,-9.830424,0.00213,-0.00639,0.005325,97529.36,31.59,-0.005802482
103.407133,0.067027,-0.237006,-0.26334,-9.836946,-9.843324,0.00426,-0.00639,0.003195,97537.63,31.61,-0.018702482
103.474262,0.06713,-0.229824,-0.265734,-9.8154,-9.821686,0.001065,-0.005325,0.003195,97521.1,31.61,0.002935518
103.541588,0.067326,-0.220248,-0.256158,-9.817794,-9.823604,0.001065,-0.00426,0.005325,97529.36,31.59,0.001017518
103.609411,0.067824,-0.20349,-0.268128,-9.836946,-9.842703,0.00426,-0.00639,0.00213,97529.36,31.6,-0.018081482
103.676129,0.066717,-0.222642,-0.284886,-9.801036,-9.807703,0.001065,-0.005325,0.003195,97529.36,31.59,0.016918518
103.748179,0.07205,-0.213066,-0.246582,-9.832158,-9.837557,0,-0.005325,0.00426,97529.36,31.59,-0.012935482
103.821076,0.072897,-0.225036,-0.237006,-9.824976,-9.83041,0,-0.005325,0.003195,97541.76,31.6,-0.005788482
103.888743,0.067667,-0.193914,-0.253764,-9.834552,-9.839736,0.00213,-0.005325,0.00426,97533.5,31.6,-0.015114482
103.955842,0.067099,-0.217854,-0.2394,-9.824976,-9.830307,0.00213,-0.00639,0.003195,97537.63,31.59,-0.005685482
104.022814,0.066972,-0.210672,-0.25137,-9.832158,-9.837627,0.003195,-0.00639,0.003195,97529.36,31.59,-0.013005482
104.09001,0.067196,-0.196308,-0.234612,-9.822582,-9.827344,0,-0.005325,0.00426,97533.5,31.6,-0.002722482
104.157632,0.067622,-0.217854,-0.241794,-9.813006,-9.818402,0.00213,-0.00639,0.003195,97529.36,31.6,0.006219518
104.223997,0.066366,-0.21546,-0.268128,-9.829764,-9.83578,0.001065,-0.00639,0.003195,97533.5,31.6,-0.011158482
104.291113,0.067116,-0.2394,-0.258552,-9.8154,-9.821723,0.00426,-0.007455,0.00426,97537.63,31.6,0.002898518
104.358139,0.067026,-0.246582,-0.208278,-9.813006,-9.818313,0.00213,-0.00639,0.00639,97525.23,31.6,0.006308518
104.425224,0.067085,-0.217854,-0.26334,-9.8154,-9.821348,0.003195,-0.00639,0.00213,97533.5,31.59,0.003273518
104.492591,0.067367,-0.193914,-0.25137,-9.817794,-9.822926,0.005325,-0.00852,0.005325,97529.36,31.59,0.001695518
104.559312,0.066721,-0.210672,-0.225036,-9.848916,-9.853739,0.00213,-0.007455,0.003195,97533.5,31.59,-0.029117482
104.627329,0.068017,-0.225036,-0.244188,-9.82737,-9.832979,0.003195,-0.00639,0.00426,97537.63,31.6,-0.008357482
104.697853,0.070524,-0.208278,-0.260946,-9.8154,-9.821077,0.00213,-0.007455,0.003195,97521.1,31.59,0.003544518
104.767252,0.069399,-0.189126,-0.2394,-9.82737,-9.832105,0.00213,-0.00852,0.00213,97533.5,31.6,-0.007483482
104.839588,0.072336,-0.217854,-0.289674,-9.824976,-9.831659,0.005325,-0.00639,0.001065,97537.63,31.6,-0.007037482
104.90729,0.067702,-0.229824,-0.248976,-9.853704,-9.859528,0.003195,-0.00852,0.003195,97537.63,31.59,-0.034906482
104.977307,0.070017,-0.201096,-0.237006,-9.820188,-9.825106,0.00213,-0.00639,0.00426,97541.76,31.6,-0.000484482
105.047408,0.070101,-0.213066,-0.256158,-9.824976,-9.830624,0.001065,-0.00639,0.00426,97537.63,31.59,-0.006002482
105.118368,0.07096,-0.184338,-0.244188,-9.8154,-9.820167,0,-0.003195,0.003195,97533.5,31.6,0.004454518
105.186805,0.068437,-0.244188,-0.21546,-9.822582,-9.827979,0.001065,-0.007455,0.00426,97529.36,31.6,-0.003357482
105.25355,0.066745,-0.246582,-0.25137,-9.858492,-9.864778,0.00426,-0.007455,0.00213,97533.5,31.59,-0.040156482
105.320062,0.066512,-0.196308,-0.272916,-9.8154,-9.821156,0.003195,-0.00852,0.00426,97537.63,31.59,0.003465518
105.387034,0.066973,-0.205884,-0.220248,-9.829764,-9.834386,0.001065,-0.00852,0.00426,97533.5,31.6,-0.009764482
105.454282,0.067247,-0.217854,-0.225036,-9.856098,-9.861073,0.00213,-0.005325,0.00426,97521.1,31.59,-0.036451482
105.52107,0.066789,-0.220248,-0.234612,-9.801036,-9.806317,0.001065,-0.003195,0.00213,97537.63,31.6,0.018304518
105.588143,0.067073,-0.20349,-0.225036,-9.824976,-9.829659,-0.001065,-0.005325,0.005325,97537.63,31.6,-0.005037482
105.655355,0.067212,-0.19152,-0.265734,-9.832158,-9.837613,0.003195,-0.005325,0.00639,97533.5,31.59,-0.012991482
105.722252,0.066897,-0.234612,-0.241794,-9.820188,-9.825966,0.001065,-0.00426,0.001065,97533.5,31.6,-0.001344482
105.788936,0.066684,-0.22743,-0.237006,-9.829764,-9.835251,0.00213,-0.005325,0.00213,97529.36,31.6,-0.010629482
105.856398,0.067462,-0.189126,-0.241794,-9.846522,-9.851306,0.005325,-0.00426,0.001065,97529.36,31.59,-0.026684482
105.9231,0.066703,-0.225036,-0.253764,-9.824976,-9.830829,-0.001065,-0.00852,0.00213,97529.36,31.59,-0.006207482
105.991932,0.068832,-0.22743,-0.234612,-9.844128,-9.849549,0,-0.00639,0.001065,97533.5,31.59,-0.024927482
106.062516,0.070583,-0.21546,-0.220248,-9.834552,-9.839377,0.00213,-0.00213,0.005325,97529.36,31.59,-0.014755482
106.132634,0.070118,-0.222642,-0.234612,-9.822582,-9.827906,0.00213,-0.005325,0.003195,97537.63,31.59,-0.003284482
106.203351,0.070717,-0.21546,-0.2394,-9.834552,-9.839825,0.003195,-0.00852,0.00426,97537.63,31.59,-0.015203482
106.271844,0.068493,-0.244188,-0.225036,-9.820188,-9.825801,0.00213,-0.005325,0.003195,97521.1,31.59,-0.001179482
106.341208,0.069363,-0.225036,-0.270522,-9.834552,-9.840845,-0.001065,-0.005325,0.00426,97521.1,31.59,-0.016223482
106.409104,0.067896,-0.20349,-0.237006,-9.808218,-9.813191,-0.001065,-0.00639,0,97529.36,31.59,0.011430518
106.478275,0.069171,-0.222642,-0.222642,-9.841734,-9.846769,0.003195,-0.005325,0.00426,97529.36,31.59,-0.022147482
106.550121,0.071846,-0.225036,-0.234612,-9.789066,-9.794463,0.00213,-0.00639,0,97529.36,31.59,0.030158518
106.61715,0.067029,-0.21546,-0.244188,-9.829764,-9.835157,0.001065,-0.00213,0.003195,97537.63,31.59,-0.010535482
106.684154,0.067004,-0.19152,-0.27531,-9.824976,-9.830698,0.003195,-0.005325,0.00639,97529.36,31.59,-0.006076482
106.751523,0.067369,-0.22743,-0.234612,-9.83934,-9.844764,0.001065,-0.00426,0.005325,97529.36,31.59,-0.020142482
106.818364,0.06684,-0.186732,-0.198702,-9.834552,-9.838331,0.00213,-0.00639,0.00426,97533.5,31.59,-0.013709482
106.885705,0.067341,-0.234612,-0.246582,-9.822582,-9.828477,0.00426,-0.005325,0.003195,97533.5,31.6,-0.003855482
106.952872,0.067167,-0.232218,-0.222642,-9.8154,-9.820671,0.001065,-0.00639,0.005325,97529.36,31.59,0.003950518
107.020327,0.067455,-0.186732,-0.237006,-9.8154,-9.820037,0.001065,-0.00426,0.00213,97529.36,31.59,0.004584518
107.087983,0.067656,-0.217854,-0.26334,-9.860886,-9.866807,0.00213,-0.007455,0.003195,97525.23,31.59,-0.042185482
107.154314,0.066331,-0.220248,-0.260946,-9.82737,-9.833301,0.003195,-0.005325,0.005325,97529.36,31.59,-0.008679482
107.221577,0.067262,-0.222642,-0.268128,-9.841734,-9.847903,0.003195,-0.005325,0.003195,97529.36,31.6,-0.023281482
107.289093,0.067517,-0.19152,-0.246582,-9.808218,-9.813186,0.003195,-0.007455,0.00426,97537.63,31.58,0.011435518
107.356655,0.067561,-0.22743,-0.246582,-9.82737,-9.833094,0.003195,-0.00639,0.00213,97529.36,31.59,-0.008472482
107.426148,0.069494,-0.20349,-0.22743,-9.82737,-9.832107,0,-0.003195,0.00426,97529.36,31.59,-0.007485482
107.495842,0.069694,-0.181944,-0.237006,-9.836946,-9.841483,0.003195,-0.00639,0.00213,97537.63,31.59,-0.016861482
107.567673,0.071831,-0.213066,-0.258552,-9.829764,-9.835472,0.00213,-0.005325,0.003195,97533.5,31.59,-0.010850482
107.63481,0.067138,-0.213066,-0.234612,-9.832158,-9.837264,0.005325,-0.00639,0.00639,97537.63,31.59,-0.012642482
107.703182,0.068372,-0.208278,-0.246582,-9.824976,-9.830276,0.003195,-0.00639,0.003195,97525.23,31.59,-0.005654482
107.773479,0.070297,-0.229824,-0.256158,-9.808218,-9.814254,0.00213,-0.005325,0.003195,97537.63,31.58,0.010367518
107.843683,0.070204,-0.232218,-0.244188,-9.808218,-9.814005,-0.001065,-0.00639,0.003195,97537.63,31.59,0.010616518
107.914863,0.07118,-0.213066,-0.265734,-9.808218,-9.81413,0.001065,-0.005325,0.005325,97537.63,31.59,0.010491518
107.981579,0.066716,-0.220248,-0.241794,-9.829764,-9.835204,0,-0.005325,0.00426,97516.96,31.59,-0.010582482
108.048895,0.067315,-0.19152,-0.27531,-9.829764,-9.835484,0.003195,-0.00639,0.00213,97537.63,31.59,-0.010862482
108.116502,0.067607,-0.232218,-0.237006,-9.844128,-9.849718,0,-0.005325,0.003195,97541.76,31.58,-0.025096482
108.18298,0.066478,-0.217854,-0.201096,-9.801036,-9.805519,0.001065,-0.00213,0.00426,97529.36,31.59,0.019102518
108.250318,0.067338,-0.213066,-0.25137,-9.841734,-9.847249,0.003195,-0.00639,0.00213,97525.23,31.58,-0.022627482
108.317609,0.067291,-0.234612,-0.270522,-9.8154,-9.82193,0.003195,-0.007455,0.003195,97537.63,31.59,0.002691518
108.384347,0.066739,-0.244188,-0.234612,-9.810612,-9.816454,0.001065,-0.00213,0.00426,97529.36,31.59,0.008167518
108.451978,0.06763,-0.232218,-0.21546,-9.841734,-9.846831,0.001065,-0.007455,0.00426,97529.36,31.59,-0.022209482
108.519169,0.067191,-0.21546,-0.280098,-9.824976,-9.831329,0.001065,-0.007455,0.00639,97533.5,31.59,-0.006707482
108.585807,0.066638,-0.237006,-0.210672,-9.808218,-9.813343,0.001065,-0.00213,0,97537.63,31.59,0.011278518
108.653464,0.067656,-0.210672,-0.234612,-9.841734,-9.846784,0.003195,-0.005325,0.003195,97529.36,31.59,-0.022162482
108.720167,0.066704,-0.20349,-0.253764,-9.832158,-9.837537,0.00213,-0.00426,0.00426,97533.5,31.59,-0.012915482
108.787651,0.067484,-0.222642,-0.21546,-9.798642,-9.803539,0.001065,-0.00639,0.001065,97537.63,31.59,0.021082518
108.855205,0.067554,-0.237006,-0.222642,-9.846522,-9.85189,0.003195,-0.007455,0.005325,97529.36,31.59,-0.027268482
108.922636,0.067431,-0.208278,-0.222642,-9.853704,-9.858419,0.00213,-0.005325,0.003195,97529.36,31.59,-0.033797482
108.995267,0.072632,-0.201096,-0.244188,-9.834552,-9.839638,0,-0.007455,0.00426,97529.36,31.58,-0.015016482
109.066335,0.071067,-0.205884,-0.248976,-9.813006,-9.818323,0.003195,-0.007455,0.005325,97533.5,31.59,0.006298518
109.133764,0.067429,-0.22743,-0.237006,-9.832158,-9.837643,0.00213,-0.007455,0.001065,97521.1,31.59,-0.013021482
109.201016,0.067252,-0.217854,-0.22743,-9.82737,-9.832415,0.001065,-0.00426,0.005325,97537.63,31.58,-0.007793482
109.268644,0.067628,-0.21546,-0.253764,-9.810612,-9.816258,0.00213,-0.00639,0.00426,97529.36,31.58,0.008363518
109.33586,0.067216,-0.225036,-0.246582,-9.80343,-9.809112,0.00213,-0.00639,0.001065,97529.36,31.6,0.015509518
109.402991,0.067131,-0.222642,-0.268128,-9.836946,-9.843118,0.00213,-0.007455,0.00213,97537.63,31.59,-0.018496482
109.469747,0.066756,-0.208278,-0.25137,-9.824976,-9.830398,0.001065,-0.00639,0.00426,97541.76,31.59,-0.005776482
109.537037,0.06729,-0.22743,-0.270522,-9.805824,-9.812191,0.003195,-0.00639,0.00213,97533.5,31.59,0.012430518
109.603895,0.066858,-0.205884,-0.241794,-9.793854,-9.799001,0.00213,-0.00426,0.003195,97525.23,31.59,0.025620518
109.670953,0.067058,-0.198702,-0.246582,-9.824976,-9.830078,0,-0.00426,0.00639,97537.63,31.59,-0.005456482
109.738043,0.06709,-0.189126,-0.25137,-9.829764,-9.834796,0.003195,-0.00639,0.005325,97529.36,31.59,-0.010174482
109.805058,0.067014,-0.222642,-0.248976,-9.829764,-9.835437,0,-0.00426,0.00213,97541.76,31.59,-0.010815482
109.871988,0.06693,-0.172368,-0.25137,-9.813006,-9.817738,0.00213,-0.00639,0.00426,97516.96,31.58,0.006883518
109.939353,0.067365,-0.246582,-0.213066,-9.813006,-9.818416,0.003195,-0.00639,0.00213,97529.36,31.59,0.006205518
110.006081,0.066728,-0.225036,-0.2394,-9.810612,-9.816112,0.001065,-0.007455,0.00213,97521.1,31.59,0.008509518
110.073158,0.067077,-0.220248,-0.256158,-9.808218,-9.814034,0.003195,-0.00852,0.00426,97537.63,31.59,0.010587518
110.140249,0.067091,-0.20349,-0.296856,-9.817794,-9.824389,0,-0.00852,0.00213,97537.63,31.58,0.000232518
110.207895,0.067646,-0.220248,-0.260946,-9.834552,-9.840478,0.00213,-0.00639,0.003195,97533.5,31.59,-0.015856482
110.275316,0.067421,-0.198702,-0.234612,-9.820188,-9.825,0.001065,-0.007455,0.00426,97541.76,31.59,-0.000378482
110.34262,0.067304,-0.20349,-0.265734,-9.836946,-9.842638,0.00213,-0.005325,0.00213,97529.36,31.58,-0.018016482
110.409976,0.067356,-0.220248,-0.256158,-9.824976,-9.830782,0.00213,-0.00639,0.00213,97541.76,31.59,-0.006160482
110.4805,0.070524,-0.201096,-0.246582,-9.813006,-9.818163,0,-0.00426,0.00213,97537.63,31.58,0.006458518
110.554379,0.073879,-0.213066,-0.210672,-9.798642,-9.803222,0.001065,-0.00639,0.00213,97537.63,31.59,0.021399518
110.622529,0.06815,-0.222642,-0.256158,-9.798642,-9.804518,0,-0.001065,0.003195,97529.36,31.58,0.020103518
110.69199,0.069461,-0.208278,-0.248976,-9.841734,-9.847086,0.00213,-0.005325,0.00426,97533.5,31.58,-0.022464482
110.762304,0.070314,-0.196308,-0.258552,-9.824976,-9.830338,0.001065,-0.007455,0.00426,97537.63,31.58,-0.005716482
110.833651,0.071347,-0.220248,-0.253764,-9.832158,-9.837898,0.001065,-0.005325,0.003195,97533.5,31.58,-0.013276482
110.90159,0.067938,-0.22743,-0.248976,-9.786672,-9.79248,0.001065,-0.00639,0.00213,97533.5,31.58,0.032141518
110.969024,0.067435,-0.210672,-0.270522,-9.813006,-9.818994,0,-0.00426,0.003195,97529.36,31.59,0.005627518
111.036161,0.067137,-0.217854,-0.217854,-9.836946,-9.84177,0.00426,-0.00639,0.005325,97533.5,31.6,-0.017148482
111.108512,0.07235,-0.20349,-0.229824,-9.817794,-9.822592,0.003195,-0.00639,0.00426,97537.63,31.58,0.002029518
111.179981,0.071469,-0.244188,-0.237006,-9.832158,-9.838045,0.003195,-0.00639,0.003195,97529.36,31.58,-0.013423482
111.247001,0.06702,-0.208278,-0.26334,-9.824976,-9.830711,0.00213,-0.007455,0.003195,97537.63,31.58,-0.006089482
111.314257,0.067256,-0.19152,-0.248976,-9.82737,-9.832389,0.001065,-0.00639,0.005325,97525.23,31.57,-0.007767482
111.381562,0.067304,-0.237006,-0.225036,-9.832158,-9.837588,0.00213,-0.00639,0.00213,97533.5,31.58,-0.012966482
111.448826,0.067265,-0.225036,-0.26334,-9.810612,-9.816725,0.00213,-0.00639,0.005325,97525.23,31.58,0.007896518
111.515957,0.06713,-0.25137,-0.265734,-9.813006,-9.819821,0.00213,-0.00639,0.00213,97529.36,31.58,0.004800518
111.583162,0.067206,-0.210672,-0.237006,-9.8154,-9.820521,0,-0.005325,0.00426,97533.5,31.59,0.004100518
111.650449,0.067287,-0.222642,-0.248976,-9.82737,-9.833044,0.00213,-0.00213,0.00213,97533.5,31.59,-0.008422482
111.718134,0.067685,-0.193914,-0.270522,-9.805824,-9.811471,0.001065,-0.003195,0.003195,97512.83,31.59,0.013150518
111.784915,0.066781,-0.20349,-0.229824,-9.82737,-9.832163,0,-0.00426,0.00213,97529.36,31.59,-0.007541482
111.851933,0.067017,-0.21546,-0.217854,-9.822582,-9.82736,0.00426,-0.00639,0.003195,97545.9,31.58,-0.002738482
111.919763,0.06783,-0.208278,-0.260946,-9.822582,-9.828255,0.003195,-0.00852,0.00426,97529.36,31.58,-0.003633482
111.986572,0.066808,-0.229824,-0.246582,-9.808218,-9.814008,0.001065,-0.00639,0,97533.5,31.59,0.010613518
112.054033,0.067461,-0.232218,-0.244188,-9.82737,-9.833146,0.001065,-0.005325,0.00426,97541.76,31.59,-0.008524482
112.121133,0.067101,-0.217854,-0.280098,-9.824976,-9.831382,0.005325,-0.005325,0.005325,97541.76,31.59,-0.006760482
112.188489,0.067356,-0.205884,-0.22743,-9.856098,-9.860871,0,-0.005325,0.00426,97533.5,31.58,-0.036249482
112.255344,0.066855,-0.20349,-0.256158,-9.834552,-9.839992,0,-0.005325,0.00213,97533.5,31.58,-0.015370482
112.322397,0.067053,-0.21546,-0.237006,-9.832158,-9.837374,0.003195,-0.00426,0.005325,97529.36,31.58,-0.012752482
112.389696,0.067298,-0.244188,-0.220248,-9.829764,-9.835263,0.001065,-0.00639,0.00426,97525.23,31.58,-0.010641482
112.456884,0.067189,-0.222642,-0.244188,-9.832158,-9.837709,0.00213,-0.00639,0.00426,97537.63,31.58,-0.013087482
112.523766,0.066882,-0.241794,-0.26334,-9.836946,-9.84344,0.00213,-0.005325,0.003195,97537.63,31.57,-0.018818482
112.590547,0.066781,-0.237006,-0.253764,-9.813006,-9.819147,0.001065,-0.005325,0.00426,97541.76,31.58,0.005474518
112.657276,0.066729,-0.205884,-0.241794,-9.80343,-9.808572,0,-0.00426,0.00213,97529.36,31.58,0.016049518
112.724256,0.066981,-0.22743,-0.258552,-9.805824,-9.811868,0.005325,-0.00852,0.003195,97537.63,31.58,0.012753518
112.791468,0.067211,-0.237006,-0.229824,-9.824976,-9.830521,0.001065,-0.005325,0.00426,97533.5,31.58,-0.005899482
112.859699,0.068231,-0.208278,-0.217854,-9.834552,-9.839169,0.003195,-0.00639,0.00426,97537.63,31.58,-0.014547482
112.931679,0.07198,-0.198702,-0.248976,-9.834552,-9.83971,0.00213,-0.003195,0.001065,97529.36,31.58,-0.015088482
113.004508,0.072828,-0.189126,-0.260946,-9.8154,-9.820689,0.001065,-0.007455,0.003195,97529.36,31.58,0.003932518
113.078261,0.073754,-0.213066,-0.237006,-9.829764,-9.834929,0.001065,-0.005325,0.00213,97529.36,31.58,-0.010307482
113.148743,0.070482,-0.237006,-0.237006,-9.822582,-9.828299,0,-0.007455,0.003195,97541.76,31.58,-0.003677482
113.216064,0.067321,-0.210672,-0.244188,-9.844128,-9.849409,0.003195,-0.009585,0.00426,97533.5,31.57,-0.024787482
113.283213,0.067149,-0.208278,-0.2394,-9.822582,-9.827706,0.00213,-0.007455,0.003195,97533.5,31.58,-0.003084482
113.350396,0.067183,-0.241794,-0.217854,-9.82737,-9.832758,0.001065,-0.00426,0.00213,97541.76,31.58,-0.008136482
113.417826,0.06743,-0.208278,-0.22743,-9.824976,-9.829815,0.00426,-0.00639,0.00426,97537.63,31.58,-0.005193482
113.484733,0.066907,-0.213066,-0.225036,-9.829764,-9.834648,0.003195,-0.007455,0.00639,97537.63,31.58,-0.010026482
113.551614,0.066881,-0.205884,-0.229824,-9.80343,-9.808285,0,-0.00639,0.005325,97529.36,31.57,0.016336518
113.619577,0.067963,-0.2394,-0.2394,-9.82737,-9.8332,0,-0.00426,0.001065,97529.36,31.58,-0.008578482
113.687277,0.0677,-0.260946,-0.272916,-9.820188,-9.827445,0.00213,-0.00426,0.001065,97537.63,31.58,-0.002823482
113.754338,0.06706,-0.246582,-0.237006,-9.808218,-9.814179,0.001065,-0.003195,0.005325,97525.23,31.58,0.010442518
113.821048,0.06671,-0.19152,-0.248976,-9.810612,-9.815639,0,-0.00426,0.00426,97545.9,31.57,0.008982518
113.888177,0.067129,-0.184338,-0.25137,-9.834552,-9.839491,0.00213,-0.00852,0.00213,97537.63,31.57,-0.014869482
113.955368,0.067191,-0.208278,-0.256158,-9.813006,-9.818558,0.00213,-0.00426,0.003195,97537.63,31.58,0.006063518
114.022422,0.067054,-0.237006,-0.217854,-9.8154,-9.820678,-0.003195,-0.005325,0.001065,97541.76,31.58,0.003943518
114.089844,0.067422,-0.217854,-0.25137,-9.824976,-9.830605,0.00213,-0.00639,0.001065,97537.63,31.58,-0.005983482
114.157118,0.067273,-0.186732,-0.27531,-9.824976,-9.830606,0.001065,-0.00852,0.003195,97537.63,31.58,-0.005984482
114.229155,0.072037,-0.22743,-0.217854,-9.801036,-9.806095,0,-0.00426,0.00426,97533.5,31.57,0.018526518
114.302518,0.073362,-0.186732,-0.217854,-9.829764,-9.833951,0.001065,-0.005325,0.00426,97537.63,31.57,-0.009329482
114.375646,0.073129,-0.246582,-0.253764,-9.813006,-9.819383,0.00213,-0.005325,0.003195,97533.5,31.57,0.005238518
114.446312,0.070666,-0.220248,-0.253764,-9.86328,-9.869002,0.00213,-0.00639,0.00426,97529.36,31.57,-0.044380482
114.513292,0.06698,-0.22743,-0.246582,-9.808218,-9.813953,0,-0.005325,0.00213,97533.5,31.57,0.010668518
114.581165,0.067873,-0.217854,-0.237006,-9.822582,-9.827856,0,-0.00639,0.00426,97541.76,31.58,-0.003234482
114.647954,0.066789,-0.205884,-0.258552,-9.85131,-9.856853,0.001065,-0.005325,0.003195,97533.5,31.58,-0.032231482
114.719074,0.071121,-0.193914,-0.241794,-9.829764,-9.834649,0.001065,-0.007455,0.001065,97537.63,31.57,-0.010027482
114.789036,0.069961,-0.232218,-0.246582,-9.793854,-9.799709,0.001065,-0.007455,0.001065,97545.9,31.57,0.024912518
114.859868,0.070832,-0.198702,-0.265734,-9.829764,-9.835363,0,-0.005325,0.003195,97537.63,31.57,-0.010741482
114.927237,0.067369,-0.205884,-0.256158,-9.808218,-9.813722,0.001065,-0.003195,0.00213,97533.5,31.57,0.010899518
114.994007,0.06677,-0.198702,-0.248976,-9.846522,-9.851673,0.001065,-0.00852,0.00213,97529.36,31.57,-0.027051482
115.061386,0.067379,-0.232218,-0.229824,-9.824976,-9.830407,0.001065,-0.005325,0.005325,97537.63,31.58,-0.005785482
115.128651,0.067265,-0.217854,-0.244188,-9.824976,-9.830424,0,-0.00639,0.00426,97529.36,31.58,-0.005802482
115.195705,0.067054,-0.198702,-0.2394,-9.822582,-9.827508,0.001065,-0.00426,0.00213,97537.63,31.58,-0.002886482
115.262389,0.066684,-0.2394,-0.229824,-9.834552,-9.84015,0.00426,-0.009585,0.005325,97537.63,31.57,-0.015528482
115.330351,0.067962,-0.20349,-0.246582,-9.820188,-9.825391,0,-0.003195,0.00426,97533.5,31.58,-0.000769482
115.397726,0.067374,-0.201096,-0.225036,-9.79146,-9.79611,0.003195,-0.005325,0.00213,97529.36,31.57,0.028511518
115.464557,0.066832,-0.210672,-0.248976,-9.8154,-9.820817,0.00213,-0.005325,0.001065,97537.63,31.57,0.003804518
115.531847,0.067289,-0.217854,-0.253764,-9.817794,-9.823489,0,-0.00426,0.003195,97537.63,31.57,0.001132518
115.59892,0.067074,-0.196308,-0.244188,-9.853704,-9.858684,0.00426,-0.00426,0.00426,97537.63,31.57,-0.034062482
115.669127,0.070207,-0.25137,-0.248976,-9.810612,-9.81699,0.005325,-0.007455,0.001065,97541.76,31.56,0.007631518
115.743615,0.074488,-0.208278,-0.258552,-9.813006,-9.818621,0.003195,-0.00639,0.00639,97541.76,31.57,0.006000518
115.811377,0.067762,-0.22743,-0.284886,-9.83934,-9.84609,0.003195,-0.005325,0.003195,97533.5,31.57,-0.021468482
115.878427,0.06705,-0.208278,-0.253764,-9.834552,-9.84003,0.001065,-0.005325,0.003195,97537.63,31.58,-0.015408482
115.94518,0.066753,-0.220248,-0.237006,-9.829764,-9.835087,0.001065,-0.009585,0.005325,97529.36,31.57,-0.010465482
116.012392,0.067212,-0.213066,-0.253764,-9.836946,-9.842525,0.003195,-0.00639,0.003195,97537.63,31.56,-0.017903482
116.079718,0.067325,-0.201096,-0.253764,-9.846522,-9.851844,0,-0.00852,0.00213,97521.1,31.57,-0.027222482
116.146512,0.066795,-0.217854,-0.241794,-9.832158,-9.837543,0.001065,-0.00639,0.00213,97537.63,31.57,-0.012921482
116.213642,0.06713,-0.220248,-0.241794,-9.829764,-9.835204,0.003195,-0.005325,0.00213,97537.63,31.57,-0.010582482
116.280837,0.067194,-0.232218,-0.270522,-9.817794,-9.824265,0.001065,-0.005325,0.005325,97533.5,31.56,0.000356518
116.347922,0.067085,-0.196308,-0.246582,-9.82737,-9.832423,-0.001065,-0.00426,0,97541.76,31.57,-0.007801482
116.41494,0.067019,-0.208278,-0.237006,-9.832158,-9.837219,0.003195,-0.00852,0.001065,97537.63,31.57,-0.012597482
116.482268,0.067327,-0.232218,-0.237006,-9.82737,-9.83297,0.00213,-0.005325,0.00213,97533.5,31.57,-0.008348482
116.549903,0.067636,-0.225036,-0.225036,-9.80343,-9.808594,0.003195,-0.00639,0.005325,97525.23,31.56,0.016027518
116.619917,0.070014,-0.220248,-0.229824,-9.820188,-9.825346,0.00426,-0.00639,0,97537.63,31.57,-0.000724482
116.687967,0.06805,-0.189126,-0.258552,-9.832158,-9.837375,0.003195,-0.00426,0.00639,97525.23,31.57,-0.012753482
116.758122,0.070155,-0.21546,-0.25137,-9.820188,-9.825767,0,-0.005325,0.00426,97541.76,31.57,-0.001145482
116.829023,0.070901,-0.205884,-0.258552,-9.817794,-9.823356,0.00213,-0.003195,0.003195,97533.5,31.57,0.001265518
116.896542,0.067519,-0.2394,-0.229824,-9.808218,-9.813831,0.001065,-0.00639,0.003195,97537.63,31.57,0.010790518
116.963607,0.067065,-0.217854,-0.229824,-9.832158,-9.837256,0.00426,-0.007455,0.00639,97537.63,31.56,-0.012634482
117.030875,0.067268,-0.225036,-0.282492,-9.822582,-9.82922,0.00213,-0.007455,0.00426,97537.63,31.57,-0.004598482
117.098305,0.06743,-0.20349,-0.268128,-9.824976,-9.83074,0.001065,-0.007455,0.00213,97537.63,31.57,-0.006118482
117.16497,0.066665,-0.237006,-0.232218,-9.817794,-9.823399,0.001065,-0.00426,0.00213,97533.5,31.57,0.001222518
117.232395,0.067425,-0.21546,-0.253764,-9.82737,-9.833007,0.003195,-0.00639,0.001065,97529.36,31.56,-0.008385482
117.299116,0.066722,-0.220248,-0.25137,-9.844128,-9.8498,0.00213,-0.005325,0.003195,97537.63,31.57,-0.025178482
117.366113,0.066997,-0.21546,-0.220248,-9.824976,-9.829806,-0.001065,-0.007455,0.00426,97533.5,31.57,-0.005184482
117.433149,0.067035,-0.220248,-0.253764,-9.813006,-9.818757,0.00426,-0.007455,0.00639,97537.63,31.58,0.005864518
117.500817,0.067668,-0.20349,-0.25137,-9.813006,-9.818334,0.001065,-0.00426,0.007455,97545.9,31.56,0.006287518
117.567875,0.067058,-0.205884,-0.246582,-9.808218,-9.813477,0.001065,-0.005325,0.005325,97529.36,31.56,0.011144518
117.634728,0.066853,-0.20349,-0.258552,-9.813006,-9.81852,0.005325,-0.009585,0.005325,97529.36,31.56,0.006101518
117.701746,0.067018,-0.234612,-0.260946,-9.829764,-9.836025,0.00426,-0.007455,0.00426,97537.63,31.57,-0.011403482
117.768807,0.067061,-0.217854,-0.229824,-9.810612,-9.815721,0.001065,-0.00639,0.003195,97533.5,31.56,0.008900518
117.836427,0.06762,-0.2394,-0.241794,-9.822582,-9.828474,0.001065,-0.00639,0.00213,97533.5,31.58,-0.003852482
117.903733,0.067307,-0.248976,-0.268128,-9.829764,-9.836572,0.00213,-0.00639,0.005325,97537.63,31.56,-0.011950482
117.970486,0.066753,-0.220248,-0.237006,-9.813006,-9.818338,-0.001065,-0.00639,0.00213,97533.5,31.56,0.006283518
118.037578,0.067092,-0.21546,-0.241794,-9.808218,-9.813563,0.003195,-0.003195,0.00213,97537.63,31.56,0.011058518
118.105133,0.067556,-0.220248,-0.268128,-9.836946,-9.843064,0.001065,-0.007455,0.003195,97537.63,31.56,-0.018442482
118.175613,0.070479,-0.210672,-0.268128,-9.846522,-9.852425,0,-0.00426,0.00426,97537.63,31.57,-0.027803482
118.244899,0.069286,-0.21546,-0.25137,-9.817794,-9.823375,0.001065,-0.00426,0.00426,97537.63,31.56,0.001246518
118.315994,0.071095,-0.229824,-0.22743,-9.834552,-9.839866,0.001065,-0.00639,0.005325,97533.5,31.56,-0.015244482
118.383718,0.067724,-0.205884,-0.248976,-9.836946,-9.84225,0.001065,-0.005325,0.00426,97541.76,31.57,-0.017628482
118.451252,0.067534,-0.229824,-0.25137,-9.820188,-9.826093,0.00213,-0.007455,0.00213,97533.5,31.58,-0.001471482
118.518992,0.06774,-0.229824,-0.244188,-9.817794,-9.823519,0.003195,-0.007455,0.00213,97537.63,31.56,0.001102518
118.586238,0.067246,-0.244188,-0.208278,-9.808218,-9.813468,0.001065,-0.005325,0.003195,97533.5,31.57,0.011153518
118.655929,0.069691,-0.208278,-0.234612,-9.834552,-9.839555,0,-0.003195,0.00213,97541.76,31.57,-0.014933482
118.725371,0.069441,-0.217854,-0.234612,-9.844128,-9.849333,0.00213,-0.005325,0.003195,97541.76,31.56,-0.024711482
118.798338,0.072968,-0.225036,-0.260946,-9.82737,-9.833409,0.00213,-0.00852,0.00213,97533.5,31.57,-0.008787482
118.864904,0.066566,-0.217854,-0.26334,-9.834552,-9.840489,0.00426,-0.007455,0.003195,97537.63,31.57,-0.015867482
118.932045,0.06714,-0.217854,-0.256158,-9.810612,-9.816373,0.003195,-0.00426,0.00213,97537.63,31.57,0.008248518
118.998956,0.066911,-0.220248,-0.237006,-9.834552,-9.839873,0.003195,-0.00426,0.003195,97533.5,31.57,-0.015251482
119.066118,0.067162,-0.21546,-0.260946,-9.82737,-9.833195,0.00213,-0.00639,0.00426,97541.76,31.57,-0.008573482
119.133104,0.066985,-0.21546,-0.237006,-9.829764,-9.834981,0.003195,-0.00639,0.003195,97541.76,31.57,-0.010359482
119.2001,0.066996,-0.198702,-0.210672,-9.808218,-9.812492,0.003195,-0.007455,0.005325,97533.5,31.57,0.012129518
119.267196,0.067096,-0.21546,-0.25137,-9.832158,-9.83773,0.00213,-0.007455,0.003195,97541.76,31.56,-0.013108482
119.33428,0.067084,-0.205884,-0.248976,-9.805824,-9.811145,0.001065,-0.00426,0.005325,97541.76,31.56,0.013476518
119.402007,0.067727,-0.22743,-0.225036,-9.798642,-9.803864,0,-0.00639,0.003195,97533.5,31.56,0.020757518
119.469009,0.067002,-0.196308,-0.2394,-9.834552,-9.839424,0.003195,-0.005325,0.00426,97537.63,31.56,-0.014802482
119.536775,0.067767,-0.222642,-0.244188,-9.817794,-9.823354,0.001065,-0.00426,0.00213,97537.63,31.56,0.001267518
119.606228,0.069453,-0.20349,-0.217854,-9.80343,-9.807961,0,-0.00426,0.00213,97541.76,31.56,0.016660518
119.676075,0.069847,-0.22743,-0.225036,-9.85131,-9.856504,0.003195,-0.00426,0.003195,97529.36,31.56,-0.031882482
119.747828,0.071753,-0.253764,-0.248976,-9.829764,-9.836191,0.001065,-0.00426,0.00213,97537.63,31.55,-0.011569482
119.816259,0.068431,-0.22743,-0.248976,-9.810612,-9.816406,0.003195,-0.00426,0.00213,97537.63,31.56,0.008215518
119.88338,0.067121,-0.19152,-0.260946,-9.813006,-9.818343,0.00213,-0.007455,0.00426,97533.5,31.57,0.006278518
119.950287,0.066907,-0.232218,-0.277704,-9.829764,-9.836427,0.001065,-0.00639,0.00426,97541.76,31.56,-0.011805482
120.017651,0.067364,-0.21546,-0.210672,-9.824976,-9.829596,0.00213,-0.00639,0.007455,97541.76,31.56,-0.004974482
120.08439,0.066739,-0.20349,-0.213066,-9.844128,-9.848536,0.003195,-0.007455,0.005325,97537.63,31.56,-0.023914482
120.151364,0.066974,-0.220248,-0.272916,-9.832158,-9.838411,0,-0.00426,0.00426,97545.9,31.56,-0.013789482
120.218311,0.066947,-0.225036,-0.244188,-9.817794,-9.823408,0.001065,-0.00213,0.003195,97545.9,31.56,0.001213518
120.284917,0.066607,-0.193914,-0.258552,-9.810612,-9.815934,0.003195,-0.007455,0.00426,97521.1,31.56,0.008687518
120.352063,0.067145,-0.21546,-0.270522,-9.813006,-9.819098,0.001065,-0.00852,0.00213,97541.76,31.55,0.005523518
120.418835,0.066772,-0.217854,-0.217854,-9.832158,-9.836984,0,-0.005325,0.00213,97537.63,31.56,-0.012362482
120.486324,0.067489,-0.17955,-0.26334,-9.810612,-9.815788,0.00213,-0.00852,0.00426,97545.9,31.57,0.008833518
120.553564,0.06724,-0.246582,-0.268128,-9.829764,-9.836511,0,-0.00639,0.003195,97537.63,31.56,-0.011889482
120.620741,0.067177,-0.222642,-0.248976,-9.793854,-9.799548,0,-0.00426,0.00426,97537.63,31.55,0.025073518
120.687758,0.067018,-0.22743,-0.256158,-9.832158,-9.838123,-0.003195,-0.003195,0.00426,97537.63,31.56,-0.013501482
120.754819,0.06706,-0.220248,-0.260946,-9.834552,-9.840478,0.00213,-0.005325,0.003195,97529.36,31.56,-0.015856482
120.822451,0.067632,-0.229824,-0.237006,-9.798642,-9.804202,0,-0.00639,0.00213,97541.76,31.56,0.020419518
120.889638,0.067187,-0.22743,-0.253764,-9.801036,-9.806958,0.003195,-0.005325,0.00213,97545.9,31.55,0.017663518
120.958826,0.069189,-0.234612,-0.241794,-9.822582,-9.828358,0.003195,-0.007455,0.00426,97537.63,31.56,-0.003736482
121.025037,0.066211,-0.217854,-0.268128,-9.858492,-9.864543,0.00213,-0.00639,0.003195,97533.5,31.55,-0.039921482
121.092221,0.067184,-0.217854,-0.220248,-9.82737,-9.832252,0.00213,-0.005325,0.00426,97537.63,31.56,-0.007630482
121.159535,0.067314,-0.217854,-0.26334,-9.853704,-9.859629,0,-0.003195,0.003195,97537.63,31.55,-0.035007482
121.226055,0.066519,-0.244188,-0.268128,-9.810612,-9.817313,0,-0.00426,0.003195,97529.36,31.56,0.007308518
121.292887,0.066832,-0.198702,-0.234612,-9.822582,-9.827392,-0.001065,-0.00426,0.003195,97529.36,31.56,-0.002770482
121.359588,0.066701,-0.210672,-0.258552,-9.82737,-9.833028,0.00213,-0.005325,0.00426,97525.23,31.56,-0.008406482
121.426349,0.066761,-0.184338,-0.248976,-9.824976,-9.829859,0.005325,-0.00852,0.001065,97525.23,31.56,-0.005237482
121.493235,0.066886,-0.222642,-0.229824,-9.810612,-9.815829,0,-0.00426,0.003195,97545.9,31.56,0.008792518
121.559679,0.066444,-0.208278,-0.270522,-9.817794,-9.823728,0.00213,-0.00426,0.003195,97529.36,31.56,0.000893518
121.626444,0.066765,-0.225036,-0.268128,-9.817794,-9.824032,0,-0.005325,0.00213,97537.63,31.56,0.000589518
121.693085,0.066641,-0.205884,-0.217854,-9.83934,-9.843905,0,-0.00426,0.00426,97545.9,31.56,-0.019283482
121.75977,0.066686,-0.210672,-0.2394,-9.824976,-9.83015,0.00213,-0.00426,0.00213,97533.5,31.56,-0.005528482
121.826974,0.067204,-0.210672,-0.253764,-9.810612,-9.816154,0,-0.00639,0.00213,97541.76,31.56,0.008467518
121.894281,0.067307,-0.21546,-0.229824,-9.836946,-9.841989,0,-0.005325,0.00426,97533.5,31.56,-0.017367482
121.961298,0.067016,-0.205884,-0.253764,-9.844128,-9.84955,0,-0.005325,0.003195,97533.5,31.55,-0.024928482
122.028394,0.067096,-0.213066,-0.256158,-9.834552,-9.840194,0.001065,-0.00852,0.00426,97529.36,31.56,-0.015572482
122.095223,0.066829,-0.208278,-0.241794,-9.82737,-9.83255,0.003195,-0.00639,0.001065,97529.36,31.55,-0.007928482
122.162739,0.067516,-0.217854,-0.213066,-9.841734,-9.84645,0.00213,-0.00639,0.003195,97541.76,31.56,-0.021828482
122.231398,0.068659,-0.2394,-0.25137,-9.801036,-9.807181,0.00426,-0.00852,0.00639,97541.76,31.55,0.017440518
122.29936,0.067962,-0.210672,-0.246582,-9.820188,-9.825542,0,-0.00426,0.001065,97537.63,31.55,-0.000920482
122.369613,0.070254,-0.229824,-0.232218,-9.813006,-9.818443,0.001065,-0.005325,0.003195,97545.9,31.56,0.006178518
122.439227,0.069614,-0.222642,-0.222642,-9.810612,-9.815663,0.003195,-0.00639,0.001065,97537.63,31.55,0.008958518
122.510297,0.07107,-0.225036,-0.229824,-9.822582,-9.827847,0.001065,-0.00639,0.003195,97537.63,31.55,-0.003225482
122.578064,0.067767,-0.210672,-0.234612,-9.822582,-9.827642,0.00213,-0.007455,0.003195,97533.5,31.55,-0.003020482
122.645254,0.067189,-0.234612,-0.241794,-9.822582,-9.828358,0.001065,-0.00639,0.00213,97537.63,31.56,-0.003736482
122.716321,0.071068,-0.246582,-0.2394,-9.844128,-9.850125,0.001065,-0.00639,0.00213,97533.5,31.56,-0.025503482
122.786075,0.069754,-0.234612,-0.237006,-9.822582,-9.828242,0.001065,-0.00426,0.003195,97537.63,31.56,-0.003620482
122.857462,0.071387,-0.241794,-0.265734,-9.841734,-9.84829,0.003195,-0.00426,0.005325,97537.63,31.55,-0.023668482
122.924486,0.067024,-0.234612,-0.20349,-9.80343,-9.808348,-0.001065,-0.005325,0.00426,97537.63,31.55,0.016273518
122.991343,0.066857,-0.237006,-0.244188,-9.844128,-9.850008,0.00213,-0.00426,0.005325,97533.5,31.55,-0.025386482
123.058278,0.066936,-0.222642,-0.265734,-9.820188,-9.826305,0.001065,-0.005325,0,97541.76,31.56,-0.001683482
123.125779,0.067501,-0.208278,-0.246582,-9.817794,-9.823098,0,-0.003195,0.003195,97537.63,31.55,0.001523518
123.19297,0.067191,-0.205884,-0.232218,-9.80343,-9.808341,0.00213,-0.00426,0.00426,97533.5,31.55,0.016280518
123.259729,0.066759,-0.253764,-0.256158,-9.832158,-9.838767,0.00426,-0.00639,0.00213,97533.5,31.56,-0.014145482
123.326934,0.067205,-0.208278,-0.225036,-9.829764,-9.834545,0,-0.005325,0.00213,97533.5,31.55,-0.009923482
123.394078,0.067144,-0.217854,-0.265734,-9.834552,-9.840553,0.001065,-0.007455,0.005325,97533.5,31.57,-0.015931482
123.461198,0.06712,-0.213066,-0.282492,-9.829764,-9.83613,0.003195,-0.00426,0.00213,97545.9,31.56,-0.011508482
123.528513,0.067315,-0.217854,-0.25137,-9.808218,-9.813857,0.00213,-0.003195,0.003195,97545.9,31.55,0.010764518
123.595507,0.066994,-0.234612,-0.248976,-9.841734,-9.847678,0.005325,-0.00639,0.00213,97533.5,31.55,-0.023056482
123.662729,0.067223,-0.20349,-0.2394,-9.824976,-9.829999,0.003195,-0.00852,0.005325,97537.63,31.55,-0.005377482
123.730188,0.067458,-0.220248,-0.248976,-9.820188,-9.825812,0.003195,-0.00213,0.00426,97537.63,31.55,-0.001190482
123.801192,0.071005,-0.244188,-0.2394,-9.824976,-9.830925,-0.001065,-0.00426,0.003195,97541.76,31.55,-0.006303482
123.87433,0.073138,-0.222642,-0.234612,-9.853704,-9.859011,0.00213,-0.00639,0.003195,97541.76,31.55,-0.034389482
123.942956,0.068626,-0.222642,-0.248976,-9.8154,-9.821081,-0.001065,-0.005325,0.00213,97545.9,31.55,0.003540518
124.014148,0.071191,-0.21546,-0.198702,-9.820188,-9.824561,0,-0.00426,0.003195,97541.76,31.55,6.05E-05
124.088645,0.074497,-0.220248,-0.248976,-9.813006,-9.818635,0.003195,-0.005325,0.003195,97537.63,31.55,0.005986518
124.159635,0.070991,-0.201096,-0.225036,-9.834552,-9.839182,0.001065,-0.005325,0.003195,97537.63,31.56,-0.014560482
124.229414,0.069778,-0.237006,-0.237006,-9.822582,-9.828299,0,-0.00639,0.001065,97537.63,31.55,-0.003677482
124.300603,0.071189,-0.208278,-0.229824,-9.810612,-9.815514,0.00213,-0.007455,0.00213,97537.63,31.55,0.009107518
124.367633,0.06703,-0.217854,-0.217854,-9.820188,-9.82502,0.00213,-0.00639,0.00426,97533.5,31.55,-0.000398482
124.434456,0.066824,-0.225036,-0.260946,-9.836946,-9.842979,0.003195,-0.005325,0.00213,97521.1,31.55,-0.018357482
124.501344,0.066888,-0.237006,-0.253764,-9.836946,-9.843072,0.001065,-0.005325,0.005325,97541.76,31.56,-0.018450482
124.568541,0.067197,-0.205884,-0.21546,-9.817794,-9.822316,0.001065,-0.005325,0.00426,97545.9,31.55,0.002305518
124.635968,0.067427,-0.225036,-0.265734,-9.8154,-9.821575,0,-0.005325,0.003195,97545.9,31.55,0.003046518
124.702413,0.066445,-0.208278,-0.244188,-9.834552,-9.839788,0.003195,-0.005325,0.00213,97533.5,31.55,-0.015166482
124.76961,0.067197,-0.234612,-0.2394,-9.836946,-9.842655,-0.001065,-0.003195,0.00426,97545.9,31.55,-0.018033482
124.837226,0.067616,-0.220248,-0.268128,-9.82737,-9.833494,0.00213,-0.007455,0.003195,97541.76,31.55,-0.008872482
124.904176,0.066951,-0.210672,-0.25137,-9.824976,-9.830449,0.00426,-0.009585,0.001065,97533.5,31.55,-0.005827482
124.971089,0.066913,-0.201096,-0.241794,-9.798642,-9.803688,0,-0.00426,0.00213,97537.63,31.55,0.020933518
125.03828,0.067191,-0.205884,-0.265734,-9.834552,-9.840296,0.001065,-0.005325,0.00213,97537.63,31.55,-0.015674482
125.105161,0.066881,-0.229824,-0.265734,-9.844128,-9.850395,0.00213,-0.00639,0.00213,97541.76,31.55,-0.025773482
125.172661,0.0675,-0.198702,-0.241794,-9.822582,-9.827567,0.001065,-0.003195,0.003195,97537.63,31.55,-0.002945482
125.240294,0.067633,-0.20349,-0.237006,-9.83934,-9.844297,0.003195,-0.00426,0.001065,97541.76,31.55,-0.019675482
125.306362,0.066068,-0.21546,-0.229824,-9.83934,-9.844382,0.003195,-0.00639,0.00213,97541.76,31.55,-0.019760482
125.37414,0.067777,-0.237006,-0.25137,-9.836946,-9.843011,0,-0.005325,0.003195,97533.5,31.55,-0.018389482
125.441501,0.067361,-0.210672,-0.220248,-9.817794,-9.822524,0,-0.005325,0.003195,97541.76,31.55,0.002097518
125.508089,0.066587,-0.22743,-0.241794,-9.832158,-9.83776,0.00213,-0.00639,0.003195,97541.76,31.56,-0.013138482
125.574883,0.066795,-0.246582,-0.244188,-9.824976,-9.831103,0.00213,-0.005325,0.00639,97541.76,31.55,-0.006481482
125.642292,0.067409,-0.21546,-0.253764,-9.822582,-9.828221,0.00213,-0.00639,0.00213,97537.63,31.56,-0.003599482
125.709218,0.066926,-0.220248,-0.256158,-9.82737,-9.833175,0.00213,-0.00639,0.003195,97537.63,31.55,-0.008553482
125.776513,0.067295,-0.232218,-0.234612,-9.801036,-9.806593,0.003195,-0.00426,0.00426,97545.9,31.55,0.018028518
125.843371,0.066858,-0.2394,-0.237006,-9.798642,-9.804431,0.001065,-0.007455,0.003195,97537.63,31.55,0.020190518
125.910288,0.066918,-0.237006,-0.248976,-9.848916,-9.854913,0,-0.005325,0.00426,97537.63,31.55,-0.030291482
125.97806,0.067772,-0.222642,-0.270522,-9.82737,-9.833613,0.00213,-0.00639,0.003195,97545.9,31.55,-0.008991482
126.045345,0.067285,-0.234612,-0.237006,-9.834552,-9.840205,0,-0.00426,0.003195,97541.76,31.54,-0.015583482
126.116213,0.070868,-0.232218,-0.234612,-9.824976,-9.83052,0.003195,-0.00852,0.00426,97537.63,31.55,-0.005898482
126.185366,0.069153,-0.208278,-0.2394,-9.846522,-9.851634,0,-0.005325,0,97537.63,31.55,-0.027012482
126.257306,0.07194,-0.222642,-0.258552,-9.808218,-9.814151,0.001065,-0.00639,0.00426,97541.76,31.54,0.010470518
126.324451,0.067145,-0.19152,-0.246582,-9.829764,-9.834721,0.003195,-0.005325,0.00426,97537.63,31.55,-0.010099482
126.392339,0.067888,-0.196308,-0.265734,-9.80343,-9.808995,0.001065,-0.007455,0.00213,97537.63,31.55,0.015626518
126.45999,0.067652,-0.22743,-0.220248,-9.841734,-9.846825,0.003195,-0.005325,0.003195,97537.63,31.55,-0.022203482
126.530402,0.070411,-0.213066,-0.217854,-9.808218,-9.812951,0.00213,-0.005325,0.005325,97545.9,31.54,0.011670518
126.603241,0.072839,-0.210672,-0.244188,-9.841734,-9.847017,0.003195,-0.00426,0.005325,97537.63,31.55,-0.022395482
126.671291,0.06805,-0.213066,-0.205884,-9.834552,-9.839014,0.001065,-0.003195,0.003195,97545.9,31.55,-0.014392482
126.738522,0.067232,-0.220248,-0.260946,-9.841734,-9.847656,0.00426,-0.007455,0.005325,97537.63,31.55,-0.023034482
126.806343,0.06782,-0.22743,-0.253764,-9.805824,-9.811743,0,-0.00639,0.003195,97541.76,31.55,0.012878518
126.873583,0.06724,-0.213066,-0.237006,-9.810612,-9.815787,0,-0.005325,0.00426,97529.36,31.54,0.008834518
126.940674,0.067092,-0.201096,-0.237006,-9.820188,-9.825106,0.003195,-0.005325,0.00213,97537.63,31.55,-0.000484482
127.007898,0.067224,-0.225036,-0.256158,-9.829764,-9.835676,0.003195,-0.005325,0.003195,97541.76,31.55,-0.011054482
127.074306,0.066408,-0.2394,-0.229824,-9.834552,-9.84015,0.001065,-0.00426,0.00639,97545.9,31.55,-0.015528482
127.141059,0.066753,-0.222642,-0.244188,-9.817794,-9.823354,0.003195,-0.00426,0.00426,97537.63,31.55,0.001267518
127.208102,0.067042,-0.222642,-0.256158,-9.85131,-9.857155,0.00426,-0.005325,0.00426,97541.76,31.55,-0.032533482
127.275424,0.067322,-0.21546,-0.268128,-9.810612,-9.81664,-0.00213,-0.00426,0.005325,97545.9,31.55,0.007981518
127.342354,0.066931,-0.19152,-0.256158,-9.820188,-9.825395,0.001065,-0.005325,0.005325,97545.9,31.55,-0.000773482
127.409741,0.067387,-0.244188,-0.265734,-9.844128,-9.850741,0.003195,-0.00639,0.003195,97545.9,31.55,-0.026119482
127.476643,0.066902,-0.220248,-0.27531,-9.813006,-9.819338,-0.001065,-0.003195,0.001065,97537.63,31.55,0.005283518
127.54374,0.067097,-0.196308,-0.25137,-9.820188,-9.825366,0.00213,-0.00639,0.003195,97533.5,31.55,-0.000744482
127.610965,0.067225,-0.217854,-0.229824,-9.832158,-9.837256,0.003195,-0.007455,0.003195,97545.9,31.54,-0.012634482
127.678373,0.067408,-0.198702,-0.260946,-9.805824,-9.811308,0,-0.00852,0,97545.9,31.55,0.013313518
127.745731,0.067358,-0.225036,-0.256158,-9.824976,-9.830891,-0.001065,-0.005325,0.00426,97545.9,31.55,-0.006269482
127.812963,0.067232,-0.22743,-0.258552,-9.83934,-9.845364,-0.001065,-0.005325,0,97541.76,31.54,-0.020742482
127.880256,0.067293,-0.217854,-0.258552,-9.8154,-9.821221,0.00213,-0.00426,0.00213,97537.63,31.55,0.003400518
127.950958,0.070701,-0.25137,-0.260946,-9.848916,-9.855578,-0.001065,-0.00213,0.003195,97541.76,31.55,-0.030956482
128.024532,0.073574,-0.222642,-0.237006,-9.82737,-9.832748,0.003195,-0.00639,0.005325,97537.63,31.55,-0.008126482
128.092036,0.067505,-0.189126,-0.260946,-9.808218,-9.813511,0,-0.00426,0.00213,97537.63,31.54,0.011110518
128.159841,0.067804,-0.213066,-0.205884,-9.822582,-9.82705,-0.00213,-0.003195,0.00426,97533.5,31.55,-0.002428482
128.227127,0.067286,-0.248976,-0.25137,-9.848916,-9.855269,0.005325,-0.007455,0.00426,97537.63,31.55,-0.030647482
128.294305,0.067178,-0.237006,-0.282492,-9.841734,-9.84864,0.00213,-0.00639,0.00213,97537.63,31.55,-0.024018482
128.360936,0.066631,-0.208278,-0.241794,-9.841734,-9.846907,0.00213,-0.005325,0.00426,97545.9,31.54,-0.022285482
128.428374,0.067438,-0.201096,-0.217854,-9.805824,-9.810305,0,-0.00639,0.003195,97533.5,31.55,0.014316518
128.495485,0.067111,-0.258552,-0.248976,-9.846522,-9.853062,0.003195,-0.007455,0.001065,97545.9,31.54,-0.028440482
128.562533,0.067048,-0.225036,-0.26334,-9.824976,-9.83108,0,-0.005325,0.00426,97545.9,31.55,-0.006458482
128.629746,0.067213,-0.210672,-0.229824,-9.822582,-9.827529,0.00213,0,0.00213,97541.76,31.54,-0.002907482
128.699321,0.069575,-0.201096,-0.26334,-9.820188,-9.825776,0.001065,-0.00639,0.003195,97537.63,31.55,-0.001154482
128.767822,0.068501,-0.2394,-0.258552,-9.805824,-9.812153,0.001065,-0.00639,0.005325,97545.9,31.54,0.012468518
128.837534,0.069712,-0.253764,-0.268128,-9.832158,-9.839086,0.001065,-0.00639,0.003195,97545.9,31.54,-0.014464482
128.908152,0.070618,-0.237006,-0.25137,-9.829764,-9.835833,0.001065,-0.007455,0.003195,97545.9,31.54,-0.011211482
128.97546,0.067308,-0.208278,-0.205884,-9.820188,-9.824554,0.00213,-0.00639,0.00639,97545.9,31.54,6.75E-05
129.042374,0.066914,-0.222642,-0.246582,-9.836946,-9.842554,0.003195,-0.00852,0.005325,97537.63,31.54,-0.017932482
129.114102,0.071727,-0.205884,-0.246582,-9.822582,-9.827833,-0.001065,-0.00426,0.00213,97537.63,31.54,-0.003211482
129.183663,0.069561,-0.234612,-0.277704,-9.805824,-9.812561,0.001065,-0.005325,0.003195,97537.63,31.55,0.012060518
129.254831,0.071169,-0.220248,-0.253764,-9.822582,-9.828328,0.001065,-0.005325,0.00426,97537.63,31.55,-0.003706482
129.322843,0.068011,-0.217854,-0.25137,-9.83934,-9.844961,0.001065,-0.00426,0.003195,97550.03,31.55,-0.020339482
129.393104,0.070261,-0.222642,-0.220248,-9.808218,-9.813217,-0.001065,-0.00426,0.00213,97545.9,31.54,0.011404518
129.463564,0.070459,-0.217854,-0.234612,-9.834552,-9.839762,0.00426,-0.00639,0.00426,97541.76,31.55,-0.015140482
129.534075,0.070511,-0.241794,-0.237006,-9.822582,-9.828416,0,-0.00639,0.005325,97545.9,31.54,-0.003794482
129.60152,0.067445,-0.189126,-0.244188,-9.846522,-9.851365,0.001065,-0.007455,0.00213,97537.63,31.55,-0.026743482
129.668902,0.067382,-0.220248,-0.246582,-9.83934,-9.844893,0,-0.003195,0.00213,97545.9,31.54,-0.020271482
129.736017,0.067115,-0.234612,-0.25137,-9.789066,-9.795103,0.003195,-0.003195,0.00639,97537.63,31.54,0.029518518
129.803264,0.067247,-0.229824,-0.229824,-9.848916,-9.854277,0.00213,-0.00426,0.003195,97545.9,31.55,-0.029655482
129.870304,0.06704,-0.21546,-0.258552,-9.834552,-9.840309,0,-0.00852,0.00426,97550.03,31.53,-0.015687482
129.937557,0.067253,-0.21546,-0.256158,-9.8154,-9.821106,0,-0.00852,0.005325,97537.63,31.54,0.003515518
130.004362,0.066805,-0.241794,-0.258552,-9.820188,-9.826566,-0.00213,-0.005325,0.003195,97537.63,31.55,-0.001944482
130.071488,0.067126,-0.184338,-0.25137,-9.801036,-9.805992,0.001065,-0.00426,0.00426,97533.5,31.55,0.018629518
130.138346,0.066858,-0.196308,-0.26334,-9.832158,-9.837643,0.00213,-0.00426,0.003195,97533.5,31.54,-0.013021482
130.205664,0.067317,-0.237006,-0.25137,-9.822582,-9.828656,0,-0.00426,0.005325,97554.16,31.55,-0.004034482
130.272851,0.067188,-0.201096,-0.2394,-9.820188,-9.825164,0.003195,-0.01065,0.00639,97537.63,31.54,-0.000542482
130.340122,0.067271,-0.21546,-0.2394,-9.8154,-9.820683,0.001065,-0.00426,0.005325,97545.9,31.54,0.003938518
130.407091,0.066969,-0.22743,-0.220248,-9.85131,-9.856396,0.00213,-0.003195,0.003195,97541.76,31.55,-0.031774482
130.474175,0.067084,-0.21546,-0.229824,-9.82737,-9.832418,0.00213,-0.00639,0.00639,97541.76,31.54,-0.007796482
130.541379,0.067204,-0.19152,-0.27531,-9.824976,-9.830698,0.001065,-0.005325,0.00426,97550.03,31.55,-0.006076482
130.608024,0.066645,-0.217854,-0.248976,-9.856098,-9.861649,0.001065,-0.00426,0.00213,97541.76,31.54,-0.037027482
130.679796,0.071772,-0.189126,-0.241794,-9.789066,-9.793878,0.001065,-0.005325,0.00426,97537.63,31.54,0.030743518
130.748952,0.069156,-0.210672,-0.244188,-9.808218,-9.813519,0.001065,-0.00639,0.005325,97545.9,31.55,0.011102518
130.820582,0.07163,-0.256158,-0.237006,-9.848916,-9.855097,0.00213,-0.007455,0.00213,97537.63,31.54,-0.030475482
130.888138,0.067556,-0.22743,-0.237006,-9.820188,-9.82568,0.00213,-0.007455,0.00426,97541.76,31.54,-0.001058482
130.954944,0.066806,-0.2394,-0.268128,-9.808218,-9.814802,0.001065,-0.007455,0.00426,97537.63,31.54,0.009819518
131.022376,0.067432,-0.229824,-0.229824,-9.822582,-9.827958,-0.001065,-0.005325,0.00213,97545.9,31.54,-0.003336482
131.089999,0.067623,-0.217854,-0.241794,-9.817794,-9.823187,0.001065,-0.009585,0.00213,97545.9,31.55,0.001434518
131.15664,0.066641,-0.248976,-0.260946,-9.8154,-9.822024,0.00426,-0.00639,0.00426,97545.9,31.55,0.002597518
131.223761,0.067122,-0.220248,-0.253764,-9.813006,-9.818757,0,-0.005325,0.005325,97545.9,31.54,0.005864518
131.290341,0.06658,-0.213066,-0.237006,-9.80343,-9.808609,0,-0.00426,0.00213,97537.63,31.53,0.016012518
131.357579,0.067238,-0.217854,-0.222642,-9.824976,-9.829913,0.003195,-0.007455,0.003195,97545.9,31.54,-0.005291482
131.424622,0.067043,-0.232218,-0.232218,-9.810612,-9.816107,0.003195,-0.007455,0.003195,97541.76,31.54,0.008514518
131.491704,0.067082,-0.225036,-0.22743,-9.836946,-9.842148,0.003195,-0.005325,0.00213,97537.63,31.54,-0.017526482
131.558318,0.066614,-0.220248,-0.25137,-9.810612,-9.816303,0.003195,-0.00639,0.003195,97545.9,31.54,0.008318518
131.625424,0.067106,-0.21546,-0.258552,-9.820188,-9.825954,0.001065,-0.005325,0.003195,97541.76,31.54,-0.001332482
131.692506,0.067082,-0.205884,-0.217854,-9.8154,-9.819976,0.001065,-0.005325,0.001065,97541.76,31.54,0.004645518
131.759835,0.067329,-0.246582,-0.237006,-9.822582,-9.828535,0.003195,-0.007455,0.00426,97541.76,31.55,-0.003913482
131.827506,0.067672,-0.234612,-0.241794,-9.844128,-9.849892,0.00213,-0.005325,0.00426,97541.76,31.54,-0.025270482
131.895826,0.06832,-0.21546,-0.246582,-9.846522,-9.851965,0.003195,-0.00852,0.003195,97537.63,31.54,-0.027343482
131.962172,0.066346,-0.177156,-0.225036,-9.832158,-9.836328,0.001065,-0.003195,0.003195,97537.63,31.54,-0.011706482
132.029034,0.066861,-0.241794,-0.256158,-9.824976,-9.831289,0.00213,-0.00852,0.00426,97537.63,31.53,-0.006667482
132.096273,0.067239,-0.222642,-0.256158,-9.805824,-9.811696,0.001065,-0.00639,0.003195,97529.36,31.55,0.012925518
132.163594,0.067321,-0.217854,-0.234612,-9.841734,-9.84694,0,-0.00426,0.00426,97545.9,31.53,-0.022318482
132.230946,0.067352,-0.201096,-0.268128,-9.832158,-9.837869,0.005325,-0.007455,0.00213,97533.5,31.55,-0.013247482
132.300786,0.069841,-0.208278,-0.268128,-9.829764,-9.835626,0.00426,-0.00639,0.003195,97545.9,31.55,-0.011004482
132.370406,0.06962,-0.205884,-0.26334,-9.817794,-9.823483,0.001065,-0.00639,0.003195,97545.9,31.54,0.001138518
132.442293,0.071887,-0.229824,-0.248976,-9.817794,-9.823639,0.00213,-0.003195,0.005325,97537.63,31.54,0.000982518
132.510214,0.067922,-0.234612,-0.244188,-9.820188,-9.826025,0.003195,-0.005325,0.001065,97545.9,31.54,-0.001403482
132.577699,0.067485,-0.229824,-0.217854,-9.853704,-9.858791,0.001065,-0.007455,0.003195,97537.63,31.54,-0.034169482
132.644888,0.067189,-0.198702,-0.22743,-9.8154,-9.820045,0.003195,-0.00639,0.003195,97541.76,31.54,0.004576518
132.711496,0.066608,-0.225036,-0.26334,-9.836946,-9.843043,0,-0.00852,0.00213,97537.63,31.54,-0.018421482
132.778395,0.0669,-0.20349,-0.272916,-9.817794,-9.823694,0.001065,-0.00213,0.00426,97545.9,31.54,0.000927518
132.845643,0.067248,-0.201096,-0.265734,-9.817794,-9.823448,0.005325,-0.00426,0.003195,97537.63,31.53,0.001173518
132.912743,0.0671,-0.225036,-0.244188,-9.808218,-9.813838,0.00426,-0.00639,0.00213,97545.9,31.54,0.010783518
132.979647,0.066904,-0.201096,-0.225036,-9.8154,-9.820039,0.001065,-0.005325,0.00213,97541.76,31.54,0.004582518
133.04638,0.066733,-0.229824,-0.220248,-9.820188,-9.825346,0.001065,-0.005325,0.00426,97545.9,31.54,-0.000724482
133.113868,0.067488,-0.234612,-0.268128,-9.822582,-9.829041,0.00213,-0.00852,0.00426,97550.03,31.54,-0.004419482
133.181013,0.067145,-0.229824,-0.268128,-9.844128,-9.85046,0.001065,-0.005325,0.003195,97545.9,31.54,-0.025838482
133.247913,0.066899,-0.196308,-0.220248,-9.808218,-9.812654,-0.001065,-0.001065,0.00213,97545.9,31.54,0.011967518
133.316066,0.068154,-0.229824,-0.265734,-9.841734,-9.848003,0.003195,-0.00639,0.001065,97550.03,31.55,-0.023381482
133.382971,0.066905,-0.229824,-0.253764,-9.824976,-9.830939,0,-0.00639,0.00213,97545.9,31.53,-0.006317482
133.450167,0.067196,-0.21546,-0.22743,-9.82737,-9.832362,0.00213,-0.007455,0.005325,97541.76,31.53,-0.007740482
133.51702,0.066853,-0.181944,-0.246582,-9.848916,-9.853682,0.00213,-0.00852,0.001065,97550.03,31.53,-0.029060482
133.584139,0.067119,-0.21546,-0.248976,-9.82737,-9.832884,0.00213,-0.00639,0,97541.76,31.54,-0.008262482
133.6515,0.067361,-0.229824,-0.220248,-9.808218,-9.813382,0.00213,-0.00426,0.00426,97541.76,31.53,0.011239518
133.718498,0.066999,-0.220248,-0.248976,-9.8154,-9.821027,0,-0.00639,0.003195,97545.9,31.54,0.003594518
133.785041,0.066543,-0.208278,-0.256158,-9.824976,-9.830521,0.005325,-0.00639,0.005325,97545.9,31.54,-0.005899482
133.852249,0.067208,-0.229824,-0.241794,-9.817794,-9.82346,0.001065,-0.00639,0.00426,97545.9,31.53,0.001161518
133.919221,0.066972,-0.246582,-0.2394,-9.822582,-9.828593,0.001065,-0.00639,0.00213,97545.9,31.53,-0.003971482
133.986335,0.067115,-0.198702,-0.241794,-9.85131,-9.85628,0.00426,-0.005325,0.003195,97537.63,31.53,-0.031658482
134.053275,0.06694,-0.205884,-0.237006,-9.82737,-9.832383,0.003195,-0.00639,0.005325,97550.03,31.53,-0.007761482
134.120395,0.06712,-0.181944,-0.2394,-9.793854,-9.798469,0,-0.005325,0.005325,97545.9,31.53,0.026152518
134.187527,0.067132,-0.237006,-0.248976,-9.824976,-9.830987,0.001065,-0.005325,0.00213,97537.63,31.54,-0.006365482
134.254399,0.066872,-0.196308,-0.282492,-9.822582,-9.828604,0,-0.00639,0.001065,97545.9,31.53,-0.003982482
134.321494,0.067094,-0.217854,-0.270522,-9.8154,-9.821544,0.001065,-0.007455,0.00213,97537.63,31.53,0.003077518
134.388048,0.066554,-0.21546,-0.217854,-9.832158,-9.836931,0.00213,-0.005325,0.00426,97529.36,31.54,-0.012309482
134.45521,0.067163,-0.229824,-0.265734,-9.832158,-9.838433,0.00213,-0.00639,0.00213,97554.16,31.54,-0.013811482
134.522829,0.067619,-0.21546,-0.229824,-9.820188,-9.82524,0,-0.001065,-0.001065,97541.76,31.54,-0.000618482
134.58958,0.066751,-0.184338,-0.241794,-9.824976,-9.829679,0.00426,-0.005325,0.001065,97545.9,31.53,-0.005057482
134.657295,0.067715,-0.220248,-0.260946,-9.829764,-9.835693,0.003195,-0.007455,0.003195,97537.63,31.53,-0.011071482
134.724449,0.067154,-0.220248,-0.237006,-9.80343,-9.808768,0.003195,-0.005325,0.00213,97545.9,31.53,0.015853518
134.791636,0.067188,-0.217854,-0.229824,-9.841734,-9.846827,0.00213,-0.00852,0.00213,97550.03,31.53,-0.022205482
134.858992,0.067355,-0.217854,-0.241794,-9.822582,-9.827972,0.003195,-0.005325,0.001065,97545.9,31.52,-0.003350482
134.9261,0.067108,-0.229824,-0.25137,-9.805824,-9.811737,-0.001065,-0.00426,0.00426,97545.9,31.54,0.012884518
134.993266,0.067166,-0.220248,-0.25137,-9.808218,-9.81391,0.00213,-0.007455,0.003195,97545.9,31.53,0.010711518
135.060315,0.067049,-0.193914,-0.25137,-9.844128,-9.849246,0.003195,-0.005325,0.00426,97537.63,31.53,-0.024624482
135.127028,0.066714,-0.237006,-0.253764,-9.824976,-9.83111,0.00213,-0.003195,0.00213,97537.63,31.53,-0.006488482
135.194365,0.067336,-0.225036,-0.229824,-9.836946,-9.842203,0,-0.005325,0.003195,97545.9,31.54,-0.017581482
135.261028,0.066664,-0.201096,-0.220248,-9.832158,-9.83668,0.003195,-0.003195,0.00426,97537.63,31.53,-0.012058482
135.328561,0.067532,-0.19152,-0.246582,-9.822582,-9.827543,0.003195,-0.007455,0.003195,97554.16,31.53,-0.002921482
135.395842,0.067281,-0.234612,-0.25137,-9.80343,-9.809458,0.001065,-0.005325,0.00639,97537.63,31.53,0.015163518
135.462357,0.066515,-0.213066,-0.237006,-9.836946,-9.842107,0.00213,-0.00426,0.00426,97537.63,31.52,-0.017485482
135.529837,0.06748,-0.20349,-0.248976,-9.808218,-9.813488,0.003195,-0.007455,0.003195,97545.9,31.53,0.011133518
135.597243,0.067406,-0.241794,-0.2394,-9.801036,-9.806941,0.00213,-0.005325,0.003195,97550.03,31.53,0.017680518
135.664482,0.06724,-0.213066,-0.22743,-9.817794,-9.822739,0.00213,-0.005325,0.00426,97533.5,31.54,0.001882518
135.731828,0.067346,-0.222642,-0.244188,-9.824976,-9.830532,0.00213,-0.00639,0.003195,97545.9,31.52,-0.005910482
135.803102,0.071275,-0.213066,-0.256158,-9.817794,-9.823446,0.003195,-0.007455,0.003195,97545.9,31.53,0.001175518
135.872662,0.069559,-0.196308,-0.246582,-9.80343,-9.808495,0.003195,-0.007455,0.003195,97537.63,31.52,0.016126518
135.943819,0.071158,-0.213066,-0.2394,-9.832158,-9.83738,0.00426,-0.00639,0.003195,97541.76,31.53,-0.012758482
136.011285,0.067465,-0.237006,-0.234612,-9.817794,-9.823456,0.001065,-0.00213,0.00426,97537.63,31.52,0.001165518
136.082109,0.070825,-0.19152,-0.222642,-9.813006,-9.8174,0.001065,-0.00639,0,97545.9,31.53,0.007221518
136.152373,0.070264,-0.20349,-0.25137,-9.822582,-9.827905,0.001065,-0.00426,0.001065,97545.9,31.53,-0.003283482
136.223665,0.071293,-0.210672,-0.237006,-9.83934,-9.844448,0.003195,-0.00426,0.003195,97545.9,31.52,-0.019826482
136.290515,0.066849,-0.229824,-0.222642,-9.817794,-9.823007,0.00213,-0.005325,0.00426,97545.9,31.53,0.001614518
136.357165,0.06665,-0.196308,-0.253764,-9.83934,-9.844569,0.00213,-0.007455,0.003195,97545.9,31.53,-0.019947482
136.424595,0.067431,-0.198702,-0.222642,-9.820188,-9.824721,0.001065,-0.005325,0.00426,97550.03,31.53,-9.95E-05
136.491389,0.066794,-0.208278,-0.22743,-9.829764,-9.8346,0.003195,-0.007455,0.005325,97537.63,31.53,-0.009978482
136.559286,0.067897,-0.237006,-0.232218,-9.810612,-9.816222,0.003195,-0.00639,0.003195,97541.76,31.53,0.008399518
136.625779,0.066493,-0.196308,-0.237006,-9.858492,-9.863294,0,-0.007455,0.005325,97533.5,31.53,-0.038672482
136.693134,0.067355,-0.220248,-0.268128,-9.822582,-9.828709,0.00213,-0.003195,0.003195,97545.9,31.53,-0.004087482
136.760799,0.067665,-0.222642,-0.272916,-9.822582,-9.828895,0.003195,-0.007455,0.00213,97545.9,31.53,-0.004273482
136.828337,0.067538,-0.248976,-0.265734,-9.817794,-9.824545,0.00213,-0.00426,0.003195,97541.76,31.53,7.65E-05
136.900788,0.07245,-0.246582,-0.253764,-9.813006,-9.819383,0,-0.00426,0.00639,97545.9,31.53,0.005238518
136.972216,0.071428,-0.196308,-0.256158,-9.832158,-9.837453,0.003195,-0.00639,0.003195,97545.9,31.53,-0.012831482
137.039885,0.06767,-0.210672,-0.237006,-9.82737,-9.832485,0.001065,-0.00639,0.003195,97554.16,31.53,-0.007863482
137.107351,0.067466,-0.205884,-0.237006,-9.810612,-9.815634,0,-0.003195,0.00426,97537.63,31.53,0.008987518
137.177276,0.069925,-0.229824,-0.241794,-9.83934,-9.844993,0.00213,-0.00852,0.003195,97545.9,31.53,-0.020371482
137.246195,0.068919,-0.21546,-0.25137,-9.834552,-9.840123,0.003195,-0.00639,0.003195,97533.5,31.52,-0.015501482
137.318874,0.072679,-0.210672,-0.253764,-9.82737,-9.832903,0.001065,-0.00639,0.003195,97545.9,31.51,-0.008281482
137.387113,0.068239,-0.217854,-0.225036,-9.841734,-9.846717,0.00213,-0.007455,0.00213,97541.76,31.53,-0.022095482
137.453712,0.0666,-0.225036,-0.225036,-9.832158,-9.837307,0.001065,-0.005325,0.00426,97545.9,31.52,-0.012685482
137.520959,0.067247,-0.189126,-0.229824,-9.846522,-9.851019,0.001065,-0.005325,0.003195,97541.76,31.52,-0.026397482
137.588561,0.067603,-0.208278,-0.260946,-9.80343,-9.809114,0.00213,-0.005325,0.00213,97541.76,31.52,0.015507518
137.655615,0.067053,-0.208278,-0.253764,-9.805824,-9.811318,0.00213,-0.003195,0.00213,97545.9,31.52,0.013303518
137.722301,0.066687,-0.21546,-0.2394,-9.844128,-9.849395,-0.00213,-0.00426,0,97537.63,31.53,-0.024773482
137.789128,0.066827,-0.225036,-0.256158,-9.817794,-9.823713,0.00213,-0.00639,0.003195,97541.76,31.51,0.000908518
137.855627,0.066499,-0.193914,-0.22743,-9.841734,-9.846271,0.001065,-0.007455,0.001065,97550.03,31.53,-0.021649482
137.922468,0.066841,-0.22743,-0.237006,-9.810612,-9.816109,0.001065,-0.00639,0.00426,97550.03,31.52,0.008512518
137.989659,0.067191,-0.20349,-0.253764,-9.844128,-9.849501,0.00213,-0.007455,0.003195,97537.63,31.52,-0.024879482
138.056859,0.0672,-0.208278,-0.253764,-9.822582,-9.828067,0.001065,-0.00639,0.00426,97545.9,31.52,-0.003445482
138.125806,0.068947,-0.234612,-0.241794,-9.817794,-9.823573,0.00213,-0.00426,0.001065,97541.76,31.53,0.001048518
138.197586,0.07178,-0.210672,-0.22743,-9.834552,-9.839437,0,-0.005325,0.00426,97545.9,31.53,-0.014815482
138.26902,0.071433,-0.201096,-0.222642,-9.820188,-9.82477,0.00213,-0.005325,0.00426,97541.76,31.51,-0.000148482
138.336634,0.067614,-0.208278,-0.244188,-9.801036,-9.80629,0.00213,-0.00426,0.003195,97541.76,31.53,0.018331518
138.40402,0.067386,-0.213066,-0.256158,-9.832158,-9.837802,0.00213,-0.00639,0.00426,97554.16,31.52,-0.013180482
138.471658,0.067639,-0.237006,-0.256158,-9.817794,-9.823994,0,-0.007455,0,97541.76,31.52,0.000627518
138.538586,0.066928,-0.229824,-0.229824,-9.80343,-9.808816,-0.001065,-0.00639,0.001065,97550.03,31.51,0.015805518
138.605372,0.066786,-0.208278,-0.265734,-9.813006,-9.818813,0.00213,-0.00852,0.00213,97554.16,31.52,0.005808518
138.676582,0.07121,-0.222642,-0.272916,-9.834552,-9.840857,0.003195,-0.00852,0.00213,97537.63,31.52,-0.016235482
138.746498,0.069916,-0.220248,-0.258552,-9.817794,-9.823667,0.003195,-0.005325,0.00426,97545.9,31.51,0.000954518
138.817536,0.071039,-0.229824,-0.260946,-9.79146,-9.797632,0,-0.00639,0.005325,97550.03,31.51,0.026989518
138.88774,0.070204,-0.22743,-0.25137,-9.801036,-9.806896,0.00213,-0.00639,0.00426,97545.9,31.52,0.017725518
138.956266,0.068525,-0.213066,-0.256158,-9.813006,-9.818661,0.001065,-0.00426,0.003195,97541.76,31.52,0.005960518
139.024975,0.068709,-0.2394,-0.229824,-9.793854,-9.799475,0.001065,-0.005325,0.00426,97541.76,31.51,0.025146518
139.096581,0.071606,-0.20349,-0.237006,-9.832158,-9.837119,0.00213,-0.003195,0.005325,97545.9,31.51,-0.012497482
139.163832,0.06725,-0.22743,-0.25137,-9.817794,-9.823644,0.003195,-0.00639,0.005325,97545.9,31.52,0.000977518
139.231591,0.06776,-0.220248,-0.26334,-9.824976,-9.830972,0,-0.005325,0.00213,97554.16,31.53,-0.006350482
139.298357,0.066766,-0.2394,-0.232218,-9.822582,-9.828243,0.001065,-0.003195,0.003195,97545.9,31.52,-0.003621482
139.365266,0.066908,-0.213066,-0.222642,-9.8154,-9.820236,0.00213,-0.007455,0.00426,97550.03,31.51,0.004385518
139.432746,0.067481,-0.229824,-0.253764,-9.829764,-9.835724,0.003195,-0.00639,0.00426,97550.03,31.53,-0.011102482
139.499714,0.066968,-0.22743,-0.229824,-9.8154,-9.820724,-0.001065,-0.00639,0.003195,97554.16,31.51,0.003897518
139.56681,0.067096,-0.201096,-0.208278,-9.824976,-9.829241,0.00213,-0.005325,0.00426,97550.03,31.51,-0.004619482
139.633771,0.066961,-0.210672,-0.241794,-9.820188,-9.825423,0.005325,-0.00852,0.005325,97537.63,31.51,-0.000801482
139.700943,0.067172,-0.248976,-0.260946,-9.820188,-9.826809,0,-0.007455,0.003195,97545.9,31.52,-0.002187482
139.767873,0.066929,-0.20349,-0.232218,-9.841734,-9.846576,0.001065,-0.00426,0.00426,97554.16,31.52,-0.021954482
139.835402,0.067529,-0.213066,-0.222642,-9.834552,-9.839379,0.003195,-0.00426,0.00426,97545.9,31.52,-0.014757482
139.902381,0.066979,-0.201096,-0.256158,-9.83934,-9.844728,0.00426,-0.00639,0.003195,97550.03,31.52,-0.020106482
139.969496,0.067115,-0.205884,-0.205884,-9.841734,-9.84604,-0.001065,-0.005325,0.003195,97545.9,31.52,-0.021418482
140.036872,0.067376,-0.177156,-0.237006,-9.813006,-9.817466,0.001065,-0.005325,0.003195,97550.03,31.51,0.007155518
140.104742,0.067869,-0.22743,-0.260946,-9.824976,-9.831072,0.00213,-0.005325,0.005325,97545.9,31.52,-0.006450482
140.17507,0.070328,-0.213066,-0.237006,-9.829764,-9.834929,0,-0.007455,0.00213,97537.63,31.52,-0.010307482
140.244878,0.069809,-0.210672,-0.232218,-9.836946,-9.841942,0,-0.00213,0.00213,97545.9,31.51,-0.017320482
140.316527,0.071648,-0.21546,-0.25137,-9.824976,-9.830553,-0.001065,-0.003195,0.003195,97550.03,31.51,-0.005931482
140.383705,0.067178,-0.220248,-0.208278,-9.820188,-9.824865,0,-0.003195,0.00213,97550.03,31.51,-0.000243482
140.450845,0.067141,-0.210672,-0.22743,-9.82737,-9.832259,0.005325,-0.00639,0.00213,97545.9,31.51,-0.007637482
140.518144,0.067298,-0.220248,-0.253764,-9.80343,-9.809187,0.003195,-0.005325,0.001065,97537.63,31.52,0.015434518
140.585261,0.067117,-0.17955,-0.237006,-9.8154,-9.819903,-0.00213,-0.00639,0.003195,97545.9,31.51,0.004718518
140.652603,0.067342,-0.217854,-0.225036,-9.829764,-9.834753,0.001065,-0.005325,0.003195,97554.16,31.51,-0.010131482
140.719597,0.066994,-0.229824,-0.2394,-9.846522,-9.852113,0.00213,-0.007455,0.003195,97545.9,31.51,-0.027491482
140.786299,0.066701,-0.184338,-0.222642,-9.824976,-9.829227,0.001065,-0.00426,0.001065,97554.16,31.51,-0.004605482
140.853498,0.0672,-0.19152,-0.248976,-9.8154,-9.820425,0.00213,-0.00639,0.00426,97541.76,31.51,0.004196518
140.9209,0.067401,-0.201096,-0.277704,-9.834552,-9.840527,0.00213,-0.00426,0.00426,97554.16,31.52,-0.015905482
140.98779,0.066891,-0.26334,-0.260946,-9.836946,-9.843929,0.003195,-0.00639,0.00213,97545.9,31.52,-0.019307482
141.054451,0.066661,-0.217854,-0.241794,-9.817794,-9.823187,0.003195,-0.00639,0.00213,97541.76,31.51,0.001434518
141.125519,0.071068,-0.222642,-0.258552,-9.817794,-9.823721,0.001065,-0.005325,0.003195,97554.16,31.51,0.000900518
141.195527,0.070009,-0.201096,-0.272916,-9.83934,-9.845178,0.003195,-0.00426,0.00213,97545.9,31.51,-0.020556482
141.266868,0.071341,-0.222642,-0.248976,-9.820188,-9.825866,0.003195,-0.007455,0.00426,97537.63,31.51,-0.001244482
141.335323,0.068455,-0.217854,-0.22743,-9.829764,-9.834808,0.00426,-0.00852,0.00426,97541.76,31.51,-0.010186482
141.406085,0.070762,-0.220248,-0.248976,-9.824976,-9.830598,0.00213,-0.005325,0.003195,97537.63,31.51,-0.005976482
141.479837,0.073752,-0.210672,-0.253764,-9.805824,-9.811369,0.001065,-0.00639,0.001065,97545.9,31.51,0.013252518
141.547247,0.067409,-0.237006,-0.246582,-9.844128,-9.850068,0.003195,-0.00426,0.005325,97554.16,31.51,-0.025446482
141.614323,0.067076,-0.20349,-0.220248,-9.80343,-9.808015,0.00213,-0.00426,0.00426,97545.9,31.51,0.016606518
141.682002,0.067679,-0.220248,-0.225036,-9.832158,-9.837199,0.001065,-0.005325,0.00426,97541.76,31.52,-0.012577482
141.748818,0.066815,-0.2394,-0.241794,-9.817794,-9.823688,0.00213,-0.00639,0.00213,97545.9,31.51,0.000933518
141.816452,0.067635,-0.208278,-0.237006,-9.805824,-9.810899,0,-0.005325,0.00426,97545.9,31.51,0.013722518
141.886984,0.070531,-0.205884,-0.253764,-9.834552,-9.83998,0.001065,-0.00426,0,97554.16,31.52,-0.015358482
141.956746,0.069762,-0.201096,-0.220248,-9.813006,-9.817537,0.005325,-0.00426,0.003195,97545.9,31.51,0.007084518
142.027632,0.070886,-0.19152,-0.241794,-9.846522,-9.851352,0.005325,-0.003195,0.003195,97550.03,31.51,-0.026730482
142.095083,0.067452,-0.248976,-0.253764,-9.8154,-9.821836,0.00213,-0.00639,0.00426,97545.9,31.51,0.002785518
142.163075,0.067992,-0.248976,-0.248976,-9.817794,-9.824106,0,-0.007455,0.005325,97541.76,31.51,0.000515518
142.232763,0.069688,-0.217854,-0.217854,-9.820188,-9.82502,0.001065,-0.005325,0.005325,97554.16,31.51,-0.000398482
142.302315,0.069552,-0.19152,-0.270522,-9.820188,-9.82578,0.001065,-0.005325,0.001065,97545.9,31.51,-0.001158482
142.374324,0.072009,-0.196308,-0.260946,-9.853704,-9.859113,0.001065,-0.00426,0.00426,97545.9,31.51,-0.034491482
142.441866,0.067542,-0.21546,-0.234612,-9.824976,-9.830138,0.00213,-0.00639,0.00213,97541.76,31.51,-0.005516482
142.509104,0.067238,-0.217854,-0.265734,-9.810612,-9.816628,0.003195,-0.007455,0.005325,97550.03,31.51,0.007993518
142.576159,0.067055,-0.208278,-0.248976,-9.817794,-9.823159,0.001065,-0.005325,0,97541.76,31.51,0.001462518
142.643683,0.067524,-0.2394,-0.225036,-9.82737,-9.832861,0.00213,-0.00639,0.003195,97554.16,31.52,-0.008239482
142.711171,0.067488,-0.196308,-0.253764,-9.801036,-9.806286,0.00426,-0.00639,0.00639,97545.9,31.51,0.018335518
142.778289,0.067118,-0.210672,-0.260946,-9.832158,-9.837876,0.00213,-0.003195,0.003195,97545.9,31.5,-0.013254482
142.84574,0.06745,-0.232218,-0.237006,-9.82737,-9.83297,-0.001065,-0.005325,0.00213,97550.03,31.51,-0.008348482
142.917804,0.072064,-0.201096,-0.220248,-9.820188,-9.824716,-0.001065,-0.007455,0.00213,97545.9,31.5,-9.45E-05
142.990372,0.072568,-0.213066,-0.22743,-9.82737,-9.83231,0.001065,-0.001065,0.001065,97550.03,31.51,-0.007688482
143.058289,0.067916,-0.196308,-0.222642,-9.808218,-9.812708,0.003195,-0.00639,0.003195,97550.03,31.51,0.011913518
143.12494,0.066652,-0.229824,-0.258552,-9.824976,-9.831064,0.003195,-0.007455,0.00426,97537.63,31.51,-0.006442482
143.191933,0.066993,-0.205884,-0.21546,-9.820188,-9.824709,0,-0.005325,0.003195,97545.9,31.51,-8.75E-05
143.259155,0.067223,-0.22743,-0.229824,-9.82737,-9.832688,0.001065,-0.00852,0.003195,97550.03,31.51,-0.008066482
143.325809,0.066653,-0.217854,-0.256158,-9.820188,-9.825944,0.001065,-0.00852,0.003195,97550.03,31.51,-0.001322482
143.393447,0.067639,-0.217854,-0.258552,-9.808218,-9.814044,0.001065,-0.00213,0.00213,97550.03,31.52,0.010577518
143.460766,0.067319,-0.232218,-0.217854,-9.82737,-9.832527,0,-0.005325,0.005325,97550.03,31.51,-0.007905482
143.527696,0.06693,-0.213066,-0.258552,-9.805824,-9.811546,0.00213,-0.00639,0.00213,97545.9,31.51,0.013075518
143.594896,0.0672,-0.213066,-0.272916,-9.810612,-9.81672,0.001065,-0.00426,0.00213,97550.03,31.51,0.007901518
143.661269,0.066372,-0.20349,-0.244188,-9.82737,-9.832509,0,-0.005325,0.00213,97558.3,31.51,-0.007887482
143.727852,0.066583,-0.181944,-0.244188,-9.817794,-9.822515,0,-0.00426,0.003195,97545.9,31.5,0.002106518
143.794788,0.066936,-0.248976,-0.241794,-9.820188,-9.826319,0,-0.007455,0.00426,97545.9,31.51,-0.001697482
143.862381,0.067593,-0.210672,-0.232218,-9.810612,-9.815621,0.001065,-0.005325,0.00426,97558.3,31.51,0.009000518
143.92916,0.066779,-0.229824,-0.258552,-9.822582,-9.828672,0.001065,-0.003195,0.005325,97550.03,31.51,-0.004050482
143.996258,0.067098,-0.208278,-0.246582,-9.820188,-9.825491,0.001065,-0.00426,0.003195,97545.9,31.5,-0.000869482
144.063175,0.066917,-0.220248,-0.232218,-9.8154,-9.820617,0,-0.00639,0.005325,97550.03,31.51,0.004004518
144.133591,0.070416,-0.196308,-0.229824,-9.82737,-9.832017,0,-0.005325,0.001065,97554.16,31.51,-0.007395482
144.201112,0.067521,-0.193914,-0.25137,-9.824976,-9.830104,0.003195,-0.005325,0.003195,97541.76,31.51,-0.005482482
144.268036,0.066923,-0.234612,-0.265734,-9.829764,-9.836154,0.00213,-0.005325,0.005325,97537.63,31.51,-0.011532482
144.335108,0.067072,-0.217854,-0.225036,-9.813006,-9.818003,0.001065,-0.00639,0.00639,97541.76,31.51,0.006618518
144.402366,0.067258,-0.20349,-0.241794,-9.834552,-9.839628,0.003195,-0.00426,0.00426,97554.16,31.5,-0.015006482
144.469767,0.067401,-0.225036,-0.241794,-9.832158,-9.837705,0.00213,-0.00639,0.00213,97554.16,31.51,-0.013083482
144.536869,0.067103,-0.205884,-0.256158,-9.844128,-9.849612,0.00213,-0.005325,0.003195,97545.9,31.51,-0.024990482
144.604447,0.067578,-0.201096,-0.232218,-9.8154,-9.820206,0,-0.00639,0.003195,97554.16,31.51,0.004415518
144.671572,0.067124,-0.217854,-0.248976,-9.82737,-9.832937,0.00213,-0.005325,0.005325,97545.9,31.51,-0.008315482
144.739536,0.067964,-0.237006,-0.265734,-9.8154,-9.821856,0,-0.003195,0.00426,97550.03,31.51,0.002765518
144.80684,0.067304,-0.217854,-0.217854,-9.832158,-9.836984,0.001065,-0.00426,0.003195,97545.9,31.51,-0.012362482
144.872983,0.066143,-0.229824,-0.25137,-9.829764,-9.835663,0.003195,-0.00426,0.00426,97550.03,31.51,-0.011041482
144.940315,0.067333,-0.244188,-0.244188,-9.824976,-9.831043,0.001065,-0.005325,0.00213,97541.76,31.51,-0.006421482
145.007668,0.067352,-0.196308,-0.237006,-9.813006,-9.81783,0.00213,-0.005325,0.003195,97541.76,31.51,0.006791518
145.07435,0.066682,-0.217854,-0.260946,-9.8154,-9.821285,0.00213,-0.00426,0.00426,97541.76,31.51,0.003336518
145.14096,0.06661,-0.210672,-0.277704,-9.834552,-9.840727,0.001065,-0.00213,0.001065,97550.03,31.51,-0.016105482
145.208714,0.067754,-0.208278,-0.234612,-9.836946,-9.841947,0.00213,-0.00426,0.00426,97537.63,31.51,-0.017325482
145.275647,0.066933,-0.234612,-0.246582,-9.844128,-9.85001,0.00426,-0.005325,0.00213,97545.9,31.51,-0.025388482
145.345529,0.069882,-0.225036,-0.26334,-9.810612,-9.816725,0.00213,-0.00639,0.005325,97545.9,31.51,0.007896518
145.416245,0.070716,-0.201096,-0.26334,-9.824976,-9.830562,0.001065,-0.005325,0.003195,97545.9,31.5,-0.005940482
145.483425,0.06718,-0.21546,-0.25137,-9.822582,-9.82816,0,-0.005325,0.00213,97545.9,31.51,-0.003538482
145.550285,0.06686,-0.21546,-0.268128,-9.844128,-9.850136,0.003195,-0.00639,0.003195,97545.9,31.51,-0.025514482
145.617853,0.067568,-0.198702,-0.277704,-9.82737,-9.833301,0.00213,-0.00639,0.001065,97545.9,31.51,-0.008679482
145.686207,0.068354,-0.22743,-0.265734,-9.808218,-9.814453,0.001065,-0.005325,0.003195,97550.03,31.51,0.010168518
145.756273,0.070066,-0.213066,-0.277704,-9.829764,-9.835994,0,-0.005325,0.00426,97550.03,31.51,-0.011372482
145.826212,0.069939,-0.222642,-0.25137,-9.824976,-9.830713,0.00426,-0.007455,0.00426,97545.9,31.51,-0.006091482
145.897239,0.071027,-0.21546,-0.234612,-9.832158,-9.837317,0.00213,-0.003195,0.003195,97554.16,31.51,-0.012695482
145.964598,0.067358,-0.222642,-0.248976,-9.82737,-9.833044,0.00426,-0.007455,0.005325,97554.16,31.5,-0.008422482
146.031484,0.066887,-0.20349,-0.253764,-9.841734,-9.847108,0.001065,-0.007455,0.003195,97545.9,31.5,-0.022486482
146.098317,0.066833,-0.234612,-0.225036,-9.841734,-9.847102,0.001065,-0.00213,0.00213,97545.9,31.5,-0.022480482
146.165657,0.06734,-0.201096,-0.225036,-9.836946,-9.841574,0.003195,-0.005325,0.003195,97545.9,31.51,-0.016952482
146.232625,0.066969,-0.210672,-0.248976,-9.82737,-9.832781,0,-0.003195,0.003195,97541.76,31.51,-0.008159482
146.299876,0.067251,-0.217854,-0.248976,-9.796248,-9.801833,0.00213,-0.005325,0.00426,97550.03,31.51,0.022788518
146.36726,0.067384,-0.20349,-0.234612,-9.805824,-9.810741,-0.00213,-0.00639,0.00426,97545.9,31.5,0.013880518
146.434364,0.067105,-0.22743,-0.268128,-9.829764,-9.83605,0.00213,-0.007455,0.00213,97550.03,31.5,-0.011428482
146.501077,0.066713,-0.22743,-0.21546,-9.813006,-9.818006,0.00213,-0.007455,0.001065,97554.16,31.5,0.006615518
146.568406,0.067329,-0.210672,-0.248976,-9.817794,-9.82321,0.00213,-0.00852,0.00213,97545.9,31.5,0.001411518
146.635413,0.067007,-0.246582,-0.244188,-9.82737,-9.833495,0.00213,-0.00639,0.003195,97554.16,31.5,-0.008873482
146.702337,0.066923,-0.234612,-0.241794,-9.817794,-9.823573,0.001065,-0.005325,0.00426,97550.03,31.5,0.001048518
146.771104,0.068767,-0.205884,-0.244188,-9.824976,-9.830166,0,-0.00426,0.00426,97545.9,31.5,-0.005544482
146.841141,0.070037,-0.210672,-0.241794,-9.817794,-9.82303,0.00213,-0.005325,0.003195,97537.63,31.5,0.001591518
146.915413,0.074272,-0.217854,-0.244188,-9.829764,-9.83521,-0.001065,-0.00426,0.003195,97545.9,31.5,-0.010588482
146.982443,0.06703,-0.232218,-0.2394,-9.832158,-9.837813,0.001065,-0.00639,0.00213,97541.76,31.51,-0.013191482
147.050192,0.067749,-0.222642,-0.265734,-9.836946,-9.843053,0.00213,-0.00639,0.00213,97554.16,31.5,-0.018431482
147.120701,0.070509,-0.220248,-0.244188,-9.822582,-9.828085,0.00213,-0.00426,0.005325,97554.16,31.49,-0.003463482
147.189097,0.068395,-0.2394,-0.229824,-9.808218,-9.813831,0,-0.00213,0.001065,97545.9,31.5,0.010790518
147.258316,0.069219,-0.210672,-0.253764,-9.798642,-9.804191,0.00213,-0.005325,0.003195,97550.03,31.5,0.020430518
147.329577,0.071261,-0.208278,-0.244188,-9.834552,-9.839788,0.00213,-0.005325,0.00426,97545.9,31.5,-0.015166482
147.397014,0.067437,-0.234612,-0.246582,-9.82737,-9.833262,0.003195,-0.00426,0.00426,97550.03,31.5,-0.008640482
147.463835,0.06682,-0.222642,-0.265734,-9.813006,-9.819128,0.003195,-0.005325,0.00213,97550.03,31.5,0.005493518
147.530785,0.06695,-0.229824,-0.237006,-9.824976,-9.830521,0.00213,-0.005325,0.00213,97545.9,31.5,-0.005899482
147.597885,0.0671,-0.184338,-0.248976,-9.829764,-9.834644,0.00213,-0.009585,0.00426,97550.03,31.5,-0.010022482
147.664903,0.067017,-0.208278,-0.260946,-9.777096,-9.782795,0.00426,-0.00639,0.003195,97554.16,31.51,0.041826518
147.732056,0.067153,-0.222642,-0.241794,-9.777096,-9.782619,0,-0.003195,0.003195,97550.03,31.5,0.042002518
147.799231,0.067175,-0.21546,-0.260946,-9.813006,-9.818839,0,-0.005325,0.003195,97545.9,31.49,0.005782518
147.866281,0.06705,-0.220248,-0.25137,-9.848916,-9.854585,0,-0.00639,0.003195,97545.9,31.5,-0.029963482
147.933114,0.066833,-0.193914,-0.246582,-9.834552,-9.839554,0.00213,-0.00426,0.003195,97545.9,31.5,-0.014932482
148.000379,0.067265,-0.220248,-0.229824,-9.820188,-9.825346,0.00213,-0.007455,0.00426,97550.03,31.5,-0.000724482
148.071904,0.071525,-0.22743,-0.25137,-9.817794,-9.823644,0,-0.007455,0.00213,97554.16,31.5,0.000977518
148.142292,0.070388,-0.232218,-0.265734,-9.820188,-9.826527,0,-0.00426,0.00213,97545.9,31.5,-0.001905482
148.212413,0.070121,-0.20349,-0.256158,-9.832158,-9.837599,0.003195,-0.007455,0.00213,97541.76,31.5,-0.012977482
148.280116,0.067703,-0.22743,-0.229824,-9.824976,-9.830295,0,-0.00426,0.005325,97541.76,31.5,-0.005673482
148.346999,0.066883,-0.213066,-0.234612,-9.822582,-9.827693,0.003195,-0.005325,0.003195,97541.76,31.5,-0.003071482
148.414275,0.067276,-0.21546,-0.241794,-9.858492,-9.86381,0.00213,-0.007455,0.00213,97545.9,31.5,-0.039188482
148.481095,0.06682,-0.222642,-0.253764,-9.822582,-9.828381,0,-0.00213,0.005325,97545.9,31.5,-0.003759482
148.548601,0.067506,-0.22743,-0.244188,-9.834552,-9.840212,0,-0.003195,0.00639,97550.03,31.5,-0.015590482
148.615595,0.066995,-0.246582,-0.253764,-9.82737,-9.833738,0.00426,-0.00426,0.00426,97554.16,31.49,-0.009116482
148.68242,0.066825,-0.201096,-0.26334,-9.829764,-9.835347,0,-0.00639,0.003195,97554.16,31.5,-0.010725482
148.74937,0.06695,-0.234612,-0.22743,-9.832158,-9.837586,0.003195,-0.00426,0.003195,97545.9,31.5,-0.012964482
148.816569,0.067199,-0.21546,-0.26334,-9.846522,-9.852399,0.00213,-0.005325,0.00426,97545.9,31.5,-0.027777482
148.883637,0.067068,-0.229824,-0.256158,-9.801036,-9.807076,0.00213,-0.00426,0.00426,97554.16,31.5,0.017545518
148.950336,0.066699,-0.210672,-0.22743,-9.834552,-9.839437,0.003195,-0.00213,0.00213,97541.76,31.5,-0.014815482
149.017785,0.067448,-0.225036,-0.237006,-9.820188,-9.825625,0,-0.00426,0.00426,97545.9,31.5,-0.001003482
149.084702,0.066917,-0.21546,-0.27531,-9.82737,-9.833586,0.00213,-0.007455,0.003195,97545.9,31.49,-0.008964482
149.151896,0.067193,-0.201096,-0.237006,-9.836946,-9.841855,-0.001065,-0.003195,0.003195,97545.9,31.5,-0.017233482
149.218942,0.067047,-0.213066,-0.2394,-9.822582,-9.827809,0.003195,-0.00426,0.005325,97550.03,31.5,-0.003187482
149.286136,0.067194,-0.217854,-0.25137,-9.82737,-9.832998,0.001065,-0.007455,0.00426,97554.16,31.5,-0.008376482
149.353159,0.067023,-0.232218,-0.2394,-9.820188,-9.82585,0,-0.005325,0.00426,97545.9,31.51,-0.001228482
149.420308,0.067149,-0.220248,-0.20349,-9.82737,-9.831944,0.003195,-0.00639,0.003195,97550.03,31.5,-0.007322482
149.487934,0.067626,-0.205884,-0.265734,-9.8154,-9.821155,0.00213,-0.007455,0.00213,97554.16,31.51,0.003466518
149.555587,0.067652,-0.225036,-0.21546,-9.836946,-9.841878,0,-0.003195,0.001065,97541.76,31.5,-0.017256482
149.623213,0.067627,-0.21546,-0.237006,-9.822582,-9.827803,0,-0.007455,0.003195,97545.9,31.5,-0.003181482
149.689509,0.066296,-0.213066,-0.265734,-9.82737,-9.833271,0.00213,-0.00639,0.003195,97554.16,31.49,-0.008649482
149.757736,0.068227,-0.213066,-0.265734,-9.836946,-9.842841,0.00213,-0.007455,0.001065,97550.03,31.49,-0.018219482
149.828041,0.070305,-0.222642,-0.25137,-9.832158,-9.83789,0.001065,-0.005325,0.003195,97554.16,31.5,-0.013268482
149.897638,0.069597,-0.184338,-0.26334,-9.829764,-9.835018,0,-0.005325,0.005325,97554.16,31.49,-0.010396482
149.968954,0.071316,-0.237006,-0.2394,-9.820188,-9.825964,0.00213,-0.00426,0.00426,97545.9,31.51,-0.001342482
150.036116,0.067161,-0.225036,-0.244188,-9.829764,-9.835371,0.003195,-0.009585,0.00426,97545.9,31.5,-0.010749482
150.103199,0.067083,-0.22743,-0.248976,-9.805824,-9.811621,0.00213,-0.00639,0.00213,97545.9,31.5,0.013000518
150.170811,0.067613,-0.217854,-0.232218,-9.844128,-9.849276,-0.001065,-0.00426,0.001065,97554.16,31.49,-0.024654482
150.238149,0.067337,-0.198702,-0.22743,-9.8154,-9.820045,0.001065,-0.00639,0.00213,97545.9,31.5,0.004576518
150.305175,0.067026,-0.208278,-0.232218,-9.829764,-9.834712,0,-0.007455,0.00213,97554.16,31.5,-0.010090482
150.372567,0.067392,-0.229824,-0.241794,-9.829764,-9.835423,0.00213,-0.003195,0.001065,97550.03,31.5,-0.010801482
150.439495,0.066928,-0.217854,-0.232218,-9.808218,-9.813385,0.001065,-0.00639,0.003195,97550.03,31.5,0.011236518
150.506494,0.066998,-0.21546,-0.256158,-9.810612,-9.81632,0.001065,-0.00639,0.00426,97558.3,31.5,0.008301518
150.574139,0.067645,-0.229824,-0.232218,-9.822582,-9.828014,0.003195,-0.005325,0.005325,97541.76,31.49,-0.003392482
150.640534,0.066395,-0.225036,-0.253764,-9.829764,-9.835614,0.003195,-0.00852,0.00426,97554.16,31.5,-0.010992482
150.70711,0.066576,-0.246582,-0.256158,-9.844128,-9.850547,0.003195,-0.005325,0.00213,97550.03,31.5,-0.025925482
150.774173,0.067063,-0.217854,-0.277704,-9.817794,-9.824137,0.00213,-0.00426,0.00426,97554.16,31.5,0.000484518
150.841205,0.067032,-0.205884,-0.256158,-9.832158,-9.837649,0.003195,-0.00213,0.005325,97550.03,31.5,-0.013027482
150.91001,0.068805,-0.217854,-0.256158,-9.841734,-9.847477,0.00213,-0.00639,0,97562.43,31.49,-0.022855482
150.980408,0.070397,-0.220248,-0.237006,-9.83934,-9.844658,0,-0.003195,0.005325,97545.9,31.49,-0.020036482
151.050209,0.069801,-0.210672,-0.2394,-9.808218,-9.813401,-0.001065,-0.007455,0.00213,97550.03,31.49,0.011220518
151.121058,0.070849,-0.237006,-0.260946,-9.853704,-9.860007,-0.001065,-0.00426,0.003195,97550.03,31.49,-0.035385482
151.188143,0.067086,-0.201096,-0.241794,-9.822582,-9.827615,0.001065,-0.005325,0.00426,97550.03,31.49,-0.002993482
151.255224,0.06708,-0.220248,-0.246582,-9.8154,-9.820967,0.003195,-0.00639,0.00426,97550.03,31.49,0.003654518
151.322303,0.067079,-0.181944,-0.246582,-9.82737,-9.832147,0.003195,-0.005325,0.00213,97550.03,31.5,-0.007525482
151.389769,0.067466,-0.222642,-0.217854,-9.80343,-9.808378,0.00213,-0.007455,0.00426,97550.03,31.49,0.016243518
151.456717,0.066948,-0.196308,-0.241794,-9.82737,-9.832304,0.00213,-0.00426,0.005325,97541.76,31.49,-0.007682482
151.523615,0.066898,-0.196308,-0.241794,-9.820188,-9.825126,0.00213,-0.00639,0.005325,97554.16,31.49,-0.000504482
151.591066,0.067451,-0.225036,-0.265734,-9.813006,-9.819182,-0.001065,-0.003195,0.00213,97550.03,31.48,0.005439518
151.65893,0.067864,-0.213066,-0.265734,-9.813006,-9.818915,0.00213,-0.00426,0.00426,97545.9,31.48,0.005706518
151.726167,0.067237,-0.193914,-0.27531,-9.82737,-9.833138,0.003195,-0.005325,0.00426,97550.03,31.49,-0.008516482
151.793003,0.066837,-0.198702,-0.277704,-9.8154,-9.821338,0.001065,-0.00213,0.005325,97554.16,31.5,0.003283518
151.859455,0.066452,-0.20349,-0.244188,-9.8154,-9.820545,0.003195,-0.007455,0.00213,97545.9,31.49,0.004076518
151.926776,0.067321,-0.22743,-0.248976,-9.829764,-9.835546,0.003195,-0.005325,0.00426,97554.16,31.49,-0.010924482
151.993396,0.06662,-0.193914,-0.232218,-9.8154,-9.820061,0,-0.005325,0.001065,97554.16,31.5,0.004560518
152.060335,0.066939,-0.232218,-0.25137,-9.805824,-9.811794,-0.00213,-0.005325,0.00426,97545.9,31.49,0.012827518
152.126783,0.066448,-0.193914,-0.277704,-9.832158,-9.83799,0.00426,-0.005325,0,97554.16,31.48,-0.013368482
152.194156,0.067373,-0.217854,-0.241794,-9.836946,-9.842329,0,-0.005325,0.00426,97550.03,31.5,-0.017707482
152.261226,0.067069,-0.201096,-0.25137,-9.813006,-9.818285,0.00213,-0.005325,0.00213,97558.3,31.48,0.006336518
152.329121,0.067896,-0.229824,-0.237006,-9.834552,-9.840092,0.005325,-0.00852,0.005325,97545.9,31.49,-0.015470482
152.396801,0.06768,-0.213066,-0.25137,-9.789066,-9.794611,0.003195,-0.007455,0.005325,97554.16,31.49,0.030010518
152.464649,0.067848,-0.246582,-0.205884,-9.80343,-9.808692,0,-0.005325,0.003195,97554.16,31.49,0.015929518
152.531564,0.066915,-0.217854,-0.229824,-9.810612,-9.815721,0.001065,-0.00852,0.00213,97554.16,31.49,0.008900518
152.599054,0.06749,-0.217854,-0.268128,-9.824976,-9.831048,0,-0.003195,0.00213,97550.03,31.49,-0.006426482
152.665886,0.066832,-0.198702,-0.237006,-9.822582,-9.82745,0,-0.00639,0.003195,97550.03,31.48,-0.002828482
152.733059,0.067173,-0.237006,-0.253764,-9.848916,-9.855035,0.00213,-0.005325,0.00426,97550.03,31.48,-0.030413482
152.799503,0.066444,-0.205884,-0.244188,-9.841734,-9.846915,0.00213,-0.005325,0.003195,97550.03,31.49,-0.022293482
152.866524,0.067021,-0.232218,-0.220248,-9.817794,-9.823009,-0.001065,-0.00639,0.003195,97554.16,31.48,0.001612518
152.933416,0.066892,-0.21546,-0.280098,-9.832158,-9.838506,0.00213,-0.00639,0.003195,97554.16,31.48,-0.013884482
153.000126,0.06671,-0.234612,-0.268128,-9.824976,-9.831434,0.001065,-0.00426,0.00213,97554.16,31.48,-0.006812482
153.066955,0.066829,-0.225036,-0.229824,-9.8154,-9.820669,0,-0.007455,0.007455,97550.03,31.5,0.003952518
153.134111,0.067156,-0.225036,-0.2394,-9.824976,-9.830468,0.003195,-0.00852,0.00426,97550.03,31.48,-0.005846482
153.200914,0.066803,-0.244188,-0.253764,-9.820188,-9.826501,0.00213,-0.005325,0.00213,97554.16,31.48,-0.001879482
153.268011,0.067096,-0.205884,-0.237006,-9.829764,-9.834776,0.00213,-0.003195,0.003195,97554.16,31.49,-0.010154482
153.335225,0.067215,-0.220248,-0.237006,-9.829764,-9.835087,0.00213,-0.00639,0.003195,97550.03,31.49,-0.010465482
153.402403,0.067178,-0.246582,-0.26334,-9.810612,-9.817243,0.00213,-0.00639,0.00213,97554.16,31.49,0.007378518
153.469372,0.066969,-0.225036,-0.234612,-9.810612,-9.815997,0,-0.005325,0.00213,97554.16,31.48,0.008624518
153.536477,0.067105,-0.22743,-0.26334,-9.844128,-9.850276,-0.001065,-0.005325,0.005325,97545.9,31.48,-0.025654482
153.603793,0.067317,-0.220248,-0.26334,-9.82737,-9.833365,0.001065,-0.00426,0.001065,97541.76,31.49,-0.008743482
153.672927,0.069133,-0.225036,-0.22743,-9.829764,-9.83497,0.00213,-0.00426,0.00426,97554.16,31.49,-0.010348482
153.740104,0.067178,-0.213066,-0.241794,-9.822582,-9.827867,-0.001065,-0.003195,0.00426,97550.03,31.48,-0.003245482
153.809158,0.069054,-0.225036,-0.258552,-9.8154,-9.821383,0.003195,-0.00639,0.00213,97541.76,31.48,0.003238518
153.879137,0.06998,-0.237006,-0.25137,-9.82737,-9.833441,0.001065,-0.00426,0.00213,97550.03,31.48,-0.008819482
153.949991,0.070854,-0.213066,-0.248976,-9.829764,-9.835225,0.005325,-0.00639,0.00213,97550.03,31.48,-0.010603482
154.018378,0.068387,-0.225036,-0.246582,-9.834552,-9.840216,0.00426,-0.00852,0.00426,97550.03,31.48,-0.015594482
154.085025,0.066647,-0.208278,-0.234612,-9.824976,-9.829984,-0.001065,-0.005325,0.003195,97558.3,31.49,-0.005362482
154.152083,0.067058,-0.213066,-0.213066,-9.834552,-9.839167,0.00426,-0.007455,0.003195,97545.9,31.48,-0.014545482
154.219206,0.067122,-0.2394,-0.272916,-9.798642,-9.805365,0.001065,-0.007455,0,97554.16,31.48,0.019256518
154.286363,0.067158,-0.225036,-0.27531,-9.817794,-9.824231,-0.001065,-0.00213,0.003195,97550.03,31.49,0.000390518
154.353246,0.066883,-0.21546,-0.248976,-9.829764,-9.835277,0.00213,-0.003195,0.00213,97562.43,31.48,-0.010655482
154.420534,0.067287,-0.210672,-0.248976,-9.82737,-9.832781,0.00213,-0.00639,0.003195,97554.16,31.48,-0.008159482
154.487684,0.067151,-0.246582,-0.234612,-9.808218,-9.814122,0,-0.005325,0.00426,97554.16,31.48,0.010499518
154.554266,0.066581,-0.196308,-0.2394,-9.822582,-9.82746,0.001065,-0.00639,0.00213,97554.16,31.49,-0.002838482
154.621101,0.066835,-0.217854,-0.253764,-9.834552,-9.840237,0.003195,-0.007455,0.00426,97541.76,31.48,-0.015615482
154.688383,0.067281,-0.220248,-0.244188,-9.822582,-9.828085,-0.00213,-0.005325,0.003195,97566.57,31.49,-0.003463482
154.755386,0.067004,-0.186732,-0.234612,-9.841734,-9.846301,0.001065,-0.005325,0.00426,97550.03,31.49,-0.021679482
154.822427,0.067041,-0.210672,-0.244188,-9.829764,-9.835053,0.003195,-0.009585,0.00426,97550.03,31.48,-0.010431482
154.889537,0.06711,-0.2394,-0.237006,-9.808218,-9.814001,-0.001065,-0.005325,0.003195,97562.43,31.49,0.010620518
154.957258,0.067722,-0.20349,-0.225036,-9.83934,-9.844017,0.001065,-0.00852,0.003195,97554.16,31.48,-0.019395482
155.025019,0.067761,-0.20349,-0.232218,-9.841734,-9.846576,0.003195,-0.00639,0.00213,97554.16,31.48,-0.021954482
155.0951,0.070081,-0.22743,-0.244188,-9.817794,-9.823463,0.00426,-0.00639,0.001065,97550.03,31.48,0.001158518
155.164715,0.069615,-0.229824,-0.272916,-9.841734,-9.848199,0,-0.005325,0.003195,97558.3,31.48,-0.023577482
155.238109,0.073394,-0.208278,-0.225036,-9.808218,-9.81301,-0.001065,-0.007455,0.00213,97545.9,31.48,0.011611518
155.304932,0.066822,-0.208278,-0.2394,-9.832158,-9.837277,0.00213,-0.00426,0.005325,97554.16,31.49,-0.012655482
155.371468,0.066536,-0.210672,-0.2394,-9.820188,-9.825364,0.003195,-0.005325,0.00426,97550.03,31.49,-0.000742482
155.438223,0.066755,-0.210672,-0.260946,-9.8154,-9.821128,0.00213,-0.00426,0.005325,97554.16,31.48,0.003493518
155.504882,0.066659,-0.244188,-0.246582,-9.817794,-9.823925,0.001065,-0.005325,0.00213,97554.16,31.48,0.000696518
155.572966,0.068084,-0.205884,-0.244188,-9.832158,-9.837345,0.00426,-0.005325,0.00213,97558.3,31.48,-0.012723482
155.639772,0.066806,-0.213066,-0.26334,-9.813006,-9.818851,0.00213,-0.00426,0.001065,97541.76,31.48,0.005770518
155.706257,0.066485,-0.232218,-0.229824,-9.824976,-9.830407,0.003195,-0.007455,0.00426,97554.16,31.48,-0.005785482
155.773853,0.067596,-0.234612,-0.222642,-9.829764,-9.835084,0.003195,-0.00639,0.00426,97550.03,31.48,-0.010462482
155.840984,0.067131,-0.217854,-0.22743,-9.82737,-9.832415,0.00213,-0.005325,0.003195,97550.03,31.49,-0.007793482
155.907849,0.066865,-0.205884,-0.265734,-9.832158,-9.837903,-0.001065,-0.005325,0.001065,97554.16,31.47,-0.013281482
155.974257,0.066407,-0.225036,-0.2394,-9.817794,-9.82329,0.00213,-0.00639,0.00213,97550.03,31.48,0.001331518
156.042311,0.068055,-0.220248,-0.248976,-9.82737,-9.83299,0.003195,-0.007455,0.001065,97554.16,31.48,-0.008368482
156.109083,0.066772,-0.210672,-0.282492,-9.824976,-9.831294,0,-0.00639,0.00213,97554.16,31.49,-0.006672482
156.176447,0.067364,-0.217854,-0.237006,-9.83934,-9.844605,0.003195,-0.00639,0.00426,97550.03,31.49,-0.019983482
156.24358,0.067133,-0.220248,-0.234612,-9.836946,-9.842208,0.003195,-0.00639,0.003195,97558.3,31.47,-0.017586482
156.31032,0.06674,-0.234612,-0.253764,-9.824976,-9.831052,0.003195,-0.005325,0.005325,97558.3,31.48,-0.006430482
156.377128,0.066809,-0.213066,-0.244188,-9.82737,-9.832712,0.001065,-0.00639,0.00213,97545.9,31.49,-0.008090482
156.444121,0.066993,-0.21546,-0.260946,-9.83934,-9.845158,0.00213,-0.00639,0.007455,97554.16,31.48,-0.020536482
156.511575,0.067454,-0.220248,-0.268128,-9.817794,-9.823924,0.00426,-0.00639,0.00213,97545.9,31.48,0.000697518
156.579092,0.067517,-0.222642,-0.22743,-9.810612,-9.815773,-0.001065,-0.00426,0.00213,97545.9,31.48,0.008848518
156.646445,0.067353,-0.234612,-0.246582,-9.820188,-9.826085,0.001065,-0.00639,0.00426,97550.03,31.48,-0.001463482
156.713176,0.066731,-0.229824,-0.270522,-9.824976,-9.831386,0.003195,-0.005325,0.003195,97554.16,31.48,-0.006764482
156.780954,0.067778,-0.217854,-0.234612,-9.810612,-9.815835,0.001065,-0.00426,0.005325,97550.03,31.49,0.008786518
156.853043,0.072089,-0.2394,-0.229824,-9.82737,-9.832972,0.001065,-0.00426,0.003195,97562.43,31.49,-0.008350482
156.925699,0.072656,-0.234612,-0.225036,-9.817794,-9.823175,0.001065,-0.00639,0.00426,97550.03,31.48,0.001446518
156.994281,0.068583,-0.220248,-0.2394,-9.813006,-9.818396,0,-0.00639,0.00213,97554.16,31.48,0.006225518
157.06753,0.073248,-0.201096,-0.208278,-9.829764,-9.834027,-0.00213,-0.003195,0.00426,97554.16,31.48,-0.009405482
157.138142,0.070613,-0.253764,-0.232218,-9.817794,-9.823818,0.001065,-0.007455,0.00213,97554.16,31.48,0.000803518
157.205363,0.067221,-0.229824,-0.22743,-9.796248,-9.801582,-0.001065,-0.005325,0.001065,97554.16,31.48,0.023039518
157.272677,0.067314,-0.220248,-0.270522,-9.805824,-9.812027,0.001065,-0.00639,0.003195,97550.03,31.48,0.012594518
157.339761,0.067084,-0.253764,-0.244188,-9.820188,-9.826501,0.00213,-0.00639,0.00213,97554.16,31.49,-0.001879482
157.406795,0.067034,-0.193914,-0.253764,-9.8154,-9.820594,0.001065,-0.00426,0.00639,97554.16,31.49,0.004027518
157.473695,0.0669,-0.210672,-0.26334,-9.829764,-9.835547,0.003195,-0.007455,0.00426,97554.16,31.48,-0.010925482
157.541072,0.067377,-0.2394,-0.258552,-9.858492,-9.864787,0.00213,-0.005325,0.00426,97558.3,31.47,-0.040165482
157.608209,0.067137,-0.22743,-0.229824,-9.817794,-9.823117,0.00213,-0.00639,0.00426,97554.16,31.48,0.001504518
157.675169,0.06696,-0.208278,-0.21546,-9.798642,-9.803223,0.001065,-0.005325,0.003195,97554.16,31.48,0.021398518
157.742854,0.067685,-0.232218,-0.27531,-9.817794,-9.824398,0.001065,-0.007455,0.00426,97554.16,31.48,0.000223518
157.809385,0.06653,-0.22743,-0.256158,-9.813006,-9.818983,0.001065,-0.00639,0.005325,97550.03,31.48,0.005638518
157.876876,0.067491,-0.22743,-0.244188,-9.82737,-9.833034,0,-0.005325,0.00426,97554.16,31.48,-0.008412482
157.944735,0.067859,-0.210672,-0.26334,-9.836946,-9.842725,0.00213,-0.00639,0.005325,97550.03,31.48,-0.018103482
158.015113,0.070379,-0.21546,-0.253764,-9.808218,-9.813866,0.001065,-0.005325,0.00213,97550.03,31.48,0.010755518
158.0853,0.070186,-0.220248,-0.277704,-9.810612,-9.817013,0,-0.00639,0.00426,97554.16,31.48,0.007608518
158.155551,0.070251,-0.220248,-0.232218,-9.820188,-9.825402,0.00213,-0.009585,0.00426,97550.03,31.48,-0.000780482
158.222309,0.066757,-0.222642,-0.241794,-9.83934,-9.844828,0.00213,-0.005325,0.00426,97554.16,31.47,-0.020206482
158.290241,0.067932,-0.210672,-0.25137,-9.817794,-9.823271,0.003195,-0.00639,0.003195,97554.16,31.48,0.001350518
158.3574,0.067158,-0.21546,-0.2394,-9.82737,-9.832646,0.005325,-0.00639,0.003195,97550.03,31.48,-0.008024482
158.424375,0.066975,-0.213066,-0.253764,-9.813006,-9.818599,0.001065,-0.00639,0.00426,97558.3,31.47,0.006022518
158.491738,0.067363,-0.205884,-0.248976,-9.808218,-9.813537,0.00213,-0.007455,0.00426,97558.3,31.47,0.011084518
158.558397,0.066659,-0.232218,-0.256158,-9.8154,-9.821488,0.00426,-0.00852,0.00426,97558.3,31.47,0.003133518
158.625879,0.067483,-0.244188,-0.265734,-9.822582,-9.82921,0.00213,-0.00426,0.003195,97562.43,31.47,-0.004588482
158.692913,0.067033,-0.248976,-0.222642,-9.801036,-9.806726,0.001065,-0.007455,0.00213,97545.9,31.47,0.017895518
158.759816,0.066903,-0.229824,-0.222642,-9.83934,-9.844542,0.003195,-0.007455,0.003195,97554.16,31.47,-0.019920482
158.827198,0.067382,-0.217854,-0.253764,-9.836946,-9.84263,0.00213,-0.00639,0.003195,97550.03,31.48,-0.018008482
158.894372,0.067175,-0.213066,-0.237006,-9.8154,-9.820573,0.00426,-0.007455,0.005325,97550.03,31.48,0.004048518
158.96141,0.067038,-0.220248,-0.244188,-9.817794,-9.8233,0.00213,-0.00426,0.003195,97554.16,31.47,0.001321518
159.028518,0.067107,-0.241794,-0.26334,-9.796248,-9.802769,0.003195,-0.005325,0.001065,97558.3,31.47,0.021852518
159.095986,0.067469,-0.220248,-0.234612,-9.836946,-9.842208,0.001065,-0.00426,0.00213,97562.43,31.48,-0.017586482
159.162577,0.066591,-0.210672,-0.2394,-9.832158,-9.837328,0.00213,-0.005325,0.00426,97545.9,31.47,-0.012706482
159.229775,0.067198,-0.208278,-0.270522,-9.824976,-9.830906,0.003195,-0.005325,0.00426,97550.03,31.47,-0.006284482
159.297078,0.067303,-0.225036,-0.241794,-9.829764,-9.835312,0.001065,-0.00213,-0.001065,97554.16,31.47,-0.010690482
159.364139,0.06706,-0.21546,-0.25137,-9.817794,-9.823375,0,-0.00639,0.003195,97545.9,31.48,0.001246518
159.430865,0.066727,-0.210672,-0.258552,-9.829764,-9.83542,0.003195,-0.005325,0.003195,97545.9,31.47,-0.010798482
159.498279,0.067414,-0.248976,-0.268128,-9.824976,-9.831787,0.001065,-0.00426,0.00213,97554.16,31.47,-0.007165482
159.569776,0.071497,-0.2394,-0.217854,-9.83934,-9.844663,0,-0.005325,0.00426,97550.03,31.48,-0.020041482
159.643787,0.074012,-0.229824,-0.222642,-9.832158,-9.837363,-0.001065,-0.005325,0.001065,97562.43,31.47,-0.012741482
159.712028,0.068241,-0.237006,-0.25137,-9.83934,-9.845404,0.001065,-0.007455,0.003195,97550.03,31.46,-0.020782482
159.782466,0.070438,-0.220248,-0.232218,-9.817794,-9.823009,0.001065,-0.005325,0.00213,97558.3,31.48,0.001612518
159.856479,0.074013,-0.208278,-0.225036,-9.820188,-9.824974,0,-0.00639,0.00213,97558.3,31.47,-0.000352482
159.923254,0.066775,-0.232218,-0.258552,-9.810612,-9.816765,0,-0.00639,0.003195,97562.43,31.47,0.007856518
159.990872,0.067617,-0.237006,-0.25137,-9.824976,-9.831048,0.00213,-0.007455,0.003195,97554.16,31.47,-0.006426482
160.057706,0.066834,-0.213066,-0.232218,-9.846522,-9.851564,0.001065,-0.00639,0.001065,97550.03,31.47,-0.026942482
160.124806,0.0671,-0.248976,-0.222642,-9.822582,-9.828259,-0.001065,-0.005325,0.003195,97558.3,31.48,-0.003637482
160.191937,0.067131,-0.210672,-0.22743,-9.834552,-9.839437,0.00213,-0.005325,0.003195,97558.3,31.48,-0.014815482
160.259124,0.067187,-0.217854,-0.270522,-9.8154,-9.821544,0.00213,-0.005325,0.00426,97554.16,31.48,0.003077518
160.3263,0.067176,-0.244188,-0.246582,-9.83934,-9.845458,0.003195,-0.00426,0.001065,97554.16,31.47,-0.020836482
160.392966,0.066666,-0.220248,-0.244188,-9.822582,-9.828085,-0.001065,-0.00426,0.001065,97554.16,31.48,-0.003463482
160.459883,0.066917,-0.217854,-0.244188,-9.820188,-9.825639,0.00213,-0.007455,0.00213,97545.9,31.47,-0.001017482
160.527037,0.067154,-0.241794,-0.232218,-9.82737,-9.833087,0.003195,-0.00639,0.00213,97562.43,31.47,-0.008465482
160.594448,0.067412,-0.222642,-0.213066,-9.808218,-9.813058,0,-0.007455,0.00213,97554.16,31.46,0.011563518
160.662534,0.068086,-0.244188,-0.244188,-9.813006,-9.819081,0.003195,-0.005325,0.003195,97554.16,31.46,0.005540518
160.72962,0.067086,-0.213066,-0.272916,-9.796248,-9.802365,0.00213,-0.007455,0.003195,97554.16,31.47,0.022256518
160.796603,0.066983,-0.22743,-0.244188,-9.832158,-9.837819,-0.003195,-0.00426,0.005325,97554.16,31.47,-0.013197482
160.866668,0.070065,-0.21546,-0.234612,-9.829764,-9.834924,0.00213,-0.00639,0.00426,97554.16,31.47,-0.010302482
160.940146,0.073477,-0.198702,-0.232218,-9.836946,-9.841693,0.003195,-0.00639,0.003195,97554.16,31.46,-0.017071482
161.008005,0.067859,-0.229824,-0.272916,-9.820188,-9.826668,0.005325,-0.00426,0.003195,97554.16,31.47,-0.002046482
161.074966,0.066961,-0.201096,-0.26334,-9.817794,-9.823384,0.00426,-0.00639,0.003195,97562.43,31.47,0.001237518
161.142434,0.067468,-0.20349,-0.248976,-9.820188,-9.825451,0.001065,-0.005325,0.00213,97550.03,31.47,-0.000829482
161.21003,0.067596,-0.232218,-0.232218,-9.817794,-9.823285,0.00213,-0.007455,0.00213,97554.16,31.47,0.001336518
161.277578,0.067549,-0.196308,-0.244188,-9.80343,-9.808435,0.001065,-0.00852,0.003195,97562.43,31.47,0.016186518
161.34462,0.067042,-0.196308,-0.270522,-9.832158,-9.837838,0.00213,-0.005325,0.005325,97554.16,31.46,-0.013216482
161.41136,0.06674,-0.22743,-0.234612,-9.836946,-9.842371,0,-0.003195,0.003195,97554.16,31.47,-0.017749482
161.478879,0.067519,-0.232218,-0.260946,-9.820188,-9.826399,0.001065,-0.005325,0.003195,97558.3,31.47,-0.001777482
161.545786,0.066906,-0.201096,-0.268128,-9.832158,-9.837869,0.00213,-0.00426,0.00426,97554.16,31.47,-0.013247482
161.613003,0.067217,-0.222642,-0.232218,-9.829764,-9.835027,0.001065,-0.007455,0.00213,97554.16,31.47,-0.010405482
161.680218,0.067214,-0.208278,-0.237006,-9.82737,-9.832434,0.001065,-0.00639,0.003195,97545.9,31.47,-0.007812482
161.74685,0.066633,-0.217854,-0.265734,-9.822582,-9.828591,0.00426,-0.00852,0.001065,97550.03,31.46,-0.003969482
161.814366,0.067516,-0.234612,-0.25137,-9.832158,-9.838169,0.00213,-0.00426,0.001065,97541.76,31.47,-0.013547482
161.880859,0.066493,-0.205884,-0.248976,-9.829764,-9.835072,-0.001065,-0.00426,0.003195,97545.9,31.47,-0.010450482
161.947977,0.067118,-0.232218,-0.244188,-9.832158,-9.837931,0.00426,-0.00639,0.00213,97554.16,31.47,-0.013309482
162.015867,0.06789,-0.21546,-0.26334,-9.824976,-9.830866,0,-0.003195,0.003195,97554.16,31.47,-0.006244482
162.082528,0.066662,-0.205884,-0.232218,-9.805824,-9.810734,0.001065,-0.003195,0.00213,97554.16,31.47,0.013887518
162.14911,0.066581,-0.20349,-0.234612,-9.817794,-9.822705,0,-0.00426,0.003195,97554.16,31.47,0.001916518
162.216556,0.067446,-0.237006,-0.282492,-9.808218,-9.815147,0.00213,-0.00852,0.005325,97554.16,31.47,0.009474518
162.282977,0.066421,-0.25137,-0.25137,-9.82737,-9.833798,-0.001065,-0.005325,0.007455,97558.3,31.47,-0.009176482
162.350255,0.067278,-0.201096,-0.248976,-9.805824,-9.811045,0,-0.00426,0.00213,97554.16,31.47,0.013576518
162.417122,0.066867,-0.208278,-0.253764,-9.832158,-9.837637,0.00213,-0.007455,0.003195,97554.16,31.47,-0.013015482
162.484711,0.067589,-0.22743,-0.232218,-9.836946,-9.842315,0.003195,-0.005325,0.003195,97545.9,31.46,-0.017693482
162.551988,0.067277,-0.184338,-0.205884,-9.820188,-9.824076,0.00213,-0.00639,0.003195,97558.3,31.46,0.000545518
162.618324,0.066336,-0.222642,-0.246582,-9.808218,-9.813843,0.00213,-0.00639,0.005325,97558.3,31.47,0.010778518
162.685384,0.06706,-0.222642,-0.268128,-9.848916,-9.85508,0,-0.00639,0.00426,97554.16,31.47,-0.030458482
162.752697,0.067313,-0.210672,-0.237006,-9.817794,-9.822914,-0.001065,-0.003195,0.00213,97550.03,31.47,0.001707518
162.82023,0.067533,-0.186732,-0.244188,-9.832158,-9.836962,0.003195,-0.00426,0.003195,97550.03,31.47,-0.012340482
162.887351,0.067121,-0.201096,-0.282492,-9.8154,-9.821523,0.001065,-0.00426,0.00213,97554.16,31.47,0.003098518
162.953857,0.066506,-0.220248,-0.248976,-9.832158,-9.837776,0,-0.00426,0.00426,97554.16,31.47,-0.013154482
163.021708,0.067851,-0.229824,-0.222642,-9.813006,-9.818222,0.00213,-0.00852,0.005325,97554.16,31.46,0.006399518
163.08898,0.067272,-0.205884,-0.265734,-9.820188,-9.82594,0.00426,-0.00639,0.00213,97554.16,31.47,-0.001318482
163.156199,0.067219,-0.205884,-0.244188,-9.822582,-9.827774,0.001065,-0.00213,0.00213,97550.03,31.47,-0.003152482
163.222904,0.066705,-0.222642,-0.237006,-9.829764,-9.835141,0.00213,-0.005325,0.00213,97558.3,31.47,-0.010519482
163.290237,0.067334,-0.21546,-0.256158,-9.817794,-9.823498,0.003195,-0.007455,0.005325,97545.9,31.46,0.001123518
163.357293,0.067055,-0.22743,-0.253764,-9.832158,-9.838061,0.001065,-0.005325,0.003195,97545.9,31.46,-0.013439482
163.424441,0.067148,-0.210672,-0.225036,-9.8154,-9.820239,0.00213,-0.00639,0.00426,97558.3,31.47,0.004382518
163.491249,0.066808,-0.229824,-0.258552,-9.817794,-9.823887,0.003195,-0.00639,0.00213,97545.9,31.47,0.000734518
163.558525,0.067276,-0.225036,-0.253764,-9.810612,-9.816473,0.00213,-0.00639,0.005325,97545.9,31.46,0.008148518
163.626289,0.067764,-0.25137,-0.217854,-9.824976,-9.830605,-0.001065,-0.005325,0.001065,97562.43,31.46,-0.005983482
163.692865,0.066576,-0.220248,-0.260946,-9.798642,-9.80459,0,-0.005325,0.00426,97554.16,31.46,0.020031518
163.763977,0.071111,-0.198702,-0.237006,-9.824976,-9.829843,0.001065,-0.005325,0.003195,97558.3,31.46,-0.005221482
163.832914,0.068937,-0.222642,-0.244188,-9.846522,-9.852065,0,-0.007455,0.005325,97558.3,31.46,-0.027443482
163.904445,0.071531,-0.208278,-0.256158,-9.829764,-9.835307,0.00213,-0.005325,0.00213,97550.03,31.46,-0.010685482
163.971687,0.067242,-0.244188,-0.260946,-9.824976,-9.831474,0.00213,-0.00639,0.003195,97554.16,31.46,-0.006852482
164.038938,0.067251,-0.210672,-0.244188,-9.820188,-9.825482,0.00213,-0.005325,0.003195,97554.16,31.46,-0.000860482
164.106112,0.067174,-0.217854,-0.22743,-9.822582,-9.82763,0.003195,-0.007455,0.003195,97554.16,31.47,-0.003008482
164.172757,0.066645,-0.237006,-0.26334,-9.822582,-9.828969,0.001065,-0.005325,0.001065,97554.16,31.46,-0.004347482
164.239957,0.0672,-0.232218,-0.241794,-9.813006,-9.818731,0.00213,-0.003195,0.003195,97554.16,31.47,0.005890518
164.306973,0.067016,-0.198702,-0.260946,-9.841734,-9.847198,0,-0.00213,0.00213,97554.16,31.47,-0.022576482
164.374358,0.067385,-0.222642,-0.253764,-9.829764,-9.835559,0.003195,-0.00426,0.001065,97562.43,31.46,-0.010937482
164.441346,0.066988,-0.213066,-0.21546,-9.82737,-9.832041,0.001065,-0.00426,0.00213,97550.03,31.46,-0.007419482
164.508652,0.067306,-0.201096,-0.237006,-9.810612,-9.815535,0.001065,-0.00426,0.001065,97550.03,31.47,0.009086518
164.576027,0.067375,-0.232218,-0.246582,-9.832158,-9.837991,0.00213,-0.005325,0.003195,97554.16,31.46,-0.013369482
164.642934,0.066908,-0.213066,-0.260946,-9.80343,-9.809217,0.001065,-0.00213,0.003195,97554.16,31.46,0.015404518
164.71013,0.067195,-0.208278,-0.237006,-9.822582,-9.827648,0,-0.005325,0.003195,97558.3,31.46,-0.003026482
164.778112,0.067982,-0.196308,-0.244188,-9.832158,-9.837149,0.00426,-0.005325,0.003195,97558.3,31.46,-0.012527482
164.845702,0.067591,-0.189126,-0.265734,-9.820188,-9.825603,0.001065,-0.005325,0.003195,97554.16,31.46,-0.000981482
164.915141,0.069439,-0.201096,-0.260946,-9.8154,-9.820927,0,-0.00639,0.00426,97554.16,31.46,0.003694518
164.982828,0.067687,-0.210672,-0.268128,-9.820188,-9.826106,0.001065,-0.00639,0.00213,97550.03,31.46,-0.001484482
165.053114,0.070286,-0.21546,-0.2394,-9.82737,-9.832646,0.00213,-0.00639,0.00426,97562.43,31.46,-0.008024482
165.124145,0.071031,-0.225036,-0.248976,-9.820188,-9.825921,0.003195,-0.00639,0.003195,97558.3,31.46,-0.001299482
165.191931,0.067787,-0.158004,-0.229824,-9.834552,-9.838506,0.00426,-0.005325,-0.001065,97554.16,31.46,-0.013884482
165.258274,0.066343,-0.225036,-0.256158,-9.813006,-9.818928,0.00426,-0.01065,0.00639,97554.16,31.46,0.005693518
165.324936,0.066661,-0.20349,-0.237006,-9.805824,-9.810798,0,-0.00426,0.003195,97558.3,31.46,0.013823518
165.391934,0.066998,-0.213066,-0.241794,-9.82737,-9.832653,0.00213,-0.007455,0.00426,97550.03,31.46,-0.008031482
165.45927,0.067337,-0.222642,-0.25137,-9.808218,-9.813964,0.00213,-0.00639,0.007455,97558.3,31.47,0.010657518
165.526853,0.067583,-0.2394,-0.22743,-9.829764,-9.835309,0.003195,-0.003195,0.00426,97554.16,31.46,-0.010687482
165.593991,0.067138,-0.210672,-0.2394,-9.834552,-9.839721,0.001065,-0.007455,0.003195,97558.3,31.46,-0.015099482
165.661058,0.067067,-0.217854,-0.272916,-9.822582,-9.828787,0.00426,-0.005325,0,97554.16,31.46,-0.004165482
165.728285,0.067227,-0.201096,-0.2394,-9.820188,-9.825164,-0.001065,-0.00426,0.00426,97558.3,31.46,-0.000542482
165.795553,0.067268,-0.22743,-0.222642,-9.820188,-9.825344,0.001065,-0.005325,0.00426,97554.16,31.46,-0.000722482
165.86228,0.066727,-0.210672,-0.260946,-9.82737,-9.833091,0.003195,-0.009585,0.00213,97554.16,31.46,-0.008469482
165.929221,0.06694,-0.217854,-0.253764,-9.832158,-9.837845,0,-0.00639,0.003195,97550.03,31.46,-0.013223482
165.996926,0.067706,-0.213066,-0.225036,-9.824976,-9.829862,-0.001065,-0.003195,0.00213,97562.43,31.46,-0.005240482
166.063908,0.066982,-0.186732,-0.222642,-9.8154,-9.8197,0.00213,-0.00426,0.00213,97550.03,31.46,0.004921518
166.131465,0.067557,-0.20349,-0.229824,-9.810612,-9.815413,0.003195,-0.007455,0.00426,97545.9,31.46,0.009208518
166.198766,0.067301,-0.217854,-0.237006,-9.808218,-9.8135,0.00213,-0.005325,0.003195,97558.3,31.46,0.011121518
166.265978,0.067212,-0.196308,-0.229824,-9.822582,-9.827231,0.003195,-0.005325,0.00426,97550.03,31.46,-0.002609482
166.33302,0.067041,-0.220248,-0.26334,-9.841734,-9.84772,0.00213,-0.00426,0.00426,97550.03,31.46,-0.023098482
166.402866,0.069846,-0.213066,-0.256158,-9.808218,-9.813876,0.00213,-0.00426,0.00213,97558.3,31.46,0.010745518
166.472153,0.069287,-0.217854,-0.222642,-9.817794,-9.822734,0.001065,-0.00639,0.003195,97554.16,31.46,0.001887518
166.54392,0.071768,-0.222642,-0.25137,-9.810612,-9.816357,0.00213,-0.00426,0.00213,97562.43,31.46,0.008264518
166.612032,0.068112,-0.225036,-0.241794,-9.82737,-9.83292,0,-0.00426,0.00639,97558.3,31.46,-0.008298482
166.682719,0.070687,-0.208278,-0.253764,-9.836946,-9.842423,0.003195,-0.00426,0.003195,97562.43,31.45,-0.017801482
166.753033,0.070314,-0.169974,-0.25137,-9.846522,-9.851197,0,-0.007455,0.003195,97550.03,31.46,-0.026575482
166.825267,0.072234,-0.22743,-0.25137,-9.824976,-9.830822,0.003195,-0.005325,0.003195,97558.3,31.46,-0.006200482
166.892552,0.067285,-0.217854,-0.265734,-9.805824,-9.811843,0.00426,-0.00852,0.00426,97550.03,31.46,0.012778518
166.959294,0.066742,-0.234612,-0.253764,-9.808218,-9.814305,0.00213,-0.00639,0.00426,97550.03,31.46,0.010316518
167.025786,0.066492,-0.234612,-0.253764,-9.834552,-9.840623,0,-0.007455,0.00426,97554.16,31.45,-0.016001482
167.092973,0.067186,-0.217854,-0.229824,-9.841734,-9.846827,0.00213,-0.00426,0.001065,97554.16,31.46,-0.022205482
167.160122,0.06715,-0.22743,-0.268128,-9.829764,-9.83605,0.001065,-0.005325,0.00426,97562.43,31.46,-0.011428482
167.227155,0.067033,-0.21546,-0.26334,-9.8154,-9.821296,0.001065,-0.00213,0.003195,97554.16,31.46,0.003325518
167.294194,0.067039,-0.201096,-0.248976,-9.822582,-9.827795,0.00213,-0.00426,0.003195,97554.16,31.45,-0.003173482
167.360977,0.066782,-0.208278,-0.26334,-9.83934,-9.845067,0.003195,-0.001065,0.005325,97558.3,31.46,-0.020445482
167.427823,0.066846,-0.248976,-0.244188,-9.829764,-9.835948,0,-0.00852,0.00213,97570.7,31.46,-0.011326482
167.495087,0.067264,-0.213066,-0.248976,-9.832158,-9.837617,0.00213,-0.005325,0.005325,97558.3,31.46,-0.012995482
167.562976,0.067889,-0.222642,-0.265734,-9.824976,-9.83109,0.003195,-0.007455,0.003195,97554.16,31.46,-0.006468482
167.630396,0.06742,-0.222642,-0.292068,-9.82737,-9.83423,0,-0.007455,0.00426,97554.16,31.46,-0.009608482
167.697889,0.067493,-0.210672,-0.237006,-9.813006,-9.818128,0.001065,-0.005325,0.00213,97554.16,31.46,0.006493518
167.764526,0.066637,-0.193914,-0.232218,-9.822582,-9.82724,0.00426,-0.00639,0.005325,97562.43,31.46,-0.002618482
167.831043,0.066517,-0.253764,-0.241794,-9.820188,-9.826442,0.00426,-0.009585,0.00426,97562.43,31.46,-0.001820482
167.898346,0.067304,-0.222642,-0.2394,-9.8154,-9.820843,0,-0.005325,0.005325,97554.16,31.46,0.003778518
167.965125,0.066779,-0.21546,-0.225036,-9.824976,-9.829914,0.003195,-0.007455,0.005325,97558.3,31.46,-0.005292482
168.03219,0.067065,-0.234612,-0.244188,-9.82737,-9.833203,0,-0.005325,0.003195,97566.57,31.46,-0.008581482
168.099524,0.067333,-0.210672,-0.256158,-9.82737,-9.832965,0.00213,-0.005325,0.003195,97554.16,31.46,-0.008343482
168.166326,0.066802,-0.193914,-0.248976,-9.834552,-9.839614,0.00426,-0.005325,0.00213,97562.43,31.46,-0.014992482
168.233642,0.067316,-0.205884,-0.22743,-9.820188,-9.824979,0.003195,-0.007455,0.00426,97545.9,31.46,-0.000357482
168.301065,0.067423,-0.217854,-0.237006,-9.832158,-9.837427,0,-0.007455,0,97550.03,31.46,-0.012805482
168.367875,0.06681,-0.22743,-0.232218,-9.798642,-9.804032,0,-0.00426,0.003195,97562.43,31.46,0.020589518
168.435287,0.067412,-0.205884,-0.26334,-9.83934,-9.845016,0.00213,-0.007455,0.00639,97562.43,31.46,-0.020394482
168.502256,0.066969,-0.208278,-0.270522,-9.836946,-9.842869,0.001065,-0.00639,0.001065,97554.16,31.45,-0.018247482
168.569743,0.067487,-0.205884,-0.246582,-9.836946,-9.84219,0,-0.00639,0.003195,97554.16,31.45,-0.017568482
168.637042,0.067299,-0.208278,-0.210672,-9.82737,-9.831834,0,-0.00213,0.00213,97554.16,31.45,-0.007212482
168.704218,0.067176,-0.193914,-0.26334,-9.817794,-9.823239,0.00426,-0.00852,0.00639,97566.57,31.46,0.001382518
168.770924,0.066706,-0.222642,-0.256158,-9.83934,-9.845192,0.003195,-0.00639,0.003195,97554.16,31.46,-0.020570482
168.838368,0.067444,-0.217854,-0.205884,-9.824976,-9.829547,0.001065,-0.00426,0.003195,97558.3,31.45,-0.004925482
168.905833,0.067465,-0.232218,-0.256158,-9.820188,-9.826273,0.001065,-0.00639,0.00213,97554.16,31.46,-0.001651482
168.978156,0.072322,-0.184338,-0.256158,-9.829764,-9.834829,0.00426,-0.007455,0.00426,97562.43,31.45,-0.010207482
169.049814,0.071658,-0.244188,-0.248976,-9.834552,-9.840733,0.00213,-0.00426,0.00426,97558.3,31.45,-0.016111482
169.116723,0.066909,-0.2394,-0.244188,-9.820188,-9.82614,0.00213,-0.00639,0.005325,97554.16,31.46,-0.001518482
169.18524,0.068518,-0.193914,-0.256158,-9.834552,-9.839798,0,-0.00426,0.001065,97554.16,31.46,-0.015176482
169.255963,0.070723,-0.196308,-0.241794,-9.82737,-9.832304,0,-0.003195,0.00213,97550.03,31.46,-0.007682482
169.330315,0.074352,-0.225036,-0.22743,-9.820188,-9.825399,-0.00213,-0.005325,0.00213,97562.43,31.46,-0.000777482
169.401476,0.07116,-0.244188,-0.234612,-9.824976,-9.83081,0,-0.00426,0.001065,97554.16,31.45,-0.006188482
169.475401,0.073926,-0.232218,-0.225036,-9.808218,-9.813547,0.001065,-0.005325,0.005325,97554.16,31.46,0.011074518
169.542472,0.06707,-0.222642,-0.268128,-9.822582,-9.828763,0.001065,-0.00426,0.00213,97562.43,31.46,-0.004141482
169.61054,0.068068,-0.201096,-0.244188,-9.808218,-9.813318,0,-0.005325,0.00213,97562.43,31.45,0.011303518
169.68728,0.07674,-0.205884,-0.21546,-9.801036,-9.805566,0.001065,-0.00639,0.003195,97562.43,31.45,0.019055518
169.754886,0.067607,-0.256158,-0.26334,-9.829764,-9.836627,-0.001065,-0.003195,0,97558.3,31.45,-0.012005482
169.823019,0.068132,-0.21546,-0.248976,-9.817794,-9.823314,-0.001065,-0.005325,0.00213,97558.3,31.45,0.001307518
169.900375,0.077356,-0.20349,-0.217854,-9.836946,-9.841462,0.00426,-0.00639,0.00213,97554.16,31.45,-0.016840482
169.967408,0.067033,-0.225036,-0.265734,-9.85131,-9.857462,0.001065,-0.005325,0.00213,97566.57,31.46,-0.032840482
170.034836,0.067428,-0.184338,-0.265734,-9.832158,-9.837476,0.00426,-0.003195,0.005325,97554.16,31.45,-0.012854482
170.101988,0.067153,-0.217854,-0.246582,-9.829764,-9.835269,0.001065,-0.00426,0.00426,97558.3,31.45,-0.010647482
170.168727,0.066739,-0.220248,-0.222642,-9.8154,-9.820395,0,-0.00426,0.003195,97550.03,31.46,0.004226518
170.235639,0.066912,-0.220248,-0.246582,-9.832158,-9.837715,0.00213,-0.00426,0.007455,97554.16,31.45,-0.013093482
170.303179,0.06754,-0.201096,-0.26334,-9.834552,-9.840132,0.00213,-0.007455,0.003195,97562.43,31.45,-0.015510482
170.371058,0.067879,-0.21546,-0.253764,-9.82737,-9.833007,0.00213,-0.00639,0.003195,97562.43,31.46,-0.008385482
170.440373,0.069315,-0.220248,-0.248976,-9.789066,-9.794708,0,-0.00426,0.003195,97562.43,31.45,0.029913518
170.511518,0.071145,-0.20349,-0.222642,-9.813006,-9.81764,0,-0.00639,0.00213,97554.16,31.46,0.006981518
170.582196,0.070678,-0.19152,-0.225036,-9.822582,-9.827026,-0.00213,-0.005325,0.00639,97562.43,31.45,-0.002404482
170.652888,0.070692,-0.234612,-0.22743,-9.817794,-9.82323,0.001065,-0.007455,0.00213,97558.3,31.45,0.001391518
170.724454,0.071565,-0.196308,-0.246582,-9.83934,-9.844387,0,-0.005325,0.00213,97558.3,31.45,-0.019765482
170.794803,0.07035,-0.208278,-0.258552,-9.813006,-9.818621,-0.001065,-0.00426,0.00213,97562.43,31.45,0.006000518
170.862408,0.067604,-0.20349,-0.248976,-9.824976,-9.830237,0.00213,-0.007455,0.003195,97562.43,31.45,-0.005615482
170.92964,0.067232,-0.184338,-0.265734,-9.829764,-9.835083,0.00426,-0.003195,0.003195,97558.3,31.46,-0.010461482
170.996381,0.066741,-0.198702,-0.220248,-9.8154,-9.819881,0,-0.005325,0.00426,97550.03,31.46,0.004740518
171.063212,0.066831,-0.222642,-0.220248,-9.824976,-9.829966,0.00213,-0.007455,0.003195,97554.16,31.45,-0.005344482
171.135095,0.071883,-0.225036,-0.272916,-9.822582,-9.828949,0.003195,-0.005325,0.00213,97554.16,31.46,-0.004327482
171.204978,0.069884,-0.208278,-0.26334,-9.829764,-9.835496,0.001065,-0.005325,0.003195,97562.43,31.45,-0.010874482
171.275963,0.070984,-0.20349,-0.25137,-9.810612,-9.815941,0.003195,-0.005325,0.003195,97554.16,31.44,0.008680518
171.343267,0.067305,-0.2394,-0.26334,-9.841734,-9.848167,0.00213,-0.00639,0.003195,97562.43,31.45,-0.023545482
171.413484,0.070216,-0.189126,-0.222642,-9.8154,-9.819746,0.001065,-0.00852,0.003195,97554.16,31.45,0.004875518
171.481424,0.067941,-0.21546,-0.234612,-9.813006,-9.818175,0,-0.00426,0.00213,97558.3,31.45,0.006446518
171.554307,0.072883,-0.229824,-0.237006,-9.829764,-9.835306,0.003195,-0.005325,0.003195,97562.43,31.45,-0.010684482
171.622307,0.067999,-0.210672,-0.237006,-9.822582,-9.827699,0,-0.00426,0.00213,97558.3,31.45,-0.003077482
171.689481,0.067175,-0.225036,-0.256158,-9.820188,-9.826106,0.005325,-0.007455,0.005325,97562.43,31.45,-0.001484482
171.756706,0.067225,-0.232218,-0.265734,-9.808218,-9.814565,0.001065,-0.00639,0.00426,97558.3,31.45,0.010056518
171.824501,0.067795,-0.208278,-0.22743,-9.822582,-9.827422,0,-0.005325,0.00426,97550.03,31.44,-0.002800482
171.891597,0.067096,-0.210672,-0.234612,-9.824976,-9.830035,0.003195,-0.00639,0.00426,97554.16,31.44,-0.005413482
171.958332,0.066734,-0.220248,-0.225036,-9.841734,-9.84677,0.003195,-0.007455,0.003195,97550.03,31.45,-0.022148482
172.024874,0.066542,-0.2394,-0.260946,-9.824976,-9.831356,0,-0.00639,0.00426,97562.43,31.45,-0.006734482
172.092126,0.067252,-0.193914,-0.222642,-9.82737,-9.831804,0.001065,-0.007455,0.001065,97554.16,31.45,-0.007182482
172.160246,0.06812,-0.201096,-0.25137,-9.82737,-9.832641,0.00426,-0.005325,0.00213,97558.3,31.46,-0.008019482
172.226423,0.066177,-0.210672,-0.272916,-9.820188,-9.826238,0.00213,-0.007455,0.00213,97562.43,31.45,-0.001616482
172.294355,0.067931,-0.210672,-0.241794,-9.798642,-9.803889,0,-0.00426,0.003195,97558.3,31.45,0.020732518
172.364115,0.06976,-0.213066,-0.244188,-9.846522,-9.851854,0.00213,-0.00426,0.005325,97562.43,31.46,-0.027232482
172.431962,0.067847,-0.246582,-0.25137,-9.848916,-9.855209,0.00213,-0.005325,0.00213,97554.16,31.46,-0.030587482
172.502455,0.070493,-0.21546,-0.26334,-9.822582,-9.828473,0.003195,-0.003195,0,97554.16,31.45,-0.003851482
172.572699,0.070244,-0.20349,-0.248976,-9.832158,-9.837415,0.00426,-0.00639,0,97550.03,31.45,-0.012793482
172.640094,0.067395,-0.21546,-0.246582,-9.82737,-9.832824,0.001065,-0.00639,0.00426,97558.3,31.44,-0.008202482
172.707064,0.06697,-0.225036,-0.241794,-9.841734,-9.847275,0.00213,-0.00426,0.003195,97545.9,31.45,-0.022653482
172.774345,0.067281,-0.205884,-0.27531,-9.836946,-9.842951,0.00213,-0.00852,0.003195,97558.3,31.44,-0.018329482
172.841736,0.067391,-0.244188,-0.26334,-9.817794,-9.82436,0.001065,-0.005325,0.003195,97558.3,31.45,0.000261518
172.908624,0.066889,-0.193914,-0.222642,-9.82737,-9.831804,-0.001065,-0.00639,0,97562.43,31.45,-0.007182482
172.975955,0.067331,-0.225036,-0.241794,-9.83934,-9.844883,0,-0.00213,0.00426,97554.16,31.45,-0.020261482
173.04382,0.067865,-0.198702,-0.25137,-9.829764,-9.834985,0.005325,-0.00639,0.00426,97554.16,31.46,-0.010363482
173.110255,0.066435,-0.25137,-0.232218,-9.8154,-9.821364,0.001065,-0.00639,0.007455,97558.3,31.45,0.003257518
173.177478,0.067223,-0.189126,-0.234612,-9.848916,-9.853525,-0.00213,-0.00426,0.001065,97562.43,31.45,-0.028903482
173.244927,0.067449,-0.213066,-0.26334,-9.841734,-9.847562,0.005325,-0.00639,0.00213,97562.43,31.45,-0.022940482
173.312543,0.067616,-0.22743,-0.253764,-9.808218,-9.814136,0.003195,-0.003195,0.00426,97558.3,31.44,0.010485518
173.379386,0.066842,-0.220248,-0.265734,-9.801036,-9.807111,0.001065,-0.00426,0.001065,97554.16,31.45,0.017510518
173.445271,0.065886,-0.220248,-0.225036,-9.836946,-9.841984,0.00213,-0.00426,0.00213,97562.43,31.45,-0.017362482
173.512921,0.06765,-0.217854,-0.256158,-9.82737,-9.833121,0,-0.00852,0.003195,97570.7,31.45,-0.008499482
173.579986,0.067065,-0.205884,-0.229824,-9.80343,-9.808285,0,-0.005325,0.00213,97558.3,31.44,0.016336518
173.646983,0.066997,-0.217854,-0.256158,-9.82737,-9.833121,0,-0.005325,0.00213,97558.3,31.45,-0.008499482
173.714102,0.06712,-0.193914,-0.253764,-9.801036,-9.806238,0.001065,-0.007455,0.003195,97554.16,31.44,0.018383518
173.781419,0.067317,-0.22743,-0.208278,-9.846522,-9.85135,-0.001065,-0.00426,0.001065,97558.3,31.44,-0.026728482
173.848722,0.067303,-0.201096,-0.25137,-9.810612,-9.815892,0.00426,-0.005325,0.003195,97554.16,31.44,0.008729518
173.916026,0.067304,-0.201096,-0.258552,-9.820188,-9.825649,0.00426,-0.007455,0.00426,97558.3,31.44,-0.001027482
173.983335,0.067309,-0.229824,-0.241794,-9.822582,-9.828245,0.00213,-0.005325,0.003195,97554.16,31.44,-0.003623482
174.050281,0.066946,-0.217854,-0.25137,-9.813006,-9.818642,0.00213,-0.003195,0.003195,97562.43,31.44,0.005979518
174.120133,0.069852,-0.21546,-0.270522,-9.820188,-9.826276,0,-0.00639,0.00426,97550.03,31.45,-0.001654482
174.188319,0.068186,-0.189126,-0.277704,-9.83934,-9.845075,0.005325,-0.00639,0.003195,97562.43,31.44,-0.020453482
174.258378,0.070059,-0.229824,-0.246582,-9.817794,-9.823579,-0.001065,-0.00426,0.001065,97562.43,31.45,0.001042518
174.329132,0.070754,-0.222642,-0.260946,-9.817794,-9.823784,0.005325,-0.00426,0.00426,97558.3,31.45,0.000837518
174.39676,0.067628,-0.220248,-0.265734,-9.844128,-9.850177,0.001065,-0.00426,0.001065,97570.7,31.44,-0.025555482
174.463842,0.067083,-0.201096,-0.229824,-9.817794,-9.822542,0.00426,-0.005325,0.003195,97550.03,31.45,0.002079518
174.530359,0.066517,-0.225036,-0.2394,-9.844128,-9.84961,0.001065,-0.005325,0.005325,97562.43,31.44,-0.024988482
174.598013,0.067654,-0.232218,-0.220248,-9.80343,-9.808653,0.003195,-0.007455,0.00213,97554.16,31.45,0.015968518
174.664399,0.066386,-0.237006,-0.229824,-9.810612,-9.816165,0.00213,-0.005325,0.003195,97566.57,31.45,0.008456518
174.731044,0.066645,-0.201096,-0.26334,-9.83934,-9.844917,0.003195,-0.005325,0.003195,97558.3,31.45,-0.020295482
174.798381,0.067337,-0.229824,-0.244188,-9.820188,-9.825912,0.001065,-0.005325,0.003195,97554.16,31.44,-0.001290482
174.86567,0.067289,-0.220248,-0.232218,-9.801036,-9.80626,0.00213,-0.00426,0.00213,97554.16,31.44,0.018361518
174.932858,0.067188,-0.248976,-0.258552,-9.82737,-9.833923,0.00213,-0.00639,0.00213,97562.43,31.44,-0.009301482
175.000291,0.067433,-0.217854,-0.272916,-9.82737,-9.833572,0.003195,-0.00426,0.003195,97554.16,31.45,-0.008950482
175.067419,0.067128,-0.25137,-0.244188,-9.8154,-9.821654,0.001065,-0.003195,0.00213,97562.43,31.44,0.002967518
175.134287,0.066869,-0.222642,-0.21546,-9.82737,-9.832253,-0.001065,-0.00639,0.003195,97562.43,31.44,-0.007631482
175.201669,0.067382,-0.217854,-0.260946,-9.817794,-9.823677,0.00213,-0.005325,0.00426,97554.16,31.44,0.000944518
175.268769,0.0671,-0.19152,-0.277704,-9.824976,-9.830766,0.001065,-0.00426,0.001065,97562.43,31.44,-0.006144482
175.335961,0.067192,-0.232218,-0.2394,-9.824976,-9.830635,0.001065,-0.00426,0,97562.43,31.44,-0.006013482
175.402474,0.066513,-0.225036,-0.225036,-9.817794,-9.822951,0.00213,-0.005325,0.00213,97558.3,31.44,0.001670518
175.469737,0.067263,-0.213066,-0.217854,-9.820188,-9.824915,0.003195,-0.007455,0.00426,97562.43,31.44,-0.000293482
175.536916,0.067178,-0.20349,-0.22743,-9.824976,-9.829714,0.001065,-0.00426,0.005325,97558.3,31.45,-0.005092482
175.604066,0.06715,-0.213066,-0.246582,-9.841734,-9.847128,0.00426,-0.00426,0.00213,97562.43,31.44,-0.022506482
175.671422,0.067356,-0.232218,-0.248976,-9.805824,-9.811733,0,-0.005325,0.003195,97562.43,31.44,0.012888518
175.738487,0.067066,-0.21546,-0.258552,-9.817794,-9.823561,0.001065,-0.00426,0.00426,97558.3,31.44,0.001060518
175.80573,0.067243,-0.213066,-0.26334,-9.810612,-9.816458,0.00426,-0.00639,0.00213,97562.43,31.44,0.008163518
175.872879,0.067149,-0.22743,-0.256158,-9.836946,-9.842909,0.00426,-0.007455,0.00426,97562.43,31.44,-0.018287482
175.940487,0.067608,-0.213066,-0.21546,-9.846522,-9.851183,0.00426,-0.00639,0.00213,97554.16,31.44,-0.026561482
176.00727,0.066783,-0.229824,-0.248976,-9.85131,-9.857135,0.001065,-0.00639,0.003195,97562.43,31.44,-0.032513482
176.073814,0.066544,-0.20349,-0.282492,-9.824976,-9.831143,0.001065,-0.007455,0.00213,97545.9,31.43,-0.006521482
176.140893,0.067078,-0.193914,-0.280098,-9.82737,-9.833273,0.003195,-0.00426,0.005325,97554.16,31.44,-0.008651482
176.207824,0.066932,-0.213066,-0.234612,-9.834552,-9.839657,0.001065,-0.005325,0.005325,97558.3,31.43,-0.015035482
176.279777,0.071952,-0.210672,-0.25137,-9.834552,-9.840019,0.00213,-0.003195,0.003195,97554.16,31.44,-0.015397482
176.353741,0.073964,-0.201096,-0.289674,-9.832158,-9.83848,0.003195,-0.007455,0.003195,97558.3,31.44,-0.013858482
176.420855,0.067113,-0.225036,-0.244188,-9.820188,-9.825801,0.00213,-0.00426,0.00213,97562.43,31.44,-0.001179482
176.491414,0.07056,-0.21546,-0.244188,-9.817794,-9.823193,0.00213,-0.00639,0.005325,97558.3,31.43,0.001428518
176.562122,0.070708,-0.222642,-0.28728,-9.813006,-9.819735,0.00213,-0.005325,0.00426,97554.16,31.43,0.004886518
176.631168,0.069046,-0.213066,-0.25137,-9.824976,-9.8305,0.00213,-0.005325,0.005325,97558.3,31.44,-0.005878482
176.698778,0.06761,-0.241794,-0.2394,-9.834552,-9.840436,0.003195,-0.005325,0.003195,97570.7,31.43,-0.015814482
176.766638,0.06786,-0.225036,-0.196308,-9.832158,-9.836692,-0.001065,-0.00639,0.00213,97558.3,31.44,-0.012070482
176.833886,0.067247,-0.229824,-0.234612,-9.844128,-9.849605,0.001065,-0.00852,0.005325,97562.43,31.44,-0.024983482
176.901451,0.067565,-0.220248,-0.277704,-9.80343,-9.809835,0.003195,-0.007455,0.00213,97554.16,31.44,0.014786518
176.968597,0.067146,-0.220248,-0.253764,-9.817794,-9.823542,0,-0.00213,0,97558.3,31.44,0.001079518
177.036023,0.067426,-0.22743,-0.244188,-9.798642,-9.804322,0.001065,-0.007455,0.003195,97562.43,31.44,0.020299518
177.102831,0.066808,-0.208278,-0.256158,-9.820188,-9.825736,0.00213,-0.007455,0.005325,97554.16,31.44,-0.001114482
177.170149,0.067318,-0.174762,-0.237006,-9.844128,-9.848531,0.00213,-0.001065,0.003195,97562.43,31.44,-0.023909482
177.237131,0.066983,-0.193914,-0.237006,-9.822582,-9.827354,0.001065,-0.007455,0.00213,97562.43,31.44,-0.002732482
177.304899,0.067767,-0.241794,-0.217854,-9.834552,-9.839936,0.003195,-0.007455,0.003195,97554.16,31.44,-0.015314482
177.372085,0.067186,-0.20349,-0.244188,-9.836946,-9.84208,0.00426,-0.00639,0.00213,97554.16,31.44,-0.017458482
177.439168,0.067083,-0.232218,-0.27531,-9.805824,-9.812436,0.001065,-0.007455,0.00213,97554.16,31.44,0.012185518
177.510248,0.07108,-0.220248,-0.237006,-9.8154,-9.820731,0.001065,-0.00426,0.00426,97570.7,31.43,0.003890518
177.583367,0.073119,-0.222642,-0.232218,-9.822582,-9.827849,0.00213,-0.005325,0.00213,97562.43,31.44,-0.003227482
177.651459,0.068092,-0.229824,-0.256158,-9.8154,-9.821431,0.001065,-0.003195,0.00213,97562.43,31.42,0.003190518
177.718331,0.066872,-0.177156,-0.25137,-9.848916,-9.853716,0.00426,-0.00639,0.003195,97554.16,31.44,-0.029094482
177.786262,0.067931,-0.193914,-0.256158,-9.808218,-9.813478,0,-0.005325,0.003195,97562.43,31.44,0.011143518
177.853267,0.067005,-0.196308,-0.232218,-9.817794,-9.822502,0,-0.00639,0.00426,97566.57,31.43,0.002119518
177.920034,0.066767,-0.22743,-0.246582,-9.813006,-9.818738,0.00213,-0.00639,0.001065,97554.16,31.43,0.005883518
177.987061,0.067027,-0.213066,-0.277704,-9.829764,-9.835994,0.005325,-0.00852,0.00426,97558.3,31.44,-0.011372482
178.05427,0.06721,-0.246582,-0.21546,-9.82737,-9.832824,-0.00213,-0.003195,0.00426,97562.43,31.43,-0.008202482
178.120953,0.066682,-0.201096,-0.2394,-9.824976,-9.829949,0.001065,-0.00426,0.003195,97554.16,31.44,-0.005327482
178.188128,0.067176,-0.213066,-0.246582,-9.832158,-9.837557,0.00426,-0.00426,-0.001065,97558.3,31.43,-0.012935482
178.256184,0.068055,-0.21546,-0.265734,-9.834552,-9.840501,0,-0.00639,0.00213,97558.3,31.44,-0.015879482
178.323066,0.066882,-0.220248,-0.260946,-9.846522,-9.852441,0.00213,-0.00426,0.003195,97562.43,31.43,-0.027819482
178.389899,0.066833,-0.220248,-0.241794,-9.829764,-9.835204,0.003195,-0.005325,0.00426,97554.16,31.44,-0.010582482
178.456708,0.066808,-0.229824,-0.232218,-9.808218,-9.813658,0.003195,-0.00639,0.003195,97558.3,31.43,0.010963518
178.523787,0.067079,-0.225036,-0.25137,-9.82737,-9.83316,-0.001065,-0.00213,0.003195,97558.3,31.43,-0.008538482
178.590753,0.066966,-0.196308,-0.282492,-9.841734,-9.847744,0.00213,-0.005325,0.00426,97558.3,31.44,-0.023122482
178.657996,0.067243,-0.19152,-0.26334,-9.82737,-9.832763,0.001065,-0.00639,0.005325,97562.43,31.44,-0.008141482
178.725083,0.067087,-0.208278,-0.22743,-9.829764,-9.8346,0.001065,-0.00426,0.00213,97554.16,31.44,-0.009978482
178.792168,0.067084,-0.225036,-0.241794,-9.822582,-9.828134,0.001065,-0.003195,0.00639,97558.3,31.44,-0.003512482
178.860034,0.067866,-0.198702,-0.258552,-9.822582,-9.827993,0.001065,-0.005325,0.00213,97562.43,31.42,-0.003371482
178.926482,0.066449,-0.208278,-0.256158,-9.820188,-9.825736,-0.001065,-0.003195,0.001065,97562.43,31.43,-0.001114482
178.993489,0.067007,-0.21546,-0.246582,-9.822582,-9.828039,0.001065,-0.005325,0.00426,97550.03,31.44,-0.003417482
179.064843,0.071354,-0.196308,-0.272916,-9.824976,-9.830726,0.003195,-0.007455,0.00426,97562.43,31.44,-0.006104482
179.134285,0.069442,-0.208278,-0.260946,-9.832158,-9.837825,0.00426,-0.00639,0.00213,97570.7,31.43,-0.013203482
179.205636,0.07135,-0.222642,-0.272916,-9.8154,-9.821717,0.00426,-0.007455,0.00426,97566.57,31.43,0.002904518
179.273065,0.067429,-0.232218,-0.284886,-9.8154,-9.822279,0.001065,-0.00639,0.00426,97570.7,31.44,0.002342518
179.340872,0.067807,-0.232218,-0.241794,-9.810612,-9.816338,0.00426,-0.005325,0.003195,97558.3,31.43,0.008283518
179.407715,0.066843,-0.186732,-0.237006,-9.824976,-9.829608,0.00426,-0.00852,0.003195,97562.43,31.43,-0.004986482
179.475018,0.067303,-0.20349,-0.258552,-9.824976,-9.830484,0.001065,-0.00639,0.001065,97570.7,31.43,-0.005862482
179.542096,0.067078,-0.217854,-0.234612,-9.8154,-9.82062,0.003195,-0.007455,0.005325,97562.43,31.43,0.004001518
179.608984,0.066887,-0.193914,-0.22743,-9.805824,-9.810378,0,-0.00639,0.003195,97550.03,31.43,0.014243518
179.676145,0.067161,-0.205884,-0.260946,-9.817794,-9.823419,0.003195,-0.007455,0.003195,97562.43,31.43,0.001202518
179.743455,0.06731,-0.222642,-0.265734,-9.829764,-9.835875,0.001065,-0.007455,0.003195,97554.16,31.43,-0.011253482
179.810232,0.066778,-0.232218,-0.25137,-9.8154,-9.821364,0,-0.00426,0.00426,97570.7,31.43,0.003257518
179.877405,0.067173,-0.237006,-0.25137,-9.810612,-9.816693,0.003195,-0.00639,0.003195,97566.57,31.43,0.007928518
179.944794,0.067389,-0.21546,-0.260946,-9.813006,-9.818839,0.00213,-0.007455,0.00213,97562.43,31.43,0.005782518
180.012241,0.067447,-0.205884,-0.237006,-9.808218,-9.813241,0,-0.00639,0.003195,97554.16,31.43,0.011380518
180.081641,0.069399,-0.234612,-0.234612,-9.834552,-9.840147,0.003195,-0.005325,0.00426,97566.57,31.43,-0.015525482
180.151643,0.070002,-0.208278,-0.253764,-9.820188,-9.825674,0.003195,-0.005325,0.003195,97562.43,31.43,-0.001052482
180.223555,0.071913,-0.208278,-0.280098,-9.836946,-9.843137,0.003195,-0.007455,0.00213,97562.43,31.43,-0.018515482
180.291749,0.068193,-0.229824,-0.272916,-9.824976,-9.831452,0.00426,-0.003195,0.00426,97562.43,31.43,-0.006830482
180.358309,0.06656,-0.225036,-0.241794,-9.8154,-9.820956,0.001065,-0.005325,0.00213,97562.43,31.44,0.003665518
180.424986,0.066678,-0.222642,-0.244188,-9.810612,-9.816176,0,-0.00639,0.00426,97550.03,31.43,0.008445518
180.492224,0.067238,-0.201096,-0.258552,-9.808218,-9.813686,0.003195,-0.003195,0.00213,97558.3,31.43,0.010935518
180.559673,0.067449,-0.21546,-0.260946,-9.820188,-9.826017,0,-0.005325,0.003195,97562.43,31.42,-0.001395482
180.626766,0.067093,-0.244188,-0.213066,-9.820188,-9.825534,0.00213,-0.005325,0.00213,97566.57,31.43,-0.000912482
180.694019,0.067254,-0.20349,-0.222642,-9.813006,-9.81764,0.00426,-0.007455,0.00426,97558.3,31.43,0.006981518
180.760906,0.066886,-0.222642,-0.25137,-9.832158,-9.83789,0.003195,-0.00426,0.003195,97558.3,31.43,-0.013268482
180.828121,0.067216,-0.205884,-0.241794,-9.796248,-9.801394,0.001065,-0.00639,0.00426,97554.16,31.42,0.023227518
180.895481,0.067359,-0.220248,-0.234612,-9.820188,-9.825459,0.001065,-0.00426,0.003195,97566.57,31.42,-0.000837482
180.96231,0.066829,-0.2394,-0.25137,-9.817794,-9.823929,0.00213,-0.007455,0.00213,97570.7,31.43,0.000692518
181.028949,0.066639,-0.2394,-0.248976,-9.822582,-9.828653,0.001065,-0.00639,0.00426,97562.43,31.43,-0.004031482
181.096478,0.067529,-0.193914,-0.2394,-9.824976,-9.829805,0.00213,-0.005325,0.00639,97562.43,31.42,-0.005183482
181.163495,0.067017,-0.213066,-0.234612,-9.80343,-9.808551,0.003195,-0.00639,0.005325,97570.7,31.43,0.016070518
181.231169,0.067674,-0.2394,-0.232218,-9.808218,-9.813887,0.001065,-0.00639,0.00426,97562.43,31.42,0.010734518
181.298372,0.067203,-0.186732,-0.220248,-9.829764,-9.834004,0,-0.003195,0.00213,97558.3,31.43,-0.009382482
181.364934,0.066562,-0.217854,-0.292068,-9.824976,-9.83173,0.001065,-0.005325,0.00426,97566.57,31.43,-0.007108482
181.432423,0.067488,-0.21546,-0.270522,-9.820188,-9.826276,0,-0.005325,0.00426,97570.7,31.43,-0.001654482
181.502038,0.069615,-0.229824,-0.246582,-9.824976,-9.830757,0.00213,-0.00426,0.00213,97562.43,31.42,-0.006135482
181.571896,0.069858,-0.19152,-0.25137,-9.836946,-9.842021,0.00213,-0.005325,0.003195,97558.3,31.43,-0.017399482
181.643248,0.071353,-0.205884,-0.25137,-9.8154,-9.820777,0,-0.00426,0.003195,97566.57,31.42,0.003844518
181.711976,0.068728,-0.210672,-0.217854,-9.834552,-9.83922,0.00426,-0.005325,0.003195,97566.57,31.43,-0.014598482
181.779106,0.06713,-0.220248,-0.246582,-9.817794,-9.823359,0.001065,-0.00639,0.003195,97558.3,31.43,0.001262518
181.846493,0.067387,-0.225036,-0.234612,-9.836946,-9.842316,0.003195,-0.007455,0.00426,97562.43,31.43,-0.017694482
181.916385,0.069892,-0.222642,-0.234612,-9.836946,-9.842262,0.001065,-0.00426,0.00426,97558.3,31.42,-0.017640482
181.98501,0.068625,-0.22743,-0.220248,-9.817794,-9.822897,0.001065,-0.00852,0.003195,97566.57,31.42,0.001724518
182.057485,0.072475,-0.232218,-0.265734,-9.829764,-9.836097,-0.001065,-0.00426,0.00213,97562.43,31.43,-0.011475482
182.124415,0.06693,-0.220248,-0.246582,-9.82737,-9.83293,0.001065,-0.00639,0.003195,97562.43,31.43,-0.008308482
182.191375,0.06696,-0.21546,-0.270522,-9.813006,-9.819098,0,-0.00639,0.003195,97562.43,31.42,0.005523518
182.258273,0.066898,-0.201096,-0.256158,-9.824976,-9.830372,0.001065,-0.00639,0.003195,97558.3,31.43,-0.005750482
182.325578,0.067305,-0.201096,-0.25137,-9.83934,-9.844605,0.003195,-0.00639,0.003195,97562.43,31.43,-0.019983482
182.393031,0.067453,-0.186732,-0.277704,-9.832158,-9.837851,0.003195,-0.007455,0.00213,97562.43,31.43,-0.013229482
182.460716,0.067685,-0.20349,-0.253764,-9.82737,-9.832752,-0.001065,-0.007455,0,97570.7,31.43,-0.008130482
182.527773,0.067057,-0.220248,-0.22743,-9.82737,-9.832468,0.003195,-0.007455,0.00426,97570.7,31.43,-0.007846482
182.594315,0.066542,-0.222642,-0.241794,-9.82737,-9.832865,0.00213,-0.00639,0.00213,97570.7,31.43,-0.008243482
182.661314,0.066999,-0.241794,-0.260946,-9.805824,-9.812275,0,-0.00426,-0.001065,97562.43,31.42,0.012346518
182.728711,0.067397,-0.229824,-0.253764,-9.822582,-9.828547,0,-0.00426,0.00426,97562.43,31.43,-0.003925482
182.795875,0.067163,-0.237006,-0.258552,-9.829764,-9.83602,0.00213,-0.00852,0.00213,97558.3,31.41,-0.011398482
182.86396,0.068085,-0.220248,-0.260946,-9.836946,-9.842871,0.00213,-0.003195,0.00213,97558.3,31.43,-0.018249482
182.930374,0.066414,-0.198702,-0.234612,-9.829764,-9.834571,-0.001065,-0.005325,0.003195,97558.3,31.42,-0.009949482
182.998197,0.067823,-0.210672,-0.253764,-9.824976,-9.83051,0.00213,-0.007455,0.00213,97574.83,31.42,-0.005888482
183.068824,0.070627,-0.244188,-0.270522,-9.820188,-9.826948,0.003195,-0.00639,0.003195,97554.16,31.42,-0.002326482
183.142508,0.073683,-0.225036,-0.272916,-9.83934,-9.845696,0.001065,-0.00426,0.003195,97558.3,31.42,-0.021074482
183.210055,0.067547,-0.22743,-0.260946,-9.817794,-9.823894,0.00213,-0.00852,0.003195,97574.83,31.42,0.000727518
183.277858,0.067803,-0.222642,-0.241794,-9.829764,-9.835258,0.00213,-0.007455,0.00426,97554.16,31.42,-0.010636482
183.345186,0.067328,-0.222642,-0.2394,-9.836946,-9.842377,-0.00213,-0.007455,0.00426,97566.57,31.42,-0.017755482
183.412479,0.067294,-0.225036,-0.26334,-9.82737,-9.833473,0.00426,-0.005325,0.005325,97558.3,31.41,-0.008851482
183.482175,0.069696,-0.220248,-0.232218,-9.820188,-9.825402,0.003195,-0.007455,0.00426,97562.43,31.42,-0.000780482
183.551032,0.068857,-0.234612,-0.253764,-9.832158,-9.83823,0.001065,-0.00852,0.00426,97562.43,31.42,-0.013608482
183.623125,0.072093,-0.198702,-0.225036,-9.820188,-9.824776,0.001065,-0.00426,0.00426,97558.3,31.42,-0.000154482
183.691721,0.068597,-0.229824,-0.237006,-9.82737,-9.832914,0.001065,-0.003195,0.001065,97566.57,31.42,-0.008292482
183.758944,0.067223,-0.22743,-0.2394,-9.822582,-9.828131,0,-0.007455,0.00639,97562.43,31.42,-0.003509482
183.82546,0.066516,-0.205884,-0.265734,-9.808218,-9.813977,0.00426,-0.00426,0.00213,97570.7,31.42,0.010644518
183.892704,0.067244,-0.220248,-0.208278,-9.820188,-9.824865,0.00213,-0.00639,0.00426,97558.3,31.42,-0.000243482
183.959847,0.067143,-0.232218,-0.253764,-9.83934,-9.845351,0.00213,-0.007455,0.003195,97562.43,31.42,-0.020729482
184.026312,0.066465,-0.193914,-0.241794,-9.834552,-9.839435,0.00213,-0.00639,0.003195,97554.16,31.42,-0.014813482
184.097693,0.071381,-0.244188,-0.244188,-9.832158,-9.838221,0.001065,-0.005325,0.003195,97562.43,31.42,-0.013599482
184.167764,0.070072,-0.229824,-0.25137,-9.822582,-9.828485,0.003195,-0.00852,0.00213,97566.57,31.42,-0.003863482
184.238922,0.071158,-0.229824,-0.237006,-9.805824,-9.81138,-0.001065,-0.005325,0.00213,97562.43,31.42,0.013241518
184.30639,0.067467,-0.22743,-0.22743,-9.824976,-9.830239,0,-0.00426,0.005325,97558.3,31.42,-0.005617482
184.373253,0.066863,-0.21546,-0.258552,-9.817794,-9.823561,0.00213,-0.00852,0.003195,97562.43,31.42,0.001060518
184.439881,0.066628,-0.213066,-0.280098,-9.836946,-9.843239,0.00213,-0.005325,0.003195,97570.7,31.42,-0.018617482
184.508564,0.068683,-0.220248,-0.21546,-9.832158,-9.836984,0.00213,-0.00426,0.003195,97558.3,31.43,-0.012362482
184.580901,0.072337,-0.229824,-0.198702,-9.841734,-9.846422,0,-0.005325,0.003195,97562.43,31.43,-0.021800482
184.652716,0.071815,-0.210672,-0.253764,-9.820188,-9.825725,0.001065,-0.005325,0.00426,97566.57,31.42,-0.001103482
184.719891,0.067175,-0.234612,-0.2394,-9.813006,-9.818729,0.001065,-0.005325,0.003195,97566.57,31.42,0.005892518
184.787415,0.067524,-0.208278,-0.256158,-9.822582,-9.828129,0.00213,-0.00639,0.003195,97562.43,31.42,-0.003507482
184.854129,0.066714,-0.237006,-0.258552,-9.836946,-9.843197,0.001065,-0.00213,0.00213,97558.3,31.41,-0.018575482
184.920985,0.066856,-0.213066,-0.246582,-9.824976,-9.830379,0.001065,-0.00426,0.003195,97562.43,31.42,-0.005757482
184.9892,0.068216,-0.201096,-0.277704,-9.832158,-9.838134,0.003195,-0.007455,0.00213,97558.3,31.42,-0.013512482
185.05633,0.06713,-0.21546,-0.237006,-9.817794,-9.823018,0.001065,-0.00639,0.00426,97558.3,31.42,0.001603518
185.123673,0.067343,-0.222642,-0.229824,-9.813006,-9.818222,0,-0.003195,0.00213,97562.43,31.42,0.006399518
185.196353,0.07268,-0.201096,-0.2394,-9.8154,-9.820378,-0.001065,-0.00639,0.00426,97566.57,31.42,0.004243518
185.267484,0.071131,-0.201096,-0.253764,-9.808218,-9.813561,-0.001065,-0.005325,0.00213,97558.3,31.42,0.011060518
185.334236,0.066752,-0.213066,-0.246582,-9.805824,-9.811238,0.001065,-0.00639,0.003195,97566.57,31.42,0.013383518
185.402278,0.068042,-0.229824,-0.27531,-9.8154,-9.821949,0.00213,-0.00426,0.003195,97562.43,31.41,0.002672518
185.46948,0.067202,-0.208278,-0.248976,-9.824976,-9.830337,0.001065,-0.00213,0.005325,97562.43,31.42,-0.005715482
185.537016,0.067536,-0.208278,-0.225036,-9.820188,-9.824974,0.003195,-0.00639,0.001065,97566.57,31.42,-0.000352482
185.603688,0.066672,-0.201096,-0.253764,-9.834552,-9.839881,0.003195,-0.007455,0.003195,97558.3,31.42,-0.015259482
185.671413,0.067725,-0.22743,-0.232218,-9.810612,-9.815995,0.00426,-0.00639,0.003195,97562.43,31.42,0.008626518
185.738421,0.067008,-0.222642,-0.237006,-9.836946,-9.842319,0,-0.00639,0.001065,97562.43,31.41,-0.017697482
185.808816,0.070395,-0.201096,-0.258552,-9.834552,-9.840005,0.00213,-0.007455,0.003195,97566.57,31.41,-0.015383482
185.878892,0.070076,-0.20349,-0.244188,-9.820188,-9.825331,0.001065,-0.005325,0.005325,97566.57,31.42,-0.000709482
185.950243,0.071351,-0.234612,-0.265734,-9.836946,-9.843331,0,-0.00639,0.00426,97562.43,31.41,-0.018709482
186.021568,0.071326,-0.222642,-0.246582,-9.808218,-9.813843,0.00213,-0.00639,0.003195,97562.43,31.41,0.010778518
186.094919,0.07335,-0.213066,-0.26334,-9.820188,-9.826029,0.001065,-0.00639,0.003195,97558.3,31.42,-0.001407482
186.162306,0.067387,-0.237006,-0.28728,-9.834552,-9.841601,0.00426,-0.00852,0.003195,97562.43,31.42,-0.016979482
186.229688,0.067382,-0.225036,-0.222642,-9.817794,-9.822896,0.001065,-0.00426,0.005325,97554.16,31.42,0.001725518
186.29788,0.068192,-0.229824,-0.232218,-9.83934,-9.844763,0.00213,-0.00426,0.00426,97566.57,31.42,-0.020141482
186.368049,0.07017,-0.229824,-0.27531,-9.841734,-9.848266,0.003195,-0.005325,0.003195,97566.57,31.41,-0.023644482
186.437443,0.069394,-0.21546,-0.222642,-9.822582,-9.827467,0.00213,-0.007455,0.001065,97566.57,31.41,-0.002845482
186.509483,0.07204,-0.21546,-0.258552,-9.841734,-9.847487,0.00213,-0.005325,0.001065,97562.43,31.41,-0.022865482
186.576806,0.067322,-0.210672,-0.256158,-9.813006,-9.818609,0,-0.00639,0.00426,97558.3,31.41,0.006012518
186.643612,0.066806,-0.213066,-0.25137,-9.834552,-9.840071,-0.001065,-0.00426,0.003195,97562.43,31.42,-0.015449482
186.71089,0.067279,-0.21546,-0.222642,-9.824976,-9.82986,0.00213,-0.00426,0.00426,97562.43,31.42,-0.005238482
186.77812,0.06723,-0.229824,-0.260946,-9.813006,-9.819165,0.001065,-0.00639,0.00426,97570.7,31.41,0.005456518
186.844817,0.066697,-0.213066,-0.229824,-9.824976,-9.829973,0.001065,-0.005325,0.00426,97570.7,31.41,-0.005351482
186.912392,0.067574,-0.237006,-0.237006,-9.824976,-9.830692,0.001065,-0.00639,0.00426,97570.7,31.42,-0.006070482
186.979252,0.066861,-0.234612,-0.25137,-9.844128,-9.850131,0.00426,-0.00639,0.00426,97562.43,31.42,-0.025509482
187.046379,0.067126,-0.220248,-0.244188,-9.832158,-9.837656,0,-0.00426,0.001065,97562.43,31.41,-0.013034482
187.11367,0.067291,-0.210672,-0.246582,-9.841734,-9.847076,0.001065,-0.00639,0.003195,97562.43,31.42,-0.022454482
187.180789,0.067119,-0.229824,-0.260946,-9.844128,-9.850267,0.003195,-0.007455,0.001065,97570.7,31.41,-0.025645482
187.248061,0.067272,-0.217854,-0.258552,-9.796248,-9.802081,0.001065,-0.00426,0.001065,97566.57,31.41,0.022540518
187.315211,0.06715,-0.222642,-0.225036,-9.80343,-9.80854,0.00213,-0.003195,0.00213,97566.57,31.42,0.016081518
187.382892,0.067681,-0.20349,-0.237006,-9.824976,-9.829941,0.00213,-0.00426,0.005325,97558.3,31.42,-0.005319482
187.45323,0.070338,-0.217854,-0.229824,-9.829764,-9.834863,0.003195,-0.005325,0.00213,97562.43,31.41,-0.010241482
187.526431,0.073201,-0.174762,-0.244188,-9.810612,-9.815206,0.001065,-0.00639,0.003195,97566.57,31.41,0.009415518
187.593604,0.067174,-0.220248,-0.217854,-9.824976,-9.829859,0.003195,-0.00639,0.00639,97562.43,31.4,-0.005237482
187.660719,0.067114,-0.201096,-0.210672,-9.813006,-9.817327,0.00213,-0.005325,0.00426,97554.16,31.41,0.007294518
187.727927,0.067208,-0.234612,-0.248976,-9.820188,-9.826145,0.00213,-0.00639,0.00426,97558.3,31.41,-0.001523482
187.795358,0.067431,-0.21546,-0.232218,-9.817794,-9.822903,0.00213,-0.007455,0.005325,97570.7,31.41,0.001718518
187.862327,0.066969,-0.22743,-0.234612,-9.820188,-9.825623,-0.001065,-0.00639,0.00426,97566.57,31.41,-0.001001482
187.929691,0.067365,-0.186732,-0.248976,-9.836946,-9.841868,0.005325,-0.007455,0.003195,97566.57,31.41,-0.017246482
187.997002,0.067311,-0.19152,-0.26334,-9.813006,-9.818407,0.003195,-0.00639,0.001065,97566.57,31.41,0.006214518
188.064133,0.06713,-0.20349,-0.248976,-9.813006,-9.818273,0.003195,-0.007455,0.003195,97562.43,31.41,0.006348518
188.131121,0.066989,-0.237006,-0.237006,-9.829764,-9.835477,0.001065,-0.00426,0.003195,97570.7,31.41,-0.010855482
188.198271,0.06715,-0.225036,-0.272916,-9.817794,-9.824164,0.003195,-0.00639,0.00426,97562.43,31.41,0.000457518
188.265182,0.066911,-0.20349,-0.256158,-9.820188,-9.825636,0.001065,-0.005325,0.003195,97570.7,31.41,-0.001014482
188.332452,0.06727,-0.196308,-0.258552,-9.832158,-9.837516,0,-0.005325,0.00213,97570.7,31.4,-0.012894482
188.399457,0.067005,-0.232218,-0.234612,-9.822582,-9.828127,0.001065,-0.00426,0.001065,97562.43,31.41,-0.003505482
188.466377,0.06692,-0.26334,-0.260946,-9.832158,-9.839145,-0.00213,-0.003195,0.001065,97578.97,31.41,-0.014523482
188.534183,0.067806,-0.21546,-0.229824,-9.817794,-9.822847,0.001065,-0.00639,0.003195,97566.57,31.4,0.001774518
188.602137,0.067954,-0.21546,-0.272916,-9.813006,-9.819165,0.005325,-0.00639,0.00426,97562.43,31.41,0.005456518
188.674297,0.07216,-0.220248,-0.265734,-9.834552,-9.840607,-0.001065,-0.00639,0.001065,97558.3,31.4,-0.015985482
188.74604,0.071743,-0.222642,-0.256158,-9.829764,-9.835621,0.00213,-0.009585,0.005325,97562.43,31.41,-0.010999482
188.813331,0.067291,-0.22743,-0.260946,-9.829764,-9.835857,0.00213,-0.00639,0.001065,97558.3,31.41,-0.011235482
188.881205,0.067874,-0.201096,-0.234612,-9.8154,-9.820263,0.001065,-0.00639,0.00213,97562.43,31.4,0.004358518
188.951807,0.070602,-0.22743,-0.234612,-9.813006,-9.818445,0.00213,-0.00426,0.00426,97562.43,31.41,0.006176518
189.025255,0.073448,-0.189126,-0.22743,-9.834552,-9.838999,0.00213,-0.00639,0.001065,97566.57,31.41,-0.014377482
189.092989,0.067734,-0.208278,-0.2394,-9.813006,-9.818135,0.00213,-0.007455,0.003195,97566.57,31.4,0.006486518
189.160697,0.067707,-0.222642,-0.253764,-9.832158,-9.837952,0.003195,-0.00852,0.00426,97570.7,31.41,-0.013330482
189.22742,0.066723,-0.20349,-0.244188,-9.808218,-9.813367,-0.001065,-0.007455,0.00213,97574.83,31.42,0.011254518
189.294314,0.066894,-0.232218,-0.234612,-9.848916,-9.854446,0.003195,-0.00639,0.001065,97566.57,31.4,-0.029824482
189.362042,0.067728,-0.201096,-0.280098,-9.810612,-9.81667,0.003195,-0.00639,0.001065,97562.43,31.41,0.007951518
189.432968,0.070925,-0.220248,-0.277704,-9.83934,-9.845722,0.00213,-0.00426,0.00213,97562.43,31.41,-0.021100482
189.506365,0.073397,-0.19152,-0.22743,-9.813006,-9.817509,0.001065,-0.007455,0.001065,97562.43,31.41,0.007112518
189.574099,0.067734,-0.225036,-0.265734,-9.817794,-9.823967,0,-0.00426,0.003195,97562.43,31.41,0.000654518
189.641123,0.067024,-0.217854,-0.25137,-9.813006,-9.818642,0,-0.00639,0.00213,97562.43,31.41,0.005979518
189.708044,0.066921,-0.20349,-0.241794,-9.829764,-9.834843,0.003195,-0.00639,0.00426,97554.16,31.4,-0.010221482
189.775065,0.067021,-0.225036,-0.22743,-9.82737,-9.832577,0.003195,-0.00639,0.001065,97566.57,31.4,-0.007955482
189.842314,0.06725,-0.222642,-0.22743,-9.810612,-9.815773,0.00213,-0.00639,0.00213,97558.3,31.41,0.008848518
189.909638,0.067323,-0.20349,-0.25137,-9.820188,-9.825512,0.00213,-0.00639,0.00213,97570.7,31.4,-0.000890482
189.976891,0.067253,-0.220248,-0.27531,-9.822582,-9.828907,0.003195,-0.00852,0.00426,97570.7,31.4,-0.004285482
190.044045,0.067154,-0.244188,-0.265734,-9.805824,-9.812463,0.00213,-0.005325,0.003195,97562.43,31.41,0.012158518
190.111616,0.067571,-0.220248,-0.232218,-9.820188,-9.825402,-0.001065,-0.005325,0.00213,97570.7,31.41,-0.000780482
190.178607,0.066991,-0.2394,-0.253764,-9.8154,-9.821598,0.005325,-0.007455,0.003195,97554.16,31.4,0.003023518
190.244934,0.066327,-0.201096,-0.277704,-9.820188,-9.826172,0.003195,-0.00639,0.00213,97562.43,31.4,-0.001550482
190.312772,0.067837,-0.229824,-0.210672,-9.824976,-9.829921,0.003195,-0.009585,0,97570.7,31.4,-0.005299482
190.383798,0.071027,-0.220248,-0.237006,-9.817794,-9.823124,0.003195,-0.007455,0.005325,97566.57,31.41,0.001497518
190.458097,0.074299,-0.20349,-0.270522,-9.817794,-9.823628,0.00213,-0.003195,0.00426,97566.57,31.4,0.000993518
190.524708,0.066611,-0.193914,-0.2394,-9.822582,-9.827412,0.003195,-0.00639,0.003195,97566.57,31.4,-0.002790482
190.592188,0.06748,-0.205884,-0.27531,-9.83934,-9.845344,0.003195,-0.00639,0.003195,97558.3,31.4,-0.020722482
190.659786,0.067598,-0.220248,-0.229824,-9.817794,-9.822953,0,-0.007455,0.005325,97554.16,31.41,0.001668518
190.726289,0.066503,-0.237006,-0.22743,-9.829764,-9.835251,0,-0.00426,0.00213,97570.7,31.41,-0.010629482
190.792973,0.066683,-0.210672,-0.260946,-9.8154,-9.821128,0.00213,-0.00639,0.003195,97566.57,31.4,0.003493518
190.859978,0.067005,-0.222642,-0.225036,-9.813006,-9.818111,0.001065,-0.005325,0.00426,97562.43,31.4,0.006510518
190.92701,0.067032,-0.184338,-0.22743,-9.836946,-9.841301,0.005325,-0.003195,0.00213,97566.57,31.4,-0.016679482
190.994244,0.067234,-0.201096,-0.2394,-9.83934,-9.844306,0.00426,-0.007455,0.00426,97566.57,31.41,-0.019684482
191.061285,0.067042,-0.198702,-0.246582,-9.82737,-9.832471,0.003195,-0.005325,0.003195,97562.43,31.4,-0.007849482
191.128888,0.067603,-0.225036,-0.234612,-9.822582,-9.82796,0,-0.00639,0.00213,97562.43,31.41,-0.003338482
191.196132,0.067244,-0.237006,-0.265734,-9.836946,-9.843388,0.001065,-0.005325,0.003195,97570.7,31.4,-0.018766482
191.263323,0.06719,-0.22743,-0.253764,-9.810612,-9.816528,-0.001065,-0.00426,0.003195,97558.3,31.41,0.008093518
191.331052,0.067729,-0.217854,-0.27531,-9.836946,-9.843209,0.001065,-0.00639,0.001065,97562.43,31.4,-0.018587482
191.398292,0.06724,-0.222642,-0.246582,-9.829764,-9.835377,0,-0.00426,0.003195,97570.7,31.4,-0.010755482
191.471737,0.073445,-0.193914,-0.265734,-9.805824,-9.81134,0,-0.003195,0.003195,97570.7,31.39,0.013281518
191.541859,0.070122,-0.244188,-0.234612,-9.829764,-9.835595,0.001065,-0.00426,0.00213,97566.57,31.41,-0.010973482
191.608945,0.067086,-0.229824,-0.258552,-9.805824,-9.811924,0.005325,-0.003195,0.00213,97566.57,31.41,0.012697518
191.67718,0.068235,-0.225036,-0.284886,-9.841734,-9.848428,0,-0.005325,0.00213,97562.43,31.4,-0.023806482
191.744304,0.067124,-0.232218,-0.222642,-9.805824,-9.8111,0.003195,-0.003195,0.001065,97562.43,31.4,0.013521518
191.81114,0.066836,-0.21546,-0.229824,-9.820188,-9.82524,0.003195,-0.00639,0.00213,97566.57,31.4,-0.000618482
191.878264,0.067124,-0.210672,-0.270522,-9.829764,-9.835742,0,-0.00639,0.003195,97570.7,31.39,-0.011120482
191.945102,0.066838,-0.229824,-0.253764,-9.796248,-9.802229,0,-0.00639,0,97562.43,31.41,0.022392518
192.012601,0.067499,-0.213066,-0.25137,-9.813006,-9.818537,0.00213,-0.00639,0.00426,97566.57,31.4,0.006084518
192.079466,0.066866,-0.220248,-0.225036,-9.80343,-9.808486,0.00426,-0.007455,0.003195,97562.43,31.41,0.016135518
192.146446,0.06698,-0.201096,-0.21546,-9.853704,-9.858111,0,-0.005325,0.005325,97562.43,31.4,-0.033489482
192.214156,0.067711,-0.205884,-0.265734,-9.848916,-9.854651,0.003195,-0.009585,0.003195,97566.57,31.4,-0.030029482
192.280857,0.066701,-0.205884,-0.253764,-9.834552,-9.83998,0.00426,-0.007455,0.00426,97570.7,31.41,-0.015358482
192.348013,0.067156,-0.2394,-0.246582,-9.813006,-9.819022,0.001065,-0.00426,0.00426,97566.57,31.4,0.005599518
192.414346,0.066333,-0.232218,-0.225036,-9.822582,-9.827903,0.00213,-0.005325,0.003195,97554.16,31.4,-0.003281482
192.481968,0.067622,-0.189126,-0.260946,-9.82737,-9.832653,0,-0.00639,0.00213,97566.57,31.4,-0.008031482
192.548709,0.066741,-0.217854,-0.244188,-9.810612,-9.816068,0.001065,-0.005325,0.001065,97562.43,31.4,0.008553518
192.615674,0.066965,-0.186732,-0.246582,-9.856098,-9.86095,0.001065,-0.007455,0.003195,97562.43,31.41,-0.036328482
192.682993,0.06732,-0.222642,-0.256158,-9.824976,-9.830836,0,-0.005325,0.003195,97566.57,31.41,-0.006214482
192.750523,0.067529,-0.205884,-0.246582,-9.808218,-9.813477,0.00213,-0.007455,0.005325,97566.57,31.4,0.011144518
192.81811,0.067587,-0.222642,-0.237006,-9.829764,-9.835141,-0.001065,-0.005325,0.00213,97574.83,31.4,-0.010519482
192.885159,0.067049,-0.244188,-0.258552,-9.798642,-9.805094,0.001065,-0.00852,0.005325,97578.97,31.4,0.019527518
192.952015,0.066857,-0.229824,-0.284886,-9.836946,-9.843754,0,-0.00639,0.003195,97562.43,31.4,-0.019132482
193.018284,0.066268,-0.208278,-0.225036,-9.808218,-9.81301,0.00213,-0.00639,0.00213,97574.83,31.4,0.011611518
193.085015,0.066731,-0.193914,-0.25137,-9.824976,-9.830104,0.003195,-0.007455,0.00213,97570.7,31.4,-0.005482482
193.154264,0.069249,-0.246582,-0.217854,-9.817794,-9.823306,0.003195,-0.00426,0.003195,97566.57,31.4,0.001315518
193.227189,0.072925,-0.229824,-0.27531,-9.808218,-9.814772,0,-0.00639,0.003195,97562.43,31.4,0.009849518
193.297896,0.070707,-0.22743,-0.256158,-9.82737,-9.833338,0.00213,-0.00852,0.00213,97566.57,31.4,-0.008716482
193.364933,0.067038,-0.193914,-0.237006,-9.844128,-9.84889,0.00213,-0.003195,0.00213,97558.3,31.4,-0.024268482
193.432331,0.067398,-0.220248,-0.217854,-9.82737,-9.832252,0.00426,-0.005325,0.003195,97566.57,31.4,-0.007630482
193.499042,0.066711,-0.213066,-0.244188,-9.817794,-9.823141,0.001065,-0.00639,0.003195,97570.7,31.41,0.001480518
193.566244,0.067202,-0.217854,-0.246582,-9.82737,-9.832877,0.00213,-0.00639,0.003195,97566.57,31.4,-0.008255482
193.633551,0.067307,-0.205884,-0.2394,-9.853704,-9.858762,-0.003195,-0.005325,0.003195,97558.3,31.39,-0.034140482
193.700933,0.067382,-0.22743,-0.244188,-9.83934,-9.844997,0.00213,-0.007455,0.00426,97562.43,31.4,-0.020375482
193.767745,0.066812,-0.232218,-0.253764,-9.8154,-9.821425,0.003195,-0.005325,0.00213,97566.57,31.39,0.003196518
193.834913,0.067169,-0.229824,-0.246582,-9.846522,-9.85229,0.00213,-0.00639,0.00213,97566.57,31.41,-0.027668482
193.902308,0.067394,-0.229824,-0.246582,-9.808218,-9.814008,0.00213,-0.00852,0.00426,97562.43,31.4,0.010613518
193.969111,0.066803,-0.213066,-0.248976,-9.80343,-9.808905,-0.001065,-0.007455,0.00213,97562.43,31.4,0.015716518
194.036212,0.067101,-0.225036,-0.244188,-9.813006,-9.818623,0.00426,-0.005325,0.001065,97570.7,31.4,0.005998518
194.104452,0.06824,-0.248976,-0.246582,-9.820188,-9.826438,0.003195,-0.00639,0.003195,97566.57,31.4,-0.001816482
194.171875,0.067424,-0.198702,-0.25137,-9.80343,-9.808665,0.00213,-0.007455,0.007455,97574.83,31.4,0.015956518
194.238504,0.066628,-0.241794,-0.25137,-9.824976,-9.831165,0.001065,-0.005325,0.001065,97562.43,31.4,-0.006543482
194.308734,0.070231,-0.244188,-0.246582,-9.834552,-9.840673,0.003195,-0.007455,0.005325,97578.97,31.4,-0.016051482
194.377783,0.069049,-0.210672,-0.258552,-9.83934,-9.844991,0.00426,-0.003195,0.00213,97570.7,31.4,-0.020369482
194.450324,0.072541,-0.232218,-0.272916,-9.822582,-9.829116,0.00213,-0.003195,0.00426,97566.57,31.4,-0.004494482
194.518424,0.0681,-0.198702,-0.237006,-9.829764,-9.834628,0.001065,-0.007455,0,97562.43,31.4,-0.010006482
194.585721,0.067297,-0.220248,-0.27531,-9.813006,-9.819338,0.00213,-0.00639,0.00213,97570.7,31.4,0.005283518
194.652767,0.067046,-0.220248,-0.244188,-9.82737,-9.83287,0.003195,-0.00639,0.00426,97562.43,31.4,-0.008248482
194.722435,0.069668,-0.193914,-0.2394,-9.83934,-9.844162,0.00213,-0.00426,0.005325,97562.43,31.4,-0.019540482
194.79261,0.070175,-0.2394,-0.246582,-9.82737,-9.833378,0.00213,-0.007455,0.001065,97566.57,31.4,-0.008756482
194.86373,0.07112,-0.210672,-0.265734,-9.801036,-9.806901,0.00213,-0.00639,0.003195,97566.57,31.4,0.017720518
194.93197,0.06824,-0.210672,-0.27531,-9.834552,-9.84066,0.00426,-0.00639,0.003195,97570.7,31.4,-0.016038482
194.998816,0.066845,-0.225036,-0.241794,-9.813006,-9.818564,0.00213,-0.005325,0.00426,97570.7,31.39,0.006057518
195.065958,0.067142,-0.248976,-0.25137,-9.829764,-9.836129,0.001065,-0.00639,0.00213,97570.7,31.4,-0.011507482
195.13292,0.066962,-0.217854,-0.234612,-9.820188,-9.825406,0.005325,-0.00639,0.001065,97566.57,31.4,-0.000784482
195.199883,0.066963,-0.229824,-0.272916,-9.829764,-9.836237,0.003195,-0.005325,0.003195,97562.43,31.4,-0.011615482
195.266283,0.0664,-0.222642,-0.229824,-9.813006,-9.818222,0.00213,-0.005325,0.003195,97566.57,31.4,0.006399518
195.333569,0.067286,-0.220248,-0.222642,-9.85131,-9.856287,0.00213,-0.005325,0.001065,97574.83,31.39,-0.031665482
195.400747,0.067178,-0.21546,-0.234612,-9.817794,-9.82296,0.00213,-0.00639,0.00426,97566.57,31.4,0.001661518
195.467852,0.067105,-0.196308,-0.280098,-9.832158,-9.838106,0.00213,-0.005325,0.00426,97566.57,31.4,-0.013484482
195.534824,0.066972,-0.217854,-0.237006,-9.82737,-9.832641,0.00426,-0.00426,0.003195,97562.43,31.39,-0.008019482
195.602191,0.067367,-0.225036,-0.232218,-9.829764,-9.835081,0.005325,-0.007455,0.005325,97570.7,31.39,-0.010459482
195.669811,0.06762,-0.248976,-0.241794,-9.8154,-9.821534,0.003195,-0.007455,0.00639,97566.57,31.39,0.003087518
195.74029,0.07048,-0.222642,-0.2394,-9.813006,-9.81845,0.00213,-0.00639,0.003195,97566.57,31.4,0.006171518
195.810429,0.070139,-0.198702,-0.265734,-9.824976,-9.830577,0.00213,-0.00213,0.005325,97566.57,31.39,-0.005955482
195.881903,0.071474,-0.217854,-0.234612,-9.801036,-9.806264,0.00213,-0.00852,0.003195,97566.57,31.39,0.018357518
195.949284,0.067381,-0.222642,-0.225036,-9.841734,-9.846824,0.003195,-0.00639,0.005325,97570.7,31.39,-0.022202482
196.016657,0.067373,-0.20349,-0.260946,-9.805824,-9.811406,0.003195,-0.007455,0.00213,97562.43,31.38,0.013215518
196.083635,0.066978,-0.241794,-0.22743,-9.841734,-9.84733,0,-0.005325,0.00426,97570.7,31.4,-0.022708482
196.151071,0.067436,-0.22743,-0.222642,-9.808218,-9.81338,0.003195,-0.007455,0.00213,97570.7,31.39,0.011241518
196.21831,0.06724,-0.201096,-0.25137,-9.832158,-9.837426,0.00639,-0.00426,0.00213,97566.57,31.39,-0.012804482
196.285668,0.067357,-0.174762,-0.253764,-9.82737,-9.832199,0.00213,-0.003195,0.001065,97574.83,31.4,-0.007577482
196.352898,0.067231,-0.229824,-0.241794,-9.82737,-9.83303,0.001065,-0.007455,0.003195,97566.57,31.39,-0.008408482
196.420089,0.06719,-0.225036,-0.244188,-9.829764,-9.835371,0.00426,-0.007455,0.00213,97566.57,31.4,-0.010749482
196.486766,0.066677,-0.248976,-0.234612,-9.822582,-9.828537,0.003195,-0.00639,0.005325,97562.43,31.4,-0.003915482
196.554032,0.067266,-0.19152,-0.258552,-9.83934,-9.8446,0.001065,-0.00639,0.003195,97578.97,31.39,-0.019978482
196.620909,0.066876,-0.162792,-0.256158,-9.8154,-9.820091,0.00213,-0.00639,0.00213,97562.43,31.41,0.004530518
196.687519,0.06661,-0.248976,-0.248976,-9.844128,-9.850423,0.001065,-0.00639,0,97558.3,31.4,-0.025801482
196.754362,0.066843,-0.244188,-0.222642,-9.824976,-9.830532,0.00213,-0.005325,0.00426,97562.43,31.39,-0.005910482
196.821459,0.067097,-0.225036,-0.25137,-9.824976,-9.830767,0.00426,-0.00639,0.00639,97570.7,31.4,-0.006145482
196.888734,0.067275,-0.237006,-0.25137,-9.808218,-9.814301,0.003195,-0.00639,0.003195,97566.57,31.39,0.010320518
196.9559,0.067165,-0.196308,-0.2394,-9.832158,-9.837031,0,-0.00213,0.00213,97562.43,31.4,-0.012409482
197.02307,0.067171,-0.225036,-0.237006,-9.801036,-9.806484,0.00213,-0.00426,0.00213,97566.57,31.39,0.018137518
197.090098,0.067027,-0.19152,-0.229824,-9.846522,-9.851066,0.003195,-0.007455,0.003195,97566.57,31.4,-0.026444482
197.158278,0.068181,-0.181944,-0.280098,-9.820188,-9.825866,0.003195,-0.00639,0.00213,97570.7,31.4,-0.001244482
197.22854,0.070262,-0.222642,-0.272916,-9.824976,-9.831287,0,-0.00426,0.003195,97558.3,31.4,-0.006665482
197.298761,0.070221,-0.258552,-0.17955,-9.836946,-9.841981,0,-0.005325,0.00426,97562.43,31.39,-0.017359482
197.367329,0.068568,-0.229824,-0.196308,-9.820188,-9.824838,0.00213,-0.00426,0.003195,97566.57,31.39,-0.000216482
197.434282,0.066953,-0.172368,-0.272916,-9.80343,-9.808743,0.00213,-0.00639,0.00213,97578.97,31.39,0.015878518
197.501658,0.067376,-0.22743,-0.256158,-9.83934,-9.845301,0.00213,-0.00639,0.003195,97570.7,31.4,-0.020679482
197.569033,0.067375,-0.244188,-0.208278,-9.798642,-9.803897,-0.00213,-0.00426,0.001065,97578.97,31.4,0.020724518
197.636696,0.067663,-0.201096,-0.258552,-9.836946,-9.842398,0.00213,-0.00213,0.003195,97562.43,31.4,-0.017776482
197.704516,0.067819,-0.181944,-0.280098,-9.836946,-9.842615,0.001065,-0.005325,0.005325,97570.7,31.4,-0.017993482
197.771856,0.06734,-0.222642,-0.256158,-9.834552,-9.840406,0.001065,-0.00426,0.00213,97566.57,31.39,-0.015784482
197.838864,0.067008,-0.213066,-0.20349,-9.817794,-9.822214,0.00213,-0.005325,0.00426,97570.7,31.39,0.002407518
197.905974,0.06711,-0.237006,-0.232218,-9.836946,-9.842541,0.00213,-0.007455,0.003195,97566.57,31.39,-0.017919482
197.973526,0.067551,-0.213066,-0.253764,-9.817794,-9.823384,0.003195,-0.00639,0.003195,97558.3,31.39,0.001237518
198.040577,0.067052,-0.237006,-0.244188,-9.841734,-9.847615,-0.00213,-0.00426,0.00426,97566.57,31.39,-0.022993482
198.108462,0.067884,-0.232218,-0.213066,-9.801036,-9.806102,0.003195,-0.007455,0.005325,97570.7,31.39,0.018519518
198.175152,0.066691,-0.210672,-0.28728,-9.813006,-9.81947,0.00213,-0.007455,0.003195,97570.7,31.38,0.005151518
198.242475,0.067322,-0.208278,-0.25137,-9.808218,-9.813649,0.001065,-0.00426,0.003195,97570.7,31.39,0.010972518
198.320685,0.078211,-0.232218,-0.208278,-9.801036,-9.805999,0.00213,-0.00213,0.00213,97574.83,31.38,0.018622518
198.387942,0.067256,-0.198702,-0.22743,-9.8154,-9.820045,-0.00213,-0.00426,0.00426,97570.7,31.39,0.004576518
198.455699,0.067758,-0.208278,-0.277704,-9.836946,-9.843069,-0.00213,-0.00213,0.00213,97558.3,31.39,-0.018447482
198.522298,0.066599,-0.229824,-0.232218,-9.796248,-9.801695,0.00213,-0.007455,0.00426,97562.43,31.39,0.022926518
198.589165,0.066867,-0.217854,-0.237006,-9.865674,-9.870925,0.003195,-0.007455,0.005325,97570.7,31.39,-0.046303482
198.657008,0.067843,-0.213066,-0.241794,-9.817794,-9.823082,0.003195,-0.005325,0.00213,97566.57,31.39,0.001539518
198.724089,0.067082,-0.201096,-0.234612,-9.80343,-9.808299,0.001065,-0.00852,0.003195,97570.7,31.39,0.016322518
198.791243,0.067154,-0.213066,-0.253764,-9.810612,-9.816206,0.001065,-0.007455,0.00426,97574.83,31.38,0.008415518
198.860869,0.069626,-0.220248,-0.22743,-9.834552,-9.839647,0.00426,-0.00639,0.003195,97570.7,31.39,-0.015025482
198.931985,0.071116,-0.232218,-0.260946,-9.841734,-9.847931,0.001065,-0.007455,0.001065,97566.57,31.39,-0.023309482
199.002449,0.070464,-0.198702,-0.25137,-9.829764,-9.834985,0.001065,-0.00426,0.001065,97574.83,31.38,-0.010363482
199.070211,0.067762,-0.220248,-0.210672,-9.817794,-9.822524,0.001065,-0.003195,0.00426,97570.7,31.39,0.002097518
199.136906,0.066695,-0.201096,-0.234612,-9.822582,-9.827441,0,-0.005325,0.003195,97570.7,31.38,-0.002819482
199.20395,0.067044,-0.19152,-0.248976,-9.80343,-9.808461,0.00213,-0.00639,0.00426,97566.57,31.39,0.016160518
199.271125,0.067176,-0.217854,-0.26334,-9.832158,-9.838096,0.00213,-0.00426,0.003195,97570.7,31.39,-0.013474482
199.341529,0.070403,-0.20349,-0.217854,-9.8154,-9.819926,0.001065,-0.005325,0.00426,97578.97,31.38,0.004695518
199.41186,0.070331,-0.25137,-0.225036,-9.844128,-9.849908,0.00213,-0.00639,0.00426,97578.97,31.39,-0.025286482
199.482928,0.071068,-0.213066,-0.237006,-9.841734,-9.846893,0.00213,-0.00639,0.00213,97574.83,31.38,-0.022271482
199.554172,0.071244,-0.222642,-0.241794,-9.83934,-9.844828,0.00213,-0.00426,0.00426,97574.83,31.38,-0.020206482
199.623863,0.06969,-0.225036,-0.220248,-9.848916,-9.853948,0.00213,-0.00639,0.005325,97562.43,31.38,-0.029326482
199.695567,0.071704,-0.184338,-0.253764,-9.844128,-9.849123,0,-0.00639,-0.00213,97574.83,31.39,-0.024501482
199.764143,0.068576,-0.234612,-0.244188,-9.829764,-9.835595,0.00426,-0.00639,0.003195,97578.97,31.39,-0.010973482
199.830778,0.066635,-0.22743,-0.225036,-9.798642,-9.803864,0.003195,-0.00852,0.001065,97570.7,31.39,0.020757518
199.898267,0.067489,-0.181944,-0.2394,-9.805824,-9.810433,0.001065,-0.00213,0.00213,97570.7,31.38,0.014188518
199.964683,0.066416,-0.220248,-0.258552,-9.832158,-9.838023,0.00639,-0.007455,0.00213,97570.7,31.38,-0.013401482
200.031473,0.06679,-0.229824,-0.27531,-9.83934,-9.845874,0,-0.007455,0.001065,97570.7,31.38,-0.021252482
200.098869,0.067396,-0.220248,-0.198702,-9.813006,-9.817488,0.001065,-0.00426,0.00213,97570.7,31.38,0.007133518
200.165606,0.066737,-0.232218,-0.246582,-9.824976,-9.830813,0.001065,-0.00639,0.00213,97566.57,31.39,-0.006191482
200.232911,0.067305,-0.213066,-0.232218,-9.813006,-9.818065,0.001065,-0.007455,0.001065,97566.57,31.39,0.006556518
200.299803,0.066892,-0.208278,-0.2394,-9.817794,-9.822921,0.00213,-0.003195,0.005325,97574.83,31.38,0.001700518
200.367195,0.067392,-0.201096,-0.232218,-9.8154,-9.820206,0.00213,-0.001065,0.00426,97574.83,31.38,0.004415518
200.434309,0.067114,-0.208278,-0.25137,-9.829764,-9.835183,0.00213,-0.00639,0.00213,97574.83,31.38,-0.010561482
200.501329,0.067019,-0.208278,-0.280098,-9.805824,-9.812034,0.00213,-0.007455,0.00213,97558.3,31.38,0.012587518
200.568506,0.067177,-0.208278,-0.222642,-9.85131,-9.856026,0,-0.003195,0.00213,97574.83,31.39,-0.031404482
200.635786,0.06728,-0.22743,-0.241794,-9.834552,-9.840153,0.00426,-0.007455,0.00426,97570.7,31.38,-0.015531482
200.709711,0.073925,-0.237006,-0.229824,-9.8154,-9.82095,0.003195,-0.009585,0.001065,97570.7,31.38,0.003671518
200.780644,0.070933,-0.193914,-0.225036,-9.820188,-9.82468,0.00213,-0.00639,0.003195,97578.97,31.38,-5.85E-05
200.848073,0.067429,-0.208278,-0.256158,-9.8154,-9.820951,0.00426,-0.007455,0.00639,97562.43,31.38,0.003670518
200.919539,0.071466,-0.22743,-0.234612,-9.832158,-9.837586,0.003195,-0.00852,0.00426,97578.97,31.38,-0.012964482
200.989454,0.069915,-0.237006,-0.248976,-9.824976,-9.830987,0.00213,-0.00639,0.00426,97574.83,31.38,-0.006365482
201.060724,0.07127,-0.217854,-0.256158,-9.829764,-9.835514,0.001065,-0.00639,0.007455,97570.7,31.38,-0.010892482
201.132383,0.071658,-0.258552,-0.232218,-9.834552,-9.84069,0.001065,-0.00852,0.00213,97570.7,31.38,-0.016068482
201.206365,0.073982,-0.193914,-0.260946,-9.820188,-9.825568,0.00213,-0.005325,0.00426,97562.43,31.38,-0.000946482
201.27319,0.066825,-0.210672,-0.253764,-9.824976,-9.83051,0.001065,-0.00426,0.00639,97558.3,31.39,-0.005888482
201.3405,0.067311,-0.232218,-0.241794,-9.824976,-9.830694,0.001065,-0.005325,0.00426,97578.97,31.38,-0.006072482
201.40749,0.06699,-0.210672,-0.2394,-9.808218,-9.813401,0.00213,-0.007455,0.005325,97570.7,31.38,0.011220518
201.4754,0.06791,-0.222642,-0.26334,-9.817794,-9.823848,0.003195,-0.005325,0.00213,97562.43,31.38,0.000773518
201.542346,0.066946,-0.248976,-0.22743,-9.836946,-9.842724,0,-0.003195,0.00426,97566.57,31.39,-0.018102482
201.609005,0.066659,-0.21546,-0.248976,-9.836946,-9.842455,0.00426,-0.00426,0.00213,97570.7,31.38,-0.017833482
201.676162,0.067157,-0.21546,-0.268128,-9.841734,-9.847743,0.00426,-0.007455,0.00213,97566.57,31.38,-0.023121482
201.74229,0.066128,-0.208278,-0.244188,-9.8154,-9.820646,0.001065,-0.00639,0.001065,97562.43,31.38,0.003975518
201.810098,0.067808,-0.220248,-0.217854,-9.841734,-9.846608,0,-0.005325,0.00426,97570.7,31.38,-0.021986482
201.87798,0.067882,-0.237006,-0.244188,-9.829764,-9.835652,0.00213,-0.00639,0.003195,97570.7,31.38,-0.011030482
201.945045,0.067065,-0.205884,-0.28728,-9.8154,-9.821761,0,-0.005325,0.001065,97570.7,31.38,0.002860518
202.01218,0.067135,-0.220248,-0.241794,-9.834552,-9.839989,0.003195,-0.007455,0.00426,97578.97,31.38,-0.015367482
202.079008,0.066827,-0.244188,-0.272916,-9.829764,-9.836583,0.00426,-0.00852,0.00426,97570.7,31.39,-0.011961482
202.14645,0.067443,-0.244188,-0.229824,-9.817794,-9.823519,0.001065,-0.00426,0.00213,97578.97,31.38,0.001102518
202.21303,0.06658,-0.220248,-0.248976,-9.834552,-9.840168,0.00213,-0.00639,0.00213,97570.7,31.38,-0.015546482
202.280014,0.066984,-0.196308,-0.225036,-9.85131,-9.855835,0,-0.007455,0.00426,97570.7,31.38,-0.031213482
202.350497,0.070483,-0.198702,-0.268128,-9.834552,-9.840213,0.003195,-0.00639,0.00426,97562.43,31.38,-0.015591482
202.419464,0.068966,-0.222642,-0.27531,-9.700488,-9.706948,0.00213,-0.00639,0.001065,97570.7,31.38,0.117673518
202.491526,0.072063,-0.22743,-0.22743,-9.848916,-9.854166,0.001065,-0.00639,0.003195,97566.57,31.38,-0.029544482
202.559049,0.067522,-0.208278,-0.246582,-9.798642,-9.803957,0.001065,-0.007455,0.003195,97574.83,31.38,0.020664518
202.626495,0.067446,-0.174762,-0.25137,-9.853704,-9.858459,0,-0.005325,0.00426,97566.57,31.38,-0.033837482
202.693648,0.067153,-0.222642,-0.253764,-9.846522,-9.852307,0.001065,-0.00852,0.00426,97578.97,31.38,-0.027685482
202.760636,0.066988,-0.268128,-0.282492,-9.796248,-9.803987,0.00426,-0.00639,0,97578.97,31.38,0.020634518
202.827664,0.067028,-0.21546,-0.222642,-9.820188,-9.825074,0,-0.003195,0.00213,97570.7,31.38,-0.000452482
202.894798,0.067133,-0.222642,-0.22743,-9.813006,-9.818166,0.001065,-0.005325,0.00213,97578.97,31.38,0.006455518
202.962053,0.067255,-0.189126,-0.265734,-9.848916,-9.854315,0.007455,-0.007455,0.003195,97562.43,31.38,-0.029693482
203.029249,0.067196,-0.174762,-0.22743,-9.793854,-9.798053,-0.001065,-0.00426,0.00426,97570.7,31.38,0.026568518
203.096177,0.066927,-0.222642,-0.253764,-9.810612,-9.816419,0,-0.00426,0.00213,97570.7,31.38,0.008202518
203.162809,0.066632,-0.232218,-0.244188,-9.872856,-9.878605,0.003195,-0.00639,0.00426,97574.83,31.38,-0.053983482
203.229797,0.066988,-0.260946,-0.222642,-9.757944,-9.763971,0.00213,-0.005325,0.00426,97574.83,31.38,0.060650518
203.296942,0.067145,-0.19152,-0.19152,-9.88722,-9.890929,0,-0.005325,0.003195,97570.7,31.38,-0.066307482
203.363747,0.066804,-0.177156,-0.244188,-9.784278,-9.788928,0.00213,-0.005325,0.003195,97570.7,31.38,0.035693518
203.431151,0.067404,-0.2394,-0.284886,-9.865674,-9.872689,0,-0.00213,0.00426,97570.7,31.38,-0.048067482
203.498453,0.067302,-0.2394,-0.268128,-9.789066,-9.795663,0,-0.00639,0.005325,97583.1,31.38,0.028958518
203.566114,0.067661,-0.229824,-0.225036,-9.834552,-9.839811,0.003195,-0.00426,0.00213,97570.7,31.38,-0.015189482
203.633019,0.066905,-0.248976,-0.306432,-9.79146,-9.799417,0.005325,-0.00852,0.00426,97574.83,31.38,0.025204518
203.704012,0.070992,-0.193914,-0.205884,-9.82737,-9.831439,0.003195,-0.00639,0.003195,97570.7,31.38,-0.006817482
203.773788,0.069777,-0.17955,-0.268128,-9.872856,-9.878128,0.001065,-0.00426,0.00426,97574.83,31.38,-0.053506482
203.844846,0.071057,-0.296856,-0.304038,-9.717246,-9.726532,0.00426,-0.00426,0.003195,97574.83,31.38,0.098089518
203.912446,0.0676,-0.196308,-0.19152,-9.918342,-9.922133,0.00213,-0.00852,0,97570.7,31.38,-0.097511482
203.979544,0.067098,-0.237006,-0.210672,-9.789066,-9.794201,0.001065,-0.003195,0.00213,97562.43,31.38,0.030420518
204.046336,0.066792,-0.146034,-0.222642,-9.798642,-9.802259,0.001065,-0.007455,0.00213,97570.7,31.38,0.022362518
204.113368,0.067032,-0.189126,-0.234612,-9.8154,-9.820025,-0.00213,-0.003195,0.00426,97570.7,31.38,0.004596518
204.180594,0.067226,-0.282492,-0.248976,-9.85131,-9.858504,0.00426,-0.003195,0.00852,97562.43,31.38,-0.033882482
204.247929,0.067335,-0.330372,-0.272916,-9.856098,-9.865409,0.00213,-0.007455,0.003195,97562.43,31.37,-0.040787482
204.315046,0.067117,-0.153216,-0.208278,-9.784278,-9.787694,0.003195,-0.005325,0,97570.7,31.38,0.036927518
204.382364,0.067319,-0.09576,-0.184338,-9.796248,-9.79845,0.001065,-0.003195,0.001065,97570.7,31.38,0.026171518
204.449337,0.066972,-0.198702,-0.294462,-9.769914,-9.77637,0.00213,-0.005325,0.007455,97574.83,31.38,0.048251518
204.51669,0.067354,-0.34713,-0.270522,-9.92313,-9.932884,-0.001065,-0.00426,0.00639,97558.3,31.38,-0.108262482
204.584463,0.067773,-0.289674,-0.057456,-9.77949,-9.783948,-0.00213,-0.001065,0,97566.57,31.38,0.040673518
204.651472,0.067009,-0.110124,-0.138852,-9.975798,-9.977372,0.007455,-0.009585,-0.00213,97566.57,31.38,-0.152750482
204.71836,0.066888,-0.181944,-0.294462,-9.736398,-9.742549,0.001065,-0.00639,0.00426,97562.43,31.38,0.082072518
204.785041,0.066682,-0.260946,-0.246582,-9.89919,-9.905698,0.001065,-0.005325,0.00852,97562.43,31.38,-0.081076482
204.851719,0.066678,-0.272916,-0.153216,-9.781884,-9.78689,0.003195,-0.00639,0.005325,97570.7,31.38,0.037731518
204.919263,0.067544,-0.294462,-0.25137,-9.813006,-9.820641,0.001065,-0.00639,0.00426,97570.7,31.38,0.003980518
204.986401,0.067138,-0.234612,-0.294462,-9.889614,-9.896778,0.001065,-0.005325,-0.001065,97574.83,31.38,-0.072156482
205.053313,0.066911,-0.150822,-0.174762,-9.700488,-9.703234,0,-0.00426,0.00213,97570.7,31.38,0.121387518
205.120376,0.067063,-0.246582,-0.320796,-9.908766,-9.917024,0.005325,-0.005325,0.00213,97566.57,31.38,-0.092402482
205.18817,0.067794,-0.17955,-0.268128,-9.789066,-9.794383,0.001065,-0.001065,-0.00213,97574.83,31.38,0.030238518
205.259055,0.070885,-0.134064,-0.184338,-9.83934,-9.84198,-0.003195,-0.00213,0.00426,97570.7,31.38,-0.017358482
205.329581,0.070526,-0.265734,-0.198702,-9.80343,-9.809044,0.00213,-0.005325,0.00639,97566.57,31.37,0.015577518
205.39974,0.070159,-0.22743,-0.32319,-9.882432,-9.890331,0.00213,-0.005325,0.003195,97566.57,31.37,-0.065709482
205.467701,0.067961,-0.160398,-0.22743,-9.762732,-9.766698,0.003195,-0.005325,0.005325,97574.83,31.38,0.057923518
205.534333,0.066632,-0.229824,-0.22743,-9.894402,-9.899684,0.003195,-0.00639,0.00426,97562.43,31.38,-0.075062482
205.601237,0.066904,-0.27531,-0.304038,-9.829764,-9.838318,0,-0.005325,0.00213,97562.43,31.37,-0.013696482
205.668828,0.067591,-0.184338,-0.189126,-9.817794,-9.821346,-0.001065,-0.00639,0.007455,97562.43,31.38,0.003275518
205.736967,0.068138,-0.225036,-0.265734,-9.774702,-9.780903,0.00213,-0.005325,0.00426,97570.7,31.38,0.043718518
205.80371,0.066743,-0.198702,-0.282492,-9.973404,-9.979382,0.00213,-0.00639,0.003195,97566.57,31.38,-0.154760482
205.870345,0.066634,-0.234612,-0.241794,-9.63585,-9.641738,0.00213,-0.00426,0.001065,97562.43,31.38,0.182883518
205.937385,0.06704,-0.208278,-0.225036,-9.99495,-9.999652,0.00213,-0.005325,0.00213,97574.83,31.38,-0.175030482
206.004166,0.066781,-0.160398,-0.296856,-9.702882,-9.708747,0.001065,-0.00852,0.00213,97578.97,31.38,0.115874518
206.070828,0.066662,-0.213066,-0.220248,-9.841734,-9.846504,-0.001065,-0.00213,0.005325,97578.97,31.38,-0.021882482
206.138189,0.067361,-0.26334,-0.234612,-9.777096,-9.783455,0,-0.00426,0.005325,97570.7,31.38,0.041166518
206.20487,0.066681,-0.2394,-0.265734,-9.832158,-9.838661,0.00426,-0.00639,0.00213,97574.83,31.38,-0.014039482
206.272563,0.067693,-0.169974,-0.2394,-9.896796,-9.90115,0.00213,-0.00426,0.00213,97570.7,31.38,-0.076528482
206.339632,0.067069,-0.146034,-0.21546,-9.710064,-9.713552,0.00426,-0.00639,0.003195,97570.7,31.38,0.111069518
206.406951,0.067319,-0.198702,-0.210672,-9.88722,-9.89146,-0.001065,-0.00426,0.007455,97566.57,31.38,-0.066838482
206.473722,0.066771,-0.34713,-0.28728,-9.880038,-9.890307,-0.001065,-0.00426,0.00639,97562.43,31.38,-0.065685482
206.540818,0.067096,-0.246582,-0.148428,-9.73161,-9.735865,0.003195,-0.00639,-0.001065,97570.7,31.38,0.088756518
206.608175,0.067357,-0.172368,-0.256158,-9.908766,-9.913575,0.001065,-0.00426,0.00213,97566.57,31.38,-0.088953482
206.675436,0.067261,-0.162792,-0.272916,-9.781884,-9.787044,0.00213,-0.00639,0.00426,97570.7,31.38,0.037577518
206.742345,0.066909,-0.141246,-0.26334,-9.82737,-9.831912,0.001065,-0.007455,0.00639,97570.7,31.38,-0.007290482
206.809486,0.067142,-0.296856,-0.158004,-9.832158,-9.837907,0.003195,-0.00426,0.00426,97570.7,31.38,-0.013285482
206.876846,0.067359,-0.344736,-0.289674,-9.834552,-9.844855,-0.001065,-0.00639,0,97562.43,31.38,-0.020233482
206.944338,0.067493,-0.256158,-0.26334,-9.810612,-9.817488,0.001065,-0.00639,0.001065,97574.83,31.37,0.007133518
207.011467,0.067129,-0.062244,-0.160398,-9.76752,-9.769035,0,-0.00426,0.001065,97570.7,31.38,0.055586518
207.07825,0.066783,-0.22743,-0.32319,-9.836946,-9.844881,0.00639,-0.003195,0.003195,97578.97,31.38,-0.020259482
207.144981,0.066731,-0.256158,-0.301644,-9.832158,-9.840119,0.00213,-0.00639,0.007455,97570.7,31.38,-0.015497482
207.212373,0.067392,-0.234612,-0.138852,-9.793854,-9.797648,-0.00213,-0.00213,0.003195,97570.7,31.37,0.026973518
207.279658,0.067285,-0.272916,-0.229824,-9.88722,-9.893656,0.00213,-0.00639,0.003195,97574.83,31.38,-0.069034482
207.347495,0.067836,-0.222642,-0.320796,-9.834552,-9.842301,0.001065,-0.00639,0.001065,97574.83,31.37,-0.017679482
207.414459,0.066965,-0.150822,-0.217854,-9.789066,-9.792651,0,-0.00426,0.00426,97574.83,31.37,0.031970518
207.480997,0.066537,-0.210672,-0.160398,-9.83934,-9.842902,0.00213,-0.00426,0.00426,97570.7,31.38,-0.018280482
207.548775,0.067778,-0.225036,-0.306432,-9.774702,-9.782093,0.00213,-0.007455,0.001065,97578.97,31.37,0.042528518
207.615434,0.066658,-0.256158,-0.268128,-9.836946,-9.843933,0.00213,-0.00639,0.003195,97562.43,31.37,-0.019311482
207.682533,0.067099,-0.19152,-0.172368,-9.8154,-9.818781,0.00213,-0.00639,0.001065,97574.83,31.37,0.005840518
207.749849,0.067316,-0.22743,-0.22743,-9.83934,-9.844595,0.00213,-0.00639,0,97570.7,31.37,-0.019973482
207.816862,0.067013,-0.232218,-0.28728,-9.820188,-9.827133,0.00213,-0.005325,0.00639,97562.43,31.38,-0.002511482
207.886575,0.069713,-0.189126,-0.234612,-9.846522,-9.851132,0.003195,-0.00426,0.005325,97570.7,31.38,-0.026510482
207.957994,0.071419,-0.241794,-0.196308,-9.817794,-9.822733,0.001065,-0.007455,0.00213,97574.83,31.38,0.001888518
208.029578,0.071584,-0.25137,-0.20349,-9.82737,-9.83269,0,-0.00426,0.003195,97578.97,31.37,-0.008068482
208.101516,0.071938,-0.217854,-0.234612,-9.808218,-9.813442,0,-0.00426,0.001065,97570.7,31.37,0.011179518
208.172247,0.070731,-0.169974,-0.289674,-9.808218,-9.813967,0.003195,-0.00852,0.005325,97574.83,31.37,0.010654518
208.240683,0.068436,-0.21546,-0.22743,-9.82737,-9.832362,0.00213,-0.005325,0.005325,97578.97,31.37,-0.007740482
208.307602,0.06692,-0.25137,-0.205884,-9.813006,-9.818384,0.003195,-0.00426,0.00426,97578.97,31.38,0.006237518
208.376353,0.06875,-0.225036,-0.258552,-9.822582,-9.828561,0.003195,-0.00639,0.003195,97562.43,31.38,-0.003939482
208.44363,0.067277,-0.177156,-0.289674,-9.76752,-9.77342,0.005325,-0.005325,0.001065,97574.83,31.37,0.051201518
208.510319,0.066689,-0.205884,-0.284886,-9.844128,-9.850401,0,-0.003195,0.001065,97574.83,31.37,-0.025779482
208.577865,0.067547,-0.234612,-0.229824,-9.829764,-9.835249,0,-0.007455,0.00426,97574.83,31.36,-0.010627482
208.650253,0.072388,-0.21546,-0.248976,-9.824976,-9.830492,0.00213,-0.005325,0.005325,97574.83,31.37,-0.005870482
208.722281,0.072028,-0.220248,-0.244188,-9.865674,-9.871153,0.001065,-0.00639,0.00426,97566.57,31.37,-0.046531482
208.78943,0.067149,-0.246582,-0.272916,-9.8154,-9.822289,0.001065,-0.00426,0.00426,97562.43,31.36,0.002332518
208.856985,0.067556,-0.201096,-0.208278,-9.836946,-9.841206,-0.001065,-0.003195,0,97578.97,31.37,-0.016584482
208.926769,0.069784,-0.237006,-0.213066,-9.829764,-9.834929,-0.001065,-0.00852,0.00426,97578.97,31.37,-0.010307482
208.995109,0.06834,-0.210672,-0.26334,-9.817794,-9.823584,0.00213,-0.003195,0.00852,97570.7,31.37,0.001037518
209.06515,0.070041,-0.208278,-0.256158,-9.822582,-9.828129,0.00426,-0.007455,0.003195,97574.83,31.37,-0.003507482
209.13559,0.07044,-0.232218,-0.2394,-9.805824,-9.811494,0.00426,-0.005325,0.003195,97570.7,31.37,0.013127518
209.202788,0.067198,-0.241794,-0.2394,-9.824976,-9.830866,0.00213,-0.005325,0.00213,97570.7,31.37,-0.006244482
209.274332,0.071543,-0.222642,-0.282492,-9.841734,-9.848304,0,-0.00426,0.003195,97574.83,31.37,-0.023682482
209.344728,0.070396,-0.234612,-0.256158,-9.83934,-9.84547,0,-0.00426,0.003195,97574.83,31.37,-0.020848482
209.415296,0.070569,-0.258552,-0.260946,-9.813006,-9.819879,0,-0.00639,0.00213,97583.1,31.36,0.004742518
209.486922,0.071626,-0.222642,-0.244188,-9.829764,-9.835317,0,-0.00426,0.003195,97578.97,31.37,-0.010695482
209.560189,0.073266,-0.22743,-0.265734,-9.810612,-9.816845,-0.001065,-0.00639,0.00213,97583.1,31.36,0.007776518
209.627787,0.067598,-0.193914,-0.260946,-9.80343,-9.808819,0,-0.005325,0.00426,97574.83,31.37,0.015802518
209.695097,0.067311,-0.229824,-0.222642,-9.832158,-9.837363,0.00213,-0.00852,0.005325,97574.83,31.36,-0.012741482
209.762385,0.067287,-0.22743,-0.2394,-9.832158,-9.837701,0.005325,-0.00639,0.00426,97574.83,31.37,-0.013079482
209.829181,0.066796,-0.21546,-0.2394,-9.810612,-9.815897,0.00213,-0.007455,0.00213,97570.7,31.37,0.008724518
209.896616,0.067436,-0.210672,-0.248976,-9.810612,-9.816032,0.00213,-0.00639,0.00426,97570.7,31.36,0.008589518
209.963726,0.06711,-0.22743,-0.26334,-9.796248,-9.802426,0,-0.00639,0.001065,97566.57,31.37,0.022195518
210.030874,0.067148,-0.232218,-0.26334,-9.848916,-9.855172,0.00213,-0.00639,0.003195,97578.97,31.37,-0.030550482
210.098492,0.067619,-0.220248,-0.25137,-9.80343,-9.809125,0.00213,-0.005325,0.001065,97574.83,31.37,0.015496518
210.164922,0.06643,-0.205884,-0.225036,-9.860886,-9.865602,0.003195,-0.003195,0.00426,97570.7,31.37,-0.040980482
210.231913,0.066991,-0.172368,-0.244188,-9.781884,-9.786449,0.003195,-0.005325,0.003195,97570.7,31.37,0.038172518
210.299143,0.06723,-0.217854,-0.2394,-9.822582,-9.827914,0.001065,-0.00852,0.003195,97570.7,31.37,-0.003292482
210.366539,0.067396,-0.241794,-0.244188,-9.822582,-9.828591,-0.003195,-0.005325,0.003195,97578.97,31.37,-0.003969482
210.433082,0.066543,-0.246582,-0.272916,-9.805824,-9.81272,0.001065,-0.00426,0.003195,97570.7,31.37,0.011901518
210.499695,0.066613,-0.213066,-0.248976,-9.841734,-9.847188,0.00213,-0.005325,0.003195,97574.83,31.36,-0.022566482
210.567257,0.067562,-0.232218,-0.21546,-9.8154,-9.82051,0,-0.005325,0.005325,97570.7,31.36,0.004111518
210.638742,0.071485,-0.196308,-0.244188,-9.817794,-9.822792,0.005325,-0.007455,0.00213,97566.57,31.37,0.001829518
210.709703,0.070961,-0.205884,-0.270522,-9.822582,-9.828463,-0.001065,-0.00213,0.005325,97578.97,31.36,-0.003841482
210.779746,0.070043,-0.229824,-0.205884,-9.829764,-9.834606,0,-0.00852,0.00426,97578.97,31.37,-0.009984482
210.848409,0.068663,-0.225036,-0.277704,-9.844128,-9.850615,0.003195,-0.007455,0.00426,97566.57,31.37,-0.025993482
210.919498,0.071089,-0.19152,-0.272916,-9.834552,-9.840202,0.00639,-0.00639,0.003195,97574.83,31.37,-0.015580482
210.99236,0.072862,-0.234612,-0.2394,-9.83934,-9.845048,0.001065,-0.00426,0.003195,97570.7,31.37,-0.020426482
211.0595,0.067141,-0.2394,-0.225036,-9.822582,-9.828076,0.003195,-0.005325,0.00213,97583.1,31.37,-0.003454482
211.126888,0.067388,-0.2394,-0.2394,-9.86328,-9.869089,0.00213,-0.005325,0.003195,97574.83,31.36,-0.044467482
211.193981,0.067093,-0.22743,-0.21546,-9.817794,-9.822791,-0.00213,-0.00639,0.00426,97570.7,31.36,0.001830518
211.26082,0.066839,-0.193914,-0.265734,-9.832158,-9.83766,0.00213,-0.005325,0.001065,97570.7,31.37,-0.013038482
211.328434,0.067614,-0.2394,-0.25137,-9.83934,-9.845461,0.003195,-0.00639,0.001065,97578.97,31.38,-0.020839482
211.395554,0.067119,-0.189126,-0.220248,-9.817794,-9.822085,-0.001065,-0.00639,0.00213,97574.83,31.36,0.002536518
211.462258,0.066704,-0.210672,-0.246582,-9.822582,-9.827935,0.001065,-0.00639,0,97566.57,31.36,-0.003313482
211.529176,0.066918,-0.256158,-0.234612,-9.810612,-9.81676,0.00426,-0.00426,0.003195,97578.97,31.36,0.007861518
211.596438,0.067262,-0.213066,-0.260946,-9.813006,-9.818787,-0.001065,-0.007455,0.001065,97570.7,31.37,0.005834518
211.662976,0.066538,-0.201096,-0.244188,-9.801036,-9.80614,0.00213,-0.007455,0.001065,97570.7,31.36,0.018481518
211.730416,0.067439,-0.237006,-0.258552,-9.808218,-9.814487,0.003195,-0.00426,0.003195,97574.83,31.36,0.010134518
211.798357,0.067941,-0.217854,-0.258552,-9.798642,-9.804473,-0.001065,-0.005325,0.003195,97574.83,31.36,0.020148518
211.868962,0.070606,-0.17955,-0.234612,-9.810612,-9.815059,0,-0.00426,0.005325,97570.7,31.36,0.009562518
211.938569,0.069607,-0.193914,-0.237006,-9.820188,-9.824961,0.001065,-0.00426,0.00426,97574.83,31.37,-0.000339482
212.009588,0.071019,-0.225036,-0.205884,-9.844128,-9.848852,0,-0.005325,0.00213,97570.7,31.37,-0.024230482
212.076938,0.06735,-0.237006,-0.237006,-9.817794,-9.823514,0.00426,-0.00639,0.001065,97574.83,31.36,0.001107518
212.144773,0.067836,-0.196308,-0.253764,-9.848916,-9.85414,0.001065,-0.00639,0.00426,97570.7,31.37,-0.029518482
212.212325,0.067552,-0.217854,-0.25137,-9.844128,-9.849746,0,-0.007455,0.003195,97574.83,31.36,-0.025124482
212.279011,0.066686,-0.220248,-0.198702,-9.798642,-9.803131,0.00213,-0.00852,0.003195,97570.7,31.36,0.021490518
212.345145,0.066134,-0.225036,-0.248976,-9.82737,-9.833099,0.00213,-0.003195,0.00426,97570.7,31.37,-0.008477482
212.41274,0.067595,-0.265734,-0.316008,-9.784278,-9.792986,0.00426,-0.00639,0.003195,97578.97,31.36,0.031635518
212.480001,0.067262,-0.246582,-0.232218,-9.8154,-9.821243,0.001065,-0.005325,0.00213,97566.57,31.37,0.003378518
212.547036,0.067034,-0.20349,-0.1197,-9.856098,-9.858925,0.00213,-0.00639,0.00213,97566.57,31.37,-0.034303482
212.614202,0.067166,-0.220248,-0.272916,-9.834552,-9.840803,0.00213,-0.00639,0.00213,97574.83,31.36,-0.016181482
212.680959,0.066756,-0.241794,-0.308826,-9.813006,-9.820841,0.001065,-0.00426,0.00213,97566.57,31.37,0.003780518
212.748314,0.067356,-0.256158,-0.196308,-9.853704,-9.858988,0.001065,-0.00426,0.003195,97583.1,31.36,-0.034366482
212.814943,0.066629,-0.21546,-0.205884,-9.8154,-9.819923,0.003195,-0.007455,0.003195,97574.83,31.37,0.004698518
212.882471,0.067528,-0.256158,-0.294462,-9.829764,-9.837509,0.00213,-0.005325,0.00213,97574.83,31.37,-0.012887482
212.950137,0.067666,-0.186732,-0.277704,-9.798642,-9.804355,0.00213,-0.005325,0.003195,97583.1,31.37,0.020266518
213.016899,0.066762,-0.205884,-0.222642,-9.817794,-9.822476,0.00213,-0.00639,0.00426,97578.97,31.36,0.002145518
213.084135,0.067236,-0.246582,-0.246582,-9.817794,-9.823985,0.003195,-0.00639,0.00213,97574.83,31.36,0.000636518
213.152492,0.068357,-0.21546,-0.244188,-9.834552,-9.839942,0.001065,-0.005325,0.001065,97566.57,31.36,-0.015320482
213.222464,0.069972,-0.172368,-0.205884,-9.822582,-9.826251,0.001065,-0.00639,0.00426,97578.97,31.37,-0.001629482
213.29276,0.070297,-0.213066,-0.253764,-9.846522,-9.852096,0.00426,-0.00852,0.00213,97578.97,31.36,-0.027474482
213.363484,0.070724,-0.248976,-0.234612,-9.836946,-9.842893,0.00213,-0.00426,0.00213,97574.83,31.36,-0.018271482
213.435113,0.071629,-0.253764,-0.21546,-9.834552,-9.840185,-0.001065,-0.007455,0.00426,97578.97,31.36,-0.015563482
213.513235,0.078123,-0.229824,-0.270522,-9.829764,-9.836171,0.001065,-0.007455,0.003195,97578.97,31.36,-0.011549482
213.583806,0.070571,-0.210672,-0.225036,-9.86328,-9.868096,0.001065,-0.00213,0.00639,97570.7,31.35,-0.043474482
213.654185,0.070378,-0.237006,-0.21546,-9.832158,-9.837374,0,-0.005325,0.00213,97570.7,31.36,-0.012752482
213.721721,0.067537,-0.241794,-0.2394,-9.801036,-9.806941,0.001065,-0.003195,0.00426,97574.83,31.36,0.017680518
213.788931,0.067209,-0.19152,-0.237006,-9.789066,-9.793807,0.00213,-0.007455,0.003195,97578.97,31.36,0.030814518
213.856393,0.067462,-0.21546,-0.26334,-9.76752,-9.773445,0.00213,-0.00426,0.00213,97578.97,31.36,0.051176518
213.92339,0.066997,-0.210672,-0.2394,-9.710064,-9.715299,0.001065,-0.007455,0.003195,97570.7,31.36,0.109322518
213.990295,0.066905,-0.222642,-0.234612,-9.67176,-9.677167,0.001065,-0.00852,0.005325,97574.83,31.36,0.147454518
214.057728,0.067433,-0.205884,-0.248976,-9.607122,-9.612553,0.003195,-0.007455,0.00639,97578.97,31.36,0.212068518
214.124986,0.067258,-0.201096,-0.232218,-9.592758,-9.597675,0,-0.003195,0.001065,97578.97,31.35,0.226946518
214.192288,0.067301,-0.186732,-0.22743,-9.55206,-9.556592,0.001065,-0.005325,0.00213,97570.7,31.35,0.268029518
214.259275,0.066987,-0.234612,-0.22743,-9.52812,-9.533721,0.00426,-0.005325,0.003195,97578.97,31.36,0.290900518
214.326394,0.067119,-0.20349,-0.248976,-9.511362,-9.516796,0.001065,-0.007455,0.00426,97574.83,31.36,0.307825518
214.392799,0.066405,-0.193914,-0.246582,-9.429966,-9.435182,0,-0.00639,0.003195,97578.97,31.36,0.389439518
214.460522,0.067724,-0.217854,-0.244188,-9.437148,-9.44282,0.00426,-0.00426,0.00213,97566.57,31.36,0.381801518
214.528466,0.067943,-0.217854,-0.237006,-9.403632,-9.409141,0.00426,-0.00852,0.003195,97574.83,31.36,0.415480518
214.597548,0.069083,-0.193914,-0.210672,-9.389268,-9.393633,0.00213,-0.003195,0.001065,97570.7,31.36,0.430988518
214.666998,0.06945,-0.172368,-0.196308,-9.315054,-9.318717,0.00213,-0.003195,0.003195,97570.7,31.35,0.505904518
214.738844,0.071846,-0.196308,-0.241794,-9.319842,-9.325045,-0.001065,-0.00426,0.003195,97570.7,31.36,0.499576518
214.806305,0.067461,-0.184338,-0.198702,-9.34857,-9.352498,0.001065,-0.003195,0.00426,97570.7,31.36,0.472123518
214.873593,0.067288,-0.21546,-0.277704,-9.346176,-9.352783,0.003195,-0.00639,0.00426,97578.97,31.35,0.471838518
214.940649,0.067055,-0.246582,-0.256158,-9.322236,-9.329014,0,-0.00426,0.003195,97583.1,31.36,0.495607518
215.007793,0.067144,-0.210672,-0.208278,-9.350964,-9.355656,-0.001065,-0.005325,0.005325,97570.7,31.35,0.468965518
215.075664,0.067871,-0.198702,-0.237006,-9.334206,-9.339328,0.00426,-0.00639,0.00213,97583.1,31.36,0.485293518
215.142299,0.066634,-0.21546,-0.244188,-9.329418,-9.3351,0.001065,-0.00426,0.003195,97574.83,31.35,0.489521518
215.209503,0.067204,-0.237006,-0.205884,-9.331812,-9.337091,0.00213,-0.005325,0.00213,97578.97,31.36,0.487530518
215.276974,0.067471,-0.196308,-0.205884,-9.310266,-9.314611,0.00213,-0.003195,0.003195,97578.97,31.35,0.510010518
215.343712,0.066738,-0.22743,-0.246582,-9.32463,-9.330662,0.00213,-0.005325,0.00213,97578.97,31.35,0.493959518
215.410797,0.067085,-0.225036,-0.244188,-9.331812,-9.337718,-0.001065,-0.00213,0.001065,97578.97,31.35,0.486903518
215.477521,0.066724,-0.222642,-0.217854,-9.338994,-9.344187,0,-0.00639,0.001065,97578.97,31.36,0.480434518
215.54454,0.067018,-0.201096,-0.244188,-9.36054,-9.365884,0.00213,-0.00426,0.00213,97587.23,31.36,0.458737518
215.611823,0.067284,-0.186732,-0.201096,-9.315054,-9.319095,0,-0.003195,0.005325,97578.97,31.36,0.505526518
215.678898,0.067075,-0.20349,-0.21546,-9.327024,-9.331731,0.00213,-0.00426,0.00213,97574.83,31.35,0.492890518
215.745509,0.066611,-0.184338,-0.241794,-9.327024,-9.331978,0.00213,-0.005325,0.00426,97574.83,31.35,0.492643518
215.813693,0.068184,-0.220248,-0.272916,-9.303084,-9.309692,0.00213,-0.00639,0.001065,97578.97,31.36,0.514929518
215.880787,0.067093,-0.198702,-0.19152,-9.329418,-9.333499,-0.001065,-0.00426,0.001065,97574.83,31.36,0.491122518
215.948249,0.067462,-0.234612,-0.234612,-9.343782,-9.349671,0.003195,-0.00639,0.001065,97587.23,31.36,0.474950518
216.015576,0.067327,-0.186732,-0.241794,-9.319842,-9.324848,0.00213,-0.00426,0.001065,97578.97,31.35,0.499773518
216.082728,0.067152,-0.205884,-0.229824,-9.327024,-9.332126,0.001065,-0.005325,0.003195,97578.97,31.35,0.492495518
216.149248,0.066521,-0.15561,-0.184338,-9.279144,-9.282279,0,-0.003195,0.001065,97578.97,31.35,0.542342518
216.216107,0.066859,-0.222642,-0.232218,-9.319842,-9.325393,0.00213,-0.00426,0.00426,97578.97,31.35,0.499228518
216.282476,0.066369,-0.2394,-0.253764,-9.310266,-9.3168,0.00213,-0.003195,0.00426,97587.23,31.35,0.507821518
216.349828,0.067351,-0.19152,-0.162792,-9.338994,-9.342376,0,-0.00426,0.00426,97583.1,31.35,0.482245518
216.417134,0.067307,-0.282492,-0.241794,-9.367722,-9.375099,0.003195,-0.00639,0,97583.1,31.35,0.449522518
216.483971,0.066837,-0.234612,-0.246582,-9.319842,-9.326055,0.003195,-0.007455,0.003195,97578.97,31.35,0.498566518
216.552141,0.06817,-0.169974,-0.16758,-9.28872,-9.291786,-0.001065,-0.00213,0.00213,97583.1,31.35,0.532835518
216.619384,0.067244,-0.25137,-0.294462,-9.327024,-9.335056,0.00426,-0.007455,0.005325,97583.1,31.35,0.489565518
216.686467,0.067082,-0.21546,-0.246582,-9.31266,-9.318415,0.00213,-0.005325,0.003195,97587.23,31.36,0.506206518
216.753007,0.06654,-0.208278,-0.189126,-9.327024,-9.331266,0.001065,-0.00639,0.00213,97595.5,31.36,0.493355518
216.820759,0.067751,-0.217854,-0.296856,-9.310266,-9.317545,-0.001065,-0.003195,0.005325,97599.63,31.35,0.507076518
216.887068,0.06631,-0.162792,-0.205884,-9.307872,-9.311572,0.003195,-0.00639,0.00639,97587.23,31.35,0.513049518
216.954105,0.067037,-0.213066,-0.189126,-9.358146,-9.362482,0,-0.003195,0.005325,97599.63,31.36,0.462139518
217.022282,0.068177,-0.210672,-0.162792,-9.322236,-9.326037,0.003195,-0.00639,0.001065,97595.5,31.36,0.498584518
217.088744,0.066462,-0.196308,-0.292068,-9.305478,-9.31213,0.00213,-0.00426,0.00213,97587.23,31.35,0.512491518
217.156329,0.067584,-0.210672,-0.248976,-9.305478,-9.311192,0.003195,-0.007455,0.003195,97595.5,31.35,0.513429518
217.222303,0.065975,-0.189126,-0.165186,-9.303084,-9.306472,-0.001065,-0.003195,0.001065,97595.5,31.35,0.518149518
217.289304,0.067001,-0.189126,-0.244188,-9.303084,-9.30821,0,-0.00426,0.00213,97595.5,31.35,0.516411518
217.357782,0.068478,-0.196308,-0.280098,-9.322236,-9.328509,-0.001065,-0.001065,0.00426,97603.77,31.35,0.496112518
217.42815,0.070367,-0.193914,-0.160398,-9.291114,-9.294521,-0.001065,-0.003195,0.00213,97603.77,31.36,0.530100518
217.502144,0.073994,-0.248976,-0.196308,-9.303084,-9.308485,0.001065,-0.005325,-0.001065,97603.77,31.35,0.516136518
217.570064,0.067921,-0.210672,-0.318402,-9.310266,-9.318091,0,-0.005325,0.001065,97612.03,31.35,0.506530518
217.638395,0.06833,-0.217854,-0.184338,-9.283932,-9.288317,-0.003195,-0.00213,0.00426,97603.77,31.35,0.536304518
217.704909,0.066514,-0.177156,-0.148428,-9.295902,-9.298775,-0.00213,-0.003195,0.00426,97607.9,31.35,0.525846518
217.771622,0.066713,-0.232218,-0.316008,-9.30069,-9.308954,0.00213,-0.00426,0.003195,97612.03,31.35,0.515667518
217.839019,0.067397,-0.232218,-0.244188,-9.331812,-9.337894,0,-0.005325,0.005325,97607.9,31.35,0.486727518
217.905812,0.066792,-0.146034,-0.172368,-9.305478,-9.30822,0.00426,-0.00639,0.00426,97607.9,31.35,0.516401518
217.972729,0.066917,-0.213066,-0.27531,-9.331812,-9.338303,0.005325,-0.01065,0.001065,97612.03,31.35,0.486318518
218.039372,0.066643,-0.193914,-0.282492,-9.377298,-9.383556,0,-0.00639,0.005325,97620.3,31.35,0.441065518
218.106026,0.066654,-0.210672,-0.198702,-9.374904,-9.379376,0.00213,-0.00426,0.00426,97612.03,31.36,0.445245518
218.172575,0.066549,-0.237006,-0.229824,-9.274356,-9.28023,0.00426,-0.00426,0.005325,97620.3,31.35,0.544391518
218.239675,0.0671,-0.186732,-0.234612,-9.3366,-9.341414,-0.001065,-0.003195,0.00426,97612.03,31.35,0.483207518
218.306463,0.066788,-0.210672,-0.272916,-9.32463,-9.331002,0.00426,-0.007455,0.003195,97616.17,31.35,0.493619518
218.373492,0.067029,-0.201096,-0.246582,-9.327024,-9.33245,0.001065,-0.007455,0.003195,97616.17,31.35,0.492171518
218.442155,0.068663,-0.222642,-0.174762,-9.346176,-9.350461,0,-0.003195,0.00426,97624.44,31.36,0.474160518
218.509626,0.067471,-0.184338,-0.21546,-9.319842,-9.324155,0.001065,-0.005325,0.00213,97616.17,31.35,0.500466518
218.580144,0.070518,-0.196308,-0.20349,-9.295902,-9.300201,0.00213,-0.005325,0.00426,97628.57,31.36,0.524420518
218.654246,0.074102,-0.205884,-0.246582,-9.32463,-9.330162,0.00426,-0.007455,0.00213,97616.17,31.35,0.494459518
218.72234,0.068094,-0.141246,-0.196308,-9.307872,-9.311013,0,0,0.00213,97632.7,31.36,0.513608518
218.792882,0.070543,-0.19152,-0.222642,-9.362934,-9.367539,0.00213,-0.00426,0.001065,97628.57,31.34,0.457082518
218.867558,0.074676,-0.174762,-0.21546,-9.293508,-9.297648,0.00639,-0.007455,0.00213,97620.3,31.34,0.526973518
218.938152,0.070594,-0.16758,-0.258552,-9.27675,-9.281865,-0.001065,-0.00639,0.00426,97636.84,31.35,0.542756518
219.011354,0.073202,-0.222642,-0.186732,-9.317448,-9.321978,0.00426,-0.00852,0.001065,97628.57,31.34,0.502643518
219.079573,0.068219,-0.232218,-0.237006,-9.32463,-9.330532,0.001065,-0.00639,-0.001065,97636.84,31.34,0.494089518
219.146878,0.067305,-0.198702,-0.2394,-9.334206,-9.33939,0,-0.005325,0.00426,97645.1,31.35,0.485231518
219.213985,0.067107,-0.20349,-0.246582,-9.298296,-9.303791,0.00213,-0.005325,0.003195,97636.84,31.35,0.520830518
219.280759,0.066774,-0.196308,-0.22743,-9.338994,-9.343825,0,-0.005325,0.005325,97636.84,31.35,0.480796518
219.347388,0.066629,-0.196308,-0.201096,-9.346176,-9.3504,0.001065,-0.00639,0.00426,97653.37,31.35,0.474221518
219.414354,0.066966,-0.225036,-0.222642,-9.315054,-9.320431,-0.001065,-0.00213,0.003195,97653.37,31.35,0.504190518
219.481783,0.067429,-0.196308,-0.198702,-9.367722,-9.371885,0.001065,-0.00639,0.00213,97653.37,31.35,0.452736518
219.548991,0.067208,-0.17955,-0.205884,-9.327024,-9.331024,0.00213,-0.00639,0.001065,97653.37,31.35,0.493597518
219.616681,0.06769,-0.162792,-0.29925,-9.305478,-9.311712,0.001065,-0.005325,0.00213,97657.5,31.35,0.512909518
219.683694,0.067013,-0.148428,-0.205884,-9.31266,-9.316118,0.00213,-0.005325,0.005325,97653.37,31.35,0.508503518
219.750125,0.06643,-0.225036,-0.22743,-9.31266,-9.318154,0.005325,-0.00426,-0.00213,97661.64,31.35,0.506467518
219.817357,0.067233,-0.189126,-0.196308,-9.379692,-9.383652,0.003195,-0.005325,0.00213,97661.64,31.35,0.440969518
219.88514,0.067783,-0.232218,-0.246582,-9.403632,-9.40973,-0.001065,-0.005325,0.00426,97669.9,31.35,0.414891518
219.951629,0.066489,-0.165186,-0.146034,-9.422784,-9.425363,0.00213,-0.005325,0.005325,97669.9,31.34,0.399258518
220.019109,0.06748,-0.193914,-0.3591,-9.530514,-9.539248,0.001065,-0.00426,0.00213,97665.77,31.34,0.285373518
220.086304,0.067195,-0.256158,-0.241794,-9.525726,-9.532237,0,-0.005325,0.00639,97674.04,31.35,0.292384518
220.157396,0.071093,-0.248976,-0.177156,-9.54009,-9.544982,-0.00213,-0.003195,0.001065,97674.04,31.35,0.279639518
220.231233,0.073837,-0.232218,-0.165186,-9.602334,-9.606562,-0.001065,-0.003195,-0.001065,97678.17,31.35,0.218059518
220.298446,0.067213,-0.208278,-0.26334,-9.626274,-9.632127,0.001065,-0.005325,0.001065,97674.04,31.35,0.192494518
220.365902,0.067456,-0.15561,-0.258552,-9.666972,-9.671681,0.003195,-0.011715,0.005325,97669.9,31.35,0.152940518
220.433593,0.067691,-0.162792,-0.1197,-9.712458,-9.71456,0.003195,-0.009585,0.003195,97674.04,31.35,0.110061518
220.504425,0.070832,-0.318402,-0.265734,-9.705276,-9.714133,0.001065,-0.005325,-0.001065,97674.04,31.34,0.110488518
220.577302,0.072876,-0.174762,-0.31122,-9.738792,-9.745331,0.003195,-0.00639,0.007455,97686.44,31.35,0.079290518
220.645046,0.067744,-0.050274,-0.169974,-9.784278,-9.785883,0.001065,-0.00426,0.00639,97686.44,31.35,0.038738518
220.712254,0.067209,-0.158004,-0.241794,-9.829764,-9.834007,0.003195,-0.007455,0.00213,97686.44,31.34,-0.009385482
220.779786,0.067531,-0.318402,-0.29925,-9.836946,-9.846646,0.00426,-0.00639,0.003195,97694.71,31.35,-0.022024482
220.846268,0.066482,-0.33516,-0.220248,-9.822582,-9.830766,-0.00213,-0.005325,0.00639,97698.84,31.35,-0.006144482
220.913176,0.066907,-0.136458,-0.172368,-9.784278,-9.786748,0.00213,-0.00213,0.00213,97711.24,31.34,0.037873518
220.980482,0.067306,-0.177156,-0.258552,-9.793854,-9.798868,0.00213,-0.00213,0.00213,97711.24,31.35,0.025753518
221.047956,0.067474,-0.270522,-0.292068,-9.858492,-9.866527,0.005325,-0.00852,0.00426,97715.37,31.35,-0.041905482
221.114301,0.066346,-0.169974,-0.067032,-9.789066,-9.790771,0.00426,-0.005325,0.00213,97698.84,31.34,0.033850518
221.181401,0.0671,-0.174762,-0.316008,-9.789066,-9.795724,0.00426,-0.00639,0.001065,97711.24,31.35,0.028897518
221.248708,0.067307,-0.28728,-0.325584,-9.822582,-9.832174,0.005325,-0.00426,0.00639,97711.24,31.35,-0.007552482
221.316777,0.068069,-0.244188,-0.184338,-9.801036,-9.80581,-0.001065,-0.003195,0.005325,97715.37,31.35,0.018811518
221.384196,0.06742,-0.222642,-0.160398,-9.784278,-9.788125,0.005325,-0.00852,0.00213,97715.37,31.35,0.036496518
221.45432,0.070123,-0.225036,-0.337554,-9.820188,-9.828564,0.001065,-0.007455,0.001065,97715.37,31.35,-0.003942482
221.52903,0.07471,-0.201096,-0.296856,-9.817794,-9.824339,0.001065,-0.00639,0.00639,97727.78,31.35,0.000282518
221.600606,0.071576,-0.150822,-0.138852,-9.805824,-9.807967,0.003195,-0.005325,0.003195,97715.37,31.35,0.016654518
221.673088,0.072482,-0.292068,-0.270522,-9.865674,-9.873703,0.001065,-0.005325,0.003195,97736.04,31.34,-0.049081482
221.739945,0.066857,-0.272916,-0.260946,-9.884826,-9.892035,0.00213,-0.01065,0.009585,97744.31,31.35,-0.067413482
221.807236,0.06729,-0.150822,-0.10773,-9.80343,-9.805182,0.001065,-0.005325,0.00213,97744.31,31.34,0.019439518
221.874299,0.067063,-0.169974,-0.294462,-9.829764,-9.835642,0.00213,-0.00639,-0.001065,97736.04,31.34,-0.011020482
221.941411,0.067112,-0.20349,-0.320796,-9.765126,-9.772513,0.00213,-0.005325,0.005325,97744.31,31.35,0.052108518
222.008645,0.067234,-0.225036,-0.232218,-9.784278,-9.78962,-0.00213,-0.001065,0.005325,97740.18,31.35,0.035001518
222.076379,0.067734,-0.260946,-0.098154,-9.858492,-9.862433,0.005325,-0.001065,0.005325,97744.31,31.34,-0.037811482
222.143528,0.067149,-0.181944,-0.284886,-9.846522,-9.852323,0.003195,-0.00639,0.00213,97748.44,31.35,-0.027701482
222.210366,0.066838,-0.241794,-0.349524,-9.813006,-9.822205,0.00426,-0.005325,0.003195,97748.44,31.34,0.002416518
222.277244,0.066878,-0.16758,-0.225036,-9.884826,-9.888807,-0.001065,-0.005325,0.00639,97752.58,31.34,-0.064185482
222.344157,0.066914,-0.272916,-0.141246,-9.846522,-9.851316,0.003195,-0.005325,0.005325,97752.58,31.35,-0.026694482
222.411243,0.067086,-0.2394,-0.25137,-9.786672,-9.792826,0.00213,-0.003195,0.003195,97740.18,31.34,0.031795518
222.478432,0.067189,-0.229824,-0.316008,-9.822582,-9.830351,-0.001065,-0.003195,0.003195,97756.71,31.34,-0.005729482
222.54549,0.067058,-0.098154,-0.189126,-9.846522,-9.848827,0,-0.005325,0,97760.85,31.34,-0.024205482
222.61277,0.06728,-0.318402,-0.296856,-9.8154,-9.825049,0.001065,-0.00426,0,97764.98,31.35,-0.000427482
222.679556,0.066786,-0.294462,-0.361494,-9.820188,-9.83125,0.001065,-0.00852,0.003195,97760.85,31.34,-0.006628482
222.74772,0.068165,-0.210672,-0.122094,-9.805824,-9.808847,0.003195,-0.00639,0.003195,97752.58,31.35,0.015774518
222.81539,0.067669,-0.184338,-0.268128,-9.824976,-9.830362,0.003195,-0.00639,-0.001065,97764.98,31.35,-0.005740482
222.882392,0.067002,-0.301644,-0.32319,-9.865674,-9.875574,0,-0.005325,0.003195,97773.25,31.34,-0.050952482
222.94979,0.067398,-0.196308,-0.141246,-9.798642,-9.801626,0.00213,-0.00426,0.00639,97769.11,31.34,0.022995518
223.01672,0.06693,-0.225036,-0.074214,-9.829764,-9.83262,0.00213,-0.003195,0.00213,97773.25,31.34,-0.007998482
223.083701,0.066981,-0.28728,-0.402192,-9.901584,-9.913912,0.001065,-0.00852,-0.001065,97777.38,31.34,-0.089290482
223.150299,0.066598,-0.198702,-0.32319,-9.805824,-9.81316,0.007455,-0.003195,0.003195,97777.38,31.34,0.011461518
223.217463,0.067164,-0.15561,-0.397404,-9.841734,-9.850983,0.00639,-0.009585,0.00426,97773.25,31.35,-0.026361482
223.28469,0.067227,-0.232218,-0.20349,-9.920736,-9.92554,-0.00213,-0.00213,0.001065,97785.65,31.34,-0.100918482
223.351973,0.067282,-0.201096,-0.25137,-9.836946,-9.842212,0.00213,-0.005325,0.00213,97785.65,31.35,-0.017590482
223.422153,0.070181,-0.141246,-0.327978,-9.79146,-9.79797,0.00426,-0.00852,0.003195,97785.65,31.35,0.026651518
223.492086,0.069933,-0.208278,-0.378252,-9.808218,-9.817718,0.005325,-0.00426,0.005325,97789.78,31.35,0.006903518
223.564018,0.071932,-0.14364,-0.158004,-9.813006,-9.815329,0.001065,-0.00852,0.00426,97789.78,31.33,0.009292518
223.631126,0.067108,-0.22743,-0.210672,-9.798642,-9.803545,0,-0.00639,0.001065,97802.18,31.34,0.021076518
223.698962,0.067836,-0.16758,-0.241794,-9.856098,-9.860488,-0.00213,-0.003195,0.005325,97793.91,31.34,-0.035866482
223.765576,0.066614,-0.181944,-0.246582,-9.853704,-9.858468,0.005325,-0.009585,0.00639,97806.32,31.33,-0.033846482
223.83296,0.067384,-0.241794,-0.292068,-9.832158,-9.839466,0.00639,-0.00639,0.00426,97802.18,31.34,-0.014844482
223.90022,0.06726,-0.284886,-0.246582,-9.83934,-9.846551,0,-0.00426,0.00426,97810.45,31.34,-0.021929482
223.966313,0.066093,-0.217854,-0.184338,-9.810612,-9.814762,0.003195,-0.009585,0.00426,97806.32,31.35,0.009859518
224.034311,0.067998,-0.225036,-0.217854,-9.858492,-9.863466,0.00213,-0.00639,0.00213,97814.58,31.33,-0.038844482
224.101295,0.066984,-0.22743,-0.272916,-9.8154,-9.821827,0.001065,-0.005325,0.005325,97810.45,31.34,0.002794518
224.168313,0.067018,-0.177156,-0.258552,-9.793854,-9.798868,0.00426,-0.00852,0.005325,97810.45,31.33,0.025753518
224.23569,0.067377,-0.160398,-0.184338,-9.844128,-9.84716,0.00213,-0.00639,0,97810.45,31.34,-0.022538482
224.303008,0.067318,-0.289674,-0.342342,-9.846522,-9.856729,-0.001065,-0.00426,0.003195,97818.72,31.33,-0.032107482
224.373759,0.070752,-0.189126,-0.354312,-9.76752,-9.775774,0,-0.00213,0.00639,97818.72,31.33,0.048847518
224.44822,0.074461,-0.160398,-0.10773,-9.805824,-9.807727,-0.00213,-0.001065,0.003195,97835.25,31.34,0.016894518
224.515125,0.066905,-0.268128,-0.229824,-9.832158,-9.838498,0.00426,-0.009585,0.001065,97835.25,31.33,-0.013876482
224.582413,0.067287,-0.217854,-0.282492,-9.798642,-9.805134,0.003195,-0.007455,0.00426,97826.98,31.34,0.019487518
224.649515,0.067103,-0.220248,-0.205884,-9.817794,-9.822422,0,-0.00213,0,97831.12,31.34,0.002199518
224.716687,0.067172,-0.165186,-0.25137,-9.83934,-9.843936,0.003195,-0.001065,0,97835.25,31.34,-0.019314482
224.786686,0.069999,-0.196308,-0.330372,-9.858492,-9.865979,0.00213,-0.005325,0.001065,97843.52,31.34,-0.041357482
224.856871,0.070185,-0.229824,-0.31122,-9.86328,-9.870865,0,-0.005325,0.005325,97835.25,31.33,-0.046243482
224.928146,0.071275,-0.181944,-0.069426,-9.903978,-9.905892,0.005325,-0.01065,0.007455,97835.25,31.34,-0.081270482
224.995438,0.067292,-0.320796,-0.208278,-9.772308,-9.77979,-0.001065,-0.001065,0.00426,97847.65,31.34,0.044831518
225.062401,0.066963,-0.189126,-0.327978,-9.805824,-9.81313,-0.001065,-0.007455,0.00426,97839.39,31.33,0.011491518
225.129748,0.067347,-0.234612,-0.265734,-9.824976,-9.831369,0.00213,-0.003195,0.00639,97847.65,31.35,-0.006747482
225.197846,0.068097,-0.241794,-0.117306,-9.8154,-9.819078,0.005325,-0.007455,0.001065,97851.79,31.35,0.005543518
225.264974,0.067129,-0.186732,-0.217854,-9.83934,-9.843523,0,-0.00639,0,97851.79,31.33,-0.018901482
225.332229,0.067254,-0.201096,-0.304038,-9.844128,-9.850875,0.00213,-0.007455,0,97860.05,31.34,-0.026253482
225.399102,0.066873,-0.20349,-0.268128,-9.777096,-9.782888,0.003195,-0.00639,0.003195,97868.32,31.33,0.041733518
225.466134,0.067033,-0.229824,-0.21546,-9.844128,-9.849167,-0.00213,-0.003195,0.00426,97855.92,31.33,-0.024545482
225.533617,0.067482,-0.244188,-0.2394,-9.889614,-9.895525,0.001065,-0.009585,0.005325,97864.19,31.34,-0.070903482
225.60068,0.067064,-0.184338,-0.31122,-9.801036,-9.807708,0,-0.005325,0.003195,97860.05,31.34,0.016913518
225.671679,0.070999,-0.193914,-0.232218,-9.784278,-9.788954,0.003195,-0.00426,0.001065,97868.32,31.34,0.035667518
225.74087,0.069191,-0.162792,-0.241794,-9.880038,-9.884337,0.00426,-0.005325,0,97872.46,31.34,-0.059715482
225.811738,0.070868,-0.327978,-0.17955,-9.846522,-9.853619,0,-0.005325,0.00426,97872.46,31.33,-0.028997482
225.883951,0.072212,-0.20349,-0.225036,-9.880038,-9.884695,0.001065,-0.00426,0.007455,97872.46,31.33,-0.060073482
225.952917,0.068967,-0.112518,-0.193914,-9.789066,-9.791633,0,-0.00426,0.003195,97876.59,31.33,0.032988518
226.025326,0.072409,-0.22743,-0.313614,-9.872856,-9.880454,0.003195,-0.005325,0.003195,97868.32,31.33,-0.055832482
226.092833,0.067507,-0.222642,-0.21546,-9.83934,-9.844217,0.001065,-0.007455,0.003195,97872.46,31.34,-0.019595482
226.159771,0.066938,-0.29925,-0.229824,-9.798642,-9.805904,-0.00213,-0.00213,0.001065,97876.59,31.34,0.018717518
226.22685,0.067079,-0.258552,-0.237006,-9.841734,-9.847982,0.00213,-0.007455,0.00213,97884.86,31.34,-0.023360482
226.294283,0.067433,-0.184338,-0.268128,-9.832158,-9.837541,-0.001065,-0.00426,0.00426,97884.86,31.34,-0.012919482
226.364728,0.070445,-0.165186,-0.2394,-9.829764,-9.834066,0.00213,-0.007455,0.00213,97888.99,31.33,-0.009444482
226.437194,0.072466,-0.244188,-0.258552,-9.83934,-9.845765,0.005325,-0.007455,0.003195,97884.86,31.33,-0.021143482
226.504191,0.066998,-0.349524,-0.27531,-9.805824,-9.815913,-0.001065,-0.005325,0.00213,97884.86,31.34,0.008708518
226.571432,0.067241,-0.253764,-0.225036,-9.76752,-9.773407,-0.007455,0.00639,0.00639,97888.99,31.33,0.051214518
226.639272,0.06784,-0.220248,-0.134064,-9.805824,-9.809213,0.009585,-0.00639,0.003195,97897.26,31.34,0.015408518
226.70644,0.067168,-0.2394,-0.222642,-9.822582,-9.828021,0.003195,-0.00426,0,97897.26,31.34,-0.003399482
226.773289,0.066849,-0.205884,-0.184338,-9.798642,-9.802538,0,-0.003195,0,97909.66,31.33,0.022083518
226.840451,0.067162,-0.260946,-0.25137,-9.88722,-9.893857,0.003195,-0.00639,0.003195,97901.39,31.33,-0.069235482
226.907551,0.0671,-0.198702,-0.265734,-9.846522,-9.852111,0.00426,-0.00639,0,97901.39,31.34,-0.027489482
226.974292,0.066741,-0.184338,-0.29925,-9.82737,-9.833653,0.003195,-0.00639,0.00426,97901.39,31.34,-0.009031482
227.041892,0.067601,-0.248976,-0.217854,-9.896796,-9.902324,0.00213,-0.00639,0.00426,97909.66,31.34,-0.077702482
227.109632,0.06774,-0.284886,-0.246582,-9.848916,-9.85612,0,-0.007455,0.00213,97909.66,31.34,-0.031498482
227.180183,0.070551,-0.172368,-0.234612,-9.784278,-9.788608,-0.003195,-0.003195,0.00639,97913.79,31.34,0.036013518
227.249647,0.069464,-0.237006,-0.316008,-9.789066,-9.797033,0.005325,-0.00426,0.003195,97917.93,31.33,0.027588518
227.32227,0.072623,-0.193914,-0.17955,-9.88722,-9.890751,-0.00213,-0.003195,0.003195,97913.79,31.33,-0.066129482
227.390349,0.068079,-0.20349,-0.13167,-9.834552,-9.837538,0.00213,-0.00852,0.00426,97922.06,31.33,-0.012916482
227.457305,0.066956,-0.169974,-0.265734,-9.813006,-9.818075,0.003195,-0.00852,0.001065,97926.2,31.33,0.006546518
227.523991,0.066685,-0.22743,-0.344736,-9.750762,-9.759504,-0.001065,-0.003195,0.00426,97913.79,31.33,0.065117518
227.59036,0.066369,-0.205884,-0.210672,-9.853704,-9.858106,0,-0.005325,0.001065,97922.06,31.33,-0.033484482
227.657821,0.067461,-0.222642,-0.282492,-9.834552,-9.841127,0,-0.005325,0.003195,97934.46,31.34,-0.016505482
227.725458,0.067637,-0.196308,-0.21546,-9.748368,-9.752725,0.003195,-0.005325,0.00426,97934.46,31.33,0.071896518
227.792595,0.067137,-0.174762,-0.15561,-9.796248,-9.799042,0,-0.00426,0.00426,97934.46,31.33,0.025579518
227.860146,0.067551,-0.260946,-0.26334,-9.829764,-9.836753,0.00639,-0.007455,0.00213,97946.86,31.34,-0.012131482
227.926272,0.066126,-0.136458,-0.337554,-9.796248,-9.803012,-0.001065,-0.00213,0.00639,97934.46,31.33,0.021609518
227.993536,0.067264,-0.304038,-0.201096,-9.868068,-9.874798,0.00426,-0.00639,0.003195,97951,31.33,-0.050176482
228.060953,0.067417,-0.232218,-0.234612,-9.86328,-9.868802,0.001065,-0.00426,0,97938.6,31.33,-0.044180482
228.127544,0.066591,-0.17955,-0.253764,-9.805824,-9.81075,-0.003195,-0.00213,0.00213,97934.46,31.34,0.013871518
228.194382,0.066838,-0.08379,-0.308826,-9.762732,-9.767975,0.00213,-0.005325,0.003195,97951,31.34,0.056646518
228.261479,0.067097,-0.234612,-0.189126,-9.85131,-9.855918,0.00426,-0.007455,0.00426,97942.73,31.34,-0.031296482
228.328623,0.067144,-0.280098,-0.237006,-9.813006,-9.819863,0.00213,-0.00426,0.003195,97951,31.33,0.004758518
228.395758,0.067134,-0.244188,-0.210672,-9.817794,-9.82309,0.00426,-0.01065,0.001065,97959.27,31.33,0.001531518
228.463263,0.067505,-0.201096,-0.306432,-9.80343,-9.810279,0,-0.005325,0.003195,97959.27,31.33,0.014342518
228.529819,0.066556,-0.217854,-0.292068,-9.89919,-9.905894,0.001065,-0.007455,0.005325,97959.27,31.33,-0.081272482
228.597557,0.067738,-0.196308,-0.241794,-9.813006,-9.817947,-0.001065,-0.003195,0.00426,97975.8,31.33,0.006674518
228.66396,0.066403,-0.229824,-0.141246,-9.8154,-9.819106,0.005325,-0.00639,0.00426,97967.53,31.33,0.005515518
228.735625,0.071665,-0.225036,-0.17955,-9.82737,-9.831586,-0.00213,-0.00639,0.001065,97971.67,31.33,-0.006964482
228.806781,0.071155,-0.232218,-0.402192,-9.813006,-9.82399,0.003195,-0.005325,0.00213,97967.53,31.33,0.000631518
228.877104,0.070324,-0.19152,-0.330372,-9.896796,-9.904161,0.00213,-0.009585,0.00426,97975.8,31.33,-0.079539482
228.945049,0.067944,-0.172368,-0.169974,-9.793854,-9.796845,-0.001065,-0.003195,0.00426,97975.8,31.33,0.027776518
229.011946,0.066897,-0.20349,-0.177156,-9.83934,-9.843038,0.005325,-0.007455,0.00213,97984.07,31.33,-0.018416482
229.078755,0.06681,-0.220248,-0.308826,-9.789066,-9.796412,0.00213,-0.00426,0.00426,97984.07,31.33,0.028209518
229.145856,0.067101,-0.2394,-0.294462,-9.769914,-9.777282,0.001065,-0.003195,0.005325,97992.34,31.32,0.047339518
229.213286,0.06743,-0.086184,-0.184338,-9.836946,-9.839051,-0.00213,-0.00213,0.005325,97984.07,31.33,-0.014429482
229.279997,0.066711,-0.222642,-0.26334,-9.882432,-9.888447,0.001065,-0.00852,0.00213,97984.07,31.33,-0.063825482
229.346394,0.066397,-0.234612,-0.320796,-9.77949,-9.787562,-0.003195,-0.00213,0.003195,97992.34,31.33,0.037059518
229.413525,0.067131,-0.102942,-0.172368,-9.77949,-9.781551,0.00213,-0.005325,0.00426,97996.47,31.33,0.043070518
229.480666,0.067142,-0.2394,-0.248976,-9.882432,-9.888466,0.00213,-0.00426,0,98000.6,31.33,-0.063844482
229.547471,0.066805,-0.301644,-0.284886,-9.83934,-9.848084,0.003195,-0.00852,0,97996.47,31.33,-0.023462482
229.61424,0.066769,-0.2394,-0.225036,-9.808218,-9.81372,0.00213,-0.005325,0.00426,98000.6,31.33,0.010901518
229.681374,0.067134,-0.184338,-0.1197,-9.75555,-9.758026,0.003195,-0.005325,0,98004.74,31.33,0.066595518
229.748894,0.06752,-0.189126,-0.265734,-9.853704,-9.859101,-0.00213,-0.005325,0.00213,98008.87,31.33,-0.034479482
229.816847,0.067953,-0.189126,-0.378252,-9.822582,-9.831681,0.001065,-0.005325,0.00426,97996.47,31.33,-0.007059482
229.884104,0.067257,-0.208278,-0.158004,-9.786672,-9.790163,0.00213,-0.00639,0.005325,98000.6,31.33,0.034458518
229.951692,0.067589,-0.27531,-0.225036,-9.789066,-9.795522,-0.00213,-0.00426,0.00426,98013.01,31.33,0.029099518
230.018283,0.066591,-0.208278,-0.344736,-9.8154,-9.82366,0.001065,-0.00639,0.003195,98017.14,31.33,0.000961518
230.088392,0.070109,-0.210672,-0.292068,-9.805824,-9.812434,0.005325,-0.009585,0.00426,98017.14,31.33,0.012187518
230.162071,0.073679,-0.124488,-0.158004,-9.808218,-9.81028,0.001065,-0.003195,0,98013.01,31.33,0.014341518
230.23055,0.068479,-0.232218,-0.26334,-9.808218,-9.8145,0.00213,-0.003195,0.001065,98017.14,31.33,0.010121518
230.301337,0.070787,-0.313614,-0.306432,-9.846522,-9.85628,0,-0.003195,0.00426,98021.27,31.33,-0.031658482
230.375337,0.074,-0.14364,-0.19152,-9.77949,-9.78242,0,-0.005325,0.00426,98025.41,31.33,0.042201518
230.443758,0.068422,-0.15561,-0.2394,-9.808218,-9.812373,0.001065,-0.005325,0.001065,98029.54,31.33,0.012248518
230.510357,0.066599,-0.327978,-0.306432,-9.813006,-9.823266,0.003195,-0.00852,0.003195,98033.68,31.33,0.001355518
230.576914,0.066557,-0.165186,-0.246582,-9.77949,-9.783993,0,-0.00213,0.00639,98025.41,31.33,0.040628518
230.644003,0.067089,-0.25137,-0.177156,-9.925524,-9.930287,0.00639,-0.007455,0.005325,98029.54,31.33,-0.105665482
230.710965,0.066962,-0.169974,-0.21546,-9.999738,-10.003503,0,-0.00852,0.001065,98033.68,31.33,-0.178881482
230.778177,0.067212,-0.296856,-0.339948,-10.033254,-10.0434,0.00426,-0.00852,0.001065,98037.81,31.33,-0.218778482
230.844817,0.066641,-0.20349,-0.217854,-10.004526,-10.008966,0.00213,-0.00639,0.00639,98046.08,31.33,-0.184344482
230.91218,0.067363,-0.210672,-0.067032,-10.0548,-10.05723,0.00213,-0.00426,0.00426,98041.94,31.33,-0.232608482
230.979504,0.067324,-0.241794,-0.327978,-10.061982,-10.070229,0.001065,-0.00639,0.001065,98046.08,31.33,-0.245607482
231.046338,0.066834,-0.205884,-0.366282,-10.117044,-10.125766,0.005325,-0.007455,0.00426,98050.21,31.33,-0.301144482
231.113875,0.067537,-0.189126,-0.208278,-10.155348,-10.159244,0.00213,-0.00426,0.00426,98046.08,31.33,-0.334622482
231.184338,0.070463,-0.237006,-0.196308,-10.19844,-10.203082,0.00426,-0.00639,0.001065,98058.48,31.33,-0.378460482
231.255005,0.070667,-0.26334,-0.332766,-10.184076,-10.192913,0.001065,-0.007455,0.00426,98062.61,31.33,-0.368291482
231.327066,0.072062,-0.17955,-0.318402,-10.243926,-10.250446,0,-0.00213,0.007455,98054.35,31.33,-0.425824482
231.393709,0.066643,-0.15561,-0.20349,-10.308564,-10.311746,0.00426,-0.005325,0.005325,98066.75,31.33,-0.487124482
231.460177,0.066468,-0.313614,-0.234612,-10.351656,-10.359063,0.005325,-0.007455,-0.001065,98058.48,31.33,-0.534441482
231.527378,0.067201,-0.217854,-0.294462,-10.346868,-10.353349,0.00213,-0.00639,0.003195,98075.02,31.33,-0.528727482
231.595619,0.068241,-0.31122,-0.344736,-10.24632,-10.25684,0.01278,-0.01065,0.007455,98066.75,31.33,-0.432218482
231.662533,0.066914,-0.086184,-0.122094,-10.227168,-10.22826,-0.005325,0.001065,0.003195,98075.02,31.33,-0.403638482
231.73231,0.069778,-0.327978,-0.361494,-10.394748,-10.406202,0.00213,-0.00426,0.001065,98066.75,31.33,-0.581580482
231.801063,0.068753,-0.220248,-0.258552,-10.337292,-10.34287,0.00213,-0.007455,0.003195,98075.02,31.32,-0.518248482
231.874114,0.073051,-0.193914,-0.16758,-10.296594,-10.299783,0.001065,-0.003195,0.00426,98079.15,31.33,-0.475161482
231.941637,0.067522,-0.26334,-0.272916,-10.334898,-10.341854,-0.001065,-0.003195,0.00213,98075.02,31.33,-0.517232482
232.008472,0.066835,-0.272916,-0.366282,-10.320534,-10.330637,0.003195,-0.00639,0.00426,98075.02,31.32,-0.506015482
232.075859,0.067387,-0.165186,-0.17955,-10.243926,-10.246831,0,-0.003195,0.005325,98087.42,31.33,-0.422209482
232.143341,0.067482,-0.27531,-0.246582,-10.301382,-10.30801,0.001065,-0.00426,0.00426,98083.28,31.33,-0.483388482
232.210315,0.066974,-0.282492,-0.258552,-10.36602,-10.373091,0.005325,-0.00639,0.00426,98079.15,31.32,-0.548469482
232.276935,0.066619,-0.296856,-0.256158,-10.356444,-10.363864,0.001065,-0.00213,0.003195,98091.55,31.33,-0.539242482
232.344223,0.067289,-0.20349,-0.165186,-10.35405,-10.357367,0.00213,-0.00852,0.00213,98083.28,31.33,-0.532745482
232.411035,0.066812,-0.22743,-0.313614,-10.298988,-10.306271,0.00213,-0.00852,0.003195,98099.82,31.33,-0.481649482
232.478292,0.067257,-0.153216,-0.21546,-10.31814,-10.321527,0,-0.00639,0.005325,98099.82,31.32,-0.496905482
232.545601,0.067309,-0.19152,-0.28728,-10.349262,-10.35502,0.001065,-0.00639,0.001065,98095.68,31.33,-0.530398482
232.612555,0.066954,-0.2394,-0.272916,-10.33011,-10.336487,0.001065,-0.005325,0.00213,98103.95,31.33,-0.511865482
232.683274,0.070718,-0.282492,-0.248976,-10.33011,-10.336971,-0.003195,-0.003195,0.00426,98103.95,31.33,-0.512349482
232.754033,0.070759,-0.27531,-0.268128,-10.339686,-10.346825,0.00213,-0.007455,0.001065,98103.95,31.32,-0.522203482
232.824347,0.070313,-0.189126,-0.289674,-10.301382,-10.307189,0.00213,-0.007455,0.003195,98112.22,31.32,-0.482567482
232.892551,0.068204,-0.21546,-0.292068,-10.315746,-10.322129,0.00426,-0.00426,0.003195,98103.95,31.33,-0.497507482
232.963419,0.070868,-0.217854,-0.246582,-10.310958,-10.316207,0,-0.00426,0.001065,98108.09,31.33,-0.491585482
233.032924,0.069505,-0.260946,-0.248976,-10.380384,-10.386648,0.003195,-0.00639,0.00426,98108.09,31.32,-0.562026482
233.104974,0.07205,-0.265734,-0.316008,-10.313352,-10.321613,-0.00213,-0.00426,0.005325,98112.22,31.32,-0.496991482
233.17518,0.070206,-0.22743,-0.296856,-10.327716,-10.334484,0.00639,-0.00426,0.003195,98112.22,31.33,-0.509862482
233.245538,0.070359,-0.234612,-0.256158,-10.344474,-10.350304,0.00213,-0.005325,0.00213,98112.22,31.33,-0.525682482
233.317185,0.071647,-0.172368,-0.234612,-10.277442,-10.281564,0.003195,-0.005325,0,98108.09,31.33,-0.456942482
233.384413,0.067227,-0.270522,-0.222642,-10.332504,-10.338442,0.001065,-0.00426,0.00213,98108.09,31.33,-0.513820482
233.451615,0.067203,-0.237006,-0.25137,-10.334898,-10.340671,0.001065,-0.001065,0.003195,98124.62,31.33,-0.516049482
233.518356,0.06674,-0.201096,-0.198702,-10.351656,-10.355516,0.00213,-0.007455,0.00426,98116.35,31.33,-0.530894482
233.585588,0.067232,-0.222642,-0.21546,-10.34208,-10.34672,0.001065,-0.00852,0.001065,98120.49,31.33,-0.522098482
233.652994,0.067406,-0.201096,-0.29925,-10.289412,-10.295727,0.001065,-0.00426,0.001065,98124.62,31.33,-0.471105482
233.719725,0.066731,-0.241794,-0.256158,-10.310958,-10.316973,0,-0.003195,0.005325,98116.35,31.33,-0.492351482
233.786344,0.066619,-0.260946,-0.253764,-10.38996,-10.396334,0.00213,-0.00639,0.00213,98124.62,31.32,-0.571712482
233.853826,0.067482,-0.289674,-0.31122,-10.332504,-10.341248,-0.00426,-0.00213,0,98120.49,31.33,-0.516626482
233.921591,0.067765,-0.260946,-0.31122,-10.344474,-10.352444,0.00426,-0.007455,0.00426,98128.76,31.33,-0.527822482
233.988553,0.066962,-0.169974,-0.184338,-10.358838,-10.361872,0.001065,-0.009585,0.005325,98128.76,31.33,-0.537250482
234.058708,0.070156,-0.253764,-0.270522,-10.34208,-10.348729,0.005325,-0.00426,0,98132.89,31.33,-0.524107482
234.128962,0.070254,-0.169974,-0.306432,-10.36602,-10.371941,0.00213,-0.005325,0.00213,98128.76,31.32,-0.547319482
234.204751,0.075789,-0.2394,-0.26334,-10.322928,-10.329061,0.003195,-0.00426,0.005325,98124.62,31.33,-0.504439482
234.278831,0.07408,-0.248976,-0.246582,-10.344474,-10.350407,0.001065,-0.005325,0.00213,98132.89,31.32,-0.525785482
234.34707,0.068239,-0.296856,-0.294462,-10.363626,-10.372057,0.001065,-0.007455,0.00639,98132.89,31.32,-0.547435482
234.417564,0.070493,-0.201096,-0.177156,-10.301382,-10.304868,0,-0.00213,0.003195,98132.89,31.32,-0.480246482
234.491233,0.07367,-0.220248,-0.256158,-10.344474,-10.349989,-0.001065,-0.00639,0.001065,98137.02,31.31,-0.525367482
234.558848,0.067615,-0.265734,-0.31122,-10.344474,-10.352566,-0.003195,-0.003195,0.005325,98141.16,31.33,-0.527944482
234.626373,0.067525,-0.21546,-0.306432,-10.28223,-10.289051,0.00213,-0.007455,0.00639,98145.29,31.33,-0.464429482
234.692941,0.066568,-0.217854,-0.19152,-10.320534,-10.32461,0.00213,-0.005325,0.005325,98141.16,31.32,-0.499988482
234.75994,0.066999,-0.241794,-0.268128,-10.327716,-10.334025,0,-0.00426,0,98145.29,31.31,-0.509403482
234.827028,0.067088,-0.272916,-0.330372,-10.356444,-10.365306,0.00426,-0.00639,0.003195,98141.16,31.33,-0.540684482
234.894183,0.067155,-0.20349,-0.222642,-10.339686,-10.344085,0.00213,-0.003195,0.00426,98141.16,31.33,-0.519463482
234.961204,0.067021,-0.229824,-0.193914,-10.332504,-10.336879,0,-0.003195,0.003195,98132.89,31.33,-0.512257482
235.028699,0.067496,-0.246582,-0.258552,-10.344474,-10.350642,0,-0.003195,0.001065,98153.56,31.32,-0.526020482
235.095569,0.066869,-0.16758,-0.232218,-10.327716,-10.331686,0,-0.003195,0.003195,98153.56,31.32,-0.507064482
235.162364,0.066796,-0.225036,-0.25137,-10.349262,-10.35476,-0.00213,-0.003195,0.00213,98132.89,31.33,-0.530138482
235.23044,0.068076,-0.28728,-0.241794,-10.36602,-10.372819,0.00426,-0.00639,0.003195,98149.43,31.33,-0.548197482
235.297178,0.066738,-0.253764,-0.28728,-10.310958,-10.31808,0.003195,-0.007455,0.00426,98141.16,31.31,-0.493458482
235.363783,0.066605,-0.222642,-0.220248,-10.31814,-10.322892,-0.00426,-0.001065,0.003195,98145.29,31.33,-0.498270482
235.431019,0.067236,-0.186732,-0.205884,-10.334898,-10.338635,0.00213,-0.005325,0.003195,98145.29,31.32,-0.514013482
235.498483,0.067464,-0.232218,-0.246582,-10.322928,-10.328483,0.007455,-0.00639,0.00426,98145.29,31.32,-0.503861482
235.565648,0.067165,-0.272916,-0.294462,-10.310958,-10.318772,0,-0.007455,0.00426,98145.29,31.32,-0.494150482
235.632658,0.06701,-0.241794,-0.22743,-10.310958,-10.3163,-0.001065,-0.003195,0.003195,98153.56,31.32,-0.491678482
235.699557,0.066899,-0.258552,-0.277704,-10.361232,-10.368177,0,-0.007455,0.003195,98161.83,31.32,-0.543555482
235.770999,0.071441,-0.20349,-0.27531,-10.34208,-10.347745,0,-0.00639,0.00639,98145.29,31.33,-0.523123482
235.844231,0.073233,-0.26334,-0.220248,-10.356444,-10.362132,0,-0.00426,0.003195,98157.69,31.32,-0.537510482
235.916475,0.072244,-0.265734,-0.253764,-10.291806,-10.298363,0.00213,-0.00639,0.00426,98157.69,31.33,-0.473741482
235.990171,0.073696,-0.220248,-0.265734,-10.35405,-10.359801,0.001065,-0.00639,0.003195,98153.56,31.32,-0.535179482
236.056663,0.066492,-0.246582,-0.270522,-10.325322,-10.331808,0.003195,-0.007455,0.00213,98157.69,31.32,-0.507186482
236.124286,0.067623,-0.196308,-0.241794,-10.31814,-10.322839,0,-0.005325,0.00426,98153.56,31.32,-0.498217482
236.191231,0.066945,-0.213066,-0.265734,-10.31814,-10.32376,0.00426,-0.005325,0.005325,98153.56,31.31,-0.499138482
236.258343,0.067112,-0.234612,-0.256158,-10.349262,-10.35509,0,-0.00639,0.003195,98149.43,31.32,-0.530468482
236.325566,0.067223,-0.234612,-0.208278,-10.320534,-10.325301,0,-0.005325,0.005325,98153.56,31.31,-0.500679482
236.393084,0.067518,-0.25137,-0.225036,-10.33011,-10.335618,0.003195,-0.00426,0.001065,98149.43,31.32,-0.510996482
236.460095,0.06701,-0.229824,-0.28728,-10.31814,-10.324697,0.003195,-0.007455,0.00213,98153.56,31.31,-0.500075482
236.527152,0.067058,-0.210672,-0.241794,-10.346868,-10.351837,0.00213,-0.00213,0.00426,98157.69,31.32,-0.527215482
236.594311,0.067159,-0.225036,-0.220248,-10.31814,-10.322944,0.00213,-0.005325,0,98153.56,31.32,-0.498322482
236.661607,0.067296,-0.248976,-0.28728,-10.236744,-10.2438,0.00213,-0.005325,0.003195,98149.43,31.32,-0.419178482
236.728636,0.06703,-0.22743,-0.272916,-10.176894,-10.183093,0.003195,-0.00639,0.005325,98157.69,31.33,-0.358471482
236.796309,0.067672,-0.205884,-0.234612,-10.152954,-10.157751,0.003195,-0.00426,0.001065,98157.69,31.31,-0.333129482
236.863888,0.06758,-0.20349,-0.27531,-10.117044,-10.122835,0.003195,-0.00639,0.00213,98149.43,31.32,-0.298213482
236.936292,0.072404,-0.229824,-0.27531,-10.119438,-10.125791,0.001065,-0.005325,0.00426,98153.56,31.32,-0.301169482
237.007811,0.071519,-0.205884,-0.222642,-10.04283,-10.047407,0.00213,-0.00639,0.00426,98149.43,31.32,-0.222785482
237.074976,0.067165,-0.22743,-0.27531,-9.999738,-10.006112,0,-0.005325,0.003195,98153.56,31.32,-0.181490482
237.142174,0.067198,-0.248976,-0.22743,-10.026072,-10.031741,0,-0.005325,0.00639,98153.56,31.31,-0.207119482
237.208935,0.066761,-0.160398,-0.241794,-9.944676,-9.948908,0.003195,-0.00852,0.003195,98149.43,31.32,-0.124286482
237.275982,0.067046,-0.225036,-0.29925,-9.908766,-9.915838,-0.001065,-0.00639,0.00213,98149.43,31.32,-0.091216482
237.343634,0.067653,-0.28728,-0.186732,-9.903978,-9.909903,0.001065,-0.00426,0.007455,98145.29,31.32,-0.085281482
237.41106,0.067425,-0.162792,-0.205884,-9.858492,-9.861985,0.001065,-0.007455,0.003195,98153.56,31.32,-0.037363482
237.478852,0.067793,-0.210672,-0.356706,-9.813006,-9.821747,0.001065,-0.007455,0.001065,98153.56,31.32,0.002874518
237.549148,0.070295,-0.270522,-0.265734,-9.813006,-9.82033,0.001065,-0.00426,0.00639,98149.43,31.32,0.004291518
237.622342,0.073195,-0.234612,-0.105336,-9.798642,-9.802016,0,-0.005325,0.00213,98157.69,31.32,0.022605518
237.690214,0.067872,-0.16758,-0.244188,-9.896796,-9.901226,0.00213,-0.00426,0,98157.69,31.33,-0.076604482
237.758418,0.068204,-0.198702,-0.3591,-9.920736,-9.929221,0.001065,-0.005325,0.003195,98153.56,31.32,-0.104599482
237.824877,0.066459,-0.220248,-0.246582,-9.829764,-9.835323,0,-0.005325,0.00426,98145.29,31.32,-0.010701482
237.892134,0.067257,-0.217854,-0.129276,-9.757944,-9.761232,0.003195,-0.00426,0.005325,98153.56,31.32,0.063389518
237.958943,0.066809,-0.21546,-0.220248,-9.774702,-9.779557,0.003195,-0.007455,0.001065,98161.83,31.32,0.045064518
238.025366,0.066423,-0.184338,-0.354312,-9.83934,-9.847443,0.00426,-0.007455,0.003195,98157.69,31.32,-0.022821482
238.092103,0.066737,-0.213066,-0.258552,-9.856098,-9.861791,0.001065,-0.00426,0.00639,98153.56,31.31,-0.037169482
238.159175,0.067072,-0.25137,-0.162792,-9.877644,-9.882183,-0.001065,-0.003195,0,98157.69,31.32,-0.057561482
238.22632,0.067145,-0.246582,-0.272916,-9.772308,-9.779227,0.003195,-0.00852,0.001065,98157.69,31.31,0.045394518
238.294202,0.067882,-0.20349,-0.29925,-9.774702,-9.781399,0,-0.00639,0.00426,98149.43,31.32,0.043222518
238.360609,0.066407,-0.229824,-0.222642,-9.822582,-9.827793,0.001065,-0.00426,0.003195,98153.56,31.31,-0.003171482
238.427937,0.067327,-0.232218,-0.198702,-9.860886,-9.865621,0.00426,-0.007455,0.005325,98149.43,31.32,-0.040999482
238.494798,0.066862,-0.241794,-0.248976,-9.880038,-9.886132,0,-0.007455,0.00426,98157.69,31.32,-0.061510482
238.562414,0.067616,-0.196308,-0.248976,-9.781884,-9.787021,0,-0.00639,0.00213,98153.56,31.3,0.037600518
238.630423,0.068008,-0.205884,-0.260946,-9.774702,-9.780352,0,-0.00426,0.005325,98149.43,31.31,0.044269518
238.700752,0.07033,-0.217854,-0.253764,-9.82737,-9.833059,0.00426,-0.007455,0.00213,98149.43,31.32,-0.008437482
238.770103,0.069351,-0.265734,-0.277704,-9.860886,-9.868374,0,-0.007455,0.00426,98145.29,31.32,-0.043752482
238.841835,0.071732,-0.220248,-0.237006,-9.789066,-9.794411,0.003195,-0.007455,0.00213,98157.69,31.31,0.030210518
238.909796,0.06796,-0.15561,-0.222642,-9.74358,-9.747366,0.001065,-0.00213,0,98157.69,31.31,0.077255518
238.977195,0.0674,-0.165186,-0.265734,-9.88722,-9.89217,-0.001065,-0.005325,0.00426,98149.43,31.32,-0.067548482
239.043903,0.066708,-0.232218,-0.265734,-9.86328,-9.869591,0.003195,-0.00639,0.00213,98145.29,31.32,-0.044969482
239.110986,0.067083,-0.32319,-0.237006,-9.789066,-9.797267,0.001065,-0.00426,0.00426,98145.29,31.3,0.027354518
239.178189,0.067203,-0.196308,-0.2394,-9.748368,-9.753283,0.003195,-0.009585,0.001065,98149.43,31.31,0.071338518
239.245072,0.066883,-0.172368,-0.213066,-9.877644,-9.881445,0.001065,-0.005325,0,98141.16,31.32,-0.056823482
239.312165,0.067093,-0.198702,-0.25137,-9.79146,-9.796701,0,-0.005325,0.003195,98149.43,31.31,0.027920518
239.379629,0.067465,-0.25137,-0.292068,-9.798642,-9.806216,0.001065,-0.00426,0.00213,98149.43,31.32,0.018405518
239.446301,0.066672,-0.241794,-0.220248,-9.856098,-9.861523,0.00426,-0.00639,0.005325,98157.69,31.31,-0.036901482
239.513778,0.067476,-0.186732,-0.213066,-9.877644,-9.881706,0,-0.009585,0.001065,98157.69,31.31,-0.057084482
239.580997,0.06722,-0.19152,-0.306432,-9.848916,-9.855543,0.001065,-0.003195,0.00213,98153.56,31.31,-0.030921482
239.651011,0.070013,-0.15561,-0.169974,-9.920736,-9.923412,0.001065,-0.007455,0.003195,98157.69,31.32,-0.098790482
239.72186,0.070849,-0.25137,-0.258552,-9.810612,-9.817237,0.00426,-0.00639,0.001065,98149.43,31.31,0.007384518
239.793134,0.071275,-0.248976,-0.294462,-9.65979,-9.667484,0.003195,-0.005325,0.005325,98153.56,31.31,0.157137518
239.860231,0.067096,-0.184338,-0.2394,-9.810612,-9.815264,0.00213,-0.00852,0.007455,98149.43,31.3,0.009357518
239.931692,0.071461,-0.165186,-0.19152,-9.896796,-9.900027,0.00426,-0.00639,-0.00213,98157.69,31.31,-0.075405482
240.006392,0.0747,-0.210672,-0.234612,-9.985374,-9.990351,0.00426,-0.01065,0.001065,98157.69,31.31,-0.165729482
240.076082,0.06969,-0.232218,-0.32319,-9.750762,-9.75888,0.001065,-0.007455,0.00639,98153.56,31.32,0.065741518
240.147094,0.071012,-0.22743,-0.229824,-9.729216,-9.734587,0,-0.00426,0.003195,98149.43,31.31,0.090034518
240.217622,0.070528,-0.237006,-0.265734,-9.834552,-9.840996,0.005325,-0.00639,0,98157.69,31.3,-0.016374482
240.285167,0.067546,-0.225036,-0.234612,-9.868068,-9.873421,0.00213,-0.00639,0.001065,98157.69,31.32,-0.048799482
240.352282,0.067115,-0.213066,-0.189126,-9.858492,-9.862608,0.00213,-0.005325,0.005325,98153.56,31.31,-0.037986482
240.419294,0.067011,-0.316008,-0.244188,-9.882432,-9.890498,0.00213,-0.00639,0.005325,98157.69,31.31,-0.065876482
240.486285,0.066991,-0.20349,-0.229824,-9.734004,-9.738843,0.00213,-0.005325,0.00639,98145.29,31.31,0.085778518
240.553609,0.067324,-0.193914,-0.29925,-9.844128,-9.850584,0.001065,-0.003195,0.003195,98149.43,31.31,-0.025962482
240.621065,0.067456,-0.196308,-0.260946,-10.011708,-10.017032,0.001065,-0.005325,0,98153.56,31.3,-0.192410482
240.687804,0.066739,-0.237006,-0.220248,-9.836946,-9.842265,0.001065,-0.00426,0.003195,98157.69,31.31,-0.017643482
240.754376,0.066572,-0.244188,-0.265734,-9.616698,-9.623467,-0.001065,-0.005325,0.00426,98153.56,31.31,0.201154518
240.821771,0.067395,-0.201096,-0.28728,-9.690912,-9.697254,0.001065,-0.007455,0.005325,98157.69,31.32,0.127367518
240.889203,0.067432,-0.19152,-0.22743,-9.944676,-9.94912,0.001065,-0.00426,0.00213,98165.96,31.31,-0.124498482
240.95591,0.066707,-0.260946,-0.25137,-9.985374,-9.991945,0.00213,-0.005325,0,98157.69,31.32,-0.167323482
241.022947,0.067038,-0.201096,-0.21546,-9.784278,-9.788716,0.003195,-0.007455,0.00213,98153.56,31.32,0.035905518
241.090161,0.067213,-0.213066,-0.20349,-9.801036,-9.805463,-0.001065,-0.005325,0.00639,98149.43,31.31,0.019158518
241.158083,0.067922,-0.193914,-0.253764,-9.8154,-9.820594,0,-0.001065,0.00426,98157.69,31.31,0.004027518
241.225814,0.067731,-0.253764,-0.289674,-9.868068,-9.87558,-0.001065,-0.005325,0.003195,98157.69,31.3,-0.050958482
241.292192,0.066378,-0.294462,-0.26334,-9.832158,-9.840091,0.001065,-0.005325,0.00426,98157.69,31.31,-0.015469482
241.358894,0.066702,-0.229824,-0.205884,-9.73161,-9.7365,0.001065,-0.00639,0.00213,98153.56,31.31,0.088121518
241.430288,0.071394,-0.150822,-0.234612,-9.786672,-9.790645,0.003195,-0.00639,0.00213,98153.56,31.31,0.033976518
241.500445,0.070157,-0.184338,-0.280098,-9.868068,-9.873763,0.001065,-0.005325,0.00213,98157.69,31.3,-0.049141482
241.571093,0.070648,-0.248976,-0.237006,-9.858492,-9.864483,0.001065,-0.00639,0.00639,98153.56,31.31,-0.039861482
241.642747,0.071654,-0.26334,-0.241794,-9.793854,-9.800377,0.003195,-0.00639,0.00426,98157.69,31.3,0.024244518
241.717332,0.074584,-0.210672,-0.22743,-9.92313,-9.927971,0.001065,-0.00426,0.001065,98153.56,31.31,-0.103349482
241.78499,0.067658,-0.141246,-0.28728,-9.8154,-9.820619,0.001065,-0.00426,0.003195,98145.29,31.31,0.004002518
241.854666,0.069677,-0.244188,-0.354312,-9.681336,-9.690894,0.00426,-0.007455,0.007455,98149.43,31.3,0.133727518
241.924516,0.069849,-0.232218,-0.184338,-9.73161,-9.736125,0.001065,-0.005325,0.007455,98157.69,31.3,0.088496518
241.995606,0.071091,-0.225036,-0.196308,-9.932706,-9.937194,0.001065,-0.005325,0.001065,98157.69,31.3,-0.112572482
242.062795,0.067189,-0.268128,-0.282492,-9.925524,-9.933163,0,-0.003195,0.001065,98157.69,31.31,-0.108541482
242.130197,0.067402,-0.15561,-0.241794,-9.76752,-9.771751,0.003195,-0.005325,0.00426,98153.56,31.3,0.052870518
242.197192,0.066995,-0.158004,-0.198702,-9.724428,-9.727741,0.00426,-0.005325,0.003195,98161.83,31.3,0.096880518
242.264806,0.067614,-0.244188,-0.265734,-9.829764,-9.836387,0,-0.00639,0.003195,98149.43,31.3,-0.011765482
242.332607,0.067801,-0.265734,-0.246582,-9.918342,-9.924965,0.001065,-0.005325,0.00852,98161.83,31.3,-0.100343482
242.399587,0.066981,-0.20349,-0.225036,-9.83934,-9.844017,0.00213,-0.005325,0.001065,98149.43,31.29,-0.019395482
242.467169,0.067581,-0.174762,-0.253764,-9.76752,-9.772379,0.00213,-0.005325,0.003195,98153.56,31.3,0.052242518
242.536975,0.069806,-0.213066,-0.280098,-9.769914,-9.77625,-0.001065,-0.00213,0.00426,98157.69,31.3,0.048371518
242.606357,0.069382,-0.210672,-0.198702,-9.841734,-9.845994,0.001065,-0.00426,0.00426,98149.43,31.31,-0.021372482
242.677858,0.071501,-0.210672,-0.22743,-9.918342,-9.923186,0.00213,-0.00426,0.005325,98157.69,31.31,-0.098564482
242.7463,0.068442,-0.208278,-0.284886,-9.872856,-9.879161,0.00426,-0.007455,0.005325,98153.56,31.31,-0.054539482
242.813166,0.066866,-0.193914,-0.258552,-9.76752,-9.772865,0.00213,-0.007455,0.00426,98161.83,31.3,0.051756518
242.88075,0.067584,-0.196308,-0.210672,-9.73161,-9.735869,0,-0.003195,0.00213,98157.69,31.31,0.088752518
242.948235,0.067485,-0.213066,-0.21546,-9.868068,-9.872719,0,-0.00426,0.00426,98157.69,31.3,-0.048097482
243.018789,0.070553,-0.20349,-0.272916,-9.949464,-9.955286,0.005325,-0.009585,0.00213,98149.43,31.3,-0.130664482
243.088763,0.069974,-0.217854,-0.248976,-9.829764,-9.83533,0.00213,-0.00426,0.00426,98165.96,31.32,-0.010708482
243.159733,0.07097,-0.213066,-0.256158,-9.741186,-9.746883,0.00213,-0.007455,0.00213,98157.69,31.29,0.077738518
243.226343,0.06661,-0.208278,-0.270522,-9.769914,-9.775878,0.00213,-0.00639,0.00213,98161.83,31.31,0.048743518
243.294048,0.067705,-0.208278,-0.2394,-9.882432,-9.887525,0.00213,-0.003195,0.003195,98157.69,31.3,-0.062903482
243.361072,0.067024,-0.208278,-0.222642,-9.903978,-9.908669,0.001065,-0.00639,0.005325,98149.43,31.3,-0.084047482
243.428174,0.067103,-0.21546,-0.268128,-9.796248,-9.802285,0,-0.00426,0.00213,98157.69,31.3,0.022336518
243.495213,0.067039,-0.213066,-0.229824,-9.702882,-9.707942,0.001065,-0.00639,0.001065,98157.69,31.29,0.116679518
243.562321,0.067108,-0.186732,-0.234612,-9.822582,-9.827158,0.001065,-0.00639,0.00426,98153.56,31.3,-0.002536482
243.630229,0.067908,-0.201096,-0.241794,-9.92313,-9.928112,0.003195,-0.00639,0.001065,98153.56,31.3,-0.103490482
243.697338,0.067109,-0.25137,-0.241794,-9.884826,-9.890978,0.003195,-0.007455,0.00426,98149.43,31.29,-0.066356482
243.763926,0.066588,-0.225036,-0.217854,-9.774702,-9.779719,0.003195,-0.005325,0.00213,98153.56,31.3,0.044902518
243.831715,0.067788,-0.217854,-0.272916,-9.741186,-9.747443,0.001065,-0.005325,0.00639,98149.43,31.3,0.077178518
243.898908,0.067193,-0.229824,-0.237006,-9.786672,-9.792239,0,-0.00426,0.00213,98165.96,31.3,0.032382518
243.96852,0.069612,-0.162792,-0.25137,-9.920736,-9.925255,0.00213,-0.007455,0.00426,98149.43,31.29,-0.100633482
244.038424,0.069904,-0.186732,-0.246582,-9.918342,-9.923164,0.00213,-0.009585,0.00213,98157.69,31.3,-0.098542482
244.109846,0.071422,-0.234612,-0.181944,-9.724428,-9.728959,0,-0.003195,0.005325,98141.16,31.3,0.095662518
244.178515,0.068669,-0.256158,-0.213066,-9.750762,-9.756453,0.001065,-0.005325,0.005325,98149.43,31.31,0.068168518
244.248989,0.070473,-0.21546,-0.280098,-9.884826,-9.891141,0.003195,-0.00639,0.001065,98157.69,31.29,-0.066519482
244.318886,0.069897,-0.184338,-0.301644,-9.949464,-9.955742,-0.001065,-0.00426,0.001065,98149.43,31.29,-0.131120482
244.389838,0.070952,-0.217854,-0.237006,-9.777096,-9.782394,0.003195,-0.00213,0.005325,98157.69,31.3,0.042227518
244.457128,0.067291,-0.208278,-0.222642,-9.686124,-9.690921,0.001065,-0.003195,0.003195,98157.69,31.3,0.133700518
244.524371,0.067242,-0.225036,-0.256158,-9.8154,-9.82132,0.00213,-0.00426,0.00426,98153.56,31.3,0.003301518
244.591129,0.066758,-0.225036,-0.26334,-9.932706,-9.938744,0,-0.00639,0.00426,98149.43,31.3,-0.114122482
244.658429,0.0673,-0.210672,-0.232218,-9.889614,-9.894583,-0.001065,-0.00426,0.003195,98153.56,31.29,-0.069961482
244.726402,0.067973,-0.19152,-0.265734,-9.774702,-9.780189,0.003195,-0.007455,0.003195,98170.1,31.29,0.044432518
244.792892,0.06649,-0.213066,-0.248976,-9.753156,-9.75866,0.003195,-0.007455,0.005325,98157.69,31.3,0.065961518
244.86048,0.067588,-0.232218,-0.22743,-9.801036,-9.806424,0.001065,-0.00426,0.00213,98161.83,31.3,0.018197518
244.930279,0.069799,-0.189126,-0.248976,-9.91116,-9.91609,0.001065,-0.00426,0.003195,98161.83,31.3,-0.091468482
245.000201,0.069922,-0.25137,-0.280098,-9.865674,-9.87285,0.001065,-0.007455,0.003195,98149.43,31.3,-0.048228482
245.0719,0.071699,-0.201096,-0.210672,-9.786672,-9.791005,0,-0.00426,0.00213,98157.69,31.29,0.033616518
245.139471,0.067571,-0.208278,-0.237006,-9.769914,-9.775007,0.001065,-0.00639,0.00639,98157.69,31.3,0.049614518
245.206348,0.066877,-0.241794,-0.272916,-9.882432,-9.889156,0.00426,-0.005325,0.00426,98149.43,31.3,-0.064534482
245.273364,0.067015,-0.222642,-0.27531,-9.91116,-9.917482,0.00213,-0.003195,0.001065,98157.69,31.3,-0.092860482
245.340753,0.067389,-0.193914,-0.20349,-9.841734,-9.845747,0.003195,-0.00213,0.001065,98178.36,31.29,-0.021125482
245.411207,0.070454,-0.20349,-0.220248,-9.741186,-9.7458,0.003195,-0.00639,0,98165.96,31.3,0.078821518
245.481726,0.07052,-0.229824,-0.268128,-9.781884,-9.788257,0.00213,-0.007455,0.003195,98165.96,31.3,0.036364518
