0.000000,0.000000,0.000000
0.000000,0.000000,0.000000
0.000000,0.000000,0.000000
0.000000,0.000000,0.000000
0.000000,0.000000,0.000000
0.000000,0.000000,0.000000
0.000000,0.000000,0.000000
0.000000,0.000000,0.000000
0.000000,0.000000,0.000000
0.000000,0.000000,0.000000
0.000000,0.000000,0.000000
0.000000,0.000000,0.000000
0.000000,0.000000,0.000000
0.000000,0.000000,0.000000
0.000000,0.000000,0.000000
0.000000,0.000000,0.000000
0.000000,0.000000,0.000000
0.000000,0.000000,0.000000
0.000000,0.000000,0.000000
0.000000,0.000000,0.000000
0.000000,0.000000,0.000000
0.000000,0.000000,0.000000
0.000000,0.000000,0.000000
0.000000,0.000000,0.000000
0.000000,0.000000,0.000000
0.000000,0.000000,0.000000
0.000000,0.000000,0.000000
0.000000,0.000000,0.000000
0.000000,0.000000,0.000000
0.000000,0.000000,0.000000
0.000000,0.000000,0.000000
0.000000,0.000000,0.000000
0.000000,0.000000,0.000000
0.000000,0.000000,0.000000
0.000000,0.000000,0.000000
0.000000,0.000000,0.000000
0.000000,0.000000,0.000000
0.000000,0.000000,0.000000
0.000000,0.000000,0.000000
0.000000,0.000000,0.000000
0.000000,0.000000,0.000000
0.000000,0.000000,0.000000
0.000000,0.000000,0.000000
0.000000,0.000000,0.000000
0.000000,0.000000,0.000000
0.000000,0.000000,0.000000
0.000000,0.000000,0.000000
0.000000,0.000000,0.000000
0.000000,0.000000,0.000000
0.000000,0.000000,0.000000
0.000000,0.000000,0.000000
0.000000,0.000000,0.000000
0.000000,0.000000,0.000000
0.000000,0.000000,0.000000
0.000000,0.000000,0.000000
0.000000,0.000000,0.000000
0.000000,0.000000,0.000000
0.000000,0.000000,0.000000
0.000000,0.000000,0.000000
0.000000,0.000000,0.000000
0.000000,0.000000,0.000000
0.000000,0.000000,0.000000
0.000000,0.000000,0.000000
0.000000,0.000000,0.000000
0.000000,0.000000,0.000000
0.000000,0.000000,0.000000
0.000000,0.000000,0.000000
0.000000,0.000000,0.000000
0.000000,0.000000,0.000000
0.000000,0.000000,0.000000
0.000000,0.000000,0.000000
0.000000,0.000000,0.000000
0.000000,0.000000,0.000000
0.000000,0.000000,0.000000
0.000000,0.000000,0.000000
0.000000,0.000000,0.000000
0.000000,0.000000,0.000000
0.000000,0.000000,0.000000
0.000000,0.000000,0.000000
0.000000,0.000000,0.000000
0.000000,0.000000,0.000000
0.000000,0.000000,0.000000
0.000000,0.000000,0.000000
0.000000,0.000000,0.000000
0.000000,0.000000,0.000000
0.000000,0.000000,0.000000
0.000000,0.000000,0.000000
0.000000,0.000000,0.000000
0.000000,0.000000,0.000000
0.000000,0.000000,0.000000
0.000000,0.000000,0.000000
0.000000,0.000000,0.000000
0.000000,0.000000,0.000000
0.000000,0.000000,0.000000
0.000000,0.000000,0.000000
0.000000,0.000000,0.000000
0.000000,0.000000,0.000000
0.000000,0.000000,0.000000
0.000000,0.000000,0.000000
0.000000,0.000000,0.000000
0.000000,0.000000,0.000000
0.000000,0.000000,0.000000
0.000000,0.000000,0.000000
0.000000,0.000000,0.000000
0.000000,0.000000,0.000000
0.000000,0.000000,0.000000
0.000000,0.000000,0.000000
0.000000,0.000000,0.000000
0.000000,0.000000,0.000000
0.000000,0.000000,0.000000
0.000000,0.000000,0.000000
0.000000,0.000000,0.000000
0.000000,0.000000,0.000000
0.000000,0.000000,0.000000
0.000000,0.000000,0.000000
0.000000,0.000000,0.000000
0.000000,0.000000,0.000000
0.000000,0.000000,0.000000
0.000000,0.000000,0.000000
0.000000,0.000000,0.000000
0.000000,0.000000,0.000000
0.000000,0.000000,0.000000
0.000000,0.000000,0.000000
0.000000,0.000000,0.000000
0.000000,0.000000,0.000000
0.000000,0.000000,0.000000
0.000000,0.000000,0.000000
0.000000,0.000000,0.000000
0.000000,0.000000,0.000000
0.000000,0.000000,0.000000
0.000000,0.000000,0.000000
0.000000,0.000000,0.000000
0.000000,0.000000,0.000000
0.000000,0.000000,0.000000
0.000000,0.000000,0.000000
0.000000,0.000000,0.000000
0.000000,0.000000,0.000000
0.000000,0.000000,0.000000
0.000000,0.000000,0.000000
0.000000,0.000000,0.000000
0.000000,0.000000,0.000000
0.000000,0.000000,0.000000
0.000000,0.000000,0.000000
0.000000,0.000000,0.000000
0.000000,0.000000,0.000000
0.000000,0.000000,0.000000
0.000000,0.000000,0.000000
0.000000,0.000000,0.000000
0.000000,0.000000,0.000000
0.000000,0.000000,0.000000
0.000000,0.000000,0.000000
0.000000,0.000000,0.000000
0.000000,0.000000,0.000000
0.000000,0.000000,0.000000
0.000000,0.000000,0.000000
0.000000,0.000000,0.000000
0.000000,0.000000,0.000000
0.000000,0.000000,0.000000
0.000000,0.000000,0.000000
0.000000,0.000000,0.000000
0.000000,0.000000,0.000000
0.000000,0.000000,0.000000
0.000000,0.000000,0.000000
0.000000,0.000000,0.000000
0.000000,0.000000,0.000000
0.000000,0.000000,0.000000
0.000000,0.000000,0.000000
0.000000,0.000000,0.000000
0.000000,0.000000,0.000000
0.000000,0.000000,0.000000
0.000000,0.000000,0.000000
0.000000,0.000000,0.000000
0.000000,0.000000,0.000000
0.000000,0.000000,0.000000
0.000000,0.000000,0.000000
0.000000,0.000000,0.000000
0.000000,0.000000,0.000000
0.000000,0.000000,0.000000
0.000000,0.000000,0.000000
0.000000,0.000000,0.000000
0.000000,0.000000,0.000000
0.000000,0.000000,0.000000
0.000000,0.000000,0.000000
0.000000,0.000000,0.000000
0.000000,0.000000,0.000000
0.000000,0.000000,0.000000
0.000000,0.000000,0.000000
0.000000,0.000000,0.000000
0.000000,0.000000,0.000000
0.000000,0.000000,0.000000
0.000000,0.000000,0.000000
0.000000,0.000000,0.000000
0.000000,0.000000,0.000000
0.000000,0.000000,0.000000
0.000000,0.000000,0.000000
0.000000,0.000000,0.000000
0.000000,0.000000,0.000000
0.000000,0.000000,0.000000
0.000000,0.000000,0.000000
0.000000,0.000000,0.000000
0.000000,0.000000,0.000000
0.000000,0.000000,0.000000
0.000000,0.000000,0.000000
0.000000,0.000000,0.000000
0.000000,0.000000,0.000000
0.000000,0.000000,0.000000
0.000000,0.000000,0.000000
0.000000,0.000000,0.000000
0.000000,0.000000,0.000000
0.000000,0.000000,0.000000
0.000000,0.000000,0.000000
0.000000,0.000000,0.000000
0.000000,0.000000,0.000000
0.000000,0.000000,0.000000
0.000000,0.000000,0.000000
0.000000,0.000000,0.000000
0.000000,0.000000,0.000000
0.000000,0.000000,0.000000
0.000000,0.000000,0.000000
0.000000,0.000000,0.000000
0.000000,0.000000,0.000000
0.000000,0.000000,0.000000
0.000000,0.000000,0.000000
0.000000,0.000000,0.000000
0.000000,0.000000,0.000000
0.000000,0.000000,0.000000
0.000000,0.000000,0.000000
0.000000,0.000000,0.000000
0.000000,0.000000,0.000000
0.000000,0.000000,0.000000
0.000000,0.000000,0.000000
0.000000,0.000000,0.000000
0.000000,0.000000,0.000000
0.000000,0.000000,0.000000
0.000000,0.000000,0.000000
0.000000,0.000000,0.000000
0.000000,0.000000,0.000000
0.000000,0.000000,0.000000
0.000000,0.000000,0.000000
0.000000,0.000000,0.000000
0.000000,0.000000,0.000000
0.000000,0.000000,0.000000
0.000000,0.000000,0.000000
0.000000,0.000000,0.000000
0.000000,0.000000,0.000000
0.000000,0.000000,0.000000
0.000000,0.000000,0.000000
0.000000,0.000000,0.000000
0.000000,0.000000,0.000000
0.000000,0.000000,0.000000
0.000000,0.000000,0.000000
0.000000,0.000000,0.000000
0.000000,0.000000,0.000000
0.000000,0.000000,0.000000
0.000000,0.000000,0.000000
0.000000,0.000000,0.000000
0.000000,0.000000,0.000000
0.000000,0.000000,0.000000
0.000000,0.000000,0.000000
0.000000,0.000000,0.000000
0.000000,0.000000,0.000000
0.000000,0.000000,0.000000
0.000000,0.000000,0.000000
0.000000,0.000000,0.000000
0.000000,0.000000,0.000000
0.000000,0.000000,0.000000
0.000000,0.000000,0.000000
0.000000,0.000000,0.000000
0.000000,0.000000,0.000000
0.000000,0.000000,0.000000
0.000000,0.000000,0.000000
0.000000,0.000000,0.000000
0.000000,0.000000,0.000000
0.000000,0.000000,0.000000
0.000000,0.000000,0.000000
0.000000,0.000000,0.000000
0.000000,0.000000,0.000000
0.000000,0.000000,0.000000
0.000000,0.000000,0.000000
0.000000,0.000000,0.000000
0.000000,0.000000,0.000000
0.000000,0.000000,0.000000
0.000000,0.000000,0.000000
0.000000,0.000000,0.000000
0.000000,0.000000,0.000000
0.000000,0.000000,0.000000
0.000000,0.000000,0.000000
0.000000,0.000000,0.000000
0.000000,0.000000,0.000000
0.000000,0.000000,0.000000
0.000000,0.000000,0.000000
0.000000,0.000000,0.000000
0.000000,0.000000,0.000000
0.000000,0.000000,0.000000
0.000000,0.000000,0.000000
0.000000,0.000000,0.000000
0.000000,0.000000,0.000000
0.000000,0.000000,0.000000
0.000000,0.000000,0.000000
0.000000,0.000000,0.000000
0.000000,0.000000,0.000000
0.000000,0.000000,0.000000
0.000000,0.000000,0.000000
0.000000,0.000000,0.000000
0.000000,0.000000,0.000000
0.000000,0.000000,0.000000
0.000000,0.000000,0.000000
0.000000,0.000000,0.000000
0.000000,0.000000,0.000000
0.000000,0.000000,0.000000
0.000000,0.000000,0.000000
0.000000,0.000000,0.000000
0.000000,0.000000,0.000000
0.000000,0.000000,0.000000
0.000000,0.000000,0.000000
0.000000,0.000000,0.000000
0.000000,0.000000,0.000000
0.000000,0.000000,0.000000
0.000000,0.000000,0.000000
0.000000,0.000000,0.000000
0.000000,0.000000,0.000000
0.000000,0.000000,0.000000
0.000000,0.000000,0.000000
0.000000,0.000000,0.000000
0.000000,0.000000,0.000000
0.000000,0.000000,0.000000
0.000000,0.000000,0.000000
0.000000,0.000000,0.000000
0.000000,0.000000,0.000000
0.000000,0.000000,0.000000
0.000000,0.000000,0.000000
0.000000,0.000000,0.000000
0.000000,0.000000,0.000000
0.000000,0.000000,0.000000
0.000000,0.000000,0.000000
0.000000,0.000000,0.000000
0.000000,0.000000,0.000000
0.000000,0.000000,0.000000
0.000000,0.000000,0.000000
0.000000,0.000000,0.000000
0.000000,0.000000,0.000000
0.000000,0.000000,0.000000
0.000000,0.000000,0.000000
0.000000,0.000000,0.000000
0.000000,0.000000,0.000000
0.000000,0.000000,0.000000
0.000000,0.000000,0.000000
0.000000,0.000000,0.000000
0.000000,0.000000,0.000000
0.000000,0.000000,0.000000
0.000000,0.000000,0.000000
0.000000,0.000000,0.000000
0.000000,0.000000,0.000000
0.000000,0.000000,0.000000
0.000000,0.000000,0.000000
0.000000,0.000000,0.000000
0.000000,0.000000,0.000000
0.000000,0.000000,0.000000
0.000000,0.000000,0.000000
0.000000,0.000000,0.000000
0.000000,0.000000,0.000000
0.000000,0.000000,0.000000
0.000000,0.000000,0.000000
0.000000,0.000000,0.000000
0.000000,0.000000,0.000000
0.000000,0.000000,0.000000
0.000000,0.000000,0.000000
0.000000,0.000000,0.000000
0.000000,0.000000,0.000000
0.000000,0.000000,0.000000
0.000000,0.000000,0.000000
0.000000,0.000000,0.000000
0.000000,0.000000,0.000000
0.000000,0.000000,0.000000
0.000000,0.000000,0.000000
0.000000,0.000000,0.000000
0.000000,0.000000,0.000000
0.000000,0.000000,0.000000
0.000000,0.000000,0.000000
0.000000,0.000000,0.000000
0.000000,0.000000,0.000000
0.000000,0.000000,0.000000
0.000000,0.000000,0.000000
0.000000,0.000000,0.000000
0.000000,0.000000,0.000000
0.000000,0.000000,0.000000
0.000000,0.000000,0.000000
0.000000,0.000000,0.000000
0.000000,0.000000,0.000000
0.000000,0.000000,0.000000
0.000000,0.000000,0.000000
0.000000,0.000000,0.000000
0.000000,0.000000,0.000000
0.000000,0.000000,0.000000
0.000000,0.000000,0.000000
0.000000,0.000000,0.000000
0.000000,0.000000,0.000000
0.000000,0.000000,0.000000
0.000000,0.000000,0.000000
0.000000,0.000000,0.000000
0.000000,0.000000,0.000000
0.000000,0.000000,0.000000
0.000000,0.000000,0.000000
0.000000,0.000000,0.000000
0.000000,0.000000,0.000000
0.000000,0.000000,0.000000
0.000000,0.000000,0.000000
0.000000,0.000000,0.000000
0.000000,0.000000,0.000000
0.000000,0.000000,0.000000
0.000000,0.000000,0.000000
0.000000,0.000000,0.000000
0.000000,0.000000,0.000000
0.000000,0.000000,0.000000
0.000000,0.000000,0.000000
0.000000,0.000000,0.000000
0.000000,0.000000,0.000000
0.000000,0.000000,0.000000
0.000000,0.000000,0.000000
0.000000,0.000000,0.000000
0.000000,0.000000,0.000000
0.000000,0.000000,0.000000
0.000000,0.000000,0.000000
0.000000,0.000000,0.000000
0.000000,0.000000,0.000000
0.000000,0.000000,0.000000
0.000000,0.000000,0.000000
0.000000,0.000000,0.000000
0.000000,0.000000,0.000000
0.000000,0.000000,0.000000
0.000000,0.000000,0.000000
0.000000,0.000000,0.000000
0.000000,0.000000,0.000000
0.000000,0.000000,0.000000
0.000000,0.000000,0.000000
0.000000,0.000000,0.000000
0.000000,0.000000,0.000000
0.000000,0.000000,0.000000
0.000000,0.000000,0.000000
0.000000,0.000000,0.000000
0.000000,0.000000,0.000000
0.000000,0.000000,0.000000
0.000000,0.000000,0.000000
0.000000,0.000000,0.000000
0.000000,0.000000,0.000000
0.000000,0.000000,0.000000
0.000000,0.000000,0.000000
0.000000,0.000000,0.000000
0.000000,0.000000,0.000000
0.000000,0.000000,0.000000
0.000000,0.000000,0.000000
0.000000,0.000000,0.000000
0.000000,0.000000,0.000000
0.000000,0.000000,0.000000
0.000000,0.000000,0.000000
0.000000,0.000000,0.000000
0.000000,0.000000,0.000000
0.000000,0.000000,0.000000
0.000000,0.000000,0.000000
0.000000,0.000000,0.000000
0.000000,0.000000,0.000000
0.000000,0.000000,0.000000
0.000000,0.000000,0.000000
0.000000,0.000000,0.000000
0.000000,0.000000,0.000000
0.000000,0.000000,0.000000
0.000000,0.000000,0.000000
0.000000,0.000000,0.000000
0.000000,0.000000,0.000000
0.000000,0.000000,0.000000
0.000000,0.000000,0.000000
0.000000,0.000000,0.000000
0.000000,0.000000,0.000000
0.000000,0.000000,0.000000
0.000000,0.000000,0.000000
0.000000,0.000000,0.000000
0.000000,0.000000,0.000000
0.000000,0.000000,0.000000
0.000000,0.000000,0.000000
0.000000,0.000000,0.000000
0.000000,0.000000,0.000000
0.000000,0.000000,0.000000
0.000000,0.000000,0.000000
0.000000,0.000000,0.000000
0.000000,0.000000,0.000000
0.000000,0.000000,0.000000
0.000000,0.000000,0.000000
0.000000,0.000000,0.000000
0.000000,0.000000,0.000000
0.000000,0.000000,0.000000
0.000000,0.000000,0.000000
0.000000,0.000000,0.000000
0.000000,0.000000,0.000000
0.000000,0.000000,0.000000
0.000000,0.000000,0.000000
0.000000,0.000000,0.000000
0.000000,0.000000,0.000000
0.000000,0.000000,0.000000
0.000000,0.000000,0.000000
0.000000,0.000000,0.000000
0.000000,0.000000,0.000000
0.000000,0.000000,0.000000
0.000000,0.000000,0.000000
0.000000,0.000000,0.000000
0.000000,0.000000,0.000000
0.000000,0.000000,0.000000
0.000000,0.000000,0.000000
0.000000,0.000000,0.000000
0.000000,0.000000,0.000000
0.000000,0.000000,0.000000
0.000000,0.000000,0.000000
0.000000,0.000000,0.000000
0.000000,0.000000,0.000000
0.000000,0.000000,0.000000
0.000000,0.000000,0.000000
0.000000,0.000000,0.000000
0.000000,0.000000,0.000000
0.000000,0.000000,0.000000
0.000000,0.000000,0.000000
0.000000,0.000000,0.000000
0.000000,0.000000,0.000000
0.000000,0.000000,0.000000
0.000000,0.000000,0.000000
0.000000,0.000000,0.000000
0.000000,0.000000,0.000000
0.000000,0.000000,0.000000
0.000000,0.000000,0.000000
0.000000,0.000000,0.000000
0.000000,0.000000,0.000000
0.000000,0.000000,0.000000
0.000000,0.000000,0.000000
0.000000,0.000000,0.000000
0.000000,0.000000,0.000000
0.000000,0.000000,0.000000
0.000000,0.000000,0.000000
0.000000,0.000000,0.000000
0.000000,0.000000,0.000000
0.000000,0.000000,0.000000
0.000000,0.000000,0.000000
0.000000,0.000000,0.000000
0.000000,0.000000,0.000000
0.000000,0.000000,0.000000
0.000000,0.000000,0.000000
0.000000,0.000000,0.000000
0.000000,0.000000,0.000000
0.000000,0.000000,0.000000
0.000000,0.000000,0.000000
0.000000,0.000000,0.000000
0.000000,0.000000,0.000000
0.000000,0.000000,0.000000
0.000000,0.000000,0.000000
0.000000,0.000000,0.000000
0.000000,0.000000,0.000000
0.000000,0.000000,0.000000
0.000000,0.000000,0.000000
0.000000,0.000000,0.000000
0.000000,0.000000,0.000000
0.000000,0.000000,0.000000
0.000000,0.000000,0.000000
0.000000,0.000000,0.000000
0.000000,0.000000,0.000000
0.000000,0.000000,0.000000
0.000000,0.000000,0.000000
0.000000,0.000000,0.000000
0.000000,0.000000,0.000000
0.000000,0.000000,0.000000
0.000000,0.000000,0.000000
0.000000,0.000000,0.000000
0.000000,0.000000,0.000000
0.000000,0.000000,0.000000
0.000000,0.000000,0.000000
0.000000,0.000000,0.000000
0.000000,0.000000,0.000000
0.000000,0.000000,0.000000
0.000000,0.000000,0.000000
0.000000,0.000000,0.000000
0.000000,0.000000,0.000000
0.000000,0.000000,0.000000
0.000000,0.000000,0.000000
0.000000,0.000000,0.000000
0.000000,0.000000,0.000000
0.000000,0.000000,0.000000
0.000000,0.000000,0.000000
0.000000,0.000000,0.000000
0.000000,0.000000,0.000000
0.000000,0.000000,0.000000
0.000000,0.000000,0.000000
0.000000,0.000000,0.000000
0.000000,0.000000,0.000000
0.000000,0.000000,0.000000
0.000000,0.000000,0.000000
0.000000,0.000000,0.000000
0.000000,0.000000,0.000000
0.000000,0.000000,0.000000
0.000000,0.000000,0.000000
0.000000,0.000000,0.000000
0.000000,0.000000,0.000000
0.000000,0.000000,0.000000
0.000000,0.000000,0.000000
0.000000,0.000000,0.000000
0.000000,0.000000,0.000000
0.000000,0.000000,0.000000
0.000000,0.000000,0.000000
0.000000,0.000000,0.000000
0.000000,0.000000,0.000000
0.000000,0.000000,0.000000
0.000000,0.000000,0.000000
0.000000,0.000000,0.000000
0.000000,0.000000,0.000000
0.000000,0.000000,0.000000
0.000000,0.000000,0.000000
0.000000,0.000000,0.000000
0.000000,0.000000,0.000000
0.000000,0.000000,0.000000
0.000000,0.000000,0.000000
0.000000,0.000000,0.000000
0.000000,0.000000,0.000000
0.000000,0.000000,0.000000
0.000000,0.000000,0.000000
0.000000,0.000000,0.000000
0.000000,0.000000,0.000000
0.000000,0.000000,0.000000
0.000000,0.000000,0.000000
0.000000,0.000000,0.000000
0.000000,0.000000,0.000000
0.000000,0.000000,0.000000
0.000000,0.000000,0.000000
0.000000,0.000000,0.000000
0.000000,0.000000,0.000000
0.000000,0.000000,0.000000
0.000000,0.000000,0.000000
0.000000,0.000000,0.000000
0.000000,0.000000,0.000000
0.000000,0.000000,0.000000
0.000000,0.000000,0.000000
0.000000,0.000000,0.000000
0.000000,0.000000,0.000000
0.000000,0.000000,0.000000
0.000000,0.000000,0.000000
0.000000,0.000000,0.000000
0.000000,0.000000,0.000000
0.000000,0.000000,0.000000
0.000000,0.000000,0.000000
0.000000,0.000000,0.000000
0.000000,0.000000,0.000000
0.000000,0.000000,0.000000
0.000000,0.000000,0.000000
0.000000,0.000000,0.000000
0.000000,0.000000,0.000000
0.000000,0.000000,0.000000
0.000000,0.000000,0.000000
0.000000,0.000000,0.000000
0.000000,0.000000,0.000000
0.000000,0.000000,0.000000
0.000000,0.000000,0.000000
0.000000,0.000000,0.000000
0.000000,0.000000,0.000000
0.000000,0.000000,0.000000
0.000000,0.000000,0.000000
0.000000,0.000000,0.000000
0.000000,0.000000,0.000000
0.000000,0.000000,0.000000
0.000000,0.000000,0.000000
0.000000,0.000000,0.000000
0.000000,0.000000,0.000000
0.000000,0.000000,0.000000
0.000000,0.000000,0.000000
0.000000,0.000000,0.000000
0.000000,0.000000,0.000000
0.000000,0.000000,0.000000
0.000000,0.000000,0.000000
0.000000,0.000000,0.000000
0.000000,0.000000,0.000000
0.000000,0.000000,0.000000
0.000000,0.000000,0.000000
0.000000,0.000000,0.000000
0.000000,0.000000,0.000000
0.000000,0.000000,0.000000
0.000000,0.000000,0.000000
0.000000,0.000000,0.000000
0.000000,0.000000,0.000000
0.000000,0.000000,0.000000
0.000000,0.000000,0.000000
0.000000,0.000000,0.000000
0.000000,0.000000,0.000000
0.000000,0.000000,0.000000
0.000000,0.000000,0.000000
0.000000,0.000000,0.000000
0.000000,0.000000,0.000000
0.000000,0.000000,0.000000
0.000000,0.000000,0.000000
0.000000,0.000000,0.000000
0.000000,0.000000,0.000000
0.000000,0.000000,0.000000
0.000000,0.000000,0.000000
0.000000,0.000000,0.000000
0.000000,0.000000,0.000000
0.000000,0.000000,0.000000
0.000000,0.000000,0.000000
0.000000,0.000000,0.000000
0.000000,0.000000,0.000000
0.000000,0.000000,0.000000
0.000000,0.000000,0.000000
0.000000,0.000000,0.000000
0.000000,0.000000,0.000000
0.000000,0.000000,0.000000
0.000000,0.000000,0.000000
0.000000,0.000000,0.000000
0.000000,0.000000,0.000000
0.000000,0.000000,0.000000
0.000000,0.000000,0.000000
0.000000,0.000000,0.000000
0.000000,0.000000,0.000000
0.000000,0.000000,0.000000
0.000000,0.000000,0.000000
0.000000,0.000000,0.000000
0.000000,0.000000,0.000000
0.000000,0.000000,0.000000
0.000000,0.000000,0.000000
0.000000,0.000000,0.000000
0.000000,0.000000,0.000000
0.000000,0.000000,0.000000
0.000000,0.000000,0.000000
0.000000,0.000000,0.000000
0.000000,0.000000,0.000000
0.000000,0.000000,0.000000
0.000000,0.000000,0.000000
0.000000,0.000000,0.000000
0.000000,0.000000,0.000000
0.000000,0.000000,0.000000
0.000000,0.000000,0.000000
0.000000,0.000000,0.000000
0.000000,0.000000,0.000000
0.000000,0.000000,0.000000
0.000000,0.000000,0.000000
0.000000,0.000000,0.000000
0.000000,0.000000,0.000000
0.000000,0.000000,0.000000
0.000000,0.000000,0.000000
0.000000,0.000000,0.000000
0.000000,0.000000,0.000000
0.000000,0.000000,0.000000
0.000000,0.000000,0.000000
0.000000,0.000000,0.000000
0.000000,0.000000,0.000000
0.000000,0.000000,0.000000
0.000000,0.000000,0.000000
0.000000,0.000000,0.000000
0.000000,0.000000,0.000000
0.000000,0.000000,0.000000
0.000000,0.000000,0.000000
0.000000,0.000000,0.000000
0.000000,0.000000,0.000000
0.000000,0.000000,0.000000
0.000000,0.000000,0.000000
0.000000,0.000000,0.000000
0.000000,0.000000,0.000000
0.000000,0.000000,0.000000
0.000000,0.000000,0.000000
0.000000,0.000000,0.000000
0.000000,0.000000,0.000000
0.000000,0.000000,0.000000
0.000000,0.000000,0.000000
0.000000,0.000000,0.000000
0.000000,0.000000,0.000000
0.000000,0.000000,0.000000
0.000000,0.000000,0.000000
0.000000,0.000000,0.000000
0.000000,0.000000,0.000000
0.000000,0.000000,0.000000
0.000000,0.000000,0.000000
0.000000,0.000000,0.000000
0.000000,0.000000,0.000000
0.000000,0.000000,0.000000
0.000000,0.000000,0.000000
0.000000,0.000000,0.000000
0.000000,0.000000,0.000000
0.000000,0.000000,0.000000
0.000000,0.000000,0.000000
0.000000,0.000000,0.000000
0.000000,0.000000,0.000000
0.000000,0.000000,0.000000
0.000000,0.000000,0.000000
0.000000,0.000000,0.000000
0.000000,0.000000,0.000000
0.000000,0.000000,0.000000
0.000000,0.000000,0.000000
0.000000,0.000000,0.000000
0.000000,0.000000,0.000000
0.000000,0.000000,0.000000
0.000000,0.000000,0.000000
0.000000,0.000000,0.000000
0.000000,0.000000,0.000000
0.000000,0.000000,0.000000
0.000000,0.000000,0.000000
0.000000,0.000000,0.000000
0.000000,0.000000,0.000000
0.000000,0.000000,0.000000
0.000000,0.000000,0.000000
0.000000,0.000000,0.000000
0.000000,0.000000,0.000000
0.000000,0.000000,0.000000
0.000000,0.000000,0.000000
0.000000,0.000000,0.000000
0.000000,0.000000,0.000000
0.000000,0.000000,0.000000
0.000000,0.000000,0.000000
0.000000,0.000000,0.000000
0.000000,0.000000,0.000000
0.000000,0.000000,0.000000
0.000000,0.000000,0.000000
0.000000,0.000000,0.000000
0.000000,0.000000,0.000000
0.000000,0.000000,0.000000
0.000000,0.000000,0.000000
0.000000,0.000000,0.000000
0.000000,0.000000,0.000000
0.000000,0.000000,0.000000
0.000000,0.000000,0.000000
0.000000,0.000000,0.000000
0.000000,0.000000,0.000000
0.000000,0.000000,0.000000
0.000000,0.000000,0.000000
0.000000,0.000000,0.000000
0.000000,0.000000,0.000000
0.000000,0.000000,0.000000
0.000000,0.000000,0.000000
0.000000,0.000000,0.000000
0.000000,0.000000,0.000000
0.000000,0.000000,0.000000
0.000000,0.000000,0.000000
0.000000,0.000000,0.000000
0.000000,0.000000,0.000000
0.000000,0.000000,0.000000
0.000000,0.000000,0.000000
0.000000,0.000000,0.000000
0.000000,0.000000,0.000000
0.000000,0.000000,0.000000
0.000000,0.000000,0.000000
0.000000,0.000000,0.000000
0.000000,0.000000,0.000000
0.000000,0.000000,0.000000
0.000000,0.000000,0.000000
0.000000,0.000000,0.000000
0.000000,0.000000,0.000000
0.000000,0.000000,0.000000
0.000000,0.000000,0.000000
0.000000,0.000000,0.000000
0.000000,0.000000,0.000000
0.000000,0.000000,0.000000
0.000000,0.000000,0.000000
0.000000,0.000000,0.000000
0.000000,0.000000,0.000000
0.000000,0.000000,0.000000
0.000000,0.000000,0.000000
0.000000,0.000000,0.000000
0.000000,0.000000,0.000000
0.000000,0.000000,0.000000
0.000000,0.000000,0.000000
0.000000,0.000000,0.000000
0.000000,0.000000,0.000000
0.000000,0.000000,0.000000
0.000000,0.000000,0.000000
0.000000,0.000000,0.000000
0.000000,0.000000,0.000000
0.000000,0.000000,0.000000
0.000000,0.000000,0.000000
0.000000,0.000000,0.000000
0.000000,0.000000,0.000000
0.000000,0.000000,0.000000
0.000000,0.000000,0.000000
0.000000,0.000000,0.000000
0.000000,0.000000,0.000000
0.000000,0.000000,0.000000
0.000000,0.000000,0.000000
0.000000,0.000000,0.000000
0.000000,0.000000,0.000000
0.000000,0.000000,0.000000
0.000000,0.000000,0.000000
0.000000,0.000000,0.000000
0.000000,0.000000,0.000000
0.000000,0.000000,0.000000
0.000000,0.000000,0.000000
0.000000,0.000000,0.000000
0.000000,0.000000,0.000000
0.000000,0.000000,0.000000
0.000000,0.000000,0.000000
0.000000,0.000000,0.000000
0.000000,0.000000,0.000000
0.000000,0.000000,0.000000
0.000000,0.000000,0.000000
0.000000,0.000000,0.000000
0.000000,0.000000,0.000000
0.000000,0.000000,0.000000
0.000000,0.000000,0.000000
0.000000,0.000000,0.000000
0.000000,0.000000,0.000000
0.000000,0.000000,0.000000
0.000000,0.000000,0.000000
0.000000,0.000000,0.000000
0.000000,0.000000,0.000000
0.000000,0.000000,0.000000
0.000000,0.000000,0.000000
0.000000,0.000000,0.000000
0.000000,0.000000,0.000000
0.000000,0.000000,0.000000
0.000000,0.000000,0.000000
0.000000,0.000000,0.000000
0.000000,0.000000,0.000000
0.000000,0.000000,0.000000
0.000000,0.000000,0.000000
0.000000,0.000000,0.000000
0.000000,0.000000,0.000000
0.000000,0.000000,0.000000
0.000000,0.000000,0.000000
0.000000,0.000000,0.000000
0.000000,0.000000,0.000000
0.000000,0.000000,0.000000
0.000000,0.000000,0.000000
0.000000,0.000000,0.000000
0.000000,0.000000,0.000000
0.000000,0.000000,0.000000
0.000000,0.000000,0.000000
0.000000,0.000000,0.000000
0.000000,0.000000,0.000000
0.000000,0.000000,0.000000
0.000000,0.000000,0.000000
0.000000,0.000000,0.000000
0.000000,0.000000,0.000000
0.000000,0.000000,0.000000
0.000000,0.000000,0.000000
0.000000,0.000000,0.000000
0.000000,0.000000,0.000000
0.000000,0.000000,0.000000
0.000000,0.000000,0.000000
0.000000,0.000000,0.000000
0.000000,0.000000,0.000000
0.000000,0.000000,0.000000
0.000000,0.000000,0.000000
0.000000,0.000000,0.000000
0.000000,0.000000,0.000000
0.000000,0.000000,0.000000
0.000000,0.000000,0.000000
0.000000,0.000000,0.000000
0.000000,0.000000,0.000000
0.000000,0.000000,0.000000
0.000000,0.000000,0.000000
0.000000,0.000000,0.000000
0.000000,0.000000,0.000000
0.000000,0.000000,0.000000
0.000000,0.000000,0.000000
0.000000,0.000000,0.000000
0.000000,0.000000,0.000000
0.000000,0.000000,0.000000
0.000000,0.000000,0.000000
0.000000,0.000000,0.000000
0.000000,0.000000,0.000000
0.000000,0.000000,0.000000
0.000000,0.000000,0.000000
0.000000,0.000000,0.000000
0.000000,0.000000,0.000000
0.000000,0.000000,0.000000
0.000000,0.000000,0.000000
0.000000,0.000000,0.000000
0.000000,0.000000,0.000000
0.000000,0.000000,0.000000
0.000000,0.000000,0.000000
0.000000,0.000000,0.000000
0.000000,0.000000,0.000000
0.000000,0.000000,0.000000
0.000000,0.000000,0.000000
0.000000,0.000000,0.000000
0.000000,0.000000,0.000000
0.000000,0.000000,0.000000
0.067656,0.000088,0.000000
0.025842,-0.000039,0.000001
0.009871,-0.000015,0.000000
0.003770,-0.000006,0.000000
0.001440,-0.000002,0.000000
0.000550,-0.000001,0.000000
0.000210,-0.000000,0.000000
0.000080,-0.000000,0.000000
0.000031,-0.000000,0.000000
0.000012,-0.000000,0.000000
0.000004,-0.000000,0.000000
0.000002,-0.000000,0.000000
0.000001,-0.000000,0.000000
0.000000,-0.000000,0.000000
0.000000,-0.000000,0.000000
0.000000,-0.000000,0.000000
0.000000,-0.000000,0.000000
0.000000,-0.000000,0.000000
0.000000,-0.000000,0.000000
0.000000,-0.000000,0.000000
0.000000,-0.000000,0.000000
0.000000,-0.000000,0.000000
0.000000,-0.000000,0.000000
0.000000,-0.000000,0.000000
0.000000,-0.000000,0.000000
0.000000,-0.000000,0.000000
0.000000,-0.000000,0.000000
0.000000,-0.000000,0.000000
0.000000,-0.000000,0.000000
0.000000,-0.000000,0.000000
0.000000,-0.000000,0.000000
0.000000,-0.000000,0.000000
0.000000,-0.000000,0.000000
0.000000,-0.000000,0.000000
0.000000,-0.000000,0.000000
0.000000,-0.000000,0.000000
0.000000,-0.000000,0.000000
0.000000,-0.000000,0.000000
0.000000,-0.000000,0.000000
0.000000,-0.000000,0.000000
0.000000,-0.000000,0.000000
0.000000,-0.000000,0.000000
0.000000,-0.000000,0.000000
0.000000,-0.000000,0.000000
0.000000,-0.000000,0.000000
0.000000,-0.000000,0.000000
0.000000,-0.000000,0.000000
0.000000,-0.000000,0.000000
0.000000,-0.000000,0.000000
0.000000,-0.000000,0.000000
0.000000,-0.000000,0.000000
0.000000,-0.000000,0.000000
0.000000,-0.000000,0.000000
0.000000,-0.000000,0.000000
0.000000,-0.000000,0.000000
0.000000,-0.000000,0.000000
0.000000,-0.000000,0.000000
0.000000,-0.000000,0.000000
0.000000,-0.000000,0.000000
0.000000,-0.000000,0.000000
0.000000,-0.000000,0.000000
0.000000,-0.000000,0.000000
0.000000,-0.000000,0.000000
0.000000,-0.000000,0.000000
0.000000,-0.000000,0.000000
0.000000,-0.000000,0.000000
0.000000,-0.000000,0.000000
0.000000,-0.000000,0.000000
0.000000,-0.000000,0.000000
0.000000,-0.000000,0.000000
0.000000,-0.000000,0.000000
0.000000,-0.000000,0.000000
0.000000,-0.000000,0.000000
0.000000,-0.000000,0.000000
0.000000,-0.000000,0.000000
0.000000,-0.000000,0.000000
0.000000,-0.000000,0.000000
0.000000,-0.000000,0.000000
0.000000,-0.000000,0.000000
0.000000,-0.000000,0.000000
0.000000,-0.000000,0.000000
0.000000,-0.000000,0.000000
0.000000,-0.000000,0.000000
0.000000,-0.000000,0.000000
0.000000,-0.000000,0.000000
0.000000,-0.000000,0.000000
0.000000,-0.000000,0.000000
0.000000,-0.000000,0.000000
0.000000,-0.000000,0.000000
0.000000,-0.000000,0.000000
0.000000,-0.000000,0.000000
0.000000,-0.000000,0.000000
0.000000,-0.000000,0.000000
0.000000,-0.000000,0.000000
0.000000,-0.000000,0.000000
0.000000,-0.000000,0.000000
0.000000,-0.000000,0.000000
0.000000,-0.000000,0.000000
0.000000,-0.000000,0.000000
0.000000,-0.000000,0.000000
0.000000,-0.000000,0.000000
0.000000,-0.000000,0.000000
0.000000,-0.000000,0.000000
0.000000,-0.000000,0.000000
0.000000,-0.000000,0.000000
0.000000,-0.000000,0.000000
0.000000,-0.000000,0.000000
0.000000,-0.000000,0.000000
0.000000,-0.000000,0.000000
0.000000,-0.000000,0.000000
0.000000,-0.000000,0.000000
0.000000,-0.000000,0.000000
0.000000,-0.000000,0.000000
0.000000,-0.000000,0.000000
0.000000,-0.000000,0.000000
0.000000,-0.000000,0.000000
0.000000,-0.000000,0.000000
0.000000,-0.000000,0.000000
0.000000,-0.000000,0.000000
0.000000,-0.000000,0.000000
0.000000,-0.000000,0.000000
0.000000,-0.000000,0.000000
0.000000,-0.000000,0.000000
0.000000,-0.000000,0.000000
0.000000,-0.000000,0.000000
0.000000,-0.000000,0.000000
0.000000,-0.000000,0.000000
0.000000,-0.000000,0.000000
0.000000,-0.000000,0.000000
0.000000,-0.000000,0.000000
0.000000,-0.000000,0.000000
0.000000,-0.000000,0.000000
0.000000,-0.000000,0.000000
0.000000,-0.000000,0.000000
0.000000,-0.000000,0.000000
0.000000,-0.000000,0.000000
0.000000,-0.000000,0.000000
0.000000,-0.000000,0.000000
0.000000,-0.000000,0.000000
0.000000,-0.000000,0.000000
0.000000,-0.000000,0.000000
0.000000,-0.000000,0.000000
0.000000,-0.000000,0.000000
0.000000,-0.000000,0.000000
0.000000,-0.000000,0.000000
0.000000,-0.000000,0.000000
0.000000,-0.000000,0.000000
0.000000,-0.000000,0.000000
0.000000,-0.000000,0.000000
0.000000,-0.000000,0.000000
0.000000,-0.000000,0.000000
0.000000,-0.000000,0.000000
0.000000,-0.000000,0.000000
0.000000,-0.000000,0.000000
0.000000,-0.000000,0.000000
0.000000,-0.000000,0.000000
0.000000,-0.000000,0.000000
0.000000,-0.000000,0.000000
0.000000,-0.000000,0.000000
0.000000,-0.000000,0.000000
0.000000,-0.000000,0.000000
0.000000,-0.000000,0.000000
0.000000,-0.000000,0.000000
0.000000,-0.000000,0.000000
0.000000,-0.000000,0.000000
0.000000,-0.000000,0.000000
0.000000,-0.000000,0.000000
0.000000,-0.000000,0.000000
0.000000,-0.000000,0.000000
0.000000,-0.000000,0.000000
0.000000,-0.000000,0.000000
0.000000,-0.000000,0.000000
0.000000,-0.000000,0.000000
0.000000,-0.000000,0.000000
0.000000,-0.000000,0.000000
0.000000,-0.000000,0.000000
0.000000,-0.000000,0.000000
0.000000,-0.000000,0.000000
0.000000,-0.000000,0.000000
0.000000,-0.000000,0.000000
0.000000,-0.000000,0.000000
0.000000,-0.000000,0.000000
0.000000,-0.000000,0.000000
0.000000,-0.000000,0.000000
0.000000,-0.000000,0.000000
0.000000,-0.000000,0.000000
0.000000,-0.000000,0.000000
0.000000,-0.000000,0.000000
0.000000,-0.000000,0.000000
0.000000,-0.000000,0.000000
0.000000,-0.000000,0.000000
0.000000,-0.000000,0.000000
0.000000,-0.000000,0.000000
0.000000,-0.000000,0.000000
0.000000,-0.000000,0.000000
0.000000,-0.000000,0.000000
0.000000,-0.000000,0.000000
0.000000,-0.000000,0.000000
0.000000,-0.000000,0.000000
0.000000,-0.000000,0.000000
0.000000,-0.000000,0.000000
0.000000,-0.000000,0.000000
0.000000,-0.000000,0.000000
0.000000,-0.000000,0.000000
0.000000,-0.000000,0.000000
0.000000,-0.000000,0.000000
0.000000,-0.000000,0.000000
0.000000,-0.000000,0.000000
0.000000,-0.000000,0.000000
0.000000,-0.000000,0.000000
0.000000,-0.000000,0.000000
0.000000,-0.000000,0.000000
0.000000,-0.000000,0.000000
0.000000,-0.000000,0.000000
0.000000,-0.000000,0.000000
0.000000,-0.000000,0.000000
0.000000,-0.000000,0.000000
0.000000,-0.000000,0.000000
0.000000,-0.000000,0.000000
0.000000,-0.000000,0.000000
0.000000,-0.000000,0.000000
0.000000,-0.000000,0.000000
0.000000,-0.000000,0.000000
0.000000,-0.000000,0.000000
0.000000,-0.000000,0.000000
0.000000,-0.000000,0.000000
0.000000,-0.000000,0.000000
0.000000,-0.000000,0.000000
0.000000,-0.000000,0.000000
0.000000,-0.000000,0.000000
0.000000,-0.000000,0.000000
0.000000,-0.000000,0.000000
0.000000,-0.000000,0.000000
0.000000,-0.000000,0.000000
0.000000,-0.000000,0.000000
0.000000,-0.000000,0.000000
0.000000,-0.000000,0.000000
0.000000,-0.000000,0.000000
0.000000,-0.000000,0.000000
0.000000,-0.000000,0.000000
0.000000,-0.000000,0.000000
0.000000,-0.000000,0.000000
0.000000,-0.000000,0.000000
0.000000,-0.000000,0.000000
0.000000,-0.000000,0.000000
0.000000,-0.000000,0.000000
0.000000,-0.000000,0.000000
0.000000,-0.000000,0.000000
0.000000,-0.000000,0.000000
0.000000,-0.000000,0.000000
0.000000,-0.000000,0.000000
0.000000,-0.000000,0.000000
0.000000,-0.000000,0.000000
0.000000,-0.000000,0.000000
0.000000,-0.000000,0.000000
0.000000,-0.000000,0.000000
0.000000,-0.000000,0.000000
0.000000,-0.000000,0.000000
0.000000,-0.000000,0.000000
0.000000,-0.000000,0.000000
0.000000,-0.000000,0.000000
0.000000,-0.000000,0.000000
0.000000,-0.000000,0.000000
0.000000,-0.000000,0.000000
0.000000,-0.000000,0.000000
0.000000,-0.000000,0.000000
0.000000,-0.000000,0.000000
0.000000,-0.000000,0.000000
0.000000,-0.000000,0.000000
0.000000,-0.000000,0.000000
0.000000,-0.000000,0.000000
0.000000,-0.000000,0.000000
0.000000,-0.000000,0.000000
0.000000,-0.000000,0.000000
0.000000,-0.000000,0.000000
0.000000,-0.000000,0.000000
0.000000,-0.000000,0.000000
0.000000,-0.000000,0.000000
0.000000,-0.000000,0.000000
0.000000,-0.000000,0.000000
0.000000,-0.000000,0.000000
0.000000,-0.000000,0.000000
0.000000,-0.000000,0.000000
0.000000,-0.000000,0.000000
0.000000,-0.000000,0.000000
0.000000,-0.000000,0.000000
0.000000,-0.000000,0.000000
0.000000,-0.000000,0.000000
0.000000,-0.000000,0.000000
0.000000,-0.000000,0.000000
0.000000,-0.000000,0.000000
0.000000,-0.000000,0.000000
0.000000,-0.000000,0.000000
0.000000,-0.000000,0.000000
0.000000,-0.000000,0.000000
0.000000,-0.000000,0.000000
0.000000,-0.000000,0.000000
0.000000,-0.000000,0.000000
0.000000,-0.000000,0.000000
0.000000,-0.000000,0.000000
0.000000,-0.000000,0.000000
0.000000,-0.000000,0.000000
0.000000,-0.000000,0.000000
0.000000,-0.000000,0.000000
0.000000,-0.000000,0.000000
0.000000,-0.000000,0.000000
0.000000,-0.000000,0.000000
0.000000,-0.000000,0.000000
0.000000,-0.000000,0.000000
0.000000,-0.000000,0.000000
0.000000,-0.000000,0.000000
0.000000,-0.000000,0.000000
0.000000,-0.000000,0.000000
0.000000,-0.000000,0.000000
0.000000,-0.000000,0.000000
0.000000,-0.000000,0.000000
0.000000,-0.000000,0.000000
0.000000,-0.000000,0.000000
0.000000,-0.000000,0.000000
0.000000,-0.000000,0.000000
0.000000,-0.000000,0.000000
0.000000,-0.000000,0.000000
0.000000,-0.000000,0.000000
0.000000,-0.000000,0.000000
0.000000,-0.000000,0.000000
0.000000,-0.000000,0.000000
0.000000,-0.000000,0.000000
0.000000,-0.000000,0.000000
0.000000,-0.000000,0.000000
0.000000,-0.000000,0.000000
0.000000,-0.000000,0.000000
0.000000,-0.000000,0.000000
0.000000,-0.000000,0.000000
0.000000,-0.000000,0.000000
0.000000,-0.000000,0.000000
0.000000,-0.000000,0.000000
0.000000,-0.000000,0.000000
0.000000,-0.000000,0.000000
0.000000,-0.000000,0.000000
0.000000,-0.000000,0.000000
0.000000,-0.000000,0.000000
0.000000,-0.000000,0.000000
0.000000,-0.000000,0.000000
0.000000,-0.000000,0.000000
0.000000,-0.000000,0.000000
0.000000,-0.000000,0.000000
0.000000,-0.000000,0.000000
0.000000,-0.000000,0.000000
0.000000,-0.000000,0.000000
0.000000,-0.000000,0.000000
0.000000,-0.000000,0.000000
0.000000,-0.000000,0.000000
0.000000,-0.000000,0.000000
0.000000,-0.000000,0.000000
0.000000,-0.000000,0.000000
0.000000,-0.000000,0.000000
0.000000,-0.000000,0.000000
0.000000,-0.000000,0.000000
0.000000,-0.000000,0.000000
0.000000,-0.000000,0.000000
0.000000,-0.000000,0.000000
0.000000,-0.000000,0.000000
0.000000,-0.000000,0.000000
0.000000,-0.000000,0.000000
0.000000,-0.000000,0.000000
0.000000,-0.000000,0.000000
0.000000,-0.000000,0.000000
0.000000,-0.000000,0.000000
0.000000,-0.000000,0.000000
0.000000,-0.000000,0.000000
0.000000,-0.000000,0.000000
0.000000,-0.000000,0.000000
0.000000,-0.000000,0.000000
0.000000,-0.000000,0.000000
0.000000,-0.000000,0.000000
0.000000,-0.000000,0.000000
0.000000,-0.000000,0.000000
0.000000,-0.000000,0.000000
0.000000,-0.000000,0.000000
0.000000,-0.000000,0.000000
0.000000,-0.000000,0.000000
0.000000,-0.000000,0.000000
0.000000,-0.000000,0.000000
0.000000,-0.000000,0.000000
0.000000,-0.000000,0.000000
0.000000,-0.000000,0.000000
0.000000,-0.000000,0.000000
0.000000,-0.000000,0.000000
0.000000,-0.000000,0.000000
0.000000,-0.000000,0.000000
0.000000,-0.000000,0.000000
0.000000,-0.000000,0.000000
0.000000,-0.000000,0.000000
0.000000,-0.000000,0.000000
0.000000,-0.000000,0.000000
0.000000,-0.000000,0.000000
0.000000,-0.000000,0.000000
0.000000,-0.000000,0.000000
0.000000,-0.000000,0.000000
0.000000,-0.000000,0.000000
0.000000,-0.000000,0.000000
0.000000,-0.000000,0.000000
0.000000,-0.000000,0.000000
0.000000,-0.000000,0.000000
0.000000,-0.000000,0.000000
0.000000,-0.000000,0.000000
0.000000,-0.000000,0.000000
0.000000,-0.000000,0.000000
0.000000,-0.000000,0.000000
0.000000,-0.000000,0.000000
0.000000,-0.000000,0.000000
0.000000,-0.000000,0.000000
0.000000,-0.000000,0.000000
0.000000,-0.000000,0.000000
0.000000,-0.000000,0.000000
0.000000,-0.000000,0.000000
0.000000,-0.000000,0.000000
0.000000,-0.000000,0.000000
0.000000,-0.000000,0.000000
0.000000,-0.000000,0.000000
0.000000,-0.000000,0.000000
0.000000,-0.000000,0.000000
0.000000,-0.000000,0.000000
0.000000,-0.000000,0.000000
0.000000,-0.000000,0.000000
0.000000,-0.000000,0.000000
0.000000,-0.000000,0.000000
0.000000,-0.000000,0.000000
0.000000,-0.000000,0.000000
0.000000,-0.000000,0.000000
0.000000,-0.000000,0.000000
0.000000,-0.000000,0.000000
0.000000,-0.000000,0.000000
0.000000,-0.000000,0.000000
0.000000,-0.000000,0.000000
0.000000,-0.000000,0.000000
0.000000,-0.000000,0.000000
0.000000,-0.000000,0.000000
0.000000,-0.000000,0.000000
0.000000,-0.000000,0.000000
0.000000,-0.000000,0.000000
0.000000,-0.000000,0.000000
0.000000,-0.000000,0.000000
0.000000,-0.000000,0.000000
0.000000,-0.000000,0.000000
0.000000,-0.000000,0.000000
0.000000,-0.000000,0.000000
0.000000,-0.000000,0.000000
0.000000,-0.000000,0.000000
0.000000,-0.000000,0.000000
0.000000,-0.000000,0.000000
0.000000,-0.000000,0.000000
0.000000,-0.000000,0.000000
0.000000,-0.000000,0.000000
0.000000,-0.000000,0.000000
0.000000,-0.000000,0.000000
0.000000,-0.000000,0.000000
0.000000,-0.000000,0.000000
0.000000,-0.000000,0.000000
0.000000,-0.000000,0.000000
0.000000,-0.000000,0.000000
0.000000,-0.000000,0.000000
0.000000,-0.000000,0.000000
0.000000,-0.000000,0.000000
0.000000,-0.000000,0.000000
0.000000,-0.000000,0.000000
0.000000,-0.000000,0.000000
0.000000,-0.000000,0.000000
0.000000,-0.000000,0.000000
0.000000,-0.000000,0.000000
0.000000,-0.000000,0.000000
0.000000,-0.000000,0.000000
0.000000,-0.000000,0.000000
0.000000,-0.000000,0.000000
0.000000,-0.000000,0.000000
0.000000,-0.000000,0.000000
0.000000,-0.000000,0.000000
0.000000,-0.000000,0.000000
0.000000,-0.000000,0.000000
0.000000,-0.000000,0.000000
0.000000,-0.000000,0.000000
0.000000,-0.000000,0.000000
0.000000,-0.000000,0.000000
0.000000,-0.000000,0.000000
0.000000,-0.000000,0.000000
0.000000,-0.000000,0.000000
0.000000,-0.000000,0.000000
0.000000,-0.000000,0.000000
0.000000,-0.000000,0.000000
0.000000,-0.000000,0.000000
0.000000,-0.000000,0.000000
0.000000,-0.000000,0.000000
0.000000,-0.000000,0.000000
0.000000,-0.000000,0.000000
0.000000,-0.000000,0.000000
0.000000,-0.000000,0.000000
0.000000,-0.000000,0.000000
0.000000,-0.000000,0.000000
0.000000,-0.000000,0.000000
0.000000,-0.000000,0.000000
0.000000,-0.000000,0.000000
0.000000,-0.000000,0.000000
0.000000,-0.000000,0.000000
0.000000,-0.000000,0.000000
0.000000,-0.000000,0.000000
0.000000,-0.000000,0.000000
0.000000,-0.000000,0.000000
0.000000,-0.000000,0.000000
0.000000,-0.000000,0.000000
0.000000,-0.000000,0.000000
0.000000,-0.000000,0.000000
0.000000,-0.000000,0.000000
0.000000,-0.000000,0.000000
0.000000,-0.000000,0.000000
0.000000,-0.000000,0.000000
0.000000,-0.000000,0.000000
0.000000,-0.000000,0.000000
0.000000,-0.000000,0.000000
0.000000,-0.000000,0.000000
0.000000,-0.000000,0.000000
0.000000,-0.000000,0.000000
0.000000,-0.000000,0.000000
0.000000,-0.000000,0.000000
0.000000,-0.000000,0.000000
0.000000,-0.000000,0.000000
0.000000,-0.000000,0.000000
0.000000,-0.000000,0.000000
0.000000,-0.000000,0.000000
0.000000,-0.000000,0.000000
0.000000,-0.000000,0.000000
0.000000,-0.000000,0.000000
0.000000,-0.000000,0.000000
0.000000,-0.000000,0.000000
0.000000,-0.000000,0.000000
0.000000,-0.000000,0.000000
0.000000,-0.000000,0.000000
0.000000,-0.000000,0.000000
0.000000,-0.000000,0.000000
0.000000,-0.000000,0.000000
0.000000,-0.000000,0.000000
0.000000,-0.000000,0.000000
0.000000,-0.000000,0.000000
0.000000,-0.000000,0.000000
0.000000,-0.000000,0.000000
0.000000,-0.000000,0.000000
0.000000,-0.000000,0.000000
0.000000,-0.000000,0.000000
0.000000,-0.000000,0.000000
0.000000,-0.000000,0.000000
0.000000,-0.000000,0.000000
0.000000,-0.000000,0.000000
0.000000,-0.000000,0.000000
0.000000,-0.000000,0.000000
0.000000,-0.000000,0.000000
0.000000,-0.000000,0.000000
0.000000,-0.000000,0.000000
0.000000,-0.000000,0.000000
0.000000,-0.000000,0.000000
0.000000,-0.000000,0.000000
0.000000,-0.000000,0.000000
0.000000,-0.000000,0.000000
0.000000,-0.000000,0.000000
0.000000,-0.000000,0.000000
0.000000,-0.000000,0.000000
0.000000,-0.000000,0.000000
0.000000,-0.000000,0.000000
0.000000,-0.000000,0.000000
0.000000,-0.000000,0.000000
0.000000,-0.000000,0.000000
0.000000,-0.000000,0.000000
0.000000,-0.000000,0.000000
0.000000,-0.000000,0.000000
0.000000,-0.000000,0.000000
0.000000,-0.000000,0.000000
0.000000,-0.000000,0.000000
0.000000,-0.000000,0.000000
0.000000,-0.000000,0.000000
0.000000,-0.000000,0.000000
0.000000,-0.000000,0.000000
0.000000,-0.000000,0.000000
0.000000,-0.000000,0.000000
0.000000,-0.000000,0.000000
0.000000,-0.000000,0.000000
0.000000,-0.000000,0.000000
0.000000,-0.000000,0.000000
0.000000,-0.000000,0.000000
0.000000,-0.000000,0.000000
0.000000,-0.000000,0.000000
0.000000,-0.000000,0.000000
0.000000,-0.000000,0.000000
0.000000,-0.000000,0.000000
0.000000,-0.000000,0.000000
0.000000,-0.000000,0.000000
0.000000,-0.000000,0.000000
0.000000,-0.000000,0.000000
0.000000,-0.000000,0.000000
0.000000,-0.000000,0.000000
0.000000,-0.000000,0.000000
0.000000,-0.000000,0.000000
0.000000,-0.000000,0.000000
0.000000,-0.000000,0.000000
0.000000,-0.000000,0.000000
0.000000,-0.000000,0.000000
0.000000,-0.000000,0.000000
0.000000,-0.000000,0.000000
0.000000,-0.000000,0.000000
0.000000,-0.000000,0.000000
0.000000,-0.000000,0.000000
0.000000,-0.000000,0.000000
0.000000,-0.000000,0.000000
0.000000,-0.000000,0.000000
0.000000,-0.000000,0.000000
0.000000,-0.000000,0.000000
0.000000,-0.000000,0.000000
0.000000,-0.000000,0.000000
0.000000,-0.000000,0.000000
0.000000,-0.000000,0.000000
0.000000,-0.000000,0.000000
0.000000,-0.000000,0.000000
0.000000,-0.000000,0.000000
0.000000,-0.000000,0.000000
0.000000,-0.000000,0.000000
0.000000,-0.000000,0.000000
0.000000,-0.000000,0.000000
0.000000,-0.000000,0.000000
0.000000,-0.000000,0.000000
0.000000,-0.000000,0.000000
0.000000,-0.000000,0.000000
0.000000,-0.000000,0.000000
0.000000,-0.000000,0.000000
0.000000,-0.000000,0.000000
0.000000,-0.000000,0.000000
0.000000,-0.000000,0.000000
0.000000,-0.000000,0.000000
0.000000,-0.000000,0.000000
0.000000,-0.000000,0.000000
0.000000,-0.000000,0.000000
0.000000,-0.000000,0.000000
0.000000,-0.000000,0.000000
0.000000,-0.000000,0.000000
0.000000,-0.000000,0.000000
0.000000,-0.000000,0.000000
0.000000,-0.000000,0.000000
0.000000,-0.000000,0.000000
0.000000,-0.000000,0.000000
0.000000,-0.000000,0.000000
0.000000,-0.000000,0.000000
0.000000,-0.000000,0.000000
0.000000,-0.000000,0.000000
0.000000,-0.000000,0.000000
0.000000,-0.000000,0.000000
0.000000,-0.000000,0.000000
0.000000,-0.000000,0.000000
0.000000,-0.000000,0.000000
0.000000,-0.000000,0.000000
0.000000,-0.000000,0.000000
0.000000,-0.000000,0.000000
0.000000,-0.000000,0.000000
0.000000,-0.000000,0.000000
0.000000,-0.000000,0.000000
0.000000,-0.000000,0.000000
0.000000,-0.000000,0.000000
0.000000,-0.000000,0.000000
0.000000,-0.000000,0.000000
0.000000,-0.000000,0.000000
0.000000,-0.000000,0.000000
0.000000,-0.000000,0.000000
0.000000,-0.000000,0.000000
0.000000,-0.000000,0.000000
0.000000,-0.000000,0.000000
0.000000,-0.000000,0.000000
0.000000,-0.000000,0.000000
0.000000,-0.000000,0.000000
0.000000,-0.000000,0.000000
0.000000,-0.000000,0.000000
0.000000,-0.000000,0.000000
0.000000,-0.000000,0.000000
0.000000,-0.000000,0.000000
0.000000,-0.000000,0.000000
0.000000,-0.000000,0.000000
0.000000,-0.000000,0.000000
0.000000,-0.000000,0.000000
0.000000,-0.000000,0.000000
0.000000,-0.000000,0.000000
0.000000,-0.000000,0.000000
0.000000,-0.000000,0.000000
0.000000,-0.000000,0.000000
0.000000,-0.000000,0.000000
0.000000,-0.000000,0.000000
0.000000,-0.000000,0.000000
0.000000,-0.000000,0.000000
0.000000,-0.000000,0.000000
0.000000,-0.000000,0.000000
0.000000,-0.000000,0.000000
0.000000,-0.000000,0.000000
0.000000,-0.000000,0.000000
0.000000,-0.000000,0.000000
0.000000,-0.000000,0.000000
0.000000,-0.000000,0.000000
0.000000,-0.000000,0.000000
0.000000,-0.000000,0.000000
0.000000,-0.000000,0.000000
0.000000,-0.000000,0.000000
0.000000,-0.000000,0.000000
0.000000,-0.000000,0.000000
0.000000,-0.000000,0.000000
0.000000,-0.000000,0.000000
0.000000,-0.000000,0.000000
0.000000,-0.000000,0.000000
0.000000,-0.000000,0.000000
0.000000,-0.000000,0.000000
0.000000,-0.000000,0.000000
0.000000,-0.000000,0.000000
0.000000,-0.000000,0.000000
0.000000,-0.000000,0.000000
0.000000,-0.000000,0.000000
0.000000,-0.000000,0.000000
0.000000,-0.000000,0.000000
0.000000,-0.000000,0.000000
0.000000,-0.000000,0.000000
0.000000,-0.000000,0.000000
0.000000,-0.000000,0.000000
0.000000,-0.000000,0.000000
0.000000,-0.000000,0.000000
0.000000,-0.000000,0.000000
0.000000,-0.000000,0.000000
0.000000,-0.000000,0.000000
0.000000,-0.000000,0.000000
0.000000,-0.000000,0.000000
0.000000,-0.000000,0.000000
0.000000,-0.000000,0.000000
0.000000,-0.000000,0.000000
0.000000,-0.000000,0.000000
0.000000,-0.000000,0.000000
0.000000,-0.000000,0.000000
0.000000,-0.000000,0.000000
0.000000,-0.000000,0.000000
0.000000,-0.000000,0.000000
0.000000,-0.000000,0.000000
0.000000,-0.000000,0.000000
0.000000,-0.000000,0.000000
0.000000,-0.000000,0.000000
0.000000,-0.000000,0.000000
0.000000,-0.000000,0.000000
0.000000,-0.000000,0.000000
0.000000,-0.000000,0.000000
0.000000,-0.000000,0.000000
0.000000,-0.000000,0.000000
0.000000,-0.000000,0.000000
0.000000,-0.000000,0.000000
0.000000,-0.000000,0.000000
0.000000,-0.000000,0.000000
0.000000,-0.000000,0.000000
0.000000,-0.000000,0.000000
0.000000,-0.000000,0.000000
0.000000,-0.000000,0.000000
0.000000,-0.000000,0.000000
0.000000,-0.000000,0.000000
0.000000,-0.000000,0.000000
0.000000,-0.000000,0.000000
0.000000,-0.000000,0.000000
0.000000,-0.000000,0.000000
0.000000,-0.000000,0.000000
0.000000,-0.000000,0.000000
0.000000,-0.000000,0.000000
0.000000,0.000000,0.000000
0.000000,0.000000,0.000000
0.000000,0.000000,0.000000
0.000000,0.000000,0.000000
0.000000,0.000000,0.000000
0.000000,0.000000,0.000000
0.000000,0.000000,0.000000
0.000000,0.000000,0.000000
0.000000,0.000000,0.000000
0.000000,0.000000,0.000000
0.000000,0.000000,0.000000
0.000000,0.000000,0.000000
0.000000,0.000000,0.000000
0.000000,0.000000,0.000000
0.000000,0.000000,0.000000
0.000000,0.000000,0.000000
0.000000,0.000000,0.000000
0.000000,0.000000,0.000000
0.000000,0.000000,0.000000
0.000000,0.000000,0.000000
0.000000,0.000000,0.000000
0.000000,0.000000,0.000000
0.000000,0.000000,0.000000
0.000000,0.000000,0.000000
0.000000,0.000000,0.000000
0.000000,0.000000,0.000000
0.000000,0.000000,0.000000
0.000000,0.000000,0.000000
0.000000,0.000000,0.000000
0.000000,0.000000,0.000000
0.000000,0.000000,0.000000
0.000000,0.000000,0.000000
0.000000,0.000000,0.000000
0.000000,0.000000,0.000000
0.000000,0.000000,0.000000
0.000000,0.000000,0.000000
0.000000,0.000000,0.000000
0.000000,0.000000,0.000000
0.000000,0.000000,0.000000
0.000000,0.000000,0.000000
0.000000,0.000000,0.000000
0.000000,0.000000,0.000000
0.000000,0.000000,0.000000
0.000000,0.000000,0.000000
0.000000,0.000000,0.000000
0.000000,0.000000,0.000000
0.000000,0.000000,0.000000
0.000000,0.000000,0.000000
0.000000,0.000000,0.000000
0.000000,0.000000,0.000000
0.000000,0.000000,0.000000
0.000000,0.000000,0.000000
0.000000,0.000000,0.000000
0.000000,0.000000,0.000000
0.000000,0.000000,0.000000
0.000000,0.000000,0.000000
0.000000,0.000000,0.000000
0.000000,0.000000,0.000000
0.000000,0.000000,0.000000
0.000000,0.000000,0.000000
0.000000,0.000000,0.000000
0.000000,0.000000,0.000000
0.000000,0.000000,0.000000
0.000000,0.000000,0.000000
0.000000,0.000000,0.000000
0.000000,0.000000,0.000000
0.000000,0.000000,0.000000
0.000000,0.000000,0.000000
0.000000,0.000000,0.000000
0.000000,0.000000,0.000000
0.000000,0.000000,0.000000
0.000000,0.000000,0.000000
0.000000,0.000000,0.000000
0.000000,0.000000,0.000000
0.000000,0.000000,0.000000
0.000000,0.000000,0.000000
0.000000,0.000000,0.000000
0.000000,0.000000,0.000000
0.000000,0.000000,0.000000
0.000000,0.000000,0.000000
0.000000,0.000000,0.000000
0.000000,0.000000,0.000000
0.000000,0.000000,0.000000
0.000000,0.000000,0.000000
0.000000,0.000000,0.000000
0.000000,0.000000,0.000000
0.000000,0.000000,0.000000
0.000000,0.000000,0.000000
0.000000,0.000000,0.000000
0.000000,0.000000,0.000000
0.000000,0.000000,0.000000
0.000000,0.000000,0.000000
0.000000,0.000000,0.000000
0.000000,0.000000,0.000000
0.000000,0.000000,0.000000
0.000000,0.000000,0.000000
0.000000,0.000000,0.000000
0.000000,0.000000,0.000000
0.000000,0.000000,0.000000
0.000000,0.000000,0.000000
0.000000,0.000000,0.000000
0.000000,0.000000,0.000000
0.000000,0.000000,0.000000
0.000000,0.000000,0.000000
0.000000,0.000000,0.000000
0.000000,0.000000,0.000000
0.000000,0.000000,0.000000
0.000000,0.000000,0.000000
0.000000,0.000000,0.000000
0.000000,0.000000,0.000000
0.000000,0.000000,0.000000
0.000000,0.000000,0.000000
0.000000,0.000000,0.000000
0.000000,0.000000,0.000000
0.000000,0.000000,0.000000
0.000000,0.000000,0.000000
0.000000,0.000000,0.000000
0.000000,0.000000,0.000000
0.000000,0.000000,0.000000
0.000000,0.000000,0.000000
0.000000,0.000000,0.000000
0.000000,0.000000,0.000000
0.000000,0.000000,0.000000
0.000000,0.000000,0.000000
0.000000,0.000000,0.000000
0.000000,0.000000,0.000000
0.000000,0.000000,0.000000
0.000000,0.000000,0.000000
0.000000,0.000000,0.000000
0.000000,0.000000,0.000000
0.000000,0.000000,0.000000
0.000000,0.000000,0.000000
0.000000,0.000000,0.000000
0.000000,0.000000,0.000000
0.000000,0.000000,0.000000
0.000000,0.000000,0.000000
0.000000,0.000000,0.000000
0.000000,0.000000,0.000000
0.000000,0.000000,0.000000
0.000000,0.000000,0.000000
0.000000,0.000000,0.000000
0.000000,0.000000,0.000000
0.000000,0.000000,0.000000
0.000000,0.000000,0.000000
0.000000,0.000000,0.000000
0.000000,0.000000,0.000000
0.000000,0.000000,0.000000
0.000000,0.000000,0.000000
0.000000,0.000000,0.000000
0.000000,0.000000,0.000000
0.000000,0.000000,0.000000
0.000000,0.000000,0.000000
0.000000,0.000000,0.000000
0.000000,0.000000,0.000000
0.000000,0.000000,0.000000
0.000000,0.000000,0.000000
0.000000,0.000000,0.000000
0.000000,0.000000,0.000000
0.000000,0.000000,0.000000
0.000000,0.000000,0.000000
0.000000,0.000000,0.000000
0.000000,0.000000,0.000000
0.000000,0.000000,0.000000
0.000000,0.000000,0.000000
0.000000,0.000000,0.000000
0.000000,0.000000,0.000000
0.000000,0.000000,0.000000
0.000000,0.000000,0.000000
0.000000,0.000000,0.000000
0.000000,0.000000,0.000000
0.000000,0.000000,0.000000
0.000000,0.000000,0.000000
0.000000,0.000000,0.000000
0.000000,0.000000,0.000000
0.000000,0.000000,0.000000
0.000000,0.000000,0.000000
0.000000,0.000000,0.000000
0.000000,0.000000,0.000000
0.000000,0.000000,0.000000
0.000000,0.000000,0.000000
0.000000,0.000000,0.000000
0.000000,0.000000,0.000000
0.000000,0.000000,0.000000
0.000000,0.000000,0.000000
0.000000,0.000000,0.000000
0.000000,0.000000,0.000000
0.000000,0.000000,0.000000
0.000000,0.000000,0.000000
0.000000,0.000000,0.000000
0.000000,0.000000,0.000000
0.000000,0.000000,0.000000
0.000000,0.000000,0.000000
0.000000,0.000000,0.000000
0.000000,0.000000,0.000000
0.000000,0.000000,0.000000
0.000000,0.000000,0.000000
0.000000,0.000000,0.000000
0.000000,0.000000,0.000000
0.000000,0.000000,0.000000
0.000000,0.000000,0.000000
0.000000,0.000000,0.000000
0.000000,0.000000,0.000000
0.000000,0.000000,0.000000
0.000000,0.000000,0.000000
0.000000,0.000000,0.000000
0.000000,0.000000,0.000000
0.000000,0.000000,0.000000
0.000000,0.000000,0.000000
0.000000,0.000000,0.000000
0.000000,0.000000,0.000000
0.000000,0.000000,0.000000
0.000000,0.000000,0.000000
0.000000,0.000000,0.000000
0.000000,0.000000,0.000000
0.000000,0.000000,0.000000
0.000000,0.000000,0.000000
0.000000,0.000000,0.000000
0.000000,0.000000,0.000000
0.000000,0.000000,0.000000
0.000000,0.000000,0.000000
0.000000,0.000000,0.000000
0.000000,0.000000,0.000000
0.000000,0.000000,0.000000
0.000000,0.000000,0.000000
0.000000,0.000000,0.000000
0.000000,0.000000,0.000000
0.000000,0.000000,0.000000
0.000000,0.000000,0.000000
0.000000,0.000000,0.000000
0.000000,0.000000,0.000000
0.000000,0.000000,0.000000
0.000000,0.000000,0.000000
0.000000,0.000000,0.000000
0.000000,0.000000,0.000000
0.000000,0.000000,0.000000
0.000000,0.000000,0.000000
0.000000,0.000000,0.000000
0.000000,0.000000,0.000000
0.000000,0.000000,0.000000
0.000000,0.000000,0.000000
0.000000,0.000000,0.000000
0.000000,0.000000,0.000000
0.000000,0.000000,0.000000
0.000000,0.000000,0.000000
0.000000,0.000000,0.000000
0.000000,0.000000,0.000000
0.000000,0.000000,0.000000
0.000000,0.000000,0.000000
0.000000,0.000000,0.000000
0.000000,0.000000,0.000000
0.000000,0.000000,0.000000
0.000000,0.000000,0.000000
0.000000,0.000000,0.000000
0.000000,0.000000,0.000000
0.000000,0.000000,0.000000
0.000000,0.000000,0.000000
0.000000,0.000000,0.000000
0.000000,0.000000,0.000000
0.000000,0.000000,0.000000
0.000000,0.000000,0.000000
0.000000,0.000000,0.000000
0.000000,0.000000,0.000000
0.000000,0.000000,0.000000
0.000000,0.000000,0.000000
0.000000,0.000000,0.000000
0.000000,0.000000,0.000000
0.000000,0.000000,0.000000
0.000000,0.000000,0.000000
0.000000,0.000000,0.000000
0.000000,0.000000,0.000000
0.000000,0.000000,0.000000
0.000000,0.000000,0.000000
0.000000,0.000000,0.000000
0.000000,0.000000,0.000000
0.000000,0.000000,0.000000
0.000000,0.000000,0.000000
0.000000,0.000000,0.000000
0.000000,0.000000,0.000000
0.000000,0.000000,0.000000
0.000000,0.000000,0.000000
0.000000,0.000000,0.000000
0.000000,0.000000,0.000000
0.000000,0.000000,0.000000
0.000000,0.000000,0.000000
0.000000,0.000000,0.000000
0.000000,0.000000,0.000000
0.000000,0.000000,0.000000
0.000000,0.000000,0.000000
0.000000,0.000000,0.000000
0.000000,0.000000,0.000000
0.000000,0.000000,0.000000
0.000000,0.000000,0.000000
0.000000,0.000000,0.000000
0.000000,0.000000,0.000000
0.000000,0.000000,0.000000
0.000000,0.000000,0.000000
0.000000,0.000000,0.000000
0.000000,0.000000,0.000000
0.000000,0.000000,0.000000
0.000000,0.000000,0.000000
0.000000,0.000000,0.000000
0.000000,0.000000,0.000000
0.000000,0.000000,0.000000
0.000000,0.000000,0.000000
0.000000,0.000000,0.000000
0.000000,0.000000,0.000000
0.000000,0.000000,0.000000
0.000000,0.000000,0.000000
0.000000,0.000000,0.000000
0.000000,0.000000,0.000000
0.000000,0.000000,0.000000
0.000000,0.000000,0.000000
0.000000,0.000000,0.000000
0.000000,0.000000,0.000000
0.000000,0.000000,0.000000
0.000000,0.000000,0.000000
0.000000,0.000000,0.000000
0.000000,0.000000,0.000000
0.000000,0.000000,0.000000
0.000000,0.000000,0.000000
0.000000,0.000000,0.000000
0.000000,0.000000,0.000000
0.000000,0.000000,0.000000
0.000000,0.000000,0.000000
0.000000,0.000000,0.000000
0.000000,0.000000,0.000000
0.000000,0.000000,0.000000
0.000000,0.000000,0.000000
0.000000,0.000000,0.000000
0.000000,0.000000,0.000000
0.000000,0.000000,0.000000
0.000000,0.000000,0.000000
0.000000,0.000000,0.000000
0.000000,0.000000,0.000000
0.000000,0.000000,0.000000
0.000000,0.000000,0.000000
0.000000,0.000000,0.000000
0.000000,0.000000,0.000000
0.000000,0.000000,0.000000
0.000000,0.000000,0.000000
0.000000,0.000000,0.000000
0.000000,0.000000,0.000000
0.000000,0.000000,0.000000
0.000000,0.000000,0.000000
0.000000,0.000000,0.000000
0.000000,0.000000,0.000000
0.000000,0.000000,0.000000
0.000000,0.000000,0.000000
0.000000,0.000000,0.000000
0.000000,0.000000,0.000000
0.000000,0.000000,0.000000
0.000000,0.000000,0.000000
0.000000,0.000000,0.000000
0.000000,0.000000,0.000000
0.000000,0.000000,0.000000
0.000000,0.000000,0.000000
0.000000,0.000000,0.000000
0.000000,0.000000,0.000000
0.000000,0.000000,0.000000
0.000000,0.000000,0.000000
0.000000,0.000000,0.000000
0.000000,0.000000,0.000000
0.000000,0.000000,0.000000
0.000000,0.000000,0.000000
0.000000,0.000000,0.000000
0.000000,0.000000,0.000000
0.000000,0.000000,0.000000
0.000000,0.000000,0.000000
0.000000,0.000000,0.000000
0.000000,0.000000,0.000000
0.000000,0.000000,0.000000
0.000000,0.000000,0.000000
0.000000,0.000000,0.000000
0.000000,0.000000,0.000000
0.000000,0.000000,0.000000
0.000000,0.000000,0.000000
0.000000,0.000000,0.000000
0.000000,0.000000,0.000000
0.000000,0.000000,0.000000
0.000000,0.000000,0.000000
0.000000,0.000000,0.000000
0.000000,0.000000,0.000000
0.000000,0.000000,0.000000
0.000000,0.000000,0.000000
0.000000,0.000000,0.000000
0.000000,0.000000,0.000000
0.000000,0.000000,0.000000
0.000000,0.000000,0.000000
0.000000,0.000000,0.000000
0.000000,0.000000,0.000000
0.000000,0.000000,0.000000
0.000000,0.000000,0.000000
0.000000,0.000000,0.000000
0.000000,0.000000,0.000000
0.000000,0.000000,0.000000
0.000000,0.000000,0.000000
0.000000,0.000000,0.000000
0.000000,0.000000,0.000000
0.000000,0.000000,0.000000
0.000000,0.000000,0.000000
0.000000,0.000000,0.000000
0.000000,0.000000,0.000000
0.000000,0.000000,0.000000
0.000000,0.000000,0.000000
0.000000,0.000000,0.000000
0.000000,0.000000,0.000000
0.000000,0.000000,0.000000
0.000000,0.000000,0.000000
0.000000,0.000000,0.000000
0.000000,0.000000,0.000000
0.000000,0.000000,0.000000
0.000000,0.000000,0.000000
0.000000,0.000000,0.000000
0.000000,0.000000,0.000000
0.000000,0.000000,0.000000
0.000000,0.000000,0.000000
0.000000,0.000000,0.000000
0.000000,0.000000,0.000000
0.000000,0.000000,0.000000
0.000000,0.000000,0.000000
0.000000,0.000000,0.000000
0.000000,0.000000,0.000000
0.000000,0.000000,0.000000
0.000000,0.000000,0.000000
0.000000,0.000000,0.000000
0.000000,0.000000,0.000000
0.000000,0.000000,0.000000
0.000000,0.000000,0.000000
0.000000,0.000000,0.000000
0.000000,0.000000,0.000000
0.000000,0.000000,0.000000
0.000000,0.000000,0.000000
0.000000,0.000000,0.000000
0.000000,0.000000,0.000000
0.000000,0.000000,0.000000
0.000000,0.000000,0.000000
0.000000,0.000000,0.000000
0.000000,0.000000,0.000000
0.000000,0.000000,0.000000
0.000000,0.000000,0.000000
0.000000,0.000000,0.000000
0.000000,0.000000,0.000000
0.000000,0.000000,0.000000
0.000000,0.000000,0.000000
0.000000,0.000000,0.000000
0.000000,0.000000,0.000000
0.000000,0.000000,0.000000
0.000000,0.000000,0.000000
0.000000,0.000000,0.000000
0.000000,0.000000,0.000000
0.000000,0.000000,0.000000
0.000000,0.000000,0.000000
0.000000,0.000000,0.000000
0.000000,0.000000,0.000000
0.000000,0.000000,0.000000
0.000000,0.000000,0.000000
0.000000,0.000000,0.000000
0.000000,0.000000,0.000000
0.000000,0.000000,0.000000
0.000000,0.000000,0.000000
0.000000,0.000000,0.000000
0.000000,0.000000,0.000000
0.000000,0.000000,0.000000
0.000000,0.000000,0.000000
0.000000,0.000000,0.000000
0.000000,0.000000,0.000000
0.000000,0.000000,0.000000
0.000000,0.000000,0.000000
0.000000,0.000000,0.000000
0.000000,0.000000,0.000000
0.000000,0.000000,0.000000
0.000000,0.000000,0.000000
0.000000,0.000000,0.000000
0.000000,0.000000,0.000000
0.000000,0.000000,0.000000
0.000000,0.000000,0.000000
0.000000,0.000000,0.000000
0.000000,0.000000,0.000000
0.000000,0.000000,0.000000
0.000000,0.000000,0.000000
0.000000,0.000000,0.000000
0.000000,0.000000,0.000000
0.000000,0.000000,0.000000
0.000000,0.000000,0.000000
0.000000,0.000000,0.000000
0.000000,0.000000,0.000000
0.000000,0.000000,0.000000
0.000000,0.000000,0.000000
0.000000,0.000000,0.000000
0.000000,0.000000,0.000000
0.000000,0.000000,0.000000
0.000000,0.000000,0.000000
0.000000,0.000000,0.000000
0.000000,0.000000,0.000000
0.000000,0.000000,0.000000
0.000000,0.000000,0.000000
0.000000,0.000000,0.000000
0.000000,0.000000,0.000000
0.000000,0.000000,0.000000
0.000000,0.000000,0.000000
0.000000,0.000000,0.000000
0.000000,0.000000,0.000000
0.000000,0.000000,0.000000
0.000000,0.000000,0.000000
0.000000,0.000000,0.000000
0.000000,0.000000,0.000000
0.000000,0.000000,0.000000
0.000000,0.000000,0.000000
0.000000,0.000000,0.000000
0.000000,0.000000,0.000000
0.000000,0.000000,0.000000
0.000000,0.000000,0.000000
0.000000,0.000000,0.000000
0.000000,0.000000,0.000000
0.000000,0.000000,0.000000
0.000000,0.000000,0.000000
0.000000,0.000000,0.000000
0.000000,0.000000,0.000000
0.000000,0.000000,0.000000
0.000000,0.000000,0.000000
0.000000,0.000000,0.000000
0.000000,0.000000,0.000000
0.000000,0.000000,0.000000
0.000000,0.000000,0.000000
0.000000,0.000000,0.000000
0.000000,0.000000,0.000000
0.000000,0.000000,0.000000
0.000000,0.000000,0.000000
0.000000,0.000000,0.000000
0.000000,0.000000,0.000000
0.000000,0.000000,0.000000
0.000000,0.000000,0.000000
0.000000,0.000000,0.000000
0.000000,0.000000,0.000000
0.000000,0.000000,0.000000
0.000000,0.000000,0.000000
0.000000,0.000000,0.000000
0.000000,0.000000,0.000000
0.000000,0.000000,0.000000
0.000000,0.000000,0.000000
0.000000,0.000000,0.000000
0.000000,0.000000,0.000000
0.000000,0.000000,0.000000
0.000000,0.000000,0.000000
0.000000,0.000000,0.000000
0.000000,0.000000,0.000000
0.000000,0.000000,0.000000
0.000000,0.000000,0.000000
0.000000,0.000000,0.000000
0.000000,0.000000,0.000000
0.000000,0.000000,0.000000
0.000000,0.000000,0.000000
0.000000,0.000000,0.000000
0.000000,0.000000,0.000000
0.000000,0.000000,0.000000
0.000000,0.000000,0.000000
0.000000,0.000000,0.000000
0.000000,0.000000,0.000000
0.000000,0.000000,0.000000
0.000000,0.000000,0.000000
0.000000,0.000000,0.000000
0.000000,0.000000,0.000000
0.000000,0.000000,0.000000
0.000000,0.000000,0.000000
0.000000,0.000000,0.000000
0.000000,0.000000,0.000000
0.000000,0.000000,0.000000
0.000000,0.000000,0.000000
0.000000,0.000000,0.000000
0.000000,0.000000,0.000000
0.000000,0.000000,0.000000
0.000000,0.000000,0.000000
0.000000,0.000000,0.000000
0.000000,0.000000,0.000000
0.000000,0.000000,0.000000
0.000000,0.000000,0.000000
0.000000,0.000000,0.000000
0.000000,0.000000,0.000000
0.000000,0.000000,0.000000
0.000000,0.000000,0.000000
0.000000,0.000000,0.000000
0.000000,0.000000,0.000000
0.000000,0.000000,0.000000
0.000000,0.000000,0.000000
0.000000,0.000000,0.000000
0.000000,0.000000,0.000000
0.000000,0.000000,0.000000
0.000000,0.000000,0.000000
0.000000,0.000000,0.000000
0.000000,0.000000,0.000000
0.000000,0.000000,0.000000
0.000000,0.000000,0.000000
0.000000,0.000000,0.000000
0.000000,0.000000,0.000000
0.000000,0.000000,0.000000
0.000000,0.000000,0.000000
0.000000,0.000000,0.000000
0.000000,0.000000,0.000000
0.000000,0.000000,0.000000
0.000000,0.000000,0.000000
0.000000,0.000000,0.000000
0.000000,0.000000,0.000000
0.000000,0.000000,0.000000
0.000000,0.000000,0.000000
0.000000,0.000000,0.000000
0.000000,0.000000,0.000000
0.000000,0.000000,0.000000
0.000000,0.000000,0.000000
0.000000,0.000000,0.000000
0.000000,0.000000,0.000000
0.000000,0.000000,0.000000
0.000000,0.000000,0.000000
0.000000,0.000000,0.000000
0.000000,0.000000,0.000000
0.000000,0.000000,0.000000
0.000000,0.000000,0.000000
0.000000,0.000000,0.000000
0.000000,0.000000,0.000000
0.000000,0.000000,0.000000
0.000000,0.000000,0.000000
0.000000,0.000000,0.000000
0.000000,0.000000,0.000000
0.000000,0.000000,0.000000
0.000000,0.000000,0.000000
0.000000,0.000000,0.000000
0.000000,0.000000,0.000000
0.000000,0.000000,0.000000
0.000000,0.000000,0.000000
0.000000,0.000000,0.000000
0.000000,0.000000,0.000000
0.000000,0.000000,0.000000
0.000000,0.000000,0.000000
0.000000,0.000000,0.000000
0.000000,0.000000,0.000000
0.000000,0.000000,0.000000
0.000000,0.000000,0.000000
0.000000,0.000000,0.000000
0.000000,0.000000,0.000000
0.000000,0.000000,0.000000
0.000000,0.000000,0.000000
0.000000,0.000000,0.000000
0.000000,0.000000,0.000000
0.000000,0.000000,0.000000
0.000000,0.000000,0.000000
0.000000,0.000000,0.000000
0.000000,0.000000,0.000000
0.000000,0.000000,0.000000
0.000000,0.000000,0.000000
0.000000,0.000000,0.000000
0.000000,0.000000,0.000000
0.000000,0.000000,0.000000
0.062714,0.000081,0.000001
0.023955,-0.000036,0.000001
0.009150,-0.000014,0.000001
0.003495,-0.000005,0.000001
0.069960,0.000089,0.000001
0.098124,0.000301,0.000002
0.037480,-0.000057,0.000002
0.080111,0.000090,0.000003
0.125759,0.000352,0.000003
0.048036,-0.000073,0.000004
0.018348,-0.000028,0.000004
0.077377,0.000094,0.000004
0.113172,0.000335,0.000005
0.043228,0.000508,0.000006
0.094053,0.000691,0.000007
0.124038,0.000967,0.000009
0.119564,0.001264,0.000012
0.118725,0.001556,0.000016
0.121653,0.001852,0.000020
0.046467,0.002036,0.000024
0.085273,0.002209,0.000030
0.114448,0.002463,0.000035
0.124178,0.002758,0.000042
0.126931,0.003067,0.000049
0.136417,0.003393,0.000057
0.138510,0.003730,0.000066
0.155820,0.004096,0.000075
0.145370,0.004463,0.000086
0.165874,0.004850,0.000097
0.148457,0.005231,0.000110
0.149095,0.005596,0.000123
0.156677,0.005973,0.000137
0.155087,0.006355,0.000152
0.157807,0.006740,0.000168
0.142223,0.007103,0.000185
0.146956,0.007459,0.000203
0.135184,0.007802,0.000222
0.127792,0.008122,0.000241
0.128930,0.008437,0.000262
0.128251,0.008753,0.000283
0.144388,0.009092,0.000305
0.148829,0.009453,0.000327
0.150313,0.009820,0.000351
0.133699,0.010163,0.000376
0.133407,0.010491,0.000401
0.135922,0.010822,0.000427
0.148502,0.011175,0.000454
0.149102,0.011540,0.000482
0.145054,0.011899,0.000511
0.158019,0.012275,0.000540
0.135055,0.012628,0.000571
0.142549,0.012970,0.000602
0.145005,0.013324,0.000634
0.140765,0.013673,0.000668
0.053768,0.013886,0.000701
0.104047,0.014095,0.000736
0.126736,0.014384,0.000771
0.139751,0.014715,0.000806
0.148957,0.015071,0.000843
0.142361,0.015427,0.000880
0.158164,0.015800,0.000919
0.165435,0.016199,0.000958
0.147151,0.016577,0.000998
0.140128,0.016927,0.001039
0.155398,0.017294,0.001081
0.158044,0.017679,0.001124
0.153510,0.018060,0.001168
0.148469,0.018429,0.001213
0.142331,0.018784,0.001258
0.147132,0.019140,0.001305
0.151703,0.019508,0.001352
0.153332,0.019883,0.001400
0.161402,0.020271,0.001450
0.145645,0.020643,0.001500
0.154092,0.021013,0.001551
0.160149,0.021400,0.001603
0.174476,0.021815,0.001656
0.180632,0.022252,0.001710
0.170421,0.022680,0.001765
0.178208,0.023110,0.001821
0.187253,0.023560,0.001879
0.175911,0.024003,0.001937
0.167123,0.024421,0.001996
0.142856,0.024794,0.002057
0.142680,0.025144,0.002118
0.145547,0.025498,0.002180
0.164209,0.025884,0.002243
0.160765,0.026281,0.002307
0.167210,0.026686,0.002372
0.149571,0.027069,0.002438
0.161550,0.027454,0.002505
0.164616,0.027855,0.002573
0.163320,0.028257,0.002641
0.159909,0.028652,0.002711
0.167066,0.029055,0.002782
0.184226,0.029491,0.002854
0.168935,0.029920,0.002927
0.170455,0.030336,0.003001
0.184005,0.030775,0.003075
0.177202,0.031216,0.003151
0.188276,0.031667,0.003229
0.176113,0.032111,0.003307
0.177604,0.032545,0.003386
0.178005,0.032981,0.003466
0.172411,0.033409,0.003548
0.174715,0.033835,0.003630
0.169982,0.034257,0.003714
0.189690,0.034704,0.003798
0.185450,0.035162,0.003884
0.186105,0.035618,0.003971
0.200711,0.036097,0.004059
0.198890,0.036586,0.004148
0.202269,0.037079,0.004238
0.194979,0.037564,0.004330
0.198205,0.038048,0.004423
0.200675,0.038538,0.004517
0.195614,0.039022,0.004612
0.205491,0.039517,0.004708
0.190367,0.039998,0.004806
0.202142,0.040483,0.004904
0.198918,0.040973,0.005004
0.190799,0.041449,0.005105
0.189243,0.041915,0.005207
0.189733,0.042379,0.005311
0.179330,0.042829,0.005415
0.216720,0.043326,0.005521
0.217967,0.043859,0.005628
0.221433,0.044399,0.005736
0.212323,0.044928,0.005846
0.211894,0.045448,0.005956
0.219241,0.045979,0.006069
0.209147,0.046502,0.006182
0.230194,0.047047,0.006297
0.207170,0.047577,0.006413
0.214841,0.048096,0.006530
0.227981,0.048643,0.006649
0.214841,0.049182,0.006769
0.227435,0.049729,0.006890
0.232594,0.050294,0.007013
0.208063,0.050827,0.007137
0.223564,0.051361,0.007262
0.226770,0.051914,0.007389
0.222142,0.052464,0.007517
0.230809,0.053022,0.007646
0.234861,0.053594,0.007777
0.239646,0.054177,0.007909
0.254011,0.054787,0.008043
0.254979,0.055411,0.008178
0.247784,0.056026,0.008315
0.243238,0.056627,0.008453
0.226868,0.057199,0.008592
0.228260,0.057757,0.008733
0.225765,0.058313,0.008876
0.237959,0.058886,0.009019
0.258802,0.059501,0.009165
0.240385,0.060108,0.009311
0.247876,0.060709,0.009459
0.254805,0.061327,0.009609
0.247427,0.061941,0.009760
0.239944,0.062537,0.009913
0.244565,0.063132,0.010067
0.262578,0.063760,0.010223
0.265172,0.064408,0.010380
0.264785,0.065057,0.010539
0.262889,0.065704,0.010699
0.268371,0.066357,0.010861
0.270470,0.067019,0.011025
0.268263,0.067679,0.011190
0.268957,0.068338,0.011357
0.266455,0.068994,0.011525
0.280227,0.069668,0.011695
0.264912,0.070332,0.011867
0.291564,0.071022,0.012040
0.297023,0.071746,0.012215
0.276917,0.072444,0.012392
0.282636,0.073132,0.012571
0.255404,0.073784,0.012751
0.239090,0.074386,0.012933
0.266622,0.075014,0.013116
0.269975,0.075673,0.013301
0.275708,0.076344,0.013487
0.280931,0.077028,0.013675
0.276907,0.077711,0.013865
0.281370,0.078397,0.014057
0.294770,0.079108,0.014250
0.277395,0.079804,0.014445
0.287044,0.080499,0.014641
0.305551,0.081231,0.014840
0.303798,0.081978,0.015040
0.306120,0.082726,0.015242
0.284439,0.083444,0.015445
0.301842,0.084168,0.015651
0.308656,0.084919,0.015858
0.293116,0.085652,0.016067
0.282792,0.086356,0.016278
0.314672,0.087097,0.016491
0.298444,0.087845,0.016706
0.305468,0.088587,0.016922
0.303766,0.089334,0.017140
0.326684,0.090113,0.017360
0.319179,0.090903,0.017582
0.319412,0.091686,0.017806
0.315002,0.092463,0.018032
0.328047,0.093255,0.018260
0.339190,0.094077,0.018489
0.337302,0.094906,0.018721
0.340958,0.095739,0.018955
0.336463,0.096568,0.019191
0.332076,0.097387,0.019429
0.326181,0.098193,0.019669
0.351954,0.099032,0.019911
0.349768,0.099892,0.020154
0.350582,0.100751,0.020401
0.350946,0.101612,0.020649
0.333246,0.102446,0.020899
0.332182,0.103262,0.021151
0.349333,0.104103,0.021406
0.347275,0.104957,0.021662
0.362902,0.105832,0.021921
0.351089,0.106704,0.022181
0.363068,0.107584,0.022444
0.358518,0.108468,0.022709
0.322416,0.109292,0.022976
0.321708,0.110082,0.023245
0.339454,0.110898,0.023516
0.352669,0.111751,0.023790
0.364415,0.112634,0.024065
0.351544,0.113508,0.024342
0.339491,0.114353,0.024622
0.323208,0.115161,0.024903
0.370229,0.116025,0.025187
0.361110,0.116919,0.025472
0.344503,0.117779,0.025760
0.342907,0.118622,0.026050
0.352608,0.119478,0.026342
0.365889,0.120363,0.026636
0.354848,0.121244,0.026933
0.375908,0.122146,0.027231
0.352625,0.123033,0.027532
0.358702,0.123907,0.027835
0.362534,0.124793,0.028140
0.362606,0.125682,0.028447
0.339016,0.126536,0.028756
0.331422,0.127356,0.029068
0.358240,0.128210,0.029381
0.354986,0.129083,0.029697
0.340594,0.129932,0.030014
0.352686,0.130786,0.030334
0.361954,0.131665,0.030656
0.375870,0.132574,0.030980
0.370814,0.133488,0.031306
0.349148,0.134365,0.031635
0.375056,0.135260,0.031965
0.380835,0.136189,0.032298
0.387140,0.137133,0.032634
0.367362,0.138053,0.032971
0.356942,0.138938,0.033311
0.341380,0.139790,0.033653
0.351831,0.140643,0.033997
0.355609,0.141512,0.034343
0.374804,0.142413,0.034691
0.371784,0.143328,0.035041
0.354407,0.144214,0.035394
0.348783,0.145075,0.035749
0.360142,0.145947,0.036106
0.388713,0.146874,0.036465
0.379776,0.147814,0.036826
0.382468,0.148749,0.037190
0.361657,0.149656,0.037556
0.372813,0.150560,0.037924
0.381773,0.151488,0.038295
0.380489,0.152423,0.038667
0.380264,0.153356,0.039042
0.380403,0.154289,0.039420
0.363546,0.155196,0.039799
0.370560,0.156099,0.040181
0.407395,0.157063,0.040565
0.393164,0.158041,0.040952
0.393423,0.159006,0.041341
0.392225,0.159969,0.041732
0.369413,0.160897,0.042125
0.382998,0.161823,0.042521
0.383662,0.162764,0.042919
0.379494,0.163699,0.043320
0.373368,0.164620,0.043722
0.381454,0.165548,0.044127
0.384841,0.166489,0.044534
0.390241,0.167441,0.044944
0.386230,0.168392,0.045356
0.396743,0.169356,0.045770
0.399182,0.170333,0.046187
0.408964,0.171327,0.046606
0.403978,0.172322,0.047027
0.406380,0.173317,0.047451
0.395632,0.174297,0.047877
0.415134,0.175297,0.048306
0.399069,0.176291,0.048737
0.401552,0.177273,0.049171
0.411680,0.178274,0.049607
0.400866,0.179267,0.050045
0.397609,0.180245,0.050486
0.411294,0.181241,0.050929
0.397361,0.182229,0.051375
0.391005,0.183194,0.051823
0.404478,0.184174,0.052274
0.399340,0.185158,0.052727
0.409245,0.186153,0.053182
0.423592,0.187178,0.053640
0.443845,0.188248,0.054101
0.441049,0.189333,0.054564
0.436799,0.190408,0.055030
0.432135,0.191472,0.055498
0.421735,0.192517,0.055969
0.429551,0.193564,0.056443
0.429884,0.194618,0.056919
0.422297,0.195661,0.057398
0.425264,0.196701,0.057879
0.429599,0.197751,0.058363
0.447448,0.198832,0.058849
0.451609,0.199936,0.059338
0.445779,0.201035,0.059830
0.444655,0.202127,0.060325
0.453365,0.203231,0.060822
0.447640,0.204334,0.061322
0.435458,0.205414,0.061824
0.450853,0.206505,0.062329
0.460977,0.207626,0.062837
0.465183,0.208763,0.063348
0.443240,0.209871,0.063861
0.440717,0.210955,0.064378
0.439787,0.212035,0.064896
0.439465,0.213113,0.065418
0.424813,0.214169,0.065942
0.475059,0.215287,0.066469
0.455991,0.216423,0.066998
0.448466,0.217530,0.067530
0.433736,0.218608,0.068065
0.466467,0.219722,0.068603
0.463136,0.220860,0.069143
0.479566,0.222022,0.069686
0.461015,0.223170,0.070232
0.487374,0.224341,0.070781
0.480641,0.225526,0.071333
0.481609,0.226706,0.071888
0.460157,0.227855,0.072445
0.485549,0.229022,0.073006
0.496645,0.230230,0.073569
0.495065,0.231446,0.074135
0.493021,0.232657,0.074704
0.476278,0.233841,0.075276
0.493141,0.235035,0.075851
0.486188,0.236234,0.076429
0.486461,0.237427,0.077010
0.467533,0.238592,0.077594
0.506175,0.239797,0.078181
0.514970,0.241052,0.078771
0.505059,0.242300,0.079364
0.508678,0.243545,0.079960
0.504453,0.244786,0.080558
0.488716,0.246000,0.081161
0.487954,0.247198,0.081765
0.496455,0.248407,0.082373
0.480244,0.249600,0.082984
0.486008,0.250787,0.083598
0.504165,0.252007,0.084214
0.499344,0.253236,0.084834
0.506263,0.254472,0.085457
0.500218,0.255705,0.086082
0.490786,0.256917,0.086711
0.507957,0.258147,0.087343
0.505649,0.259389,0.087978
0.511904,0.260639,0.088615
0.507968,0.261889,0.089256
0.500955,0.263124,0.089900
0.514625,0.264374,0.090547
0.506212,0.265624,0.091197
0.476588,0.266821,0.091850
0.502722,0.268029,0.092506
0.496264,0.269253,0.093165
0.505454,0.270484,0.093827
0.511825,0.271734,0.094493
0.500978,0.272973,0.095161
0.514356,0.274223,0.095832
0.503204,0.275468,0.096506
0.485664,0.276676,0.097184
0.465826,0.277837,0.097864
0.479332,0.279000,0.098547
0.488660,0.280190,0.099233
0.486098,0.281385,0.099922
0.499878,0.282599,0.100613
0.490525,0.283811,0.101308
0.480833,0.284999,0.102006
0.488301,0.286190,0.102706
0.487760,0.287387,0.103410
0.474280,0.288563,0.104116
0.468663,0.289718,0.104825
0.479742,0.290884,0.105537
0.496208,0.292086,0.106252
0.485434,0.293287,0.106970
0.449916,0.294424,0.107691
0.447623,0.295524,0.108415
0.476519,0.296665,0.109141
0.502524,0.297874,0.109870
0.506385,0.299113,0.110603
0.485130,0.300323,0.111338
0.480044,0.301505,0.112076
0.479959,0.302683,0.112817
0.479861,0.303860,0.113561
0.478435,0.305035,0.114308
0.452653,0.306170,0.115058
0.457721,0.307288,0.115810
0.458248,0.308412,0.116565
0.479274,0.309568,0.117324
0.476575,0.310740,0.118085
0.478473,0.311911,0.118848
0.479492,0.313087,0.119615
0.468073,0.314245,0.120384
0.469642,0.315396,0.121156
0.452566,0.316522,0.121931
0.470130,0.317659,0.122709
0.448117,0.318779,0.123490
0.429862,0.319851,0.124274
0.439710,0.320920,0.125059
0.452360,0.322019,0.125848
0.439949,0.323110,0.126640
0.467902,0.324231,0.127434
0.477917,0.325394,0.128230
0.473075,0.326559,0.129030
0.463947,0.327706,0.129833
0.461224,0.328840,0.130638
0.476441,0.329994,0.131446
0.468109,0.331150,0.132257
0.471267,0.332304,0.133071
0.475369,0.333466,0.133887
0.468230,0.334621,0.134706
0.487412,0.335798,0.135529
0.476776,0.336978,0.136354
0.472947,0.338141,0.137182
0.449434,0.339266,0.138013
0.446165,0.340364,0.138846
0.452508,0.341468,0.139683
0.453478,0.342579,0.140522
0.447791,0.343683,0.141364
0.464577,0.344807,0.142208
0.457827,0.345936,0.143055
0.455292,0.347056,0.143905
0.445695,0.348158,0.144758
0.450801,0.349259,0.145613
0.461532,0.350381,0.146471
0.448002,0.351493,0.147332
0.439767,0.352579,0.148196
0.461460,0.353691,0.149062
0.455131,0.354813,0.149930
0.424664,0.355883,0.150802
0.427540,0.356929,0.151676
0.427440,0.357977,0.152553
0.452425,0.359064,0.153433
0.445640,0.360164,0.154315
0.441752,0.361251,0.155200
0.450296,0.362348,0.156088
0.432938,0.363426,0.156978
0.424791,0.364477,0.157871
0.440793,0.365543,0.158767
0.440843,0.366624,0.159665
0.442522,0.367709,0.160566
0.437144,0.368786,0.161469
0.436573,0.369858,0.162375
0.435072,0.370927,0.163284
0.433726,0.371992,0.164195
0.447886,0.373078,0.165109
0.448182,0.374177,0.166026
0.454210,0.375286,0.166945
0.446210,0.376388,0.167867
0.449343,0.377488,0.168792
0.440069,0.378576,0.169720
0.445460,0.379664,0.170650
0.434075,0.380740,0.171583
0.434158,0.381804,0.172518
0.422258,0.382851,0.173456
0.420821,0.383885,0.174396
0.434976,0.384939,0.175339
0.449567,0.386028,0.176285
0.456422,0.387142,0.177234
0.445644,0.388245,0.178185
0.418157,0.389297,0.179139
0.430895,0.390342,0.180095
0.444819,0.391420,0.181054
0.430687,0.392490,0.182016
0.412128,0.393519,0.182980
0.419603,0.394542,0.183947
0.429883,0.395587,0.184917
0.441477,0.396659,0.185889
0.432417,0.397729,0.186863
0.458570,0.398830,0.187841
0.451205,0.399943,0.188820
0.459084,0.401062,0.189803
0.462007,0.402193,0.190788
0.473368,0.403344,0.191777
0.471609,0.404503,0.192768
0.460473,0.405643,0.193761
0.472489,0.406792,0.194759
0.490083,0.407977,0.195758
0.454067,0.409125,0.196760
0.451777,0.410235,0.197765
0.474583,0.411379,0.198773
0.482336,0.412555,0.199784
0.489660,0.413750,0.200798
0.471870,0.414924,0.201814
0.478630,0.416091,0.202833
0.471892,0.417255,0.203856
0.469479,0.418409,0.204880
0.458284,0.419543,0.205908
0.455209,0.420663,0.206938
0.443811,0.421762,0.207972
0.432054,0.422833,0.209007
0.452484,0.423923,0.210046
0.453012,0.425034,0.211087
0.447300,0.426137,0.212131
0.467520,0.427264,0.213177
0.457161,0.428395,0.214227
0.473997,0.429542,0.215279
0.473292,0.430704,0.216334
0.475841,0.431869,0.217392
0.462015,0.433015,0.218453
0.467069,0.434156,0.219516
0.465890,0.435300,0.220582
0.468184,0.436446,0.221652
0.461948,0.437585,0.222723
0.473045,0.438735,0.223798
0.481916,0.439908,0.224876
0.483524,0.441093,0.225956
0.498647,0.442302,0.227040
0.497376,0.443523,0.228126
0.494109,0.444738,0.229216
0.494541,0.445951,0.230308
0.491262,0.447159,0.231404
0.479891,0.448347,0.232502
0.449187,0.449477,0.233603
0.449411,0.450579,0.234706
0.476156,0.451722,0.235813
0.472704,0.452884,0.236922
0.460746,0.454025,0.238034
0.463859,0.455161,0.239149
0.470752,0.456308,0.240267
0.480790,0.457479,0.241388
0.478745,0.458655,0.242512
0.504782,0.459869,0.243638
0.507154,0.461111,0.244768
0.508420,0.462356,0.245900
0.501766,0.463593,0.247035
0.501445,0.464823,0.248174
0.505086,0.466059,0.249316
0.488610,0.467273,0.250460
0.486736,0.468469,0.251608
0.478438,0.469650,0.252758
0.479975,0.470825,0.253911
0.486100,0.472012,0.255068
0.486014,0.473204,0.256227
0.477245,0.474383,0.257389
0.482341,0.475561,0.258555
0.494271,0.476763,0.259723
0.504365,0.477990,0.260893
0.509927,0.479236,0.262067
0.497016,0.480467,0.263244
0.475632,0.481654,0.264424
0.463759,0.482802,0.265607
0.455088,0.483927,0.266793
0.462053,0.485054,0.267981
0.462434,0.486187,0.269172
0.452669,0.487307,0.270366
0.468692,0.488442,0.271563
0.474716,0.489601,0.272763
0.485407,0.490782,0.273966
0.479331,0.491963,0.275171
0.481388,0.493143,0.276380
0.483682,0.494327,0.277591
0.479779,0.495507,0.278805
0.491737,0.496703,0.280022
0.481891,0.497894,0.281242
0.454688,0.499035,0.282465
0.466280,0.500168,0.283690
0.464694,0.501309,0.284919
0.467255,0.502453,0.286150
0.455996,0.503583,0.287384
0.472229,0.504726,0.288621
0.457697,0.505862,0.289860
0.453774,0.506979,0.291103
0.470231,0.508117,0.292348
0.479404,0.509284,0.293595
0.463767,0.510437,0.294846
0.485671,0.511608,0.296100
0.489841,0.512805,0.297356
0.476005,0.513986,0.298616
0.472213,0.515148,0.299878
0.460460,0.516289,0.301143
0.459069,0.517416,0.302411
0.453052,0.518533,0.303682
0.481350,0.519688,0.304956
0.487860,0.520878,0.306232
0.481214,0.522065,0.307511
0.471170,0.523230,0.308793
0.480559,0.524400,0.310078
0.475168,0.525571,0.311366
0.454150,0.526705,0.312657
0.457912,0.527824,0.313949
0.461032,0.528952,0.315245
0.451989,0.530069,0.316544
0.466394,0.531200,0.317846
0.470572,0.532350,0.319150
0.472091,0.533507,0.320458
0.454589,0.534638,0.321768
0.486568,0.535802,0.323081
0.476350,0.536979,0.324396
0.479767,0.538153,0.325715
0.489664,0.539345,0.327036
0.477299,0.540528,0.328361
0.471145,0.541689,0.329689
0.480437,0.542859,0.331019
0.476607,0.544032,0.332352
0.453019,0.545166,0.333688
0.465076,0.546295,0.335027
0.468017,0.547440,0.336368
0.454931,0.548569,0.337713
0.448489,0.549674,0.339059
0.453114,0.550782,0.340409
0.447157,0.551885,0.341762
0.441956,0.552974,0.343117
0.460908,0.554086,0.344475
0.491802,0.555264,0.345835
0.491674,0.556470,0.347199
0.484086,0.557665,0.348566
0.492888,0.558866,0.349935
0.505162,0.560093,0.351307
0.511857,0.561343,0.352683
0.499594,0.562579,0.354061
0.487638,0.563787,0.355443
0.474139,0.564963,0.356827
0.476479,0.566129,0.358215
0.459657,0.567272,0.359604
0.463638,0.568406,0.360997
0.450698,0.569524,0.362393
0.460210,0.570643,0.363791
0.448992,0.571755,0.365191
0.436981,0.572838,0.366596
0.433773,0.573905,0.368002
0.458073,0.575006,0.369412
0.466765,0.576143,0.370823
0.479007,0.577307,0.372238
0.480653,0.578484,0.373656
0.452104,0.579620,0.375076
0.468196,0.580753,0.376500
0.472886,0.581909,0.377926
0.461408,0.583052,0.379355
0.463050,0.584186,0.380786
0.474175,0.585339,0.382221
0.451830,0.586468,0.383657
0.456476,0.587583,0.385098
0.484499,0.588746,0.386540
0.448988,0.589880,0.387986
0.463598,0.591004,0.389435
0.467464,0.592147,0.390886
0.466102,0.593291,0.392339
0.468504,0.594438,0.393796
0.460985,0.595576,0.395256
0.451911,0.596693,0.396718
0.448638,0.597797,0.398183
0.433886,0.598875,0.399650
0.445973,0.599957,0.401121
0.455137,0.601065,0.402594
0.457272,0.602185,0.404069
0.465397,0.603319,0.405548
0.475987,0.604476,0.407029
0.469546,0.605634,0.408513
0.448101,0.606753,0.410000
0.437130,0.607836,0.411490
0.440370,0.608913,0.412982
0.433970,0.609983,0.414476
0.452309,0.611076,0.415974
0.457661,0.612193,0.417475
0.464000,0.613325,0.418977
0.454315,0.614448,0.420483
0.455238,0.615565,0.421992
0.463151,0.616693,0.423503
0.460151,0.617825,0.425018
0.445880,0.618932,0.426535
0.459770,0.620047,0.428055
0.466995,0.621186,0.429577
0.450752,0.622307,0.431103
0.451577,0.623414,0.432630
0.454799,0.624526,0.434160
0.449827,0.625635,0.435694
0.457917,0.626751,0.437231
0.453830,0.627867,0.438769
0.468603,0.629003,0.440311
0.460817,0.630141,0.441855
0.454866,0.631262,0.443402
0.485129,0.632424,0.444953
0.490907,0.633623,0.446505
0.500787,0.634843,0.448062
0.468900,0.636023,0.449621
0.453462,0.637150,0.451182
0.458146,0.638269,0.452747
0.445429,0.639374,0.454314
0.455070,0.640481,0.455884
0.472171,0.641623,0.457456
0.488630,0.642807,0.459032
0.481638,0.643995,0.460610
0.481744,0.645177,0.462191
0.463971,0.646332,0.463776
0.476539,0.647489,0.465363
0.481262,0.648665,0.466952
0.460787,0.649815,0.468545
0.451861,0.650931,0.470140
0.466656,0.652062,0.471739
0.451373,0.653184,0.473339
0.453054,0.654294,0.474943
0.484707,0.655453,0.476550
0.479275,0.656634,0.478159
0.503623,0.657846,0.479771
0.498367,0.659074,0.481387
0.477266,0.660264,0.483004
0.485234,0.661447,0.484626
0.471628,0.662617,0.486250
0.456090,0.663750,0.487876
0.457867,0.664871,0.489506
0.487650,0.666040,0.491138
0.469375,0.667208,0.492773
0.481787,0.668378,0.494411
0.487682,0.669569,0.496053
0.495955,0.670778,0.497696
0.482997,0.671975,0.499343
0.471088,0.673141,0.500993
0.487115,0.674321,0.502645
0.478257,0.675503,0.504301
0.472363,0.676667,0.505960
0.467078,0.677818,0.507621
0.450081,0.678938,0.509285
0.467185,0.680068,0.510951
0.444064,0.681179,0.512621
0.446851,0.682272,0.514294
0.460879,0.683390,0.515969
0.482576,0.684553,0.517647
0.476158,0.685728,0.519329
0.473918,0.686893,0.521012
0.469938,0.688050,0.522699
0.462343,0.689191,0.524389
0.477924,0.690349,0.526081
0.462901,0.691499,0.527776
0.451235,0.692617,0.529474
0.465095,0.693745,0.531175
0.464118,0.694884,0.532878
0.460719,0.696018,0.534584
0.465312,0.697155,0.536292
0.493802,0.698339,0.538004
0.476435,0.699525,0.539719
0.470947,0.700686,0.541437
0.451437,0.701811,0.543156
0.460345,0.702932,0.544879
0.491342,0.704108,0.546605
0.474970,0.705288,0.548333
0.469406,0.706445,0.550066
0.449530,0.707566,0.551800
0.462682,0.708689,0.553537
0.431846,0.709778,0.555277
0.458655,0.710877,0.557019
0.461777,0.712008,0.558765
0.462356,0.713141,0.560513
0.446729,0.714251,0.562263
0.464332,0.715374,0.564017
0.477076,0.716532,0.565773
0.474173,0.717698,0.567531
0.440495,0.718810,0.569294
0.460161,0.719921,0.571059
0.475410,0.721073,0.572826
0.477976,0.722243,0.574596
0.467537,0.723400,0.576370
0.469266,0.724549,0.578146
0.480875,0.725718,0.579924
0.462752,0.726870,0.581706
0.461960,0.728003,0.583489
0.452756,0.729123,0.585277
0.454085,0.730235,0.587066
0.455725,0.731351,0.588859
0.482714,0.732510,0.590655
0.476659,0.733685,0.592452
0.478877,0.734857,0.594253
0.477782,0.736030,0.596057
0.477511,0.737202,0.597864
0.480101,0.738377,0.599674
0.489026,0.739569,0.601487
0.505727,0.740793,0.603302
0.494122,0.742016,0.605121
0.487181,0.743217,0.606941
0.486424,0.744411,0.608766
0.481768,0.745598,0.610595
0.460229,0.746746,0.612424
0.464275,0.747881,0.614257
0.490888,0.749061,0.616094
0.467077,0.750228,0.617932
0.466224,0.751373,0.619774
0.448053,0.752490,0.621619
0.463365,0.753611,0.623466
0.477941,0.754770,0.625316
0.461344,0.755918,0.627169
0.486461,0.757087,0.629024
0.479504,0.758270,0.630883
0.496378,0.759472,0.632745
0.485160,0.760673,0.634610
0.467744,0.761836,0.636477
0.459550,0.762971,0.638347
0.458009,0.764096,0.640220
0.441022,0.765194,0.642096
0.453632,0.766295,0.643974
0.449181,0.767401,0.645855
0.445907,0.768498,0.647740
0.469896,0.769628,0.649626
0.480379,0.770797,0.651516
0.465097,0.771953,0.653408
0.463884,0.773091,0.655303
0.454520,0.774216,0.657201
0.468519,0.775352,0.659102
0.453812,0.776479,0.661006
0.469011,0.777615,0.662912
0.480579,0.778783,0.664820
0.477616,0.779957,0.666732
0.477948,0.781129,0.668647
0.469019,0.782288,0.670564
0.477304,0.783451,0.672484
0.477241,0.784622,0.674407
0.471322,0.785784,0.676333
0.457283,0.786918,0.678261
0.468340,0.788057,0.680194
0.450169,0.789179,0.682130
0.449046,0.790281,0.684067
0.454891,0.791392,0.686007
0.446751,0.792495,0.687950
0.448282,0.793594,0.689895
0.472304,0.794730,0.691843
0.478848,0.795898,0.693795
0.472009,0.797062,0.695747
0.504978,0.798270,0.697704
0.482265,0.799474,0.699664
0.458416,0.800621,0.701627
0.483427,0.801784,0.703593
0.490092,0.802980,0.705560
0.498401,0.804195,0.707532
0.461835,0.805362,0.709506
0.461324,0.806493,0.711482
0.477214,0.807650,0.713462
0.483331,0.808830,0.715446
0.479401,0.810009,0.717431
0.461730,0.811159,0.719420
0.456734,0.812285,0.721413
0.465345,0.813419,0.723407
0.459607,0.814551,0.725404
0.455729,0.815673,0.727404
0.462942,0.816802,0.729406
0.480777,0.817965,0.731411
0.483067,0.819148,0.733420
0.470582,0.820314,0.735431
0.456664,0.821447,0.737444
0.477037,0.822599,0.739462
0.478686,0.823772,0.741482
0.510790,0.824995,0.743504
0.488936,0.826215,0.745530
0.473250,0.827391,0.747559
0.464348,0.828539,0.749590
0.456696,0.829667,0.751625
0.459584,0.830792,0.753662
0.464507,0.831927,0.755702
0.475286,0.833083,0.757744
0.474834,0.834248,0.759789
0.465824,0.835399,0.761838
0.486128,0.836572,0.763888
0.493802,0.837777,0.765943
0.485323,0.838976,0.767999
0.489480,0.840172,0.770058
0.479061,0.841357,0.772121
0.472193,0.842522,0.774187
0.435992,0.843626,0.776254
0.453616,0.844722,0.778325
0.478039,0.845872,0.780399
0.498689,0.847076,0.782476
0.482694,0.848275,0.784555
0.493124,0.849475,0.786637
0.476151,0.850659,0.788723
0.496352,0.851858,0.790812
0.493368,0.853070,0.792902
0.450969,0.854217,0.794996
0.445315,0.855315,0.797094
0.455075,0.856422,0.799194
0.473558,0.857566,0.801295
0.489137,0.858752,0.803401
0.483873,0.859944,0.805510
0.463578,0.861100,0.807620
0.440863,0.862203,0.809734
0.443182,0.863288,0.811850
0.449559,0.864384,0.813969
0.438519,0.865471,0.816091
0.460839,0.866580,0.818215
0.455935,0.867703,0.820343
0.466249,0.868837,0.822472
0.464417,0.869978,0.824605
0.471066,0.871128,0.826741
0.472280,0.872285,0.828880
0.450519,0.873411,0.831021
0.466715,0.874541,0.833166
0.481933,0.875709,0.835313
0.488294,0.876900,0.837462
0.468474,0.878069,0.839615
0.437586,0.879171,0.841771
0.443074,0.880253,0.843928
0.442133,0.881338,0.846089
0.456855,0.882445,0.848253
0.448774,0.883554,0.850419
0.451575,0.884659,0.852588
0.439272,0.885749,0.854760
0.442084,0.886831,0.856935
0.459415,0.887941,0.859112
0.460281,0.889070,0.861292
0.466631,0.890208,0.863473
0.459849,0.891343,0.865658
0.443002,0.892445,0.867846
0.452627,0.893546,0.870036
0.442997,0.894642,0.872229
0.470496,0.895771,0.874426
0.473898,0.896930,0.876625
0.458663,0.898069,0.878826
0.465777,0.899205,0.881031
0.455256,0.900331,0.883237
0.465936,0.901464,0.885447
0.464285,0.902605,0.887660
0.479539,0.903767,0.889875
0.472199,0.904932,0.892093
0.440097,0.906042,0.894315
0.454134,0.907143,0.896539
0.454796,0.908258,0.898766
0.450993,0.909367,0.900994
0.449780,0.910472,0.903227
0.447839,0.911573,0.905463
0.463131,0.912695,0.907701
0.462803,0.913830,0.909940
0.459803,0.914961,0.912184
0.460163,0.916090,0.914430
0.470659,0.917234,0.916679
0.475106,0.918396,0.918930
0.473885,0.919560,0.921185
0.471850,0.920719,0.923442
0.451538,0.921845,0.925702
0.478351,0.922994,0.927964
0.464988,0.924147,0.930231
0.467090,0.925291,0.932500
0.455797,0.926420,0.934770
0.470660,0.927560,0.937044
0.470637,0.928715,0.939322
0.480984,0.929886,0.941602
0.477233,0.931060,0.943885
0.484780,0.932242,0.946170
0.469885,0.933409,0.948459
0.463954,0.934553,0.950750
0.439906,0.935655,0.953044
0.476741,0.936790,0.955342
0.476399,0.937959,0.957641
0.492476,0.939152,0.959944
0.465885,0.940320,0.962250
0.470519,0.941469,0.964557
0.454087,0.942599,0.966868
0.471410,0.943740,0.969183
0.470624,0.944894,0.971498
0.471762,0.946051,0.973818
0.473733,0.947211,0.976141
0.475930,0.948377,0.978466
0.497399,0.949577,0.980794
0.490728,0.950786,0.983123
0.504907,0.952012,0.985458
0.474899,0.953205,0.987794
0.451553,0.954334,0.990134
0.461764,0.955457,0.992476
0.462913,0.956592,0.994822
0.485874,0.957762,0.997169
0.491572,0.958963,0.999520
0.480273,0.960151,1.001874
0.478846,0.961327,1.004230
0.473457,0.962494,1.006590
0.478580,0.963663,1.008953
0.468682,0.964822,1.011317
0.481168,0.965991,1.013686
0.469805,0.967154,1.016057
0.477216,0.968317,1.018430
0.476970,0.969487,1.020807
0.481356,0.970664,1.023188
0.483265,0.971848,1.025570
0.490152,0.973044,1.027955
0.491512,0.974249,1.030345
0.480016,0.975437,1.032736
0.480521,0.976615,1.035131
0.478900,0.977792,1.037528
0.457618,0.978934,1.039927
0.456792,0.980056,1.042331
0.466520,0.981191,1.044736
0.464291,0.982332,1.047144
0.463286,0.983469,1.049555
0.465584,0.984609,1.051969
0.450386,0.985728,1.054385
0.469674,0.986862,1.056806
0.480253,0.988030,1.059228
0.475630,0.989201,1.061653
0.482459,0.990379,1.064081
0.469448,0.991543,1.066512
0.450751,0.992666,1.068946
0.457031,0.993782,1.071384
0.455054,0.994900,1.073823
0.446957,0.996004,1.076265
0.442329,0.997094,1.078710
0.456886,0.998200,1.081157
0.469545,0.999341,1.083607
0.484835,1.000517,1.086062
0.480300,1.001699,1.088518
0.473843,1.002868,1.090977
0.462564,1.004013,1.093438
0.479111,1.005173,1.095903
0.495832,1.006374,1.098370
0.491730,1.007583,1.100840
0.485860,1.008781,1.103314
0.489772,1.009979,1.105790
0.507233,1.011207,1.108270
0.496058,1.012434,1.110752
0.494855,1.013649,1.113237
0.482895,1.014845,1.115725
0.467749,1.016007,1.118216
0.467938,1.017155,1.120710
0.442883,1.018265,1.123207
0.467121,1.019388,1.125707
0.464372,1.020530,1.128209
0.469298,1.021677,1.130714
0.438678,1.022782,1.133222
0.450761,1.023876,1.135732
0.439504,1.024965,1.138246
0.467830,1.026087,1.140763
0.473532,1.027243,1.143282
0.484908,1.028423,1.145804
0.479044,1.029604,1.148329
0.476425,1.030775,1.150857
0.475761,1.031943,1.153387
0.487111,1.033127,1.155920
0.470645,1.034298,1.158457
0.470173,1.035452,1.160996
0.454256,1.036581,1.163538
0.462596,1.037709,1.166084
0.470535,1.038857,1.168633
0.452790,1.039984,1.171184
0.469690,1.041121,1.173737
0.474416,1.042281,1.176294
0.465883,1.043433,1.178854
0.453820,1.044557,1.181415
0.459388,1.045680,1.183980
0.464557,1.046815,1.186549
0.454755,1.047940,1.189118
0.441944,1.049036,1.191690
0.432646,1.050107,1.194266
0.435035,1.051172,1.196843
0.457909,1.052274,1.199425
0.462484,1.053405,1.202008
0.468859,1.054549,1.204594
0.462399,1.055689,1.207182
0.474580,1.056843,1.209775
0.479354,1.058015,1.212370
0.472386,1.059180,1.214967
0.463875,1.060326,1.217567
0.462070,1.061462,1.220171
0.462724,1.062597,1.222778
0.474849,1.063751,1.225386
0.473209,1.064914,1.227998
0.467135,1.066065,1.230612
0.460078,1.067201,1.233230
0.460396,1.068330,1.235850
0.469218,1.069473,1.238472
0.477008,1.070636,1.241096
0.491765,1.071828,1.243724
0.459306,1.072986,1.246355
0.442335,1.074086,1.248987
0.452256,1.075187,1.251624
0.453335,1.076298,1.254263
0.440203,1.077390,1.256904
0.458853,1.078498,1.259550
0.470371,1.079641,1.262197
0.473186,1.080799,1.264846
0.475732,1.081964,1.267499
0.469141,1.083121,1.270156
0.481523,1.084290,1.272813
0.458019,1.085436,1.275475
0.465734,1.086572,1.278140
0.454125,1.087696,1.280805
0.458574,1.088817,1.283476
0.466034,1.089954,1.286149
0.465725,1.091097,1.288824
0.461365,1.092233,1.291502
0.494555,1.093415,1.294183
0.497157,1.094632,1.296866
0.464063,1.095801,1.299554
0.460419,1.096935,1.302244
0.476566,1.098088,1.304936
0.476842,1.099258,1.307631
0.467337,1.100414,1.310330
0.472049,1.101567,1.313030
0.453965,1.102698,1.315735
0.477613,1.103848,1.318442
0.474768,1.105015,1.321151
0.483836,1.106194,1.323864
0.479587,1.107374,1.326580
0.472013,1.108539,1.329296
0.457391,1.109675,1.332018
0.478571,1.110829,1.334742
0.465649,1.111983,1.337467
0.471260,1.113134,1.340197
0.468929,1.114287,1.342930
0.459133,1.115422,1.345664
0.455652,1.116543,1.348402
0.457405,1.117664,1.351143
0.485774,1.118829,1.353885
0.496577,1.120037,1.356632
0.456342,1.121194,1.359382
0.463151,1.122324,1.362132
0.490188,1.123501,1.364886
0.493360,1.124708,1.367645
0.483658,1.125904,1.370405
0.468763,1.127068,1.373169
0.458097,1.128202,1.375935
0.465468,1.129336,1.378704
0.474190,1.130492,1.381476
0.474422,1.131655,1.384251
0.477287,1.132823,1.387028
0.477022,1.133994,1.389809
0.481785,1.135172,1.392593
0.490934,1.136368,1.395379
0.489911,1.137571,1.398169
0.471368,1.138745,1.400962
0.453994,1.139874,1.403756
0.437336,1.140963,1.406554
0.428284,1.142022,1.409355
0.455928,1.143114,1.412156
0.478107,1.144267,1.414963
0.472193,1.145430,1.417771
0.447553,1.146551,1.420582
0.479612,1.147698,1.423396
0.521672,1.148939,1.426214
0.517829,1.150212,1.429033
0.507208,1.151467,1.431857
0.511812,1.152718,1.434684
0.481673,1.153928,1.437513
0.458495,1.155075,1.440345
0.447969,1.156183,1.443180
0.464649,1.157307,1.446017
0.456355,1.158435,1.448859
0.454437,1.159551,1.451701
0.437800,1.160641,1.454547
0.450608,1.161734,1.457396
0.446423,1.162833,1.460247
0.468353,1.163962,1.463101
0.454276,1.165089,1.465957
0.474157,1.166234,1.468818
0.468750,1.167389,1.471680
0.467991,1.168537,1.474544
0.457417,1.169669,1.477412
0.475300,1.170819,1.480284
0.474810,1.171984,1.483157
0.474881,1.173149,1.486033
0.460332,1.174292,1.488913
0.484426,1.175458,1.491796
0.506554,1.176679,1.494680
0.510433,1.177928,1.497567
0.490089,1.179149,1.500459
0.486957,1.180347,1.503353
0.459261,1.181500,1.506251
0.461824,1.182630,1.509151
0.463697,1.183767,1.512055
0.467445,1.184909,1.514959
0.452631,1.186034,1.517867
0.469230,1.187169,1.520778
0.456186,1.188301,1.523692
0.484064,1.189462,1.526609
0.491878,1.190661,1.529528
0.495849,1.191874,1.532451
0.473714,1.193057,1.535377
0.456589,1.194193,1.538303
0.450209,1.195303,1.541235
0.446247,1.196402,1.544170
0.434390,1.197478,1.547104
0.441750,1.198555,1.550043
0.469625,1.199681,1.552985
0.474445,1.200840,1.555928
0.479235,1.202012,1.558876
0.469108,1.203172,1.561826
0.502418,1.204373,1.564779
0.504373,1.205609,1.567736
0.487377,1.206820,1.570694
0.495523,1.208028,1.573656
0.472539,1.209209,1.576622
0.475628,1.210373,1.579590
0.481261,1.211548,1.582559
0.459814,1.212696,1.585534
0.448636,1.213808,1.588511
0.438404,1.214892,1.591489
0.454936,1.215993,1.594472
0.470080,1.217132,1.597456
0.495328,1.218323,1.600443
0.503621,1.219551,1.603434
0.459734,1.220720,1.606427
0.457613,1.221845,1.609422
0.465667,1.222980,1.612422
0.465565,1.224122,1.615423
0.463783,1.225261,1.618426
0.440793,1.226364,1.621434
0.433388,1.227434,1.624444
0.452984,1.228527,1.627455
0.448417,1.229632,1.630472
0.460096,1.230749,1.633490
0.460508,1.231878,1.636510
0.469411,1.233021,1.639533
0.489465,1.234204,1.642560
0.495964,1.235414,1.645588
0.470568,1.236592,1.648620
0.475554,1.237753,1.651654
0.456730,1.238892,1.654692
0.469985,1.240032,1.657733
0.454056,1.241161,1.660776
0.449091,1.242267,1.663821
0.452848,1.243375,1.666871
0.465760,1.244505,1.669921
0.478228,1.245666,1.672976
0.479071,1.246841,1.676034
0.489783,1.248032,1.679093
0.492301,1.249238,1.682157
0.454549,1.250388,1.685223
0.455319,1.251504,1.688291
0.468354,1.252641,1.691362
0.456968,1.253773,1.694437
0.479128,1.254927,1.697513
0.469653,1.256088,1.700593
0.444884,1.257203,1.703676
0.462102,1.258319,1.706760
0.473167,1.259470,1.709849
0.464047,1.260617,1.712941
0.486662,1.261789,1.716033
0.481689,1.262976,1.719130
0.475645,1.264147,1.722228
0.452865,1.265280,1.725331
0.454556,1.266394,1.728437
0.461250,1.267519,1.731544
0.456403,1.268643,1.734655
0.462020,1.269771,1.737768
0.459838,1.270901,1.740883
0.479810,1.272059,1.744003
0.481260,1.273238,1.747125
0.501597,1.274449,1.750248
0.514760,1.275700,1.753377
0.493335,1.276931,1.756509
0.477410,1.278116,1.759642
0.472841,1.279281,1.762779
0.480101,1.280451,1.765918
0.484155,1.281636,1.769061
0.473844,1.282807,1.772206
0.452147,1.283937,1.775354
0.434872,1.285020,1.778505
0.434217,1.286086,1.781659
0.441376,1.287161,1.784814
0.463667,1.288278,1.787973
0.488932,1.289454,1.791135
0.494976,1.290662,1.794298
0.512026,1.291902,1.797467
0.517315,1.293166,1.800638
0.504344,1.294415,1.803811
0.508204,1.295658,1.806988
0.500480,1.296894,1.810168
0.496118,1.298115,1.813351
0.476874,1.299303,1.816538
0.460941,1.300448,1.819726
0.459331,1.301576,1.822916
0.477896,1.302731,1.826111
0.472936,1.303896,1.829309
0.460651,1.305038,1.832509
0.454785,1.306159,1.835713
0.484968,1.307321,1.838919
0.488575,1.308516,1.842126
0.467814,1.309683,1.845338
0.473214,1.310839,1.848553
0.494570,1.312032,1.851769
0.487637,1.313235,1.854990
0.489566,1.314433,1.858211
0.480250,1.315621,1.861438
0.466710,1.316779,1.864668
0.464363,1.317919,1.867898
0.451941,1.319040,1.871133
0.448630,1.320143,1.874370
0.452106,1.321249,1.877609
0.468025,1.322383,1.880853
0.468132,1.323531,1.884098
0.464746,1.324673,1.887344
0.508888,1.325881,1.890596
0.503452,1.327121,1.893850
0.488189,1.328333,1.897108
0.487133,1.329529,1.900368
0.457048,1.330678,1.903630
0.432034,1.331761,1.906895
0.467322,1.332874,1.910163
0.499004,1.334070,1.913437
0.473215,1.335254,1.916709
0.467228,1.336406,1.919986
0.467910,1.337553,1.923266
0.490403,1.338735,1.926548
0.494381,1.339944,1.929833
0.495515,1.341157,1.933120
0.495710,1.342374,1.936412
0.467465,1.343547,1.939707
0.462481,1.344686,1.943003
0.466953,1.345827,1.946303
0.452427,1.346950,1.949605
0.461721,1.348074,1.952910
0.446354,1.349183,1.956218
0.468220,1.350311,1.959529
0.458825,1.351445,1.962841
0.480339,1.352604,1.966159
0.497662,1.353808,1.969477
0.472735,1.354991,1.972800
0.460758,1.356132,1.976125
0.459227,1.357260,1.979453
0.473481,1.358408,1.982784
0.472644,1.359569,1.986118
0.461563,1.360711,1.989455
0.470619,1.361857,1.992794
0.465442,1.363004,1.996137
0.462231,1.364141,1.999481
0.463779,1.365278,2.002830
0.473287,1.366430,2.006182
0.460436,1.367571,2.009535
0.446785,1.368680,2.012890
0.430200,1.369751,2.016250
0.433255,1.370811,2.019611
0.435492,1.371878,2.022976
0.458429,1.372981,2.026343
0.471620,1.374125,2.029712
0.460142,1.375265,2.033085
0.491141,1.376441,2.036460
0.476253,1.377623,2.039838
0.470964,1.378783,2.043218
0.458945,1.379920,2.046603
0.460464,1.381048,2.049989
0.460549,1.382178,2.053378
0.455117,1.383300,2.056771
0.438200,1.384390,2.060164
0.465398,1.385507,2.063563
0.466754,1.386651,2.066963
0.465795,1.387794,2.070366
0.458436,1.388925,2.073771
0.452398,1.390041,2.077181
0.457275,1.391159,2.080593
0.462317,1.392288,2.084008
0.454148,1.393410,2.087426
0.458414,1.394532,2.090848
0.474300,1.395680,2.094270
0.455531,1.396816,2.097697
0.477906,1.397968,2.101128
0.440770,1.399084,2.104558
0.444106,1.400171,2.107992
0.451118,1.401271,2.111429
0.440202,1.402362,2.114870
0.436680,1.403436,2.118311
0.455730,1.404537,2.121757
0.472982,1.405682,2.125206
0.466545,1.406832,2.128655
0.489430,1.408012,2.132110
0.493472,1.409219,2.135567
0.518746,1.410469,2.139028
0.494651,1.411705,2.142489
0.478142,1.412893,2.145954
0.460295,1.414040,2.149422
0.459432,1.415167,2.152891
0.460356,1.416295,2.156363
0.475646,1.417448,2.159840
0.466439,1.418601,2.163318
0.456373,1.419730,2.166801
0.463253,1.420860,2.170286
0.471665,1.422009,2.173772
0.450872,1.423135,2.177262
0.456274,1.424249,2.180755
0.473299,1.425394,2.184250
0.471480,1.426553,2.187749
0.472428,1.427711,2.191251
0.478140,1.428878,2.194753
0.490480,1.430070,2.198260
0.494704,1.431280,2.201770
0.493634,1.432491,2.205281
0.499757,1.433712,2.208798
0.473486,1.434897,2.212314
0.471032,1.436055,2.215837
0.458654,1.437192,2.219360
0.461863,1.438322,2.222887
0.461485,1.439455,2.226419
0.476828,1.440611,2.229953
0.506095,1.441824,2.233486
0.497055,1.443052,2.237026
0.522021,1.444309,2.240567
0.541545,1.445619,2.244110
0.512018,1.446903,2.247659
0.491973,1.448128,2.251209
0.472617,1.449305,2.254761
0.452474,1.450434,2.258319
0.436602,1.451520,2.261878
0.460302,1.452627,2.265440
0.460616,1.453757,2.269006
0.457360,1.454882,2.272574
0.445389,1.455986,2.276144
0.473348,1.457121,2.279717
0.500615,1.458324,2.283294
0.490875,1.459536,2.286871
0.509086,1.460769,2.290454
0.492119,1.461992,2.294040
0.463781,1.463156,2.297627
0.449743,1.464273,2.301219
0.462587,1.465396,2.304812
0.470529,1.466542,2.308406
0.465577,1.467689,2.312007
0.471380,1.468840,2.315608
0.485045,1.470017,2.319212
0.487145,1.471210,2.322819
0.462761,1.472368,2.326430
0.477366,1.473525,2.330042
0.472677,1.474689,2.333660
0.472403,1.475848,2.337278
0.462367,1.476991,2.340900
0.456677,1.478117,2.344525
0.457133,1.479238,2.348152
0.471947,1.480382,2.351782
0.464543,1.481529,2.355416
0.466104,1.482670,2.359050
0.472662,1.483824,2.362689
0.479724,1.484994,2.366331
0.462047,1.486144,2.369974
0.471990,1.487292,2.373621
0.480045,1.488463,2.377272
0.484278,1.489647,2.380925
0.474049,1.490819,2.384580
0.462941,1.491965,2.388239
0.449689,1.493081,2.391900
0.429829,1.494154,2.395565
0.433718,1.495214,2.399232
0.444100,1.496293,2.402899
0.450977,1.497394,2.406572
0.468529,1.498526,2.410246
0.496030,1.499717,2.413924
0.493473,1.500930,2.417603
0.477835,1.502116,2.421285
0.486373,1.503302,2.424972
0.470581,1.504471,2.428663
0.454220,1.505601,2.432354
0.448926,1.506707,2.436049
0.480856,1.507857,2.439747
0.475475,1.509028,2.443447
0.460158,1.510172,2.447151
0.455783,1.511294,2.450858
0.476011,1.512443,2.454568
0.473332,1.513606,2.458278
0.463555,1.514753,2.461994
0.459835,1.515885,2.465712
0.471945,1.517031,2.469432
0.494284,1.518223,2.473154
0.500272,1.519444,2.476880
0.478503,1.520639,2.480610
0.459653,1.521784,2.484342
0.450967,1.522899,2.488078
0.453846,1.524009,2.491813
0.464063,1.525138,2.495554
0.464546,1.526278,2.499298
0.464548,1.527417,2.503043
0.486869,1.528591,2.506792
0.478090,1.529772,2.510545
0.501401,1.530980,2.514297
0.498557,1.532206,2.518055
0.489866,1.533415,2.521814
0.486494,1.534611,2.525576
0.474878,1.535788,2.529343
0.465858,1.536939,2.533112
0.477293,1.538099,2.536885
0.462546,1.539248,2.540659
0.471360,1.540395,2.544436
0.471625,1.541552,2.548217
0.481270,1.542724,2.552000
0.495263,1.543926,2.555785
0.510841,1.545164,2.559574
0.494404,1.546393,2.563367
0.497039,1.547609,2.567161
0.474186,1.548794,2.570960
0.466869,1.549947,2.574762
0.449591,1.551065,2.578564
0.463393,1.552189,2.582371
0.460321,1.553322,2.586181
0.447008,1.554430,2.589991
0.450640,1.555533,2.593807
0.471232,1.556670,2.597625
0.462995,1.557813,2.601445
0.455443,1.558938,2.605269
0.468770,1.560076,2.609096
0.484200,1.561248,2.612922
0.478240,1.562427,2.616755
0.453782,1.563564,2.620590
0.483185,1.564721,2.624425
0.463411,1.565877,2.628266
0.447047,1.566989,2.632110
0.456745,1.568100,2.635955
0.451432,1.569213,2.639804
0.458070,1.570330,2.643654
0.484279,1.571494,2.647507
0.507894,1.572717,2.651364
0.484220,1.573928,2.655224
0.472236,1.575097,2.659086
0.470658,1.576254,2.662953
0.459547,1.577392,2.666822
0.450736,1.578505,2.670691
0.447741,1.579606,2.674565
0.444117,1.580700,2.678443
0.429727,1.581767,2.682320
0.429565,1.582821,2.686202
0.430488,1.583876,2.690086
0.434019,1.584937,2.693972
0.416348,1.585976,2.697863
0.436312,1.587027,2.701756
0.452566,1.588122,2.705650
0.442459,1.589217,2.709547
0.409907,1.590253,2.713448
0.401074,1.591245,2.717348
0.428997,1.592272,2.721254
0.455053,1.593363,2.725161
0.437463,1.594453,2.729070
0.417166,1.595495,2.732984
0.430212,1.596539,2.736902
0.424990,1.597587,2.740819
0.420037,1.598622,2.744739
0.412005,1.599640,2.748663
0.400431,1.600633,2.752588
0.389019,1.601598,2.756517
0.387662,1.602551,2.760446
0.399985,1.603520,2.764378
0.404748,1.604509,2.768315
0.415692,1.605518,2.772251
0.376995,1.606479,2.776189
0.388247,1.607421,2.780132
0.410739,1.608408,2.784078
0.408764,1.609412,2.788023
0.388909,1.610384,2.791971
0.394511,1.611347,2.795923
0.398189,1.612320,2.799875
0.390809,1.613286,2.803832
0.382304,1.614232,2.807792
0.387556,1.615177,2.811751
0.368755,1.616099,2.815714
0.376347,1.617015,2.819679
0.364687,1.617921,2.823648
0.352549,1.618797,2.827618
0.346618,1.619653,2.831589
0.357582,1.620520,2.835565
0.341687,1.621373,2.839541
0.378468,1.622266,2.843517
0.365142,1.623175,2.847499
0.395557,1.624117,2.851482
0.388041,1.625076,2.855467
0.383571,1.626021,2.859454
0.377609,1.626953,2.863445
0.377021,1.627878,2.867435
0.346965,1.628757,2.871429
0.351956,1.629615,2.875424
0.352549,1.630480,2.879424
0.361564,1.631358,2.883424
0.357874,1.632239,2.887426
0.359111,1.633119,2.891431
0.375564,1.634025,2.895440
0.373089,1.634943,2.899449
0.364862,1.635845,2.903460
0.360483,1.636734,2.907475
0.353901,1.637608,2.911488
0.351553,1.638472,2.915506
0.355357,1.639340,2.919524
0.328099,1.640170,2.923548
0.337237,1.640989,2.927572
0.334663,1.641812,2.931596
0.355898,1.642665,2.935626
0.355423,1.643538,2.939656
0.353948,1.644407,2.943689
0.347540,1.645266,2.947725
0.347251,1.646118,2.951763
0.331890,1.646947,2.955800
0.331625,1.647761,2.959843
0.347729,1.648598,2.963885
0.362930,1.649474,2.967929
0.352379,1.650349,2.971977
0.357083,1.651220,2.976026
0.352989,1.652090,2.980078
0.343755,1.652942,2.984131
0.335866,1.653772,2.988185
0.328589,1.654585,2.992242
0.310751,1.655364,2.996303
0.345527,1.656179,3.000363
0.343995,1.657024,3.004426
0.324024,1.657838,3.008493
0.343122,1.658662,3.012559
0.351626,1.659516,3.016630
0.352186,1.660380,3.020704
0.345164,1.661233,3.024776
0.325805,1.662050,3.028851
0.337799,1.662867,3.032928
0.311525,1.663656,3.037007
0.297185,1.664398,3.041089
0.304055,1.665138,3.045172
0.295594,1.665871,3.049259
0.299855,1.666603,3.053348
0.312230,1.667357,3.057436
0.316472,1.668130,3.061529
0.303343,1.668886,3.065621
0.295148,1.669618,3.069716
0.303595,1.670354,3.073812
0.300972,1.671095,3.077910
0.297327,1.671827,3.082008
0.285812,1.672540,3.086112
0.288810,1.673246,3.090217
0.276268,1.673935,3.094320
0.262644,1.674592,3.098428
0.284139,1.675269,3.102538
0.280885,1.675961,3.106647
0.279970,1.676648,3.110758
0.316486,1.677390,3.114872
0.322403,1.678176,3.118987
0.304277,1.678939,3.123106
0.272453,1.679637,3.127223
0.267488,1.680298,3.131344
0.277120,1.680969,3.135467
0.280538,1.681653,3.139591
0.268612,1.682324,3.143718
0.283555,1.683005,3.147845
0.272682,1.683684,3.151974
0.287816,1.684376,3.156105
0.293961,1.685092,3.160239
0.281662,1.685794,3.164371
0.272693,1.686471,3.168507
0.288402,1.687164,3.172646
0.303204,1.687894,3.176786
0.283359,1.688607,3.180927
0.257691,1.689264,3.185069
0.271737,1.689917,3.189214
0.268068,1.690578,3.193361
0.243045,1.691198,3.197507
0.233450,1.691779,3.201656
0.236202,1.692356,3.205808
0.244745,1.692949,3.209961
0.268461,1.693585,3.214116
0.265956,1.694240,3.218275
0.291732,1.694932,3.222433
0.279223,1.695629,3.226593
0.259619,1.696284,3.230754
0.269926,1.696937,3.234919
0.264901,1.697592,3.239082
0.256759,1.698230,3.243248
0.232818,1.698824,3.247418
0.232640,1.699395,3.251589
0.222485,1.699950,3.255758
0.223175,1.700497,3.259931
0.233556,1.701061,3.264106
0.255223,1.701667,3.268281
0.247184,1.702281,3.272456
0.242514,1.702880,3.276635
0.229058,1.703455,3.280814
0.239210,1.704032,3.284995
0.239981,1.704621,3.289177
0.234019,1.705201,3.293362
0.239315,1.705783,3.297547
0.242785,1.706375,3.301734
0.251951,1.706985,3.305922
0.246415,1.707595,3.310111
0.251087,1.708206,3.314300
0.235024,1.708798,3.318492
0.229231,1.709366,3.322686
0.232923,1.709934,3.326883
0.231020,1.710503,3.331080
0.230586,1.711069,3.335277
0.215652,1.711613,3.339478
0.218948,1.712147,3.343677
0.202149,1.712658,3.347879
0.223723,1.713187,3.352084
0.237720,1.713757,3.356289
0.229819,1.714329,3.360493
0.213778,1.714868,3.364700
0.220062,1.715402,3.368909
0.226992,1.715953,3.373119
0.222698,1.716503,3.377330
0.217442,1.717042,3.381544
0.231265,1.717596,3.385757
0.243791,1.718183,3.389972
0.245469,1.718784,3.394190
0.256454,1.719403,3.398409
0.232573,1.719996,3.402627
0.207395,1.720528,3.406848
0.200146,1.721026,3.411072
0.198815,1.721515,3.415294
0.190391,1.721990,3.419521
0.206392,1.722482,3.423747
0.220034,1.723009,3.427974
0.228087,1.723561,3.432201
0.252965,1.724158,3.436431
0.235813,1.724753,3.440662
0.246855,1.725348,3.444894
0.234805,1.725936,3.449130
0.218992,1.726488,3.453366
0.223954,1.727033,3.457601
0.210798,1.727562,3.461841
0.196575,1.728058,3.466081
0.205595,1.728554,3.470322
0.200192,1.729051,3.474564
0.204085,1.729548,3.478807
0.190944,1.730029,3.483052
0.201895,1.730513,3.487296
0.197477,1.731002,3.491543
0.190201,1.731476,3.495791
0.199548,1.731956,3.500039
0.207110,1.732458,3.504289
0.193804,1.732946,3.508541
0.192847,1.733419,3.512790
0.220068,1.733934,3.517043
0.213020,1.734463,3.521298
0.202644,1.734970,3.525553
0.183869,1.735438,3.529811
0.172891,1.735873,3.534068
0.175479,1.736301,3.538327
0.180463,1.736739,3.542588
0.186029,1.737190,3.546848
0.202207,1.737671,3.551110
0.203168,1.738168,3.555373
0.203389,1.738667,3.559637
0.206497,1.739171,3.563902
0.182845,1.739641,3.568170
0.171933,1.740074,3.572440
0.178605,1.740505,3.576708
0.164867,1.740923,3.580980
0.135746,1.741283,3.585252
0.147617,1.741634,3.589524
0.155492,1.742008,3.593796
0.149898,1.742381,3.598069
0.152648,1.742753,3.602343
0.167336,1.743150,3.606620
0.147139,1.743530,3.610897
0.155265,1.743903,3.615174
0.155581,1.744284,3.619453
0.165648,1.744681,3.623732
0.144305,1.745055,3.628012
0.150129,1.745418,3.632295
0.144885,1.745778,3.636576
0.141523,1.746129,3.640859
0.167154,1.746515,3.645142
0.173318,1.746934,3.649425
0.182283,1.747373,3.653711
0.179445,1.747816,3.657999
0.176901,1.748252,3.662285
0.169233,1.748674,3.666574
0.141233,1.749047,3.670865
0.128071,1.749373,3.675155
0.126100,1.749685,3.679448
0.140055,1.750015,3.683741
0.152704,1.750378,3.688033
0.146221,1.750742,3.692327
0.161435,1.751124,3.696622
0.161921,1.751521,3.700918
0.158666,1.751913,3.705215
0.154018,1.752295,3.709511
0.143537,1.752657,3.713811
0.133872,1.752995,3.718112
0.130119,1.753317,3.722414
0.125377,1.753629,3.726715
0.136797,1.753954,3.731018
0.154359,1.754317,3.735323
0.136139,1.754668,3.739626
0.141429,1.755010,3.743932
0.129669,1.755339,3.748237
0.119227,1.755641,3.752543
0.139262,1.755964,3.756852
0.139214,1.756306,3.761161
0.122886,1.756622,3.765468
0.118286,1.756917,3.769778
0.135757,1.757234,3.774090
0.130908,1.757559,3.778399
0.130758,1.757880,3.782712
0.143512,1.758220,3.787026
0.160235,1.758598,3.791339
0.160415,1.758991,3.795655
0.142768,1.759358,3.799970
0.127047,1.759684,3.804285
0.125453,1.759994,3.808604
0.114628,1.760285,3.812923
0.111965,1.760562,3.817241
0.118657,1.760847,3.821559
0.140880,1.761172,3.825881
0.141562,1.761518,3.830201
0.136999,1.761859,3.834522
0.138219,1.762197,3.838846
0.123807,1.762514,3.843167
0.131753,1.762829,3.847491
0.129055,1.763148,3.851813
0.111770,1.763439,3.856140
0.105516,1.763704,3.860467
0.108983,1.763968,3.864792
0.109957,1.764236,3.869119
0.042000,1.764403,3.873448
0.016043,1.764467,3.877774
0.068409,1.764586,3.882104
0.114982,1.764824,3.886435
0.121000,1.765115,3.890764
0.132080,1.765429,3.895094
0.050450,1.765629,3.899426
0.083325,1.765803,3.903757
0.107763,1.766044,3.908090
0.041162,1.766208,3.912422
0.015722,1.766270,3.916755
0.006005,1.766294,3.921089
0.002294,1.766303,3.925423
0.063416,1.766401,3.929756
0.095427,1.766605,3.934090
0.036450,1.766750,3.938425
0.013923,1.766805,3.942759
0.069271,1.766923,3.947093
0.099299,1.767139,3.951429
0.037929,1.767289,3.955763
0.014488,1.767347,3.960098
0.005534,1.767369,3.964435
0.002114,1.767377,3.968768
0.000807,1.767380,3.973105
0.000308,1.767382,3.977440
0.000118,1.767382,3.981776
0.000045,1.767382,3.986111
0.000017,1.767382,3.990447
0.000007,1.767382,3.994781
0.000003,1.767382,3.999118
0.000001,1.767382,4.003453
0.000000,1.767382,4.007788
0.000000,1.767382,4.012123
0.000000,1.767382,4.016460
0.000000,1.767382,4.020795
0.000000,1.767382,4.025130
0.000000,1.767382,4.029464
0.000000,1.767382,4.033799
0.000000,1.767382,4.038137
0.000000,1.767382,4.042471
0.000000,1.767382,4.046806
0.000000,1.767382,4.051143
0.000000,1.767382,4.055478
0.000000,1.767382,4.059814
0.000000,1.767382,4.064151
0.000000,1.767382,4.068486
0.000000,1.767382,4.072822
0.000000,1.767382,4.077158
0.000000,1.767382,4.081494
0.000000,1.767382,4.085830
0.000000,1.767382,4.090165
0.000000,1.767382,4.094501
0.000000,1.767382,4.098836
0.000000,1.767382,4.103172
0.000000,1.767382,4.107506
0.000000,1.767382,4.111843
0.000000,1.767382,4.116179
0.000000,1.767382,4.120515
0.000000,1.767382,4.124850
0.000000,1.767382,4.129185
0.000000,1.767382,4.133520
0.000000,1.767382,4.137857
0.000000,1.767382,4.142194
0.000000,1.767382,4.146527
0.000000,1.767382,4.150864
0.000000,1.767382,4.155201
0.000000,1.767382,4.159534
0.000000,1.767382,4.163873
0.000000,1.767382,4.168208
0.000000,1.767382,4.172543
0.000000,1.767382,4.176880
0.000000,1.767382,4.181215
0.000000,1.767382,4.185550
0.000000,1.767382,4.189885
0.000000,1.767382,4.194222
0.000000,1.767382,4.198555
0.000000,1.767382,4.202892
0.000000,1.767382,4.207226
0.000000,1.767382,4.211562
0.000000,1.767382,4.215899
0.000000,1.767382,4.220236
0.000000,1.767382,4.224571
0.000000,1.767382,4.228906
0.000000,1.767382,4.233243
0.000000,1.767382,4.237578
0.000000,1.767382,4.241913
0.000000,1.767382,4.246248
0.000000,1.767382,4.250585
0.000000,1.767382,4.254920
0.000000,1.767382,4.259255
0.000000,1.767382,4.263592
0.000000,1.767382,4.267927
0.000000,1.767382,4.272262
0.000000,1.767382,4.276599
0.000000,1.767382,4.280936
0.000000,1.767382,4.285270
0.000000,1.767382,4.289606
0.000000,1.767382,4.293942
0.000000,1.767382,4.298275
0.000000,1.767382,4.302612
0.000000,1.767382,4.306949
0.000000,1.767382,4.311284
0.000000,1.767382,4.315620
0.000000,1.767382,4.319957
0.000000,1.767382,4.324291
0.000000,1.767382,4.328629
0.000000,1.767382,4.332964
0.000000,1.767382,4.337300
0.000000,1.767382,4.341635
0.000000,1.767382,4.345972
0.000000,1.767382,4.350305
0.000000,1.767382,4.354642
0.000000,1.767382,4.358979
0.000000,1.767382,4.363312
0.000000,1.767382,4.367649
0.000000,1.767382,4.371984
0.000000,1.767382,4.376319
0.000000,1.767382,4.380654
0.000000,1.767382,4.384989
0.000000,1.767382,4.389324
0.000000,1.767382,4.393660
0.000000,1.767382,4.397996
0.000000,1.767382,4.402330
0.000000,1.767382,4.406667
0.000000,1.767382,4.411000
0.000000,1.767382,4.415337
0.000000,1.767382,4.419672
0.000000,1.767382,4.424005
0.000000,1.767382,4.428341
0.000000,1.767382,4.432677
0.000000,1.767382,4.437011
0.000000,1.767382,4.441348
0.000000,1.767382,4.445683
0.000000,1.767382,4.450018
0.000000,1.767382,4.454355
0.000000,1.767382,4.458690
0.000000,1.767382,4.463025
0.000000,1.767382,4.467362
0.000000,1.767382,4.471697
0.000000,1.767382,4.476032
0.000000,1.767382,4.480367
0.000000,1.767382,4.484702
0.000000,1.767382,4.489039
0.000000,1.767382,4.493374
0.000000,1.767382,4.497709
0.000000,1.767382,4.502046
0.000000,1.767382,4.506383
0.000000,1.767382,4.510716
0.000000,1.767382,4.515053
0.000000,1.767382,4.519390
0.000000,1.767382,4.523723
0.000000,1.767382,4.528060
0.000000,1.767382,4.532395
0.000000,1.767382,4.536732
0.000000,1.767382,4.541067
0.000000,1.767382,4.545404
0.000000,1.767382,4.549739
0.000000,1.767382,4.554076
0.000000,1.767382,4.558413
-0.063150,1.767287,4.562749
-0.024121,1.767191,4.567084
-0.009213,1.767154,4.571420
-0.003519,1.767140,4.575755
-0.064348,1.767040,4.580089
-0.024579,1.766942,4.584424
-0.009388,1.766905,4.588758
-0.066941,1.766794,4.593093
-0.025569,1.766693,4.597427
-0.079250,1.766549,4.601763
-0.030271,1.766429,4.606094
-0.011562,1.766383,4.610429
-0.068957,1.766267,4.614763
-0.026339,1.766163,4.619095
-0.010061,1.766123,4.623429
-0.003843,1.766108,4.627763
-0.001468,1.766102,4.632093
-0.071923,1.765991,4.636427
-0.027472,1.765882,4.640760
-0.010493,1.765841,4.645093
-0.004008,1.765825,4.649426
-0.073346,1.765710,4.653757
-0.115722,1.765466,4.658088
-0.044202,1.765290,4.662418
-0.085794,1.765119,4.666750
-0.032771,1.764989,4.671079
-0.080088,1.764837,4.675408
-0.030591,1.764715,4.679739
-0.076183,1.764571,4.684067
-0.093757,1.764357,4.688395
-0.035812,1.764215,4.692724
-0.013679,1.764161,4.697051
-0.086446,1.764017,4.701378
-0.115579,1.763761,4.705707
-0.116018,1.763477,4.710031
-0.044315,1.763301,4.714356
-0.096381,1.763113,4.718681
-0.099900,1.762871,4.723007
-0.118720,1.762598,4.727331
-0.112406,1.762316,4.731654
-0.119217,1.762030,4.735978
-0.141544,1.761704,4.740301
-0.123218,1.761384,4.744624
-0.110273,1.761102,4.748942
-0.127754,1.760805,4.753263
-0.117768,1.760506,4.757582
-0.140333,1.760183,4.761901
-0.125377,1.759862,4.766218
-0.118388,1.759565,4.770535
-0.045220,1.759385,4.774852
-0.087638,1.759210,4.779169
-0.115675,1.758952,4.783482
-0.136775,1.758637,4.787796
-0.137292,1.758300,4.792111
-0.121408,1.757988,4.796423
-0.149529,1.757647,4.800735
-0.157551,1.757268,4.805047
-0.060179,1.757029,4.809356
-0.104343,1.756815,4.813665
-0.107748,1.756554,4.817976
-0.120675,1.756270,4.822282
-0.128659,1.755962,4.826593
-0.118251,1.755662,4.830900
-0.045168,1.755482,4.835206
-0.017253,1.755414,4.839512
-0.104263,1.755240,4.843818
-0.144812,1.754923,4.848121
-0.188788,1.754501,4.852426
-0.204821,1.754013,4.856731
-0.209363,1.753504,4.861031
-0.227838,1.752962,4.865333
-0.220935,1.752414,4.869630
-0.192429,1.751915,4.873930
-0.179880,1.751462,4.878228
-0.155130,1.751058,4.882524
-0.153211,1.750681,4.886819
-0.121563,1.750353,4.891114
-0.046433,1.750169,4.895406
-0.091893,1.749986,4.899700
-0.129879,1.749703,4.903994
-0.049609,1.749506,4.908285
-0.018949,1.749431,4.912577
-0.007238,1.749402,4.916869
-0.089729,1.749259,4.921158
-0.136916,1.748967,4.925450
-0.143353,1.748622,4.929741
-0.176766,1.748219,4.934030
-0.198179,1.747753,4.938318
-0.223644,1.747229,4.942604
-0.243680,1.746649,4.946890
-0.267536,1.746015,4.951175
-0.255689,1.745377,4.955457
-0.226249,1.744794,4.959738
-0.201273,1.744277,4.964019
-0.184853,1.743808,4.968297
-0.213906,1.743311,4.972572
-0.212539,1.742788,4.976849
-0.175790,1.742322,4.981125
-0.131580,1.741958,4.985396
-0.190046,1.741547,4.989670
-0.208482,1.741053,4.993941
-0.200095,1.740554,4.998211
-0.183995,1.740088,5.002482
-0.167320,1.739661,5.006751
-0.162425,1.739258,5.011018
-0.160017,1.738864,5.015285
-0.201159,1.738409,5.019549
-0.194358,1.737926,5.023813
-0.179129,1.737472,5.028075
-0.149783,1.737077,5.032338
-0.216906,1.736608,5.036597
-0.260179,1.736010,5.040857
-0.265301,1.735364,5.045118
-0.279285,1.734692,5.049372
-0.262649,1.734032,5.053628
-0.275862,1.733368,5.057880
-0.251416,1.732728,5.062131
-0.222772,1.732154,5.066382
-0.195665,1.731649,5.070632
-0.182472,1.731189,5.074879
-0.203918,1.730709,5.079126
-0.206973,1.730204,5.083373
-0.199354,1.729708,5.087614
-0.208149,1.729205,5.091858
-0.231283,1.728659,5.096100
-0.206534,1.728130,5.100338
-0.191839,1.727645,5.104578
-0.180611,1.727192,5.108815
-0.173244,1.726760,5.113051
-0.175462,1.726332,5.117288
-0.185138,1.725886,5.121522
-0.234891,1.725357,5.125754
-0.231591,1.724786,5.129986
-0.237383,1.724209,5.134217
-0.264707,1.723585,5.138446
-0.295101,1.722890,5.142673
-0.290429,1.722173,5.146896
-0.270214,1.721491,5.151121
-0.272283,1.720825,5.155343
-0.247384,1.720195,5.159563
-0.230555,1.719614,5.163782
-0.229458,1.719050,5.168001
-0.261744,1.718438,5.172215
-0.276511,1.717774,5.176431
-0.260794,1.717119,5.180645
-0.241609,1.716508,5.184856
-0.234241,1.715927,5.189066
-0.222523,1.715370,5.193276
-0.230111,1.714812,5.197482
-0.235374,1.714240,5.201688
-0.234564,1.713664,5.205894
-0.234470,1.713089,5.210096
-0.238409,1.712507,5.214299
-0.246138,1.711910,5.218501
-0.247312,1.711305,5.222697
-0.269867,1.710664,5.226894
-0.275953,1.709993,5.231089
-0.262113,1.709337,5.235283
-0.276927,1.708672,5.239476
-0.270351,1.708002,5.243667
-0.281078,1.707323,5.247855
-0.272707,1.706646,5.252042
-0.295016,1.705943,5.256229
-0.291621,1.705225,5.260413
-0.294635,1.704505,5.264594
-0.286260,1.703795,5.268773
-0.292076,1.703084,5.272953
-0.296499,1.702361,5.277128
-0.290748,1.701643,5.281302
-0.302763,1.700911,5.285475
-0.294256,1.700181,5.289648
-0.294188,1.699460,5.293816
-0.266033,1.698781,5.297985
-0.259537,1.698138,5.302151
-0.268565,1.697488,5.306314
-0.282552,1.696808,5.310479
-0.283043,1.696114,5.314638
-0.273063,1.695435,5.318799
-0.272910,1.694765,5.322959
-0.278538,1.694087,5.327113
-0.287790,1.693390,5.331269
-0.313887,1.692644,5.335422
-0.319531,1.691866,5.339573
-0.309733,1.691097,5.343722
-0.329552,1.690307,5.347870
-0.330834,1.689497,5.352014
-0.303530,1.688727,5.356157
-0.298879,1.687989,5.360300
-0.307737,1.687243,5.364438
-0.317174,1.686473,5.368577
-0.305771,1.685713,5.372713
-0.316009,1.684947,5.376847
-0.327690,1.684154,5.380980
-0.336285,1.683337,5.385112
-0.306953,1.682557,5.389238
-0.291149,1.681827,5.393366
-0.280713,1.681129,5.397492
-0.284659,1.680434,5.401615
-0.286186,1.679734,5.405737
-0.296913,1.679015,5.409857
-0.287776,1.678301,5.413974
-0.297656,1.677580,5.418091
-0.290600,1.676860,5.422205
-0.310791,1.676117,5.426318
-0.337054,1.675315,5.430428
-0.340670,1.674483,5.434536
-0.327930,1.673666,5.438642
-0.337654,1.672847,5.442747
-0.318045,1.672049,5.446849
-0.319491,1.671266,5.450951
-0.308300,1.670499,5.455051
-0.317348,1.669729,5.459147
-0.335365,1.668923,5.463242
-0.336240,1.668099,5.467334
-0.339220,1.667270,5.471425
-0.359672,1.666407,5.475515
-0.341183,1.665552,5.479603
-0.338710,1.664720,5.483686
-0.330246,1.663901,5.487770
-0.323805,1.663101,5.491852
-0.336567,1.662287,5.495928
-0.344217,1.661450,5.500006
-0.335200,1.660619,5.504082
-0.341934,1.659787,5.508153
-0.346523,1.658941,5.512224
-0.347801,1.658089,5.516294
-0.332099,1.657260,5.520359
-0.326419,1.656453,5.524424
-0.338068,1.655635,5.528488
-0.333880,1.654812,5.532548
-0.319290,1.654015,5.536608
-0.338841,1.653202,5.540665
-0.361126,1.652337,5.544717
-0.362234,1.651449,5.548769
-0.370479,1.650548,5.552822
-0.381408,1.649622,5.556870
-0.384910,1.648682,5.560915
-0.362728,1.647771,5.564959
-0.366210,1.646876,5.568998
-0.376030,1.645963,5.573037
-0.366247,1.645055,5.577074
-0.398150,1.644109,5.581107
-0.401868,1.643126,5.585140
-0.377514,1.642177,5.589169
-0.369132,1.641264,5.593196
-0.362306,1.640369,5.597221
-0.349589,1.639499,5.601246
-0.313565,1.638696,5.605268
-0.327792,1.637905,5.609288
-0.380693,1.637020,5.613305
-0.363621,1.636112,5.617320
-0.351618,1.635238,5.621334
-0.389609,1.634317,5.625347
-0.397487,1.633349,5.629356
-0.400437,1.632370,5.633363
-0.385762,1.631409,5.637367
-0.391078,1.630454,5.641371
-0.398958,1.629483,5.645370
-0.391596,1.628514,5.649369
-0.390150,1.627556,5.653364
-0.407512,1.626572,5.657358
-0.389135,1.625600,5.661348
-0.420349,1.624597,5.665336
-0.395330,1.623604,5.669321
-0.413774,1.622606,5.673302
-0.397331,1.621616,5.677284
-0.375060,1.620674,5.681262
-0.396104,1.619722,5.685238
-0.396290,1.618750,5.689211
-0.383895,1.617796,5.693182
-0.403442,1.616825,5.697151
-0.402260,1.615836,5.701118
-0.405973,1.614844,5.705080
-0.403554,1.613851,5.709042
-0.409468,1.612852,5.713001
-0.400224,1.611862,5.716954
-0.411615,1.610863,5.720908
-0.361314,1.609929,5.724860
-0.377364,1.609019,5.728806
-0.411163,1.608041,5.732753
-0.408942,1.607037,5.736694
-0.415901,1.606023,5.740637
-0.431563,1.604978,5.744576
-0.418293,1.603940,5.748510
-0.463929,1.602845,5.752444
-0.451160,1.601726,5.756374
-0.431941,1.600649,5.760302
-0.451875,1.599559,5.764228
-0.435915,1.598474,5.768152
-0.431258,1.597412,5.772070
-0.439784,1.596341,5.775988
-0.460664,1.595230,5.779904
-0.456587,1.594107,5.783814
-0.440482,1.593011,5.787724
-0.454351,1.591909,5.791632
-0.456707,1.590791,5.795534
-0.455574,1.589672,5.799436
-0.446223,1.588569,5.803335
-0.446158,1.587475,5.807229
-0.395967,1.586456,5.811123
-0.396048,1.585485,5.815013
-0.405203,1.584499,5.818901
-0.425140,1.583475,5.822788
-0.473921,1.582358,5.826670
-0.491039,1.581170,5.830550
-0.487077,1.579971,5.834427
-0.467825,1.578805,5.838303
-0.485799,1.577631,5.842172
-0.474992,1.576456,5.846040
-0.469677,1.575299,5.849904
-0.482517,1.574127,5.853768
-0.488501,1.572934,5.857630
-0.502330,1.571715,5.861488
-0.500664,1.570485,5.865340
-0.485355,1.569280,5.869192
-0.489487,1.568084,5.873038
-0.492917,1.566877,5.876885
-0.493620,1.565667,5.880728
-0.495321,1.564454,5.884565
-0.470000,1.563277,5.888401
-0.451631,1.562152,5.892236
-0.505160,1.560963,5.896065
-0.481131,1.559760,5.899893
-0.465623,1.558603,5.903719
-0.456496,1.557475,5.907540
-0.485466,1.556311,5.911360
-0.479227,1.555130,5.915176
-0.487140,1.553943,5.918989
-0.491518,1.552741,5.922799
-0.499197,1.551523,5.926607
-0.519744,1.550268,5.930412
-0.521744,1.548989,5.934214
-0.481550,1.547770,5.938014
-0.492515,1.546573,5.941807
-0.480431,1.545383,5.945599
-0.455561,1.544242,5.949390
-0.443167,1.543144,5.953175
-0.472464,1.542012,5.956959
-0.488100,1.540830,5.960739
-0.517381,1.539588,5.964517
-0.534138,1.538294,5.968292
-0.535988,1.536981,5.972062
-0.512727,1.535702,5.975831
-0.516779,1.534438,5.979594
-0.513081,1.533176,5.983358
-0.503473,1.531931,5.987119
-0.500857,1.530700,5.990876
-0.500912,1.529472,5.994628
-0.479536,1.528276,5.998378
-0.472812,1.527110,6.002124
-0.476202,1.525945,6.005869
-0.499614,1.524741,6.009612
-0.505197,1.523507,6.013351
-0.508290,1.522262,6.017088
-0.511485,1.521011,6.020820
-0.489013,1.519790,6.024549
-0.505329,1.518566,6.028276
-0.511563,1.517317,6.032000
-0.492247,1.516091,6.035721
-0.493982,1.514881,6.039439
-0.485839,1.513681,6.043155
-0.500520,1.512467,6.046866
-0.519295,1.511211,6.050575
-0.524908,1.509928,6.054281
-0.510550,1.508663,6.057982
-0.519709,1.507396,6.061682
-0.541045,1.506089,6.065378
-0.545238,1.504755,6.069071
-0.525982,1.503447,6.072761
-0.519752,1.502165,6.076449
-0.517371,1.500894,6.080132
-0.516966,1.499626,6.083812
-0.510984,1.498366,6.087490
-0.520093,1.497100,6.091163
-0.520475,1.495823,6.094835
-0.519588,1.494547,6.098503
-0.526245,1.493263,6.102166
-0.528401,1.491968,6.105829
-0.538002,1.490657,6.109488
-0.516963,1.489370,6.113142
-0.518032,1.488100,6.116795
-0.507666,1.486844,6.120445
-0.522787,1.485577,6.124089
-0.534838,1.484276,6.127732
-0.552920,1.482936,6.131371
-0.563128,1.481565,6.135007
-0.570032,1.480172,6.138641
-0.579799,1.478759,6.142270
-0.556992,1.477372,6.145895
-0.533588,1.476041,6.149518
-0.543312,1.474718,6.153135
-0.527605,1.473409,6.156752
-0.515518,1.472133,6.160365
-0.535000,1.470839,6.163974
-0.572298,1.469470,6.167581
-0.573069,1.468065,6.171184
-0.562173,1.466675,6.174783
-0.577170,1.465273,6.178380
-0.581041,1.463851,6.181974
-0.584494,1.462421,6.185563
-0.576021,1.460999,6.189150
-0.579043,1.459582,6.192732
-0.580132,1.458160,6.196310
-0.569983,1.456752,6.199886
-0.566020,1.455360,6.203458
-0.554511,1.453989,6.207025
-0.551645,1.452633,6.210589
-0.559243,1.451268,6.214152
-0.579675,1.449866,6.217710
-0.579069,1.448445,6.221265
-0.591825,1.447005,6.224816
-0.606545,1.445532,6.228362
-0.613967,1.444032,6.231907
-0.590556,1.442562,6.235446
-0.574284,1.441138,6.238984
-0.591573,1.439702,6.242518
-0.599754,1.438239,6.246046
-0.573442,1.436808,6.249573
-0.580820,1.435390,6.253097
-0.605723,1.433928,6.256614
-0.593171,1.432461,6.260129
-0.601468,1.430994,6.263641
-0.602017,1.429518,6.267148
-0.600691,1.428044,6.270653
-0.625273,1.426533,6.274154
-0.609493,1.425024,6.277650
-0.606410,1.423533,6.281143
-0.625379,1.422017,6.284633
-0.610983,1.420504,6.288120
-0.599447,1.419023,6.291603
-0.608265,1.417540,6.295082
-0.591154,1.416073,6.298557
-0.590193,1.414624,6.302030
-0.581290,1.413191,6.305497
-0.621027,1.411705,6.308961
-0.614190,1.410192,6.312421
-0.612887,1.408687,6.315879
-0.619517,1.407173,6.319334
-0.625095,1.405646,6.322782
-0.632870,1.404101,6.326228
-0.622114,1.402564,6.329672
-0.633274,1.401022,6.333109
-0.617330,1.399493,6.336543
-0.630609,1.397958,6.339974
-0.645447,1.396389,6.343401
-0.647613,1.394802,6.346826
-0.631064,1.393239,6.350245
-0.614440,1.391717,6.353659
-0.593276,1.390241,6.357071
-0.592956,1.388787,6.360480
-0.586618,1.387341,6.363886
-0.618565,1.385854,6.367287
-0.601137,1.384364,6.370683
-0.619652,1.382861,6.374078
-0.635407,1.381316,6.377469
-0.641407,1.379749,6.380855
-0.638968,1.378179,6.384238
-0.651368,1.376592,6.387618
-0.656786,1.374987,6.390991
-0.661709,1.373368,6.394363
-0.652058,1.371759,6.397730
-0.636486,1.370184,6.401091
-0.630418,1.368632,6.404451
-0.641627,1.367068,6.407807
-0.623423,1.365523,6.411157
-0.624835,1.363991,6.414504
-0.620997,1.362465,6.417848
-0.633229,1.360923,6.421188
-0.642976,1.359354,6.424525
-0.637450,1.357786,6.427856
-0.634831,1.356227,6.431185
-0.650580,1.354645,6.434511
-0.633469,1.353075,6.437832
-0.624499,1.351535,6.441149
-0.622666,1.350005,6.444463
-0.629371,1.348468,6.447773
-0.633215,1.346918,6.451079
-0.628748,1.345371,6.454382
-0.636166,1.343818,6.457679
-0.627504,1.342270,6.460974
-0.645954,1.340703,6.464265
-0.661148,1.339096,6.467551
-0.679138,1.337447,6.470834
-0.683226,1.335775,6.474111
-0.671570,1.334117,6.477387
-0.672603,1.332468,6.480657
-0.677549,1.330811,6.483923
-0.652796,1.329186,6.487186
-0.643727,1.327598,6.490445
-0.658338,1.325998,6.493698
-0.675826,1.324356,6.496950
-0.689889,1.322676,6.500198
-0.681430,1.320997,6.503439
-0.685664,1.319319,6.506678
-0.681436,1.317643,6.509912
-0.675389,1.315981,6.513142
-0.695418,1.314293,6.516369
-0.692202,1.312592,6.519592
-0.673596,1.310923,6.522808
-0.657632,1.309295,6.526022
-0.669156,1.307664,6.529233
-0.687098,1.305996,6.532437
-0.680764,1.304319,6.535639
-0.684036,1.302644,6.538838
-0.680689,1.300972,6.542030
-0.694197,1.299281,6.545220
-0.702540,1.297565,6.548406
-0.704598,1.295839,6.551587
-0.694990,1.294125,6.554763
-0.706075,1.292403,6.557937
-0.698524,1.290682,6.561104
-0.696965,1.288971,6.564268
-0.702045,1.287254,6.567428
-0.710945,1.285518,6.570584
-0.707640,1.283779,6.573735
-0.693177,1.282065,6.576882
-0.690634,1.280369,6.580025
-0.681891,1.278688,6.583163
-0.677095,1.277023,6.586298
-0.690306,1.275342,6.589428
-0.698156,1.273636,6.592555
-0.720403,1.271891,6.595676
-0.713802,1.270133,6.598795
-0.721252,1.268371,6.601908
-0.716602,1.266609,6.605016
-0.722342,1.264842,6.608122
-0.719920,1.263075,6.611221
-0.709194,1.261324,6.614318
-0.726057,1.259559,6.617410
-0.734105,1.257766,6.620497
-0.748803,1.255943,6.623581
-0.732093,1.254131,6.626659
-0.716813,1.252359,6.629732
-0.708030,1.250614,6.632803
-0.716535,1.248864,6.635870
-0.707649,1.247120,6.638930
-0.719376,1.245366,6.641988
-0.722114,1.243597,6.645040
-0.759082,1.241771,6.648087
-0.736342,1.239943,6.651132
-0.724767,1.238153,6.654172
-0.733285,1.236363,6.657206
-0.754321,1.234532,6.660237
-0.744777,1.232696,6.663263
-0.729325,1.230893,6.666285
-0.717615,1.229122,6.669302
-0.708548,1.227375,6.672316
-0.722737,1.225616,6.675323
-0.712068,1.223858,6.678328
-0.706533,1.222121,6.681327
-0.704623,1.220391,6.684322
-0.737891,1.218612,6.687314
-0.741267,1.216798,6.690299
-0.745850,1.214972,6.693283
-0.739763,1.213152,6.696261
-0.752373,1.211319,6.699233
-0.741271,1.209489,6.702203
-0.732495,1.207685,6.705167
-0.758627,1.205849,6.708127
-0.789251,1.203941,6.711083
-0.775742,1.202026,6.714033
-0.770645,1.200130,6.716980
-0.755630,1.198262,6.719923
-0.755865,1.196409,6.722858
-0.748278,1.194566,6.725792
-0.752718,1.192724,6.728720
-0.745337,1.190890,6.731641
-0.741236,1.189067,6.734561
-0.754326,1.187231,6.737473
-0.762673,1.185367,6.740384
-0.781871,1.183467,6.743289
-0.759319,1.181584,6.746189
-0.756779,1.179725,6.749085
-0.756347,1.177869,6.751978
-0.776660,1.175983,6.754864
-0.769196,1.174090,6.757746
-0.766451,1.172207,6.760623
-0.749318,1.170354,6.763495
-0.770829,1.168483,6.766365
-0.762878,1.166605,6.769227
-0.780880,1.164706,6.772086
-0.784768,1.162785,6.774941
-0.790496,1.160852,6.777790
-0.823717,1.158862,6.780636
-0.824252,1.156841,6.783476
-0.803408,1.154850,6.786311
-0.810342,1.152868,6.789142
-0.823800,1.150860,6.791967
-0.793537,1.148886,6.794787
-0.780755,1.146959,6.797603
-0.768283,1.145064,6.800413
-0.770747,1.143175,6.803220
-0.784998,1.141263,6.806022
-0.794755,1.139323,6.808817
-0.799747,1.137366,6.811610
-0.810233,1.135389,6.814397
-0.807488,1.133406,6.817178
-0.816865,1.131411,6.819956
-0.815994,1.129409,6.822729
-0.797506,1.127435,6.825498
-0.802709,1.125471,6.828261
-0.816724,1.123481,6.831019
-0.820370,1.121472,6.833772
-0.812865,1.119470,6.836522
-0.797736,1.117499,6.839265
-0.808003,1.115527,6.842004
-0.818158,1.113530,6.844737
-0.802984,1.111547,6.847465
-0.835738,1.109527,6.850190
-0.844004,1.107464,6.852909
-0.824984,1.105424,6.855622
-0.815917,1.103414,6.858331
-0.821146,1.101405,6.861034
-0.802952,1.099419,6.863733
-0.787282,1.097472,6.866429
-0.778281,1.095555,6.869118
-0.801139,1.093611,6.871803
-0.803968,1.091642,6.874483
-0.824276,1.089639,6.877158
-0.814504,1.087632,6.879829
-0.829794,1.085612,6.882493
-0.816077,1.083596,6.885154
-0.810872,1.081603,6.887810
-0.795859,1.079637,6.890459
-0.794606,1.077687,6.893105
-0.790585,1.075744,6.895746
-0.781724,1.073818,6.898382
-0.774370,1.071912,6.901014
-0.764548,1.070027,6.903641
-0.754950,1.068167,6.906262
-0.765989,1.066298,6.908881
-0.784836,1.064391,6.911493
-0.809727,1.062429,6.914101
-0.823933,1.060421,6.916705
-0.817279,1.058411,6.919303
-0.808302,1.056420,6.921896
-0.816940,1.054425,6.924484
-0.798212,1.052449,6.927068
-0.789528,1.050504,6.929648
-0.769758,1.048598,6.932222
-0.778653,1.046697,6.934790
-0.779294,1.044785,6.937356
-0.760425,1.042903,6.939916
-0.757629,1.041042,6.942472
-0.784676,1.039144,6.945022
-0.789182,1.037211,6.947569
-0.814546,1.035237,6.950111
-0.808009,1.033250,6.952647
-0.788954,1.031297,6.955179
-0.800459,1.029344,6.957707
-0.824722,1.027344,6.960228
-0.824883,1.025321,6.962746
-0.826151,1.023295,6.965259
-0.797060,1.021313,6.967766
-0.790567,1.019367,6.970270
-0.772077,1.017456,6.972769
-0.779962,1.015550,6.975262
-0.806564,1.013596,6.977751
-0.815160,1.011603,6.980236
-0.783079,1.009653,6.982715
-0.785633,1.007726,6.985191
-0.788030,1.005795,6.987662
-0.803639,1.003838,6.990126
-0.805239,1.001864,6.992587
-0.783462,0.999921,6.995043
-0.791600,0.997987,6.997493
-0.804942,0.996025,6.999939
-0.815795,0.994034,7.002380
-0.797962,0.992060,7.004816
-0.794054,0.990107,7.007248
-0.781578,0.988178,7.009675
-0.791737,0.986245,7.012098
-0.800384,0.984290,7.014514
-0.798136,0.982329,7.016927
-0.800023,0.980368,7.019334
-0.794901,0.978415,7.021736
-0.773847,0.976497,7.024133
-0.789431,0.974576,7.026525
-0.798239,0.972625,7.028914
-0.780377,0.970694,7.031298
-0.787050,0.968771,7.033675
-0.791232,0.966834,7.036049
-0.778414,0.964912,7.038419
-0.789662,0.962986,7.040783
-0.802844,0.961030,7.043141
-0.795620,0.959072,7.045496
-0.778006,0.957147,7.047847
-0.772805,0.955247,7.050192
-0.787326,0.953330,7.052532
-0.782541,0.951406,7.054868
-0.780621,0.949490,7.057198
-0.763542,0.947600,7.059526
-0.791217,0.945685,7.061849
-0.800415,0.943731,7.064165
-0.805015,0.941761,7.066477
-0.792291,0.939805,7.068785
-0.767718,0.937900,7.071087
-0.758796,0.936030,7.073385
-0.774466,0.934145,7.075680
-0.768479,0.932255,7.077968
-0.760399,0.930382,7.080252
-0.760295,0.928518,7.082531
-0.761739,0.926650,7.084807
-0.772607,0.924765,7.087078
-0.788754,0.922846,7.089344
-0.803959,0.920888,7.091605
-0.772672,0.918963,7.093861
-0.788555,0.917044,7.096113
-0.778676,0.915125,7.098360
-0.802923,0.913178,7.100602
-0.781010,0.911242,7.102840
-0.748694,0.909375,7.105073
-0.748362,0.907540,7.107300
-0.783650,0.905651,7.109524
-0.790927,0.903717,7.111744
-0.802005,0.901761,7.113957
-0.776907,0.899832,7.116167
-0.772615,0.897932,7.118372
-0.781345,0.896024,7.120572
-0.796465,0.894085,7.122767
-0.790635,0.892141,7.124957
-0.776582,0.890222,7.127144
-0.756229,0.888348,7.129325
-0.802857,0.886423,7.131501
-0.817360,0.884431,7.133673
-0.818586,0.882424,7.135840
-0.811620,0.880428,7.138002
-0.810218,0.878438,7.140159
-0.800843,0.876465,7.142312
-0.790024,0.874518,7.144458
-0.783469,0.872590,7.146601
-0.799989,0.870644,7.148738
-0.815307,0.868659,7.150870
-0.802284,0.866678,7.153000
-0.803035,0.864710,7.155122
-0.819624,0.862715,7.157242
-0.812708,0.860715,7.159355
-0.803949,0.858735,7.161463
-0.790374,0.856784,7.163567
-0.807091,0.854821,7.165665
-0.809231,0.852837,7.167761
-0.790836,0.850880,7.169850
-0.783947,0.848951,7.171935
-0.796203,0.847009,7.174015
-0.779569,0.845081,7.176090
-0.788311,0.843157,7.178160
-0.813394,0.841185,7.180225
-0.813361,0.839191,7.182285
-0.804851,0.837209,7.184341
-0.794848,0.835250,7.186392
-0.785438,0.833316,7.188437
-0.790800,0.831380,7.190480
-0.796831,0.829432,7.192516
-0.781755,0.827500,7.194549
-0.805650,0.825546,7.196576
-0.789373,0.823595,7.198598
-0.792079,0.821655,7.200616
-0.787330,0.819719,7.202629
-0.812059,0.817751,7.204637
-0.812155,0.815758,7.206641
-0.789819,0.813800,7.208640
-0.771248,0.811890,7.210633
-0.785400,0.809977,7.212622
-0.781892,0.808057,7.214606
-0.805398,0.806103,7.216586
-0.805713,0.804127,7.218561
-0.786793,0.802180,7.220531
-0.765748,0.800282,7.222496
-0.778458,0.798384,7.224457
-0.789330,0.796459,7.226412
-0.785938,0.794527,7.228364
-0.784934,0.792601,7.230310
-0.773902,0.790693,7.232251
-0.781621,0.788783,7.234189
-0.801143,0.786836,7.236121
-0.799558,0.784874,7.238048
-0.787095,0.782931,7.239971
-0.775155,0.781020,7.241888
-0.794202,0.779089,7.243802
-0.777620,0.777167,7.245710
-0.787411,0.775244,7.247614
-0.792972,0.773305,7.249513
-0.780464,0.771379,7.251407
-0.790510,0.769449,7.253298
-0.786828,0.767515,7.255183
-0.786737,0.765586,7.257062
-0.774689,0.763675,7.258938
-0.792153,0.761748,7.260808
-0.798181,0.759797,7.262674
-0.777207,0.757870,7.264536
-0.784809,0.755953,7.266392
-0.787520,0.754024,7.268244
-0.803180,0.752068,7.270091
-0.778486,0.750136,7.271933
-0.763240,0.748249,7.273771
-0.786510,0.746341,7.275604
-0.794024,0.744401,7.277432
-0.795267,0.742452,7.279255
-0.818298,0.740467,7.281073
-0.797285,0.738492,7.282887
-0.793134,0.736542,7.284696
-0.800369,0.734586,7.286501
-0.812617,0.732604,7.288300
-0.803862,0.730624,7.290094
-0.800588,0.728658,7.291883
-0.768473,0.726742,7.293669
-0.778624,0.724842,7.295449
-0.800222,0.722900,7.297224
-0.815351,0.720914,7.298995
-0.784176,0.718962,7.300761
-0.775008,0.717052,7.302522
-0.789647,0.715129,7.304278
-0.782068,0.713204,7.306030
-0.774696,0.711297,7.307777
-0.776291,0.709395,7.309518
-0.790424,0.707469,7.311257
-0.786846,0.705536,7.312990
-0.795821,0.703593,7.314717
-0.831601,0.701586,7.316441
-0.823093,0.699559,7.318159
-0.831865,0.697527,7.319872
-0.792190,0.695547,7.321581
-0.812515,0.693573,7.323285
-0.824574,0.691561,7.324984
-0.821836,0.689543,7.326678
-0.807669,0.687548,7.328367
-0.805211,0.685571,7.330051
-0.824716,0.683566,7.331730
-0.808466,0.681568,7.333404
-0.793356,0.679607,7.335074
-0.768376,0.677699,7.336739
-0.759173,0.675829,7.338398
-0.779127,0.673937,7.340053
-0.799749,0.671994,7.341704
-0.788519,0.670050,7.343350
-0.803190,0.668093,7.344991
-0.812243,0.666110,7.346627
-0.802414,0.664132,7.348259
-0.792802,0.662178,7.349886
-0.802220,0.660219,7.351508
-0.813513,0.658234,7.353125
-0.817581,0.656232,7.354737
-0.822031,0.654220,7.356345
-0.819422,0.652208,7.357946
-0.810614,0.650211,7.359544
-0.777745,0.648274,7.361136
-0.785946,0.646353,7.362724
-0.792223,0.644415,7.364308
-0.819842,0.642430,7.365885
-0.813664,0.640429,7.367459
-0.789038,0.638470,7.369027
-0.779808,0.636549,7.370591
-0.795432,0.634612,7.372150
-0.804646,0.632647,7.373705
-0.803783,0.630675,7.375253
-0.806422,0.628700,7.376798
-0.797263,0.626736,7.378337
-0.821855,0.624743,7.379872
-0.804699,0.622753,7.381402
-0.790660,0.620802,7.382926
-0.789495,0.618863,7.384447
-0.812281,0.616893,7.385962
-0.808278,0.614907,7.387472
-0.791792,0.612950,7.388978
-0.816743,0.610970,7.390479
-0.784556,0.609015,7.391976
-0.792780,0.607078,7.393467
-0.788767,0.605141,7.394953
-0.791950,0.603201,7.396435
-0.805173,0.601239,7.397912
-0.795112,0.599279,7.399384
-0.820976,0.597289,7.400852
-0.808306,0.595295,7.402315
-0.813567,0.593304,7.403772
-0.803786,0.591323,7.405226
-0.798792,0.589360,7.406673
-0.792543,0.587410,7.408116
-0.797116,0.585459,7.409554
-0.788713,0.583516,7.410989
-0.772430,0.581606,7.412417
-0.761656,0.579728,7.413842
-0.785799,0.577823,7.415261
-0.782906,0.575899,7.416677
-0.794209,0.573962,7.418087
-0.806067,0.571996,7.419493
-0.814916,0.570005,7.420894
-0.808879,0.568016,7.422289
-0.793637,0.566055,7.423680
-0.786590,0.564118,7.425066
-0.796903,0.562174,7.426447
-0.760917,0.560273,7.427824
-0.785594,0.558368,7.429197
-0.783329,0.556445,7.430563
-0.777945,0.554531,7.431926
-0.793503,0.552600,7.433284
-0.792010,0.550656,7.434637
-0.791845,0.548714,7.435985
-0.800442,0.546759,7.437329
-0.794927,0.544803,7.438668
-0.791201,0.542858,7.440002
-0.792708,0.540914,7.441332
-0.803831,0.538954,7.442656
-0.775673,0.537025,7.443975
-0.765109,0.535139,7.445290
-0.774239,0.533248,7.446601
-0.783509,0.531334,7.447906
-0.771910,0.529431,7.449207
-0.782012,0.527521,7.450503
-0.761050,0.525635,7.451795
-0.772118,0.523752,7.453082
-0.776562,0.521852,7.454364
-0.776838,0.519947,7.455641
-0.791715,0.518018,7.456915
-0.775451,0.516101,7.458183
-0.775078,0.514200,7.459447
-0.768933,0.512307,7.460706
-0.779962,0.510404,7.461960
-0.773791,0.508501,7.463210
-0.780327,0.506593,7.464455
-0.765221,0.504701,7.465695
-0.760743,0.502831,7.466931
-0.780996,0.500934,7.468162
-0.771293,0.499033,7.469389
-0.774936,0.497136,7.470610
-0.779411,0.495229,7.471827
-0.763048,0.493342,7.473039
-0.764405,0.491468,7.474247
-0.763359,0.489595,7.475450
-0.764383,0.487721,7.476648
-0.758833,0.485855,7.477843
-0.759827,0.483991,7.479032
-0.746841,0.482148,7.480217
-0.757048,0.480301,7.481397
-0.740108,0.478470,7.482573
-0.727436,0.476673,7.483745
-0.740350,0.474869,7.484912
-0.752509,0.473035,7.486074
-0.760188,0.471177,7.487233
-0.767246,0.469301,7.488386
-0.761014,0.467430,7.489534
-0.761929,0.465562,7.490679
-0.747542,0.463715,7.491818
-0.742067,0.461889,7.492953
-0.771425,0.460025,7.494084
-0.770739,0.458133,7.495211
-0.749654,0.456275,7.496332
-0.729776,0.454466,7.497449
-0.729481,0.452677,7.498561
-0.738195,0.450875,7.499669
-0.757991,0.449033,7.500773
-0.752098,0.447184,7.501872
-0.745425,0.445348,7.502967
-0.738565,0.443530,7.504057
-0.716488,0.441753,7.505142
-0.710721,0.440004,7.506224
-0.692383,0.438289,7.507301
-0.709173,0.436565,7.508374
-0.712837,0.434820,7.509442
-0.693208,0.433101,7.510507
-0.694577,0.431399,7.511567
-0.701076,0.429685,7.512624
-0.712726,0.427948,7.513675
-0.700714,0.426217,7.514723
-0.718176,0.424472,7.515766
-0.735181,0.422685,7.516805
-0.728456,0.420892,7.517840
-0.724581,0.419110,7.518870
-0.706675,0.417361,7.519896
-0.723570,0.415601,7.520918
-0.703463,0.413857,7.521935
-0.679340,0.412168,7.522948
-0.675713,0.410508,7.523957
-0.707192,0.408802,7.524962
-0.705679,0.407069,7.525963
-0.719970,0.405317,7.526959
-0.703234,0.403577,7.527951
-0.698288,0.401859,7.528938
-0.703910,0.400138,7.529922
-0.707767,0.398407,7.530901
-0.701938,0.396680,7.531876
-0.687708,0.394980,7.532846
-0.694274,0.393284,7.533813
-0.687832,0.391590,7.534776
-0.689741,0.389900,7.535734
-0.672662,0.388234,7.536689
-0.682506,0.386569,7.537639
-0.698044,0.384871,7.538585
-0.684975,0.383178,7.539527
-0.702169,0.381473,7.540465
-0.695228,0.379761,7.541398
-0.676242,0.378084,7.542328
-0.665810,0.376441,7.543253
-0.681021,0.374785,7.544175
-0.675292,0.373123,7.545092
-0.661384,0.371488,7.546005
-0.670694,0.369852,7.546914
-0.675780,0.368199,7.547819
-0.668961,0.366552,7.548720
-0.673318,0.364904,7.549618
-0.676733,0.363248,7.550510
-0.681091,0.361582,7.551399
-0.678450,0.359915,7.552284
-0.692071,0.358231,7.553164
-0.668988,0.356568,7.554041
-0.654442,0.354950,7.554913
-0.650552,0.353350,7.555783
-0.632727,0.351781,7.556647
-0.633378,0.350228,7.557508
-0.642258,0.348661,7.558365
-0.651798,0.347071,7.559219
-0.646450,0.345481,7.560068
-0.653371,0.343885,7.560913
-0.638155,0.342305,7.561755
-0.644022,0.340731,7.562593
-0.630097,0.339172,7.563427
-0.630795,0.337625,7.564257
-0.635586,0.336071,7.565083
-0.649311,0.334491,7.565906
-0.648471,0.332900,7.566724
-0.643698,0.331316,7.567539
-0.656831,0.329717,7.568349
-0.648486,0.328120,7.569156
-0.624654,0.326564,7.569959
-0.650979,0.324992,7.570758
-0.652093,0.323394,7.571553
-0.642167,0.321809,7.572345
-0.651323,0.320220,7.573132
-0.637357,0.318644,7.573916
-0.634964,0.317084,7.574696
-0.629629,0.315534,7.575472
-0.625970,0.313995,7.576244
-0.621554,0.312466,7.577012
-0.636328,0.310919,7.577777
-0.627081,0.309372,7.578537
-0.625197,0.307837,7.579295
-0.609673,0.306328,7.580047
-0.603598,0.304841,7.580797
-0.605727,0.303357,7.581543
-0.602197,0.301876,7.582286
-0.613906,0.300381,7.583024
-0.629091,0.298852,7.583759
-0.660129,0.297262,7.584490
-0.658814,0.295645,7.585217
-0.637355,0.294062,7.585941
-0.615837,0.292532,7.586660
-0.589642,0.291060,7.587376
-0.601646,0.289596,7.588088
-0.600231,0.288123,7.588796
-0.592430,0.286662,7.589501
-0.611956,0.285179,7.590202
-0.610244,0.283681,7.590900
-0.620088,0.282169,7.591594
-0.621117,0.280647,7.592284
-0.606760,0.279145,7.592971
-0.595355,0.277674,7.593654
-0.605899,0.276198,7.594333
-0.593710,0.274730,7.595009
-0.590415,0.273278,7.595681
-0.592121,0.271828,7.596349
-0.589792,0.270379,7.597014
-0.594576,0.268925,7.597676
-0.593181,0.267469,7.598334
-0.601605,0.266001,7.598988
-0.590169,0.264543,7.599639
-0.591722,0.263093,7.600286
-0.587946,0.261647,7.600929
-0.592441,0.260198,7.601569
-0.592283,0.258745,7.602206
-0.588220,0.257298,7.602839
-0.598466,0.255840,7.603468
-0.590741,0.254383,7.604094
-0.568619,0.252968,7.604716
-0.564559,0.251580,7.605335
-0.555702,0.250208,7.605950
-0.577342,0.248813,7.606562
-0.586756,0.247382,7.607171
-0.575504,0.245961,7.607776
-0.583114,0.244538,7.608377
-0.585816,0.243103,7.608975
-0.583656,0.241669,7.609570
-0.574097,0.240252,7.610161
-0.553135,0.238875,7.610749
-0.559925,0.237509,7.611333
-0.555237,0.236143,7.611914
-0.541753,0.234801,7.612491
-0.530667,0.233489,7.613065
-0.538204,0.232176,7.613637
-0.551476,0.230835,7.614205
-0.562120,0.229467,7.614769
-0.582642,0.228057,7.615330
-0.581541,0.226629,7.615888
-0.558547,0.225237,7.616442
-0.551667,0.223878,7.616993
-0.560645,0.222511,7.617540
-0.550932,0.221151,7.618084
-0.561891,0.219783,7.618625
-0.551136,0.218421,7.619162
-0.547222,0.217075,7.619697
-0.537095,0.215748,7.620228
-0.540371,0.214427,7.620755
-0.553653,0.213081,7.621279
-0.530528,0.211759,7.621800
-0.524564,0.210466,7.622318
-0.531177,0.209169,7.622833
-0.533808,0.207863,7.623344
-0.543700,0.206538,7.623852
-0.547442,0.205199,7.624357
-0.538529,0.203870,7.624859
-0.549584,0.202532,7.625357
-0.549372,0.201184,7.625852
-0.540546,0.199850,7.626344
-0.562431,0.198491,7.626833
-0.521903,0.197172,7.627318
-0.513851,0.195905,7.627800
-0.512286,0.194647,7.628279
-0.551370,0.193331,7.628755
-0.548953,0.191982,7.629227
-0.535903,0.190655,7.629697
-0.538462,0.189337,7.630163
-0.521695,0.188042,7.630626
-0.527139,0.186754,7.631085
-0.510103,0.185487,7.631542
-0.515382,0.184228,7.631995
-0.520291,0.182957,7.632445
-0.522285,0.181677,7.632893
-0.518304,0.180402,7.633337
-0.534477,0.179107,7.633777
-0.545039,0.177780,7.634215
-0.543439,0.176446,7.634649
-0.538128,0.175121,7.635080
-0.529002,0.173815,7.635508
-0.528606,0.172518,7.635933
-0.491319,0.171278,7.636355
-0.496625,0.170065,7.636773
-0.525124,0.168804,7.637189
-0.522714,0.167519,7.637601
-0.523153,0.166236,7.638011
-0.511276,0.164971,7.638417
-0.501014,0.163733,7.638820
-0.507028,0.162496,7.639220
-0.497922,0.161265,7.639617
-0.495665,0.160047,7.640011
-0.509744,0.158810,7.640402
-0.501845,0.157572,7.640790
-0.497562,0.156347,7.641175
-0.509929,0.155109,7.641557
-0.499029,0.153874,7.641936
-0.499437,0.152650,7.642312
-0.507035,0.151414,7.642685
-0.497960,0.150184,7.643055
-0.506325,0.148950,7.643421
-0.456556,0.147784,7.643785
-0.464173,0.146653,7.644146
-0.466903,0.145510,7.644505
-0.467808,0.144363,7.644860
-0.461991,0.143225,7.645213
-0.466978,0.142084,7.645563
-0.501346,0.140887,7.645910
-0.479468,0.139690,7.646254
-0.488959,0.138500,7.646595
-0.488269,0.137302,7.646933
-0.470219,0.136131,7.647269
-0.469339,0.134979,7.647601
-0.470380,0.133827,7.647931
-0.469512,0.132674,7.648258
-0.461596,0.131534,7.648582
-0.449357,0.130421,7.648903
-0.468337,0.129290,7.649221
-0.454910,0.128161,7.649537
-0.470447,0.127022,7.649850
-0.455575,0.125890,7.650160
-0.455744,0.124773,7.650468
-0.462064,0.123646,7.650772
-0.436523,0.122551,7.651074
-0.450384,0.121459,7.651374
-0.443696,0.120365,7.651670
-0.418957,0.119314,7.651964
-0.425784,0.118276,7.652255
-0.444832,0.117203,7.652544
-0.453452,0.116098,7.652830
-0.446476,0.114997,7.653114
-0.448268,0.113899,7.653394
-0.441711,0.112809,7.653673
-0.467114,0.111687,7.653948
-0.459038,0.110553,7.654221
-0.458847,0.109428,7.654490
-0.453021,0.108311,7.654757
-0.435963,0.107226,7.655022
-0.433813,0.106160,7.655283
-0.428325,0.105104,7.655543
-0.432393,0.104047,7.655799
-0.425237,0.102998,7.656053
-0.420848,0.101961,7.656304
-0.428147,0.100918,7.656553
-0.442700,0.099845,7.656799
-0.451437,0.098746,7.657043
-0.448625,0.097643,7.657284
-0.441485,0.096553,7.657522
-0.428290,0.095490,7.657758
-0.426344,0.094443,7.657990
-0.424268,0.093401,7.658221
-0.423387,0.092361,7.658449
-0.420220,0.091328,7.658674
-0.395183,0.090335,7.658897
-0.403604,0.089353,7.659117
-0.412662,0.088349,7.659335
-0.414386,0.087335,7.659550
-0.413620,0.086320,7.659763
-0.422326,0.085292,7.659974
-0.426910,0.084249,7.660182
-0.419680,0.083213,7.660387
-0.419666,0.082183,7.660590
-0.396508,0.081189,7.660790
-0.384741,0.080234,7.660988
-0.401053,0.079266,7.661184
-0.398178,0.078286,7.661377
-0.379450,0.077338,7.661568
-0.363633,0.076431,7.661757
-0.381141,0.075513,7.661943
-0.408363,0.074536,7.662127
-0.412814,0.073527,7.662309
-0.389143,0.072550,7.662488
-0.390796,0.071593,7.662665
-0.375010,0.070659,7.662839
-0.385373,0.069723,7.663011
-0.384846,0.068779,7.663181
-0.372853,0.067853,7.663349
-0.387067,0.066917,7.663514
-0.388282,0.065966,7.663677
-0.369659,0.065041,7.663838
-0.374212,0.064128,7.663996
-0.399920,0.063171,7.664152
-0.409673,0.062176,7.664306
-0.391205,0.061199,7.664457
-0.379677,0.060257,7.664606
-0.361876,0.059353,7.664753
-0.369771,0.058453,7.664897
-0.378589,0.057533,7.665040
-0.383942,0.056596,7.665180
-0.365395,0.055683,7.665317
-0.396307,0.054740,7.665453
-0.397526,0.053766,7.665586
-0.400719,0.052786,7.665716
-0.380226,0.051835,7.665845
-0.396465,0.050878,7.665971
-0.397712,0.049904,7.666094
-0.387783,0.048943,7.666215
-0.362042,0.048031,7.666334
-0.343210,0.047172,7.666451
-0.373185,0.046284,7.666566
-0.368111,0.045377,7.666678
-0.355817,0.044492,7.666788
-0.358753,0.043615,7.666896
-0.358442,0.042736,7.667002
-0.344699,0.041878,7.667106
-0.358472,0.041011,7.667208
-0.374487,0.040108,7.667307
-0.388029,0.039169,7.667404
-0.381599,0.038228,7.667499
-0.371636,0.037306,7.667592
-0.381432,0.036380,7.667682
-0.373314,0.035457,7.667770
-0.356616,0.034566,7.667856
-0.341381,0.033714,7.667940
-0.335249,0.032887,7.668022
-0.337526,0.032061,7.668101
-0.339858,0.031229,7.668179
-0.320057,0.030426,7.668255
-0.319783,0.029641,7.668328
-0.330140,0.028841,7.668400
-0.343096,0.028012,7.668470
-0.377702,0.027118,7.668537
-0.367557,0.026207,7.668603
-0.356237,0.025323,7.668666
-0.347049,0.024463,7.668727
-0.329032,0.023639,7.668786
-0.330936,0.022829,7.668843
-0.316950,0.022039,7.668898
-0.312758,0.021268,7.668951
-0.318485,0.020492,7.669002
-0.311581,0.019722,7.669052
-0.324192,0.018939,7.669099
-0.339427,0.018121,7.669144
-0.349351,0.017273,7.669188
-0.343014,0.016425,7.669229
-0.334462,0.015597,7.669268
-0.322639,0.014794,7.669306
-0.318057,0.014010,7.669341
-0.325128,0.013219,7.669374
-0.311475,0.012443,7.669406
-0.325638,0.011658,7.669435
-0.319313,0.010869,7.669463
-0.322613,0.010080,7.669489
-0.321263,0.009291,7.669513
-0.331020,0.008489,7.669534
-0.336067,0.007669,7.669554
-0.348316,0.006826,7.669572
-0.340807,0.005983,7.669588
-0.343921,0.005142,7.669601
-0.312581,0.004347,7.669613
-0.322789,0.003565,7.669623
-0.322472,0.002774,7.669630
-0.308917,0.002003,7.669636
-0.277144,0.001294,7.669640
-0.294625,0.000587,7.669643
-0.308814,-0.000157,7.669643
-0.312962,-0.000921,7.669642
-0.310013,-0.001684,7.669639
-0.298453,-0.002427,7.669634
-0.282137,-0.003134,7.669627
-0.292327,-0.003842,7.669618
-0.282827,-0.004544,7.669608
-0.293561,-0.005254,7.669596
-0.290758,-0.005970,7.669582
-0.292182,-0.006685,7.669567
-0.292634,-0.007403,7.669549
-0.295842,-0.008125,7.669530
-0.286745,-0.008837,7.669510
-0.285085,-0.009538,7.669487
-0.288787,-0.010243,7.669463
-0.287473,-0.010949,7.669437
-0.273689,-0.011633,7.669409
-0.281636,-0.012317,7.669380
-0.277388,-0.013001,7.669349
-0.262419,-0.013659,7.669316
-0.258192,-0.014296,7.669282
-0.275604,-0.014956,7.669246
-0.267424,-0.015620,7.669208
-0.275798,-0.016288,7.669169
-0.261262,-0.016942,7.669128
-0.276438,-0.017606,7.669086
-0.280558,-0.018290,7.669042
-0.249756,-0.018932,7.668996
-0.267693,-0.019572,7.668949
-0.271878,-0.020235,7.668900
-0.278027,-0.020911,7.668850
-0.259461,-0.021565,7.668798
-0.248202,-0.022184,7.668744
-0.254344,-0.022802,7.668689
-0.244834,-0.023411,7.668632
-0.240542,-0.024005,7.668574
-0.242164,-0.024598,7.668515
-0.235102,-0.025181,7.668454
-0.244411,-0.025772,7.668391
-0.239315,-0.026364,7.668327
-0.245865,-0.026961,7.668262
-0.245257,-0.027563,7.668195
-0.254072,-0.028178,7.668127
-0.244634,-0.028786,7.668057
-0.235126,-0.029372,7.667985
-0.240081,-0.029956,7.667913
-0.248175,-0.030557,7.667838
-0.239613,-0.031153,7.667763
-0.227226,-0.031722,7.667686
-0.234439,-0.032290,7.667607
-0.247553,-0.032885,7.667527
-0.246545,-0.033490,7.667446
-0.254884,-0.034107,7.667363
-0.234231,-0.034701,7.667279
-0.230768,-0.035270,7.667193
-0.229394,-0.035834,7.667106
-0.206661,-0.036362,7.667017
-0.219995,-0.036889,7.666927
-0.212265,-0.037417,7.666836
-0.209188,-0.037933,7.666744
-0.206716,-0.038442,7.666650
-0.219114,-0.038968,7.666555
-0.228409,-0.039520,7.666459
-0.222905,-0.040071,7.666361
-0.235447,-0.040637,7.666262
-0.222849,-0.041195,7.666162
-0.232706,-0.041757,7.666060
-0.249832,-0.042353,7.665957
-0.235513,-0.042945,7.665853
-0.213400,-0.043489,7.665747
-0.191945,-0.043980,7.665639
-0.193915,-0.044454,7.665531
-0.194317,-0.044930,7.665421
-0.228782,-0.045458,7.665310
-0.209436,-0.045990,7.665198
-0.216884,-0.046515,7.665085
-0.203543,-0.047027,7.664970
-0.229426,-0.047566,7.664854
-0.227767,-0.048126,7.664737
-0.208047,-0.048655,7.664618
-0.210795,-0.049169,7.664498
-0.232582,-0.049719,7.664377
-0.233436,-0.050291,7.664254
-0.221776,-0.050846,7.664130
-0.205248,-0.051365,7.664005
-0.205138,-0.051868,7.663878
-0.200445,-0.052364,7.663750
-0.201819,-0.052858,7.663621
-0.181345,-0.053322,7.663491
-0.198722,-0.053793,7.663360
-0.201176,-0.054284,7.663227
-0.190327,-0.054761,7.663093
-0.169874,-0.055197,7.662959
-0.197867,-0.055656,7.662823
-0.205537,-0.056153,7.662686
-0.190626,-0.056634,7.662547
-0.195288,-0.057109,7.662408
-0.202910,-0.057599,7.662267
-0.169003,-0.058046,7.662125
-0.145535,-0.058425,7.661983
-0.149842,-0.058788,7.661839
-0.167906,-0.059183,7.661694
-0.195151,-0.059636,7.661548
-0.185043,-0.060099,7.661402
-0.170679,-0.060531,7.661254
-0.160928,-0.060935,7.661105
-0.130563,-0.061284,7.660955
-0.160236,-0.061649,7.660804
-0.155433,-0.062035,7.660652
-0.159535,-0.062422,7.660500
-0.153611,-0.062805,7.660346
-0.173856,-0.063212,7.660192
-0.162131,-0.063621,7.660036
-0.179818,-0.064045,7.659880
-0.183781,-0.064492,7.659722
-0.188273,-0.064950,7.659563
-0.166082,-0.065378,7.659403
-0.167903,-0.065788,7.659242
-0.171436,-0.066206,7.659080
-0.145028,-0.066586,7.658918
-0.146347,-0.066944,7.658754
-0.147013,-0.067304,7.658589
-0.145453,-0.067662,7.658424
-0.134746,-0.068003,7.658257
-0.147022,-0.068352,7.658090
-0.126811,-0.068681,7.657922
-0.130922,-0.068999,7.657753
-0.130885,-0.069320,7.657584
-0.128062,-0.069637,7.657413
-0.129914,-0.069954,7.657242
-0.143690,-0.070293,7.657070
-0.139934,-0.070640,7.656897
-0.128228,-0.070965,7.656724
-0.116413,-0.071262,7.656549
-0.125441,-0.071561,7.656374
-0.125363,-0.071868,7.656198
-0.125811,-0.072177,7.656022
-0.130311,-0.072492,7.655844
-0.136545,-0.072821,7.655666
-0.125656,-0.073140,7.655487
-0.142405,-0.073473,7.655307
-0.145568,-0.073827,7.655126
-0.117511,-0.074142,7.654945
-0.125782,-0.074442,7.654763
-0.137948,-0.074770,7.654580
-0.052691,-0.074979,7.654396
-0.099313,-0.075179,7.654212
-0.105100,-0.075431,7.654027
-0.117854,-0.075708,7.653842
-0.115402,-0.075993,7.653656
-0.136723,-0.076309,7.653469
-0.127488,-0.076630,7.653282
-0.119444,-0.076931,7.653093
-0.114951,-0.077217,7.652904
-0.043907,0.000067,7.652715
-0.016771,0.000025,7.652715
-0.006406,-0.000002,7.652715
-0.002447,0.000004,7.652715
-0.069718,-0.000089,7.652715
-0.098533,-0.000302,7.652714
-0.112627,-0.000564,7.652713
-0.125074,-0.000859,7.652711
-0.130070,-0.001173,7.652709
-0.049682,-0.001371,7.652706
-0.018977,-0.001446,7.652702
-0.007249,-0.001475,7.652699
-0.002769,0.000004,7.652695
-0.001058,0.000002,7.652695
-0.000404,0.000001,7.652695
-0.000154,0.000000,7.652695
-0.000059,0.000000,7.652695
-0.066169,-0.000086,7.652695
-0.025274,0.000038,7.652695
-0.009654,-0.000003,7.652695
-0.003687,-0.000019,7.652695
-0.001408,-0.000024,7.652695
-0.000538,0.000001,7.652695
-0.000205,-0.000000,7.652695
-0.070668,-0.000101,7.652694
-0.026993,0.000041,7.652694
-0.074935,-0.000087,7.652694
-0.028623,0.000043,7.652694
-0.010933,0.000017,7.652694
-0.004176,0.000006,7.652694
-0.001595,0.000002,7.652694
-0.000609,0.000001,7.652694
-0.000233,0.000000,7.652694
-0.000089,0.000000,7.652694
-0.000034,0.000000,7.652694
-0.000013,0.000000,7.652694
-0.000005,-0.000000,7.652694
-0.000002,0.000000,7.652694
-0.000001,0.000000,7.652694
-0.000000,0.000000,7.652694
-0.000000,0.000000,7.652694
-0.000000,0.000000,7.652694
-0.000000,0.000000,7.652694
-0.000000,0.000000,7.652694
-0.000000,0.000000,7.652694
-0.000000,0.000000,7.652694
-0.000000,0.000000,7.652694
-0.000000,0.000000,7.652694
-0.000000,0.000000,7.652694
-0.000000,0.000000,7.652694
-0.000000,0.000000,7.652694
-0.000000,0.000000,7.652694
-0.000000,0.000000,7.652694
-0.000000,0.000000,7.652694
-0.000000,0.000000,7.652694
-0.000000,0.000000,7.652694
-0.000000,0.000000,7.652694
-0.000000,0.000000,7.652694
-0.000000,0.000000,7.652694
-0.000000,0.000000,7.652694
-0.000000,0.000000,7.652694
-0.000000,0.000000,7.652694
-0.000000,0.000000,7.652694
-0.000000,0.000000,7.652694
-0.000000,0.000000,7.652694
-0.000000,0.000000,7.652694
-0.000000,0.000000,7.652694
-0.000000,0.000000,7.652694
-0.000000,0.000000,7.652694
-0.000000,0.000000,7.652694
-0.000000,0.000000,7.652694
-0.000000,0.000000,7.652694
-0.000000,0.000000,7.652694
-0.000000,0.000000,7.652694
-0.000000,0.000000,7.652694
-0.000000,0.000000,7.652694
-0.000000,0.000000,7.652694
-0.000000,0.000000,7.652694
-0.000000,0.000000,7.652694
-0.000000,0.000000,7.652694
-0.000000,0.000000,7.652694
-0.000000,0.000000,7.652694
-0.000000,0.000000,7.652694
-0.000000,0.000000,7.652694
-0.000000,0.000000,7.652694
-0.000000,0.000000,7.652694
-0.000000,0.000000,7.652694
-0.000000,0.000000,7.652694
-0.000000,0.000000,7.652694
-0.000000,0.000000,7.652694
-0.000000,0.000000,7.652694
-0.000000,0.000000,7.652694
-0.000000,0.000000,7.652694
-0.000000,0.000000,7.652694
-0.000000,0.000000,7.652694
-0.000000,0.000000,7.652694
-0.000000,0.000000,7.652694
-0.000000,0.000000,7.652694
-0.000000,0.000000,7.652694
-0.000000,0.000000,7.652694
-0.000000,0.000000,7.652694
-0.000000,0.000000,7.652694
-0.000000,0.000000,7.652694
-0.000000,0.000000,7.652694
-0.000000,0.000000,7.652694
-0.000000,0.000000,7.652694
-0.000000,0.000000,7.652694
-0.000000,0.000000,7.652694
-0.000000,0.000000,7.652694
-0.000000,0.000000,7.652694
-0.000000,0.000000,7.652694
-0.000000,0.000000,7.652694
-0.000000,0.000000,7.652694
-0.000000,0.000000,7.652694
-0.000000,0.000000,7.652694
-0.000000,0.000000,7.652694
-0.000000,0.000000,7.652694
-0.000000,0.000000,7.652694
-0.000000,0.000000,7.652694
-0.000000,0.000000,7.652694
-0.000000,0.000000,7.652694
-0.000000,0.000000,7.652694
-0.000000,0.000000,7.652694
-0.000000,0.000000,7.652694
-0.000000,0.000000,7.652694
-0.000000,0.000000,7.652694
-0.000000,0.000000,7.652694
-0.000000,0.000000,7.652694
-0.000000,0.000000,7.652694
-0.000000,0.000000,7.652694
-0.000000,0.000000,7.652694
-0.000000,0.000000,7.652694
-0.000000,0.000000,7.652694
-0.000000,0.000000,7.652694
-0.000000,0.000000,7.652694
-0.000000,0.000000,7.652694
-0.000000,0.000000,7.652694
-0.000000,0.000000,7.652694
-0.000000,0.000000,7.652694
-0.000000,0.000000,7.652694
-0.000000,0.000000,7.652694
-0.000000,0.000000,7.652694
-0.000000,0.000000,7.652694
-0.000000,0.000000,7.652694
-0.000000,0.000000,7.652694
-0.000000,0.000000,7.652694
-0.000000,0.000000,7.652694
-0.000000,0.000000,7.652694
-0.000000,0.000000,7.652694
-0.000000,0.000000,7.652694
-0.000000,0.000000,7.652694
-0.000000,0.000000,7.652694
-0.000000,0.000000,7.652694
-0.000000,0.000000,7.652694
-0.000000,0.000000,7.652694
-0.000000,0.000000,7.652694
-0.000000,0.000000,7.652694
-0.000000,0.000000,7.652694
-0.000000,0.000000,7.652694
-0.000000,0.000000,7.652694
-0.000000,0.000000,7.652694
-0.000000,0.000000,7.652694
-0.000000,0.000000,7.652694
-0.000000,0.000000,7.652694
-0.000000,0.000000,7.652694
-0.000000,0.000000,7.652694
-0.000000,0.000000,7.652694
-0.000000,0.000000,7.652694
-0.000000,0.000000,7.652694
-0.000000,0.000000,7.652694
-0.000000,0.000000,7.652694
-0.000000,0.000000,7.652694
-0.000000,0.000000,7.652694
-0.000000,0.000000,7.652694
-0.000000,0.000000,7.652694
-0.000000,0.000000,7.652694
-0.000000,0.000000,7.652694
-0.000000,0.000000,7.652694
-0.000000,0.000000,7.652694
-0.000000,0.000000,7.652694
-0.000000,0.000000,7.652694
-0.000000,0.000000,7.652694
-0.000000,0.000000,7.652694
-0.000000,0.000000,7.652694
-0.000000,0.000000,7.652694
-0.000000,0.000000,7.652694
-0.000000,0.000000,7.652694
-0.000000,0.000000,7.652694
-0.000000,0.000000,7.652694
-0.000000,0.000000,7.652694
-0.000000,0.000000,7.652694
-0.000000,0.000000,7.652694
-0.000000,0.000000,7.652694
-0.000000,0.000000,7.652694
-0.000000,0.000000,7.652694
-0.000000,0.000000,7.652694
-0.000000,0.000000,7.652694
-0.000000,0.000000,7.652694
-0.000000,0.000000,7.652694
-0.000000,0.000000,7.652694
-0.000000,0.000000,7.652694
-0.000000,0.000000,7.652694
-0.000000,0.000000,7.652694
-0.000000,0.000000,7.652694
-0.000000,0.000000,7.652694
-0.000000,0.000000,7.652694
-0.000000,0.000000,7.652694
-0.000000,0.000000,7.652694
-0.000000,0.000000,7.652694
-0.000000,0.000000,7.652694
-0.000000,0.000000,7.652694
-0.000000,0.000000,7.652694
-0.000000,0.000000,7.652694
-0.000000,0.000000,7.652694
-0.000000,0.000000,7.652694
-0.000000,0.000000,7.652694
-0.000000,0.000000,7.652694
-0.000000,0.000000,7.652694
-0.000000,0.000000,7.652694
-0.000000,0.000000,7.652694
-0.000000,0.000000,7.652694
-0.000000,0.000000,7.652694
-0.000000,0.000000,7.652694
-0.000000,0.000000,7.652694
-0.000000,0.000000,7.652694
-0.000000,0.000000,7.652694
-0.000000,0.000000,7.652694
-0.000000,0.000000,7.652694
-0.000000,0.000000,7.652694
-0.000000,0.000000,7.652694
-0.000000,0.000000,7.652694
-0.000000,0.000000,7.652694
-0.000000,0.000000,7.652694
-0.000000,0.000000,7.652694
-0.000000,0.000000,7.652694
-0.000000,0.000000,7.652694
-0.000000,0.000000,7.652694
-0.000000,0.000000,7.652694
-0.000000,0.000000,7.652694
-0.000000,0.000000,7.652694
-0.000000,0.000000,7.652694
-0.000000,0.000000,7.652694
-0.000000,0.000000,7.652694
-0.000000,0.000000,7.652694
-0.000000,0.000000,7.652694
-0.000000,0.000000,7.652694
-0.000000,0.000000,7.652694
-0.000000,0.000000,7.652694
-0.000000,0.000000,7.652694
-0.000000,0.000000,7.652694
-0.000000,0.000000,7.652694
-0.000000,0.000000,7.652694
-0.000000,0.000000,7.652694
-0.000000,0.000000,7.652694
-0.000000,0.000000,7.652694
-0.000000,0.000000,7.652694
-0.000000,0.000000,7.652694
-0.000000,0.000000,7.652694
-0.000000,0.000000,7.652694
-0.000000,0.000000,7.652694
-0.000000,0.000000,7.652694
-0.000000,0.000000,7.652694
-0.000000,0.000000,7.652694
-0.000000,0.000000,7.652694
-0.000000,0.000000,7.652694
-0.000000,0.000000,7.652694
-0.000000,0.000000,7.652694
-0.000000,0.000000,7.652694
-0.000000,0.000000,7.652694
-0.000000,0.000000,7.652694
-0.000000,0.000000,7.652694
-0.000000,0.000000,7.652694
-0.000000,0.000000,7.652694
-0.000000,0.000000,7.652694
-0.000000,0.000000,7.652694
-0.000000,0.000000,7.652694
-0.000000,0.000000,7.652694
-0.000000,0.000000,7.652694
-0.000000,0.000000,7.652694
-0.000000,0.000000,7.652694
-0.000000,0.000000,7.652694
-0.000000,0.000000,7.652694
-0.000000,0.000000,7.652694
-0.000000,0.000000,7.652694
-0.000000,0.000000,7.652694
-0.000000,0.000000,7.652694
-0.000000,0.000000,7.652694
-0.000000,0.000000,7.652694
-0.000000,0.000000,7.652694
-0.000000,0.000000,7.652694
-0.000000,0.000000,7.652694
-0.000000,0.000000,7.652694
-0.000000,0.000000,7.652694
-0.000000,0.000000,7.652694
-0.000000,0.000000,7.652694
-0.000000,0.000000,7.652694
-0.000000,0.000000,7.652694
-0.000000,0.000000,7.652694
-0.000000,0.000000,7.652694
-0.000000,0.000000,7.652694
-0.000000,0.000000,7.652694
-0.000000,0.000000,7.652694
-0.000000,0.000000,7.652694
-0.000000,0.000000,7.652694
-0.000000,0.000000,7.652694
-0.000000,0.000000,7.652694
-0.000000,0.000000,7.652694
-0.000000,0.000000,7.652694
-0.000000,0.000000,7.652694
-0.000000,0.000000,7.652694
-0.000000,0.000000,7.652694
-0.000000,0.000000,7.652694
-0.000000,0.000000,7.652694
-0.000000,0.000000,7.652694
-0.000000,0.000000,7.652694
-0.000000,0.000000,7.652694
-0.000000,0.000000,7.652694
-0.000000,0.000000,7.652694
-0.000000,0.000000,7.652694
-0.000000,0.000000,7.652694
-0.000000,0.000000,7.652694
-0.000000,0.000000,7.652694
-0.000000,0.000000,7.652694
-0.000000,0.000000,7.652694
-0.000000,0.000000,7.652694
-0.000000,0.000000,7.652694
-0.000000,0.000000,7.652694
-0.000000,0.000000,7.652694
-0.000000,0.000000,7.652694
-0.000000,0.000000,7.652694
-0.000000,0.000000,7.652694
-0.000000,0.000000,7.652694
-0.000000,0.000000,7.652694
-0.000000,0.000000,7.652694
-0.000000,0.000000,7.652694
-0.000000,0.000000,7.652694
-0.000000,0.000000,7.652694
-0.000000,0.000000,7.652694
-0.000000,0.000000,7.652694
-0.000000,0.000000,7.652694
-0.000000,0.000000,7.652694
-0.000000,0.000000,7.652694
-0.000000,0.000000,7.652694
-0.000000,0.000000,7.652694
-0.000000,0.000000,7.652694
-0.000000,0.000000,7.652694
-0.000000,0.000000,7.652694
-0.000000,0.000000,7.652694
-0.000000,0.000000,7.652694
-0.000000,0.000000,7.652694
-0.000000,0.000000,7.652694
-0.000000,0.000000,7.652694
-0.000000,0.000000,7.652694
-0.000000,0.000000,7.652694
-0.000000,0.000000,7.652694
-0.000000,0.000000,7.652694
-0.000000,0.000000,7.652694
-0.000000,0.000000,7.652694
-0.000000,0.000000,7.652694
-0.000000,0.000000,7.652694
-0.000000,0.000000,7.652694
-0.000000,0.000000,7.652694
-0.000000,0.000000,7.652694
-0.000000,0.000000,7.652694
-0.000000,0.000000,7.652694
-0.000000,0.000000,7.652694
-0.000000,0.000000,7.652694
-0.000000,0.000000,7.652694
-0.000000,0.000000,7.652694
-0.000000,0.000000,7.652694
-0.000000,0.000000,7.652694
-0.000000,0.000000,7.652694
-0.000000,0.000000,7.652694
-0.000000,0.000000,7.652694
-0.000000,0.000000,7.652694
-0.000000,0.000000,7.652694
-0.000000,0.000000,7.652694
-0.000000,0.000000,7.652694
-0.000000,0.000000,7.652694
-0.000000,0.000000,7.652694
-0.000000,0.000000,7.652694
-0.000000,0.000000,7.652694
-0.000000,0.000000,7.652694
-0.000000,0.000000,7.652694
-0.000000,0.000000,7.652694
-0.000000,0.000000,7.652694
-0.000000,0.000000,7.652694
-0.000000,0.000000,7.652694
-0.000000,0.000000,7.652694
-0.000000,0.000000,7.652694
-0.000000,0.000000,7.652694
-0.000000,0.000000,7.652694
-0.000000,0.000000,7.652694
-0.000000,0.000000,7.652694
-0.000000,0.000000,7.652694
-0.000000,0.000000,7.652694
-0.000000,0.000000,7.652694
-0.000000,0.000000,7.652694
-0.000000,0.000000,7.652694
-0.000000,0.000000,7.652694
-0.000000,0.000000,7.652694
-0.000000,0.000000,7.652694
-0.000000,0.000000,7.652694
-0.000000,0.000000,7.652694
-0.000000,0.000000,7.652694
-0.000000,0.000000,7.652694
-0.000000,0.000000,7.652694
-0.000000,0.000000,7.652694
-0.000000,0.000000,7.652694
-0.000000,0.000000,7.652694
-0.000000,0.000000,7.652694
-0.000000,0.000000,7.652694
-0.000000,0.000000,7.652694
-0.000000,0.000000,7.652694
-0.000000,0.000000,7.652694
-0.000000,0.000000,7.652694
-0.000000,0.000000,7.652694
-0.000000,0.000000,7.652694
-0.000000,0.000000,7.652694
-0.000000,0.000000,7.652694
-0.000000,0.000000,7.652694
-0.000000,0.000000,7.652694
-0.000000,0.000000,7.652694
-0.000000,0.000000,7.652694
-0.000000,0.000000,7.652694
-0.000000,0.000000,7.652694
-0.000000,0.000000,7.652694
-0.000000,0.000000,7.652694
-0.000000,0.000000,7.652694
-0.000000,0.000000,7.652694
-0.000000,0.000000,7.652694
-0.000000,0.000000,7.652694
-0.000000,0.000000,7.652694
-0.000000,0.000000,7.652694
-0.000000,0.000000,7.652694
-0.000000,0.000000,7.652694
-0.000000,0.000000,7.652694
-0.000000,0.000000,7.652694
-0.000000,0.000000,7.652694
-0.000000,0.000000,7.652694
-0.000000,0.000000,7.652694
-0.000000,0.000000,7.652694
-0.000000,0.000000,7.652694
-0.000000,0.000000,7.652694
-0.000000,0.000000,7.652694
-0.000000,0.000000,7.652694
-0.000000,0.000000,7.652694
-0.000000,0.000000,7.652694
-0.000000,0.000000,7.652694
-0.000000,0.000000,7.652694
-0.000000,0.000000,7.652694
-0.000000,0.000000,7.652694
-0.000000,0.000000,7.652694
-0.000000,0.000000,7.652694
-0.000000,0.000000,7.652694
-0.000000,0.000000,7.652694
-0.000000,0.000000,7.652694
-0.000000,0.000000,7.652694
-0.000000,0.000000,7.652694
-0.000000,0.000000,7.652694
-0.000000,0.000000,7.652694
-0.000000,0.000000,7.652694
-0.000000,0.000000,7.652694
-0.000000,0.000000,7.652694
-0.000000,0.000000,7.652694
-0.000000,0.000000,7.652694
-0.000000,0.000000,7.652694
-0.000000,0.000000,7.652694
-0.000000,0.000000,7.652694
-0.000000,0.000000,7.652694
-0.000000,0.000000,7.652694
-0.000000,0.000000,7.652694
-0.000000,0.000000,7.652694
-0.000000,0.000000,7.652694
-0.000000,0.000000,7.652694
-0.000000,0.000000,7.652694
-0.000000,0.000000,7.652694
-0.000000,0.000000,7.652694
-0.000000,0.000000,7.652694
-0.000000,0.000000,7.652694
-0.000000,0.000000,7.652694
-0.000000,0.000000,7.652694
-0.000000,0.000000,7.652694
-0.000000,0.000000,7.652694
-0.000000,0.000000,7.652694
-0.000000,0.000000,7.652694
-0.000000,0.000000,7.652694
-0.000000,0.000000,7.652694
-0.000000,0.000000,7.652694
-0.000000,0.000000,7.652694
-0.000000,0.000000,7.652694
-0.000000,0.000000,7.652694
-0.000000,0.000000,7.652694
-0.000000,0.000000,7.652694
-0.000000,0.000000,7.652694
-0.000000,0.000000,7.652694
-0.000000,0.000000,7.652694
-0.000000,0.000000,7.652694
-0.000000,0.000000,7.652694
-0.000000,0.000000,7.652694
-0.000000,0.000000,7.652694
-0.000000,0.000000,7.652694
-0.000000,0.000000,7.652694
-0.000000,0.000000,7.652694
-0.000000,0.000000,7.652694
-0.000000,0.000000,7.652694
-0.000000,0.000000,7.652694
-0.000000,0.000000,7.652694
-0.000000,0.000000,7.652694
-0.000000,0.000000,7.652694
-0.000000,0.000000,7.652694
-0.000000,0.000000,7.652694
-0.000000,0.000000,7.652694
-0.000000,0.000000,7.652694
-0.000000,0.000000,7.652694
-0.000000,0.000000,7.652694
-0.000000,0.000000,7.652694
-0.000000,0.000000,7.652694
-0.000000,0.000000,7.652694
-0.000000,0.000000,7.652694
-0.000000,0.000000,7.652694
-0.000000,0.000000,7.652694
-0.000000,0.000000,7.652694
-0.000000,0.000000,7.652694
-0.000000,0.000000,7.652694
-0.000000,0.000000,7.652694
-0.000000,0.000000,7.652694
-0.000000,0.000000,7.652694
-0.000000,0.000000,7.652694
-0.000000,0.000000,7.652694
-0.000000,0.000000,7.652694
-0.000000,0.000000,7.652694
-0.000000,0.000000,7.652694
-0.000000,0.000000,7.652694
-0.000000,0.000000,7.652694
-0.000000,0.000000,7.652694
-0.000000,0.000000,7.652694
-0.000000,0.000000,7.652694
-0.000000,0.000000,7.652694
-0.000000,0.000000,7.652694
-0.000000,0.000000,7.652694
-0.000000,0.000000,7.652694
-0.000000,0.000000,7.652694
-0.000000,0.000000,7.652694
-0.000000,0.000000,7.652694
-0.000000,0.000000,7.652694
-0.000000,0.000000,7.652694
-0.000000,0.000000,7.652694
-0.000000,0.000000,7.652694
-0.000000,0.000000,7.652694
-0.000000,0.000000,7.652694
-0.000000,0.000000,7.652694
-0.000000,0.000000,7.652694
-0.000000,0.000000,7.652694
-0.000000,0.000000,7.652694
-0.000000,0.000000,7.652694
-0.000000,0.000000,7.652694
-0.000000,0.000000,7.652694
-0.000000,0.000000,7.652694
-0.000000,0.000000,7.652694
-0.000000,0.000000,7.652694
-0.000000,0.000000,7.652694
-0.000000,0.000000,7.652694
-0.000000,0.000000,7.652694
-0.000000,0.000000,7.652694
-0.000000,0.000000,7.652694
-0.000000,0.000000,7.652694
-0.000000,0.000000,7.652694
-0.000000,0.000000,7.652694
-0.000000,0.000000,7.652694
-0.000000,0.000000,7.652694
-0.000000,0.000000,7.652694
-0.000000,0.000000,7.652694
-0.000000,0.000000,7.652694
-0.000000,0.000000,7.652694
-0.000000,0.000000,7.652694
-0.000000,0.000000,7.652694
-0.000000,0.000000,7.652694
-0.000000,0.000000,7.652694
-0.000000,0.000000,7.652694
-0.000000,0.000000,7.652694
-0.000000,0.000000,7.652694
-0.000000,0.000000,7.652694
-0.000000,0.000000,7.652694
-0.000000,0.000000,7.652694
-0.000000,0.000000,7.652694
-0.000000,0.000000,7.652694
-0.000000,0.000000,7.652694
-0.000000,0.000000,7.652694
-0.000000,0.000000,7.652694
-0.000000,0.000000,7.652694
-0.000000,0.000000,7.652694
-0.000000,0.000000,7.652694
-0.000000,0.000000,7.652694
-0.000000,0.000000,7.652694
-0.000000,0.000000,7.652694
-0.000000,0.000000,7.652694
-0.000000,0.000000,7.652694
-0.000000,0.000000,7.652694
-0.000000,0.000000,7.652694
-0.000000,0.000000,7.652694
-0.000000,0.000000,7.652694
-0.000000,0.000000,7.652694
-0.000000,0.000000,7.652694
-0.000000,0.000000,7.652694
-0.000000,0.000000,7.652694
-0.000000,0.000000,7.652694
-0.000000,0.000000,7.652694
-0.000000,0.000000,7.652694
-0.000000,0.000000,7.652694
-0.000000,0.000000,7.652694
-0.000000,0.000000,7.652694
-0.000000,0.000000,7.652694
-0.000000,0.000000,7.652694
-0.000000,0.000000,7.652694
-0.000000,0.000000,7.652694
-0.000000,0.000000,7.652694
-0.000000,0.000000,7.652694
-0.000000,0.000000,7.652694
-0.000000,0.000000,7.652694
-0.000000,0.000000,7.652694
-0.000000,-0.000000,7.652694
-0.000000,0.000000,7.652694
-0.000000,0.000000,7.652694
-0.000000,0.000000,7.652694
-0.000000,0.000000,7.652694
-0.000000,0.000000,7.652694
-0.000000,0.000000,7.652694
-0.000000,0.000000,7.652694
-0.000000,0.000000,7.652694
-0.000000,0.000000,7.652694
-0.000000,0.000000,7.652694
-0.000000,0.000000,7.652694
-0.000000,0.000000,7.652694
-0.000000,0.000000,7.652694
-0.000000,0.000000,7.652694
-0.000000,0.000000,7.652694
-0.000000,0.000000,7.652694
-0.000000,0.000000,7.652694
-0.000000,0.000000,7.652694
-0.000000,0.000000,7.652694
-0.000000,0.000000,7.652694
-0.000000,0.000000,7.652694
-0.000000,0.000000,7.652694
-0.000000,0.000000,7.652694
-0.000000,0.000000,7.652694
-0.000000,0.000000,7.652694
-0.000000,0.000000,7.652694
-0.000000,0.000000,7.652694
-0.000000,0.000000,7.652694
-0.000000,0.000000,7.652694
-0.000000,0.000000,7.652694
-0.000000,0.000000,7.652694
-0.000000,0.000000,7.652694
-0.000000,0.000000,7.652694
-0.000000,0.000000,7.652694
-0.000000,0.000000,7.652694
-0.000000,0.000000,7.652694
-0.000000,0.000000,7.652694
-0.000000,0.000000,7.652694
-0.000000,0.000000,7.652694
-0.000000,0.000000,7.652694
-0.000000,0.000000,7.652694
-0.000000,0.000000,7.652694
-0.000000,0.000000,7.652694
-0.000000,0.000000,7.652694
-0.000000,0.000000,7.652694
-0.000000,0.000000,7.652694
-0.000000,0.000000,7.652694
-0.000000,0.000000,7.652694
-0.000000,0.000000,7.652694
-0.000000,0.000000,7.652694
-0.000000,0.000000,7.652694
-0.000000,0.000000,7.652694
-0.000000,0.000000,7.652694
-0.000000,0.000000,7.652694
-0.000000,0.000000,7.652694
-0.000000,0.000000,7.652694
-0.000000,0.000000,7.652694
-0.000000,0.000000,7.652694
-0.000000,0.000000,7.652694
-0.000000,0.000000,7.652694
-0.000000,0.000000,7.652694
-0.000000,0.000000,7.652694
-0.000000,0.000000,7.652694
-0.000000,0.000000,7.652694
-0.000000,0.000000,7.652694
-0.000000,0.000000,7.652694
-0.000000,0.000000,7.652694
-0.000000,0.000000,7.652694
-0.000000,0.000000,7.652694
-0.000000,0.000000,7.652694
-0.000000,0.000000,7.652694
-0.000000,0.000000,7.652694
-0.000000,0.000000,7.652694
-0.000000,0.000000,7.652694
-0.000000,0.000000,7.652694
-0.000000,0.000000,7.652694
-0.000000,0.000000,7.652694
-0.000000,0.000000,7.652694
-0.000000,0.000000,7.652694
-0.000000,0.000000,7.652694
-0.000000,0.000000,7.652694
-0.000000,0.000000,7.652694
-0.000000,0.000000,7.652694
-0.000000,0.000000,7.652694
-0.000000,0.000000,7.652694
-0.000000,0.000000,7.652694
-0.000000,0.000000,7.652694
-0.000000,0.000000,7.652694
-0.000000,0.000000,7.652694
-0.000000,0.000000,7.652694
-0.000000,0.000000,7.652694
-0.000000,0.000000,7.652694
-0.000000,0.000000,7.652694
-0.000000,0.000000,7.652694
-0.000000,0.000000,7.652694
-0.000000,0.000000,7.652694
-0.000000,0.000000,7.652694
-0.000000,0.000000,7.652694
-0.000000,0.000000,7.652694
-0.000000,0.000000,7.652694
-0.000000,0.000000,7.652694
-0.000000,0.000000,7.652694
-0.000000,0.000000,7.652694
-0.000000,0.000000,7.652694
-0.000000,0.000000,7.652694
-0.000000,0.000000,7.652694
-0.000000,0.000000,7.652694
-0.000000,0.000000,7.652694
-0.000000,0.000000,7.652694
-0.000000,0.000000,7.652694
-0.000000,0.000000,7.652694
-0.000000,0.000000,7.652694
-0.000000,0.000000,7.652694
-0.000000,0.000000,7.652694
-0.000000,0.000000,7.652694
-0.000000,0.000000,7.652694
-0.000000,0.000000,7.652694
-0.000000,0.000000,7.652694
-0.000000,0.000000,7.652694
-0.000000,0.000000,7.652694
-0.000000,0.000000,7.652694
-0.000000,0.000000,7.652694
-0.000000,0.000000,7.652694
-0.000000,0.000000,7.652694
-0.000000,0.000000,7.652694
-0.000000,0.000000,7.652694
-0.000000,0.000000,7.652694
-0.000000,0.000000,7.652694
-0.000000,0.000000,7.652694
-0.000000,0.000000,7.652694
-0.000000,0.000000,7.652694
-0.000000,0.000000,7.652694
-0.000000,0.000000,7.652694
-0.000000,0.000000,7.652694
-0.000000,0.000000,7.652694
-0.000000,0.000000,7.652694
-0.000000,0.000000,7.652694
-0.000000,0.000000,7.652694
-0.000000,0.000000,7.652694
-0.000000,0.000000,7.652694
-0.000000,0.000000,7.652694
-0.000000,0.000000,7.652694
-0.000000,0.000000,7.652694
-0.000000,0.000000,7.652694
-0.000000,0.000000,7.652694
-0.000000,0.000000,7.652694
-0.000000,0.000000,7.652694
-0.000000,0.000000,7.652694
-0.000000,0.000000,7.652694
-0.000000,0.000000,7.652694
-0.000000,0.000000,7.652694
-0.000000,0.000000,7.652694
-0.000000,0.000000,7.652694
-0.000000,0.000000,7.652694
-0.000000,0.000000,7.652694
-0.000000,0.000000,7.652694
-0.000000,0.000000,7.652694
-0.000000,0.000000,7.652694
-0.000000,0.000000,7.652694
-0.000000,0.000000,7.652694
-0.000000,0.000000,7.652694
-0.000000,0.000000,7.652694
-0.000000,0.000000,7.652694
-0.000000,0.000000,7.652694
-0.000000,0.000000,7.652694
-0.000000,0.000000,7.652694
-0.000000,0.000000,7.652694
-0.000000,0.000000,7.652694
-0.000000,0.000000,7.652694
-0.000000,0.000000,7.652694
-0.000000,0.000000,7.652694
-0.000000,0.000000,7.652694
-0.000000,0.000000,7.652694
-0.000000,0.000000,7.652694
-0.000000,0.000000,7.652694
-0.000000,0.000000,7.652694
0.000000,0.000000,7.652694
0.000000,0.000000,7.652694
0.000000,0.000000,7.652694
0.000000,0.000000,7.652694
0.000000,0.000000,7.652694
0.000000,0.000000,7.652694
0.000000,0.000000,7.652694
0.000000,0.000000,7.652694
0.000000,0.000000,7.652694
0.000000,0.000000,7.652694
0.000000,0.000000,7.652694
0.000000,0.000000,7.652694
0.000000,0.000000,7.652694
0.000000,0.000000,7.652694
0.000000,0.000000,7.652694
0.000000,0.000000,7.652694
0.000000,0.000000,7.652694
0.000000,0.000000,7.652694
0.000000,0.000000,7.652694
0.000000,0.000000,7.652694
0.000000,0.000000,7.652694
0.000000,0.000000,7.652694
0.000000,0.000000,7.652694
0.000000,0.000000,7.652694
0.000000,0.000000,7.652694
0.000000,0.000000,7.652694
0.000000,0.000000,7.652694
0.000000,0.000000,7.652694
0.000000,0.000000,7.652694
0.000000,0.000000,7.652694
0.000000,0.000000,7.652694
0.000000,0.000000,7.652694
0.000000,0.000000,7.652694
0.000000,0.000000,7.652694
0.000000,0.000000,7.652694
0.000000,0.000000,7.652694
0.000000,0.000000,7.652694
0.000000,0.000000,7.652694
0.000000,0.000000,7.652694
0.000000,0.000000,7.652694
0.000000,0.000000,7.652694
0.000000,0.000000,7.652694
0.000000,0.000000,7.652694
0.000000,0.000000,7.652694
0.000000,0.000000,7.652694
0.000000,0.000000,7.652694
0.000000,0.000000,7.652694
0.000000,0.000000,7.652694
0.000000,0.000000,7.652694
0.000000,0.000000,7.652694
0.000000,0.000000,7.652694
0.000000,0.000000,7.652694
0.000000,0.000000,7.652694
0.000000,0.000000,7.652694
0.000000,0.000000,7.652694
0.000000,0.000000,7.652694
0.000000,0.000000,7.652694
0.000000,0.000000,7.652694
0.000000,0.000000,7.652694
0.000000,0.000000,7.652694
0.000000,0.000000,7.652694
0.000000,0.000000,7.652694
0.000000,0.000000,7.652694
0.000000,0.000000,7.652694
0.000000,0.000000,7.652694
0.000000,0.000000,7.652694
0.000000,0.000000,7.652694
0.000000,0.000000,7.652694
0.000000,0.000000,7.652694
0.000000,0.000000,7.652694
0.000000,0.000000,7.652694
0.000000,0.000000,7.652694
0.000000,0.000000,7.652694
0.000000,0.000000,7.652694
0.000000,0.000000,7.652694
0.000000,0.000000,7.652694
0.000000,0.000000,7.652694
0.000000,0.000000,7.652694
0.000000,0.000000,7.652694
0.000000,0.000000,7.652694
0.000000,0.000000,7.652694
0.000000,0.000000,7.652694
0.000000,0.000000,7.652694
0.000000,0.000000,7.652694
0.000000,0.000000,7.652694
0.000000,0.000000,7.652694
0.000000,0.000000,7.652694
0.000000,0.000000,7.652694
0.000000,0.000000,7.652694
0.000000,0.000000,7.652694
0.000000,0.000000,7.652694
0.000000,0.000000,7.652694
0.000000,0.000000,7.652694
0.000000,0.000000,7.652694
0.000000,0.000000,7.652694
0.000000,0.000000,7.652694
0.000000,0.000000,7.652694
0.000000,0.000000,7.652694
0.000000,0.000000,7.652694
0.000000,0.000000,7.652694
0.000000,0.000000,7.652694
0.000000,0.000000,7.652694
0.000000,0.000000,7.652694
0.000000,0.000000,7.652694
0.000000,0.000000,7.652694
0.000000,0.000000,7.652694
0.000000,0.000000,7.652694
0.000000,0.000000,7.652694
0.000000,0.000000,7.652694
0.000000,0.000000,7.652694
0.000000,0.000000,7.652694
0.000000,0.000000,7.652694
0.000000,0.000000,7.652694
0.000000,0.000000,7.652694
0.000000,0.000000,7.652694
0.000000,0.000000,7.652694
0.000000,0.000000,7.652694
0.000000,0.000000,7.652694
0.000000,0.000000,7.652694
0.000000,0.000000,7.652694
0.000000,0.000000,7.652694
0.000000,0.000000,7.652694
0.000000,0.000000,7.652694
0.000000,0.000000,7.652694
0.000000,0.000000,7.652694
0.000000,0.000000,7.652694
0.000000,0.000000,7.652694
0.000000,0.000000,7.652694
0.000000,0.000000,7.652694
0.000000,0.000000,7.652694
0.000000,0.000000,7.652694
0.000000,0.000000,7.652694
0.000000,0.000000,7.652694
0.000000,0.000000,7.652694
0.000000,0.000000,7.652694
0.000000,0.000000,7.652694
0.000000,0.000000,7.652694
0.000000,0.000000,7.652694
0.000000,0.000000,7.652694
0.000000,0.000000,7.652694
0.000000,0.000000,7.652694
0.000000,0.000000,7.652694
0.000000,0.000000,7.652694
0.000000,0.000000,7.652694
0.000000,0.000000,7.652694
0.000000,0.000000,7.652694
0.000000,0.000000,7.652694
0.000000,0.000000,7.652694
0.000000,0.000000,7.652694
0.000000,0.000000,7.652694
0.000000,0.000000,7.652694
0.000000,0.000000,7.652694
0.000000,0.000000,7.652694
0.000000,0.000000,7.652694
0.000000,0.000000,7.652694
0.000000,0.000000,7.652694
0.000000,0.000000,7.652694
0.000000,0.000000,7.652694
0.000000,0.000000,7.652694
0.000000,0.000000,7.652694
0.000000,0.000000,7.652694
0.000000,0.000000,7.652694
0.000000,0.000000,7.652694
0.062837,0.000081,7.652694
0.024002,-0.000036,7.652694
0.074249,0.000088,7.652694
0.127469,0.000346,7.652695
0.048689,-0.000074,7.652696
0.018597,-0.000028,7.652696
0.007104,-0.000011,7.652696
0.002713,-0.000004,7.652696
0.001036,-0.000002,7.652696
0.000396,-0.000001,7.652696
0.000151,-0.000000,7.652696
0.000058,-0.000000,7.652696
0.000022,-0.000000,7.652696
0.000008,-0.000000,7.652696
0.000003,-0.000000,7.652696
0.000001,-0.000000,7.652696
0.000000,-0.000000,7.652696
0.000000,-0.000000,7.652696
0.000000,-0.000000,7.652696
0.000000,-0.000000,7.652696
0.000000,-0.000000,7.652696
0.000000,-0.000000,7.652696
0.000000,-0.000000,7.652696
0.000000,-0.000000,7.652696
0.000000,-0.000000,7.652696
0.000000,-0.000000,7.652696
0.000000,-0.000000,7.652696
0.000000,-0.000000,7.652696
0.000000,-0.000000,7.652696
0.000000,-0.000000,7.652696
0.000000,-0.000000,7.652696
0.000000,-0.000000,7.652696
0.000000,-0.000000,7.652696
0.000000,-0.000000,7.652696
0.000000,-0.000000,7.652696
0.000000,-0.000000,7.652696
0.000000,-0.000000,7.652696
0.000000,-0.000000,7.652696
0.000000,-0.000000,7.652696
0.000000,-0.000000,7.652696
0.000000,-0.000000,7.652696
0.000000,-0.000000,7.652696
0.000000,-0.000000,7.652696
0.000000,-0.000000,7.652696
0.000000,-0.000000,7.652696
0.000000,-0.000000,7.652696
0.000000,-0.000000,7.652696
0.000000,-0.000000,7.652696
0.000000,-0.000000,7.652696
0.000000,-0.000000,7.652696
0.000000,-0.000000,7.652696
0.000000,-0.000000,7.652696
0.000000,-0.000000,7.652696
0.000000,-0.000000,7.652696
0.000000,-0.000000,7.652696
0.000000,-0.000000,7.652696
0.000000,-0.000000,7.652696
0.000000,-0.000000,7.652696
0.000000,-0.000000,7.652696
0.000000,-0.000000,7.652696
0.000000,-0.000000,7.652696
0.000000,-0.000000,7.652696
0.000000,-0.000000,7.652696
0.000000,-0.000000,7.652696
0.000000,-0.000000,7.652696
0.000000,-0.000000,7.652696
0.000000,-0.000000,7.652696
0.000000,-0.000000,7.652696
0.000000,-0.000000,7.652696
0.000000,-0.000000,7.652696
0.000000,-0.000000,7.652696
0.000000,-0.000000,7.652696
0.000000,-0.000000,7.652696
0.000000,-0.000000,7.652696
0.000000,-0.000000,7.652696
0.000000,-0.000000,7.652696
0.000000,-0.000000,7.652696
0.000000,-0.000000,7.652696
0.000000,-0.000000,7.652696
0.000000,-0.000000,7.652696
0.000000,-0.000000,7.652696
0.000000,-0.000000,7.652696
0.000000,-0.000000,7.652696
0.000000,-0.000000,7.652696
0.000000,-0.000000,7.652696
0.000000,-0.000000,7.652696
0.000000,-0.000000,7.652696
0.000000,-0.000000,7.652696
0.000000,-0.000000,7.652696
0.000000,-0.000000,7.652696
0.000000,-0.000000,7.652696
0.000000,-0.000000,7.652696
0.000000,-0.000000,7.652696
0.000000,-0.000000,7.652696
0.000000,-0.000000,7.652696
0.000000,-0.000000,7.652696
0.000000,-0.000000,7.652696
0.000000,-0.000000,7.652696
0.000000,-0.000000,7.652696
0.000000,-0.000000,7.652696
0.000000,-0.000000,7.652696
0.000000,-0.000000,7.652696
0.000000,-0.000000,7.652696
0.000000,-0.000000,7.652696
0.000000,-0.000000,7.652696
0.000000,-0.000000,7.652696
0.000000,-0.000000,7.652696
0.000000,-0.000000,7.652696
0.000000,-0.000000,7.652696
0.000000,-0.000000,7.652696
0.000000,-0.000000,7.652696
0.000000,-0.000000,7.652696
0.000000,-0.000000,7.652696
0.000000,-0.000000,7.652696
0.000000,-0.000000,7.652696
0.000000,-0.000000,7.652696
0.000000,-0.000000,7.652696
0.000000,-0.000000,7.652696
0.000000,-0.000000,7.652696
0.000000,-0.000000,7.652696
0.000000,-0.000000,7.652696
0.000000,-0.000000,7.652696
0.000000,-0.000000,7.652696
0.000000,-0.000000,7.652696
0.000000,-0.000000,7.652696
0.000000,-0.000000,7.652696
0.000000,-0.000000,7.652696
0.000000,-0.000000,7.652696
0.000000,-0.000000,7.652696
0.000000,-0.000000,7.652696
0.000000,-0.000000,7.652696
0.000000,-0.000000,7.652696
0.000000,-0.000000,7.652696
0.000000,-0.000000,7.652696
0.000000,-0.000000,7.652696
0.000000,-0.000000,7.652696
0.000000,-0.000000,7.652696
0.000000,-0.000000,7.652696
0.000000,-0.000000,7.652696
0.000000,-0.000000,7.652696
0.000000,-0.000000,7.652696
0.000000,-0.000000,7.652696
0.000000,-0.000000,7.652696
0.000000,-0.000000,7.652696
0.000000,-0.000000,7.652696
0.000000,-0.000000,7.652696
0.000000,-0.000000,7.652696
0.000000,-0.000000,7.652696
0.000000,-0.000000,7.652696
0.000000,-0.000000,7.652696
0.000000,-0.000000,7.652696
0.000000,-0.000000,7.652696
0.000000,-0.000000,7.652696
0.000000,-0.000000,7.652696
0.000000,-0.000000,7.652696
0.000000,-0.000000,7.652696
0.000000,-0.000000,7.652696
0.000000,-0.000000,7.652696
0.000000,-0.000000,7.652696
0.000000,-0.000000,7.652696
0.000000,-0.000000,7.652696
0.000000,-0.000000,7.652696
0.000000,-0.000000,7.652696
0.000000,-0.000000,7.652696
0.000000,-0.000000,7.652696
0.000000,-0.000000,7.652696
0.000000,-0.000000,7.652696
0.000000,-0.000000,7.652696
0.000000,-0.000000,7.652696
0.000000,-0.000000,7.652696
0.000000,-0.000000,7.652696
0.000000,-0.000000,7.652696
0.000000,-0.000000,7.652696
0.000000,-0.000000,7.652696
0.000000,-0.000000,7.652696
0.000000,-0.000000,7.652696
0.000000,-0.000000,7.652696
0.000000,-0.000000,7.652696
0.000000,-0.000000,7.652696
0.000000,-0.000000,7.652696
0.000000,-0.000000,7.652696
0.000000,-0.000000,7.652696
0.000000,-0.000000,7.652696
0.000000,-0.000000,7.652696
0.000000,-0.000000,7.652696
0.000000,-0.000000,7.652696
0.000000,-0.000000,7.652696
0.000000,-0.000000,7.652696
0.000000,-0.000000,7.652696
0.000000,-0.000000,7.652696
0.000000,-0.000000,7.652696
0.000000,-0.000000,7.652696
0.000000,-0.000000,7.652696
0.000000,-0.000000,7.652696
0.000000,-0.000000,7.652696
0.000000,-0.000000,7.652696
0.000000,-0.000000,7.652696
0.000000,-0.000000,7.652696
0.000000,-0.000000,7.652696
0.000000,-0.000000,7.652696
0.000000,-0.000000,7.652696
0.000000,-0.000000,7.652696
0.000000,-0.000000,7.652696
0.000000,-0.000000,7.652696
0.000000,-0.000000,7.652696
0.000000,-0.000000,7.652696
0.000000,-0.000000,7.652696
0.000000,-0.000000,7.652696
0.000000,-0.000000,7.652696
0.000000,-0.000000,7.652696
0.000000,-0.000000,7.652696
0.000000,-0.000000,7.652696
0.000000,-0.000000,7.652696
0.000000,-0.000000,7.652696
0.000000,-0.000000,7.652696
0.000000,-0.000000,7.652696
0.000000,-0.000000,7.652696
0.000000,-0.000000,7.652696
0.000000,-0.000000,7.652696
0.000000,-0.000000,7.652696
0.000000,-0.000000,7.652696
0.000000,-0.000000,7.652696
0.000000,-0.000000,7.652696
0.000000,-0.000000,7.652696
0.000000,-0.000000,7.652696
0.000000,-0.000000,7.652696
0.000000,-0.000000,7.652696
0.000000,-0.000000,7.652696
0.000000,-0.000000,7.652696
0.000000,-0.000000,7.652696
0.000000,-0.000000,7.652696
0.000000,-0.000000,7.652696
0.000000,-0.000000,7.652696
0.000000,-0.000000,7.652696
0.000000,-0.000000,7.652696
0.000000,-0.000000,7.652696
0.000000,-0.000000,7.652696
0.000000,-0.000000,7.652696
0.000000,-0.000000,7.652696
0.000000,-0.000000,7.652696
0.000000,-0.000000,7.652696
0.000000,-0.000000,7.652696
0.000000,-0.000000,7.652696
0.000000,-0.000000,7.652696
0.000000,-0.000000,7.652696
0.000000,-0.000000,7.652696
0.000000,-0.000000,7.652696
0.000000,-0.000000,7.652696
0.000000,-0.000000,7.652696
0.000000,-0.000000,7.652696
0.000000,-0.000000,7.652696
0.000000,-0.000000,7.652696
0.000000,-0.000000,7.652696
0.000000,-0.000000,7.652696
0.000000,-0.000000,7.652696
0.000000,-0.000000,7.652696
0.000000,-0.000000,7.652696
0.000000,-0.000000,7.652696
0.000000,-0.000000,7.652696
0.000000,-0.000000,7.652696
0.000000,-0.000000,7.652696
0.000000,-0.000000,7.652696
0.000000,-0.000000,7.652696
0.000000,-0.000000,7.652696
0.000000,-0.000000,7.652696
0.000000,-0.000000,7.652696
0.000000,-0.000000,7.652696
0.000000,-0.000000,7.652696
0.000000,-0.000000,7.652696
0.000000,-0.000000,7.652696
0.000000,-0.000000,7.652696
0.000000,-0.000000,7.652696
0.000000,-0.000000,7.652696
0.000000,-0.000000,7.652696
0.000000,-0.000000,7.652696
0.000000,-0.000000,7.652696
0.000000,-0.000000,7.652696
0.000000,-0.000000,7.652696
0.000000,-0.000000,7.652696
0.000000,-0.000000,7.652696
0.000000,-0.000000,7.652696
0.000000,-0.000000,7.652696
0.000000,-0.000000,7.652696
0.000000,-0.000000,7.652696
0.000000,-0.000000,7.652696
0.000000,-0.000000,7.652696
0.000000,-0.000000,7.652696
0.000000,-0.000000,7.652696
0.000000,-0.000000,7.652696
0.000000,-0.000000,7.652696
0.000000,-0.000000,7.652696
0.000000,-0.000000,7.652696
0.000000,-0.000000,7.652696
0.000000,-0.000000,7.652696
0.000000,-0.000000,7.652696
0.000000,-0.000000,7.652696
0.000000,-0.000000,7.652696
0.000000,-0.000000,7.652696
0.000000,-0.000000,7.652696
0.000000,-0.000000,7.652696
0.000000,-0.000000,7.652696
0.000000,-0.000000,7.652696
0.000000,-0.000000,7.652696
0.000000,-0.000000,7.652696
0.000000,-0.000000,7.652696
0.000000,-0.000000,7.652696
0.000000,-0.000000,7.652696
0.000000,-0.000000,7.652696
0.000000,-0.000000,7.652696
0.000000,-0.000000,7.652696
0.000000,-0.000000,7.652696
0.000000,-0.000000,7.652696
0.000000,-0.000000,7.652696
0.000000,-0.000000,7.652696
0.000000,-0.000000,7.652696
0.000000,-0.000000,7.652696
0.000000,-0.000000,7.652696
0.000000,-0.000000,7.652696
0.000000,-0.000000,7.652696
0.000000,-0.000000,7.652696
0.000000,-0.000000,7.652696
0.000000,-0.000000,7.652696
0.000000,-0.000000,7.652696
0.000000,-0.000000,7.652696
0.000000,-0.000000,7.652696
0.000000,-0.000000,7.652696
0.000000,-0.000000,7.652696
0.000000,-0.000000,7.652696
0.000000,-0.000000,7.652696
0.000000,-0.000000,7.652696
0.000000,-0.000000,7.652696
0.000000,-0.000000,7.652696
0.000000,-0.000000,7.652696
0.000000,-0.000000,7.652696
0.000000,-0.000000,7.652696
0.000000,-0.000000,7.652696
0.000000,-0.000000,7.652696
0.000000,-0.000000,7.652696
0.000000,-0.000000,7.652696
0.000000,-0.000000,7.652696
0.000000,-0.000000,7.652696
0.000000,-0.000000,7.652696
0.000000,-0.000000,7.652696
0.000000,-0.000000,7.652696
0.000000,-0.000000,7.652696
0.000000,-0.000000,7.652696
0.000000,-0.000000,7.652696
0.000000,-0.000000,7.652696
0.000000,-0.000000,7.652696
0.000000,-0.000000,7.652696
0.000000,-0.000000,7.652696
0.000000,-0.000000,7.652696
0.000000,-0.000000,7.652696
0.000000,-0.000000,7.652696
0.000000,-0.000000,7.652696
0.000000,-0.000000,7.652696
0.000000,-0.000000,7.652696
0.000000,-0.000000,7.652696
0.000000,-0.000000,7.652696
0.000000,-0.000000,7.652696
0.000000,-0.000000,7.652696
0.000000,-0.000000,7.652696
0.000000,-0.000000,7.652696
0.000000,-0.000000,7.652696
0.000000,-0.000000,7.652696
0.000000,-0.000000,7.652696
0.000000,-0.000000,7.652696
0.000000,-0.000000,7.652696
0.000000,-0.000000,7.652696
0.000000,-0.000000,7.652696
0.000000,-0.000000,7.652696
0.000000,-0.000000,7.652696
0.000000,-0.000000,7.652696
0.000000,-0.000000,7.652696
0.000000,-0.000000,7.652696
0.000000,-0.000000,7.652696
0.000000,-0.000000,7.652696
0.000000,-0.000000,7.652696
0.000000,-0.000000,7.652696
0.000000,-0.000000,7.652696
0.000000,-0.000000,7.652696
0.000000,-0.000000,7.652696
0.000000,-0.000000,7.652696
0.000000,-0.000000,7.652696
0.000000,-0.000000,7.652696
0.000000,-0.000000,7.652696
0.000000,-0.000000,7.652696
0.000000,-0.000000,7.652696
0.000000,-0.000000,7.652696
0.000000,-0.000000,7.652696
0.000000,-0.000000,7.652696
0.000000,-0.000000,7.652696
0.000000,-0.000000,7.652696
0.000000,-0.000000,7.652696
0.000000,-0.000000,7.652696
0.000000,-0.000000,7.652696
0.000000,-0.000000,7.652696
0.000000,-0.000000,7.652696
0.000000,-0.000000,7.652696
0.000000,-0.000000,7.652696
0.000000,-0.000000,7.652696
0.000000,-0.000000,7.652696
0.000000,-0.000000,7.652696
0.000000,-0.000000,7.652696
0.000000,-0.000000,7.652696
0.000000,-0.000000,7.652696
0.000000,-0.000000,7.652696
0.000000,-0.000000,7.652696
0.000000,-0.000000,7.652696
0.000000,-0.000000,7.652696
0.000000,-0.000000,7.652696
0.000000,-0.000000,7.652696
0.000000,-0.000000,7.652696
0.000000,-0.000000,7.652696
0.000000,-0.000000,7.652696
0.000000,-0.000000,7.652696
0.000000,-0.000000,7.652696
0.000000,-0.000000,7.652696
0.000000,-0.000000,7.652696
0.000000,-0.000000,7.652696
0.000000,-0.000000,7.652696
0.000000,-0.000000,7.652696
0.000000,-0.000000,7.652696
0.000000,-0.000000,7.652696
0.000000,-0.000000,7.652696
0.000000,-0.000000,7.652696
0.000000,-0.000000,7.652696
0.000000,-0.000000,7.652696
0.000000,-0.000000,7.652696
0.000000,-0.000000,7.652696
0.000000,-0.000000,7.652696
0.000000,-0.000000,7.652696
0.000000,-0.000000,7.652696
0.000000,-0.000000,7.652696
0.000000,-0.000000,7.652696
0.000000,-0.000000,7.652696
0.000000,-0.000000,7.652696
0.000000,-0.000000,7.652696
0.000000,-0.000000,7.652696
0.000000,-0.000000,7.652696
0.000000,-0.000000,7.652696
0.000000,-0.000000,7.652696
0.000000,-0.000000,7.652696
0.000000,-0.000000,7.652696
0.000000,-0.000000,7.652696
0.000000,-0.000000,7.652696
0.000000,-0.000000,7.652696
0.000000,-0.000000,7.652696
0.000000,-0.000000,7.652696
0.000000,-0.000000,7.652696
0.000000,-0.000000,7.652696
0.000000,-0.000000,7.652696
0.000000,-0.000000,7.652696
0.000000,-0.000000,7.652696
0.000000,-0.000000,7.652696
0.000000,-0.000000,7.652696
0.000000,-0.000000,7.652696
0.000000,-0.000000,7.652696
0.000000,-0.000000,7.652696
0.000000,-0.000000,7.652696
0.000000,-0.000000,7.652696
0.000000,-0.000000,7.652696
0.000000,-0.000000,7.652696
0.000000,-0.000000,7.652696
0.000000,-0.000000,7.652696
0.000000,-0.000000,7.652696
0.000000,-0.000000,7.652696
0.000000,-0.000000,7.652696
0.000000,-0.000000,7.652696
0.000000,-0.000000,7.652696
0.000000,-0.000000,7.652696
0.000000,-0.000000,7.652696
0.000000,-0.000000,7.652696
0.000000,-0.000000,7.652696
0.000000,-0.000000,7.652696
0.000000,-0.000000,7.652696
0.000000,-0.000000,7.652696
0.000000,-0.000000,7.652696
0.000000,-0.000000,7.652696
0.000000,-0.000000,7.652696
0.000000,-0.000000,7.652696
0.000000,-0.000000,7.652696
0.000000,-0.000000,7.652696
0.000000,-0.000000,7.652696
0.000000,-0.000000,7.652696
0.000000,-0.000000,7.652696
0.000000,-0.000000,7.652696
0.000000,-0.000000,7.652696
0.000000,-0.000000,7.652696
0.000000,-0.000000,7.652696
0.000000,-0.000000,7.652696
0.000000,-0.000000,7.652696
0.000000,-0.000000,7.652696
0.000000,-0.000000,7.652696
0.000000,-0.000000,7.652696
0.000000,-0.000000,7.652696
0.000000,-0.000000,7.652696
0.000000,-0.000000,7.652696
0.000000,-0.000000,7.652696
0.000000,-0.000000,7.652696
0.000000,-0.000000,7.652696
0.000000,-0.000000,7.652696
0.000000,-0.000000,7.652696
0.000000,-0.000000,7.652696
0.000000,-0.000000,7.652696
0.000000,-0.000000,7.652696
0.000000,-0.000000,7.652696
0.000000,-0.000000,7.652696
0.000000,-0.000000,7.652696
0.000000,-0.000000,7.652696
0.000000,-0.000000,7.652696
0.000000,-0.000000,7.652696
0.000000,-0.000000,7.652696
0.000000,-0.000000,7.652696
0.000000,-0.000000,7.652696
0.000000,-0.000000,7.652696
0.000000,-0.000000,7.652696
0.000000,-0.000000,7.652696
0.000000,-0.000000,7.652696
0.000000,-0.000000,7.652696
0.000000,-0.000000,7.652696
0.000000,-0.000000,7.652696
0.000000,-0.000000,7.652696
0.000000,-0.000000,7.652696
0.000000,-0.000000,7.652696
0.000000,-0.000000,7.652696
0.000000,-0.000000,7.652696
0.000000,-0.000000,7.652696
0.000000,-0.000000,7.652696
0.000000,-0.000000,7.652696
0.000000,-0.000000,7.652696
0.000000,-0.000000,7.652696
0.000000,-0.000000,7.652696
0.000000,-0.000000,7.652696
0.000000,-0.000000,7.652696
0.000000,-0.000000,7.652696
0.000000,-0.000000,7.652696
0.000000,-0.000000,7.652696
0.000000,-0.000000,7.652696
0.000000,-0.000000,7.652696
0.000000,-0.000000,7.652696
0.000000,-0.000000,7.652696
0.000000,-0.000000,7.652696
0.000000,-0.000000,7.652696
0.000000,-0.000000,7.652696
0.000000,-0.000000,7.652696
0.000000,-0.000000,7.652696
0.000000,-0.000000,7.652696
0.000000,-0.000000,7.652696
0.000000,-0.000000,7.652696
0.000000,-0.000000,7.652696
0.000000,-0.000000,7.652696
0.000000,-0.000000,7.652696
0.000000,-0.000000,7.652696
0.000000,-0.000000,7.652696
0.000000,-0.000000,7.652696
0.000000,-0.000000,7.652696
0.000000,-0.000000,7.652696
0.000000,-0.000000,7.652696
0.000000,-0.000000,7.652696
0.000000,-0.000000,7.652696
0.000000,-0.000000,7.652696
0.000000,-0.000000,7.652696
0.000000,-0.000000,7.652696
0.000000,-0.000000,7.652696
0.000000,-0.000000,7.652696
0.000000,-0.000000,7.652696
0.000000,-0.000000,7.652696
0.000000,-0.000000,7.652696
0.000000,-0.000000,7.652696
0.000000,-0.000000,7.652696
0.000000,-0.000000,7.652696
0.000000,-0.000000,7.652696
0.000000,-0.000000,7.652696
0.000000,-0.000000,7.652696
0.000000,-0.000000,7.652696
0.000000,-0.000000,7.652696
0.000000,-0.000000,7.652696
0.000000,-0.000000,7.652696
0.000000,-0.000000,7.652696
0.000000,-0.000000,7.652696
0.000000,-0.000000,7.652696
0.000000,-0.000000,7.652696
0.000000,-0.000000,7.652696
0.000000,-0.000000,7.652696
0.000000,-0.000000,7.652696
0.000000,-0.000000,7.652696
0.000000,-0.000000,7.652696
0.000000,-0.000000,7.652696
0.000000,-0.000000,7.652696
0.000000,-0.000000,7.652696
0.000000,-0.000000,7.652696
0.000000,-0.000000,7.652696
0.000000,-0.000000,7.652696
0.000000,-0.000000,7.652696
0.000000,-0.000000,7.652696
0.000000,-0.000000,7.652696
0.000000,-0.000000,7.652696
0.000000,-0.000000,7.652696
0.000000,-0.000000,7.652696
0.000000,-0.000000,7.652696
0.000000,-0.000000,7.652696
0.000000,-0.000000,7.652696
0.000000,-0.000000,7.652696
0.000000,-0.000000,7.652696
0.000000,-0.000000,7.652696
0.000000,-0.000000,7.652696
0.000000,-0.000000,7.652696
0.000000,-0.000000,7.652696
0.000000,-0.000000,7.652696
0.000000,-0.000000,7.652696
0.000000,-0.000000,7.652696
0.000000,-0.000000,7.652696
0.000000,-0.000000,7.652696
0.000000,-0.000000,7.652696
0.000000,-0.000000,7.652696
0.000000,-0.000000,7.652696
0.000000,-0.000000,7.652696
0.000000,-0.000000,7.652696
0.000000,-0.000000,7.652696
0.000000,-0.000000,7.652696
0.000000,-0.000000,7.652696
0.000000,-0.000000,7.652696
0.000000,-0.000000,7.652696
0.000000,-0.000000,7.652696
0.000000,-0.000000,7.652696
0.000000,-0.000000,7.652696
0.000000,-0.000000,7.652696
0.000000,-0.000000,7.652696
0.000000,-0.000000,7.652696
0.000000,-0.000000,7.652696
0.000000,-0.000000,7.652696
0.000000,-0.000000,7.652696
0.000000,-0.000000,7.652696
0.000000,-0.000000,7.652696
0.000000,-0.000000,7.652696
0.000000,-0.000000,7.652696
0.000000,-0.000000,7.652696
0.000000,-0.000000,7.652696
0.000000,-0.000000,7.652696
0.000000,-0.000000,7.652696
0.000000,-0.000000,7.652696
0.000000,-0.000000,7.652696
0.000000,-0.000000,7.652696
0.000000,-0.000000,7.652696
0.000000,-0.000000,7.652696
0.000000,-0.000000,7.652696
0.000000,-0.000000,7.652696
0.000000,-0.000000,7.652696
0.000000,-0.000000,7.652696
0.000000,-0.000000,7.652696
0.000000,-0.000000,7.652696
0.000000,-0.000000,7.652696
0.000000,-0.000000,7.652696
0.000000,-0.000000,7.652696
0.000000,-0.000000,7.652696
0.000000,-0.000000,7.652696
0.000000,-0.000000,7.652696
0.000000,-0.000000,7.652696
0.000000,-0.000000,7.652696
0.000000,-0.000000,7.652696
0.000000,-0.000000,7.652696
0.000000,-0.000000,7.652696
0.000000,-0.000000,7.652696
0.000000,-0.000000,7.652696
0.000000,-0.000000,7.652696
0.000000,-0.000000,7.652696
0.000000,-0.000000,7.652696
0.000000,-0.000000,7.652696
0.000000,-0.000000,7.652696
0.000000,-0.000000,7.652696
0.000000,-0.000000,7.652696
0.000000,-0.000000,7.652696
0.000000,-0.000000,7.652696
0.000000,-0.000000,7.652696
0.000000,-0.000000,7.652696
0.000000,-0.000000,7.652696
0.000000,-0.000000,7.652696
0.000000,-0.000000,7.652696
0.000000,-0.000000,7.652696
0.000000,-0.000000,7.652696
0.000000,-0.000000,7.652696
0.000000,-0.000000,7.652696
0.000000,-0.000000,7.652696
0.000000,-0.000000,7.652696
0.000000,-0.000000,7.652696
0.000000,-0.000000,7.652696
0.000000,-0.000000,7.652696
0.000000,-0.000000,7.652696
0.000000,-0.000000,7.652696
0.000000,-0.000000,7.652696
0.000000,-0.000000,7.652696
0.000000,-0.000000,7.652696
0.000000,-0.000000,7.652696
0.000000,-0.000000,7.652696
0.000000,-0.000000,7.652696
0.000000,-0.000000,7.652696
0.000000,-0.000000,7.652696
0.000000,-0.000000,7.652696
0.000000,-0.000000,7.652696
0.000000,-0.000000,7.652696
0.000000,-0.000000,7.652696
0.000000,-0.000000,7.652696
0.000000,-0.000000,7.652696
0.000000,-0.000000,7.652696
0.000000,-0.000000,7.652696
0.000000,-0.000000,7.652696
0.000000,-0.000000,7.652696
0.000000,-0.000000,7.652696
0.000000,-0.000000,7.652696
0.000000,-0.000000,7.652696
0.000000,-0.000000,7.652696
0.000000,-0.000000,7.652696
0.000000,-0.000000,7.652696
0.000000,-0.000000,7.652696
0.000000,-0.000000,7.652696
0.000000,-0.000000,7.652696
0.000000,-0.000000,7.652696
0.000000,-0.000000,7.652696
0.000000,-0.000000,7.652696
0.000000,-0.000000,7.652696
0.000000,-0.000000,7.652696
0.000000,-0.000000,7.652696
0.000000,-0.000000,7.652696
0.000000,-0.000000,7.652696
0.000000,-0.000000,7.652696
0.000000,-0.000000,7.652696
0.000000,-0.000000,7.652696
0.000000,-0.000000,7.652696
0.000000,-0.000000,7.652696
0.000000,-0.000000,7.652696
0.000000,-0.000000,7.652696
0.000000,-0.000000,7.652696
0.000000,-0.000000,7.652696
0.000000,-0.000000,7.652696
0.000000,-0.000000,7.652696
0.000000,-0.000000,7.652696
0.000000,-0.000000,7.652696
0.000000,-0.000000,7.652696
0.000000,-0.000000,7.652696
0.000000,-0.000000,7.652696
0.000000,-0.000000,7.652696
0.000000,-0.000000,7.652696
0.000000,-0.000000,7.652696
0.000000,-0.000000,7.652696
0.000000,-0.000000,7.652696
0.000000,-0.000000,7.652696
0.000000,-0.000000,7.652696
0.000000,-0.000000,7.652696
0.000000,-0.000000,7.652696
0.000000,-0.000000,7.652696
0.000000,-0.000000,7.652696
0.000000,-0.000000,7.652696
0.000000,-0.000000,7.652696
0.000000,-0.000000,7.652696
0.000000,-0.000000,7.652696
0.000000,-0.000000,7.652696
0.000000,-0.000000,7.652696
0.000000,-0.000000,7.652696
0.000000,-0.000000,7.652696
0.000000,-0.000000,7.652696
0.000000,-0.000000,7.652696
0.000000,-0.000000,7.652696
0.000000,-0.000000,7.652696
0.000000,-0.000000,7.652696
0.000000,-0.000000,7.652696
0.000000,-0.000000,7.652696
0.000000,-0.000000,7.652696
0.000000,-0.000000,7.652696
0.000000,0.000000,7.652696
0.000000,0.000000,7.652696
0.000000,0.000000,7.652696
0.000000,0.000000,7.652696
0.000000,0.000000,7.652696
0.000000,0.000000,7.652696
0.000000,0.000000,7.652696
0.000000,0.000000,7.652696
0.000000,0.000000,7.652696
0.000000,0.000000,7.652696
0.000000,0.000000,7.652696
0.000000,0.000000,7.652696
0.000000,0.000000,7.652696
0.000000,0.000000,7.652696
0.000000,0.000000,7.652696
0.000000,0.000000,7.652696
0.000000,0.000000,7.652696
0.000000,0.000000,7.652696
0.000000,0.000000,7.652696
0.000000,0.000000,7.652696
0.000000,0.000000,7.652696
0.000000,0.000000,7.652696
0.000000,0.000000,7.652696
0.000000,0.000000,7.652696
0.000000,0.000000,7.652696
0.000000,0.000000,7.652696
0.000000,0.000000,7.652696
0.000000,0.000000,7.652696
0.000000,0.000000,7.652696
0.000000,0.000000,7.652696
0.000000,0.000000,7.652696
0.000000,0.000000,7.652696
0.000000,0.000000,7.652696
0.000000,0.000000,7.652696
0.000000,0.000000,7.652696
0.000000,0.000000,7.652696
0.000000,0.000000,7.652696
0.000000,0.000000,7.652696
0.000000,0.000000,7.652696
0.000000,0.000000,7.652696
0.000000,0.000000,7.652696
0.000000,0.000000,7.652696
0.000000,0.000000,7.652696
0.000000,0.000000,7.652696
0.000000,0.000000,7.652696
0.000000,0.000000,7.652696
0.000000,0.000000,7.652696
0.000000,0.000000,7.652696
0.000000,0.000000,7.652696
0.000000,0.000000,7.652696
0.000000,0.000000,7.652696
0.000000,0.000000,7.652696
0.000000,0.000000,7.652696
0.000000,0.000000,7.652696
0.000000,0.000000,7.652696
0.000000,0.000000,7.652696
0.000000,0.000000,7.652696
0.000000,0.000000,7.652696
0.000000,0.000000,7.652696
0.000000,0.000000,7.652696
0.000000,0.000000,7.652696
0.000000,0.000000,7.652696
0.000000,0.000000,7.652696
0.000000,0.000000,7.652696
0.000000,0.000000,7.652696
0.000000,0.000000,7.652696
0.000000,0.000000,7.652696
0.000000,0.000000,7.652696
0.000000,0.000000,7.652696
0.000000,0.000000,7.652696
0.000000,0.000000,7.652696
0.000000,0.000000,7.652696
0.000000,0.000000,7.652696
0.000000,0.000000,7.652696
0.000000,0.000000,7.652696
0.000000,0.000000,7.652696
0.000000,0.000000,7.652696
0.000000,0.000000,7.652696
0.000000,0.000000,7.652696
0.000000,0.000000,7.652696
0.000000,0.000000,7.652696
0.000000,0.000000,7.652696
0.000000,0.000000,7.652696
0.000000,0.000000,7.652696
0.000000,0.000000,7.652696
0.000000,0.000000,7.652696
0.000000,0.000000,7.652696
0.000000,0.000000,7.652696
0.000000,0.000000,7.652696
0.000000,0.000000,7.652696
0.000000,0.000000,7.652696
0.000000,0.000000,7.652696
0.000000,0.000000,7.652696
0.000000,0.000000,7.652696
0.000000,0.000000,7.652696
0.000000,0.000000,7.652696
0.000000,0.000000,7.652696
0.000000,0.000000,7.652696
0.000000,0.000000,7.652696
0.000000,0.000000,7.652696
0.000000,0.000000,7.652696
0.000000,0.000000,7.652696
0.000000,0.000000,7.652696
0.000000,0.000000,7.652696
0.000000,0.000000,7.652696
0.000000,0.000000,7.652696
0.000000,0.000000,7.652696
0.000000,0.000000,7.652696
0.000000,0.000000,7.652696
0.000000,0.000000,7.652696
0.000000,0.000000,7.652696
0.000000,0.000000,7.652696
0.000000,0.000000,7.652696
0.000000,0.000000,7.652696
0.000000,0.000000,7.652696
0.000000,0.000000,7.652696
0.000000,0.000000,7.652696
0.000000,0.000000,7.652696
0.000000,0.000000,7.652696
0.000000,0.000000,7.652696
0.000000,0.000000,7.652696
0.000000,0.000000,7.652696
0.000000,0.000000,7.652696
0.000000,0.000000,7.652696
0.000000,0.000000,7.652696
0.000000,0.000000,7.652696
0.000000,0.000000,7.652696
0.000000,0.000000,7.652696
0.000000,0.000000,7.652696
0.000000,0.000000,7.652696
0.000000,0.000000,7.652696
0.000000,0.000000,7.652696
0.000000,0.000000,7.652696
0.000000,0.000000,7.652696
0.000000,0.000000,7.652696
0.000000,0.000000,7.652696
0.000000,0.000000,7.652696
0.000000,0.000000,7.652696
0.000000,0.000000,7.652696
0.000000,0.000000,7.652696
0.000000,0.000000,7.652696
0.000000,0.000000,7.652696
0.000000,0.000000,7.652696
0.000000,0.000000,7.652696
0.000000,0.000000,7.652696
0.000000,0.000000,7.652696
0.000000,0.000000,7.652696
0.000000,0.000000,7.652696
0.000000,0.000000,7.652696
0.000000,0.000000,7.652696
0.000000,0.000000,7.652696
0.000000,0.000000,7.652696
0.000000,0.000000,7.652696
0.000000,0.000000,7.652696
0.000000,0.000000,7.652696
0.000000,0.000000,7.652696
0.000000,0.000000,7.652696
0.000000,0.000000,7.652696
0.000000,0.000000,7.652696
0.000000,0.000000,7.652696
0.000000,0.000000,7.652696
0.000000,0.000000,7.652696
0.000000,0.000000,7.652696
0.000000,0.000000,7.652696
0.000000,0.000000,7.652696
0.000000,0.000000,7.652696
0.000000,0.000000,7.652696
0.000000,0.000000,7.652696
0.000000,0.000000,7.652696
0.000000,0.000000,7.652696
0.000000,0.000000,7.652696
0.000000,0.000000,7.652696
0.000000,0.000000,7.652696
0.000000,0.000000,7.652696
0.000000,0.000000,7.652696
0.000000,0.000000,7.652696
0.000000,0.000000,7.652696
0.000000,0.000000,7.652696
0.000000,0.000000,7.652696
0.000000,0.000000,7.652696
0.000000,0.000000,7.652696
0.000000,0.000000,7.652696
0.000000,0.000000,7.652696
0.000000,0.000000,7.652696
0.000000,0.000000,7.652696
0.000000,0.000000,7.652696
0.000000,0.000000,7.652696
0.000000,0.000000,7.652696
0.000000,0.000000,7.652696
0.000000,0.000000,7.652696
0.000000,0.000000,7.652696
0.000000,0.000000,7.652696
0.000000,0.000000,7.652696
0.000000,0.000000,7.652696
0.000000,0.000000,7.652696
0.000000,0.000000,7.652696
0.000000,0.000000,7.652696
0.000000,0.000000,7.652696
0.000000,0.000000,7.652696
0.000000,0.000000,7.652696
0.000000,0.000000,7.652696
0.000000,0.000000,7.652696
0.000000,0.000000,7.652696
0.000000,0.000000,7.652696
0.000000,0.000000,7.652696
0.000000,0.000000,7.652696
0.000000,0.000000,7.652696
0.000000,0.000000,7.652696
0.000000,0.000000,7.652696
0.000000,0.000000,7.652696
0.000000,0.000000,7.652696
0.000000,0.000000,7.652696
0.000000,0.000000,7.652696
0.000000,0.000000,7.652696
0.000000,0.000000,7.652696
0.000000,0.000000,7.652696
0.000000,0.000000,7.652696
0.000000,0.000000,7.652696
0.000000,0.000000,7.652696
0.000000,0.000000,7.652696
0.000000,0.000000,7.652696
0.000000,0.000000,7.652696
0.000000,0.000000,7.652696
0.000000,0.000000,7.652696
0.000000,0.000000,7.652696
0.000000,0.000000,7.652696
0.000000,0.000000,7.652696
0.000000,0.000000,7.652696
0.000000,0.000000,7.652696
0.000000,0.000000,7.652696
0.000000,0.000000,7.652696
0.000000,0.000000,7.652696
0.000000,0.000000,7.652696
0.000000,0.000000,7.652696
0.000000,0.000000,7.652696
0.000000,0.000000,7.652696
0.000000,0.000000,7.652696
0.000000,0.000000,7.652696
0.000000,0.000000,7.652696
0.000000,0.000000,7.652696
0.000000,0.000000,7.652696
0.000000,0.000000,7.652696
0.000000,0.000000,7.652696
0.000000,0.000000,7.652696
0.000000,0.000000,7.652696
0.000000,0.000000,7.652696
0.000000,0.000000,7.652696
0.000000,0.000000,7.652696
0.000000,0.000000,7.652696
0.000000,0.000000,7.652696
0.000000,0.000000,7.652696
0.000000,0.000000,7.652696
0.000000,0.000000,7.652696
0.000000,0.000000,7.652696
0.000000,0.000000,7.652696
0.000000,0.000000,7.652696
0.000000,0.000000,7.652696
0.000000,0.000000,7.652696
0.000000,0.000000,7.652696
0.000000,0.000000,7.652696
0.000000,0.000000,7.652696
0.000000,0.000000,7.652696
0.000000,0.000000,7.652696
0.000000,0.000000,7.652696
0.000000,0.000000,7.652696
0.000000,0.000000,7.652696
0.000000,0.000000,7.652696
0.000000,0.000000,7.652696
0.000000,0.000000,7.652696
0.000000,0.000000,7.652696
0.000000,0.000000,7.652696
0.000000,0.000000,7.652696
0.000000,0.000000,7.652696
0.000000,0.000000,7.652696
0.000000,0.000000,7.652696
0.000000,0.000000,7.652696
0.000000,0.000000,7.652696
0.000000,0.000000,7.652696
0.000000,0.000000,7.652696
0.000000,0.000000,7.652696
0.000000,0.000000,7.652696
0.000000,0.000000,7.652696
0.000000,0.000000,7.652696
0.000000,0.000000,7.652696
0.000000,0.000000,7.652696
0.000000,0.000000,7.652696
0.000000,0.000000,7.652696
0.000000,0.000000,7.652696
0.000000,0.000000,7.652696
0.000000,0.000000,7.652696
0.000000,0.000000,7.652696
0.000000,0.000000,7.652696
0.000000,0.000000,7.652696
0.000000,0.000000,7.652696
0.000000,0.000000,7.652696
0.000000,0.000000,7.652696
0.000000,0.000000,7.652696
0.000000,0.000000,7.652696
0.000000,0.000000,7.652696
0.000000,0.000000,7.652696
0.000000,0.000000,7.652696
0.000000,0.000000,7.652696
0.000000,0.000000,7.652696
0.000000,0.000000,7.652696
0.000000,0.000000,7.652696
0.000000,0.000000,7.652696
0.000000,0.000000,7.652696
0.000000,0.000000,7.652696
0.000000,0.000000,7.652696
0.000000,0.000000,7.652696
0.000000,0.000000,7.652696
0.000000,0.000000,7.652696
0.000000,0.000000,7.652696
0.000000,0.000000,7.652696
0.000000,0.000000,7.652696
0.000000,0.000000,7.652696
0.000000,0.000000,7.652696
0.000000,0.000000,7.652696
0.000000,0.000000,7.652696
0.000000,0.000000,7.652696
0.000000,0.000000,7.652696
0.000000,0.000000,7.652696
0.000000,0.000000,7.652696
0.000000,0.000000,7.652696
0.000000,0.000000,7.652696
0.000000,0.000000,7.652696
0.000000,0.000000,7.652696
0.000000,0.000000,7.652696
0.000000,0.000000,7.652696
0.000000,0.000000,7.652696
0.000000,0.000000,7.652696
0.000000,0.000000,7.652696
0.000000,0.000000,7.652696
0.000000,0.000000,7.652696
0.000000,0.000000,7.652696
0.000000,0.000000,7.652696
0.000000,0.000000,7.652696
0.000000,0.000000,7.652696
0.000000,0.000000,7.652696
0.000000,0.000000,7.652696
0.000000,0.000000,7.652696
0.000000,0.000000,7.652696
0.000000,0.000000,7.652696
0.000000,0.000000,7.652696
0.000000,0.000000,7.652696
0.000000,0.000000,7.652696
0.000000,0.000000,7.652696
0.000000,0.000000,7.652696
0.000000,0.000000,7.652696
0.000000,0.000000,7.652696
0.000000,0.000000,7.652696
0.000000,0.000000,7.652696
0.000000,0.000000,7.652696
0.000000,0.000000,7.652696
0.000000,0.000000,7.652696
0.000000,0.000000,7.652696
0.000000,0.000000,7.652696
0.000000,0.000000,7.652696
0.000000,0.000000,7.652696
0.000000,0.000000,7.652696
0.000000,0.000000,7.652696
0.000000,0.000000,7.652696
0.000000,0.000000,7.652696
0.000000,0.000000,7.652696
0.000000,0.000000,7.652696
0.000000,0.000000,7.652696
0.000000,0.000000,7.652696
0.000000,0.000000,7.652696
0.000000,0.000000,7.652696
0.000000,0.000000,7.652696
0.000000,0.000000,7.652696
0.000000,0.000000,7.652696
0.000000,0.000000,7.652696
0.000000,0.000000,7.652696
0.000000,0.000000,7.652696
0.000000,0.000000,7.652696
0.000000,0.000000,7.652696
0.000000,0.000000,7.652696
0.000000,0.000000,7.652696
0.000000,0.000000,7.652696
0.000000,0.000000,7.652696
0.000000,0.000000,7.652696
0.000000,0.000000,7.652696
0.000000,0.000000,7.652696
0.000000,0.000000,7.652696
0.000000,0.000000,7.652696
0.000000,0.000000,7.652696
0.000000,0.000000,7.652696
0.000000,0.000000,7.652696
0.000000,0.000000,7.652696
0.000000,0.000000,7.652696
0.000000,0.000000,7.652696
0.000000,0.000000,7.652696
0.000000,0.000000,7.652696
0.000000,0.000000,7.652696
0.000000,0.000000,7.652696
0.000000,0.000000,7.652696
0.000000,0.000000,7.652696
0.000000,0.000000,7.652696
0.000000,0.000000,7.652696
0.000000,0.000000,7.652696
0.000000,0.000000,7.652696
0.000000,0.000000,7.652696
0.000000,0.000000,7.652696
0.000000,0.000000,7.652696
0.000000,0.000000,7.652696
0.000000,0.000000,7.652696
0.000000,0.000000,7.652696
0.000000,0.000000,7.652696
0.000000,0.000000,7.652696
0.000000,0.000000,7.652696
0.000000,0.000000,7.652696
0.000000,0.000000,7.652696
0.000000,0.000000,7.652696
0.000000,0.000000,7.652696
0.000000,0.000000,7.652696
0.000000,0.000000,7.652696
0.000000,0.000000,7.652696
0.000000,0.000000,7.652696
0.000000,0.000000,7.652696
0.000000,0.000000,7.652696
0.000000,0.000000,7.652696
0.000000,0.000000,7.652696
0.000000,0.000000,7.652696
0.000000,0.000000,7.652696
0.000000,0.000000,7.652696
0.000000,0.000000,7.652696
0.000000,0.000000,7.652696
0.000000,0.000000,7.652696
0.000000,0.000000,7.652696
0.000000,0.000000,7.652696
0.000000,0.000000,7.652696
0.000000,0.000000,7.652696
0.000000,0.000000,7.652696
0.000000,0.000000,7.652696
0.000000,0.000000,7.652696
0.000000,0.000000,7.652696
0.000000,0.000000,7.652696
0.000000,0.000000,7.652696
0.000000,0.000000,7.652696
0.000000,0.000000,7.652696
0.000000,0.000000,7.652696
0.000000,0.000000,7.652696
0.000000,0.000000,7.652696
0.000000,0.000000,7.652696
0.000000,0.000000,7.652696
0.000000,0.000000,7.652696
0.000000,0.000000,7.652696
0.000000,0.000000,7.652696
0.000000,0.000000,7.652696
0.000000,0.000000,7.652696
0.000000,0.000000,7.652696
0.000000,0.000000,7.652696
0.000000,0.000000,7.652696
0.000000,0.000000,7.652696
0.000000,0.000000,7.652696
0.000000,0.000000,7.652696
0.000000,0.000000,7.652696
0.000000,0.000000,7.652696
0.000000,0.000000,7.652696
0.000000,0.000000,7.652696
0.000000,0.000000,7.652696
0.000000,0.000000,7.652696
0.000000,0.000000,7.652696
0.000000,0.000000,7.652696
0.000000,0.000000,7.652696
0.000000,0.000000,7.652696
0.000000,0.000000,7.652696
0.000000,0.000000,7.652696
0.000000,0.000000,7.652696
0.000000,0.000000,7.652696
0.000000,0.000000,7.652696
0.000000,0.000000,7.652696
0.000000,0.000000,7.652696
0.000000,0.000000,7.652696
0.000000,0.000000,7.652696
0.000000,0.000000,7.652696
0.000000,0.000000,7.652696
0.000000,0.000000,7.652696
0.000000,0.000000,7.652696
0.000000,0.000000,7.652696
0.000000,0.000000,7.652696
0.000000,0.000000,7.652696
0.000000,0.000000,7.652696
0.000000,0.000000,7.652696
0.000000,0.000000,7.652696
0.000000,0.000000,7.652696
0.000000,0.000000,7.652696
0.000000,0.000000,7.652696
0.000000,0.000000,7.652696
0.000000,0.000000,7.652696
0.000000,0.000000,7.652696
0.000000,0.000000,7.652696
0.000000,0.000000,7.652696
0.000000,0.000000,7.652696
0.000000,0.000000,7.652696
0.000000,0.000000,7.652696
0.000000,0.000000,7.652696
0.000000,0.000000,7.652696
0.000000,0.000000,7.652696
0.000000,0.000000,7.652696
0.000000,0.000000,7.652696
0.000000,0.000000,7.652696
0.000000,0.000000,7.652696
0.000000,0.000000,7.652696
0.000000,0.000000,7.652696
0.000000,0.000000,7.652696
0.000000,0.000000,7.652696
0.000000,0.000000,7.652696
0.000000,0.000000,7.652696
0.000000,0.000000,7.652696
0.000000,0.000000,7.652696
0.000000,0.000000,7.652696
0.000000,0.000000,7.652696
0.000000,0.000000,7.652696
0.000000,0.000000,7.652696
0.000000,0.000000,7.652696
0.000000,0.000000,7.652696
0.000000,0.000000,7.652696
0.000000,0.000000,7.652696
0.000000,0.000000,7.652696
0.000000,0.000000,7.652696
0.000000,0.000000,7.652696
0.000000,0.000000,7.652696
0.000000,0.000000,7.652696
0.000000,0.000000,7.652696
0.000000,0.000000,7.652696
0.000000,0.000000,7.652696
0.000000,0.000000,7.652696
0.000000,0.000000,7.652696
0.000000,0.000000,7.652696
0.000000,0.000000,7.652696
0.000000,0.000000,7.652696
0.000000,0.000000,7.652696
0.000000,0.000000,7.652696
0.089804,0.000116,7.652696
0.111363,0.000367,7.652697
0.042537,-0.000065,7.652698
0.100979,0.000115,7.652698
0.038570,-0.000058,7.652698
0.014733,-0.000022,7.652698
0.005627,-0.000009,7.652698
0.002149,-0.000003,7.652698
0.000821,-0.000001,7.652698
0.000314,-0.000000,7.652698
0.000120,-0.000000,7.652698
0.000046,-0.000000,7.652698
0.000017,-0.000000,7.652698
0.000007,-0.000000,7.652698
0.000003,-0.000000,7.652698
0.000001,-0.000000,7.652698
0.000000,-0.000000,7.652698
0.000000,-0.000000,7.652698
0.000000,-0.000000,7.652698
0.000000,-0.000000,7.652698
0.000000,-0.000000,7.652698
0.000000,-0.000000,7.652698
0.000000,-0.000000,7.652698
0.000000,-0.000000,7.652698
0.000000,-0.000000,7.652698
0.000000,-0.000000,7.652698
0.000000,-0.000000,7.652698
0.000000,-0.000000,7.652698
0.000000,-0.000000,7.652698
0.000000,-0.000000,7.652698
0.000000,-0.000000,7.652698
0.000000,-0.000000,7.652698
0.000000,-0.000000,7.652698
0.000000,-0.000000,7.652698
0.000000,-0.000000,7.652698
0.000000,-0.000000,7.652698
0.000000,-0.000000,7.652698
0.000000,-0.000000,7.652698
0.000000,-0.000000,7.652698
0.000000,-0.000000,7.652698
0.000000,-0.000000,7.652698
0.000000,-0.000000,7.652698
0.000000,-0.000000,7.652698
0.000000,-0.000000,7.652698
0.000000,-0.000000,7.652698
0.000000,-0.000000,7.652698
0.000000,-0.000000,7.652698
0.000000,-0.000000,7.652698
0.000000,-0.000000,7.652698
0.000000,-0.000000,7.652698
0.000000,-0.000000,7.652698
0.000000,-0.000000,7.652698
0.000000,-0.000000,7.652698
0.000000,-0.000000,7.652698
0.000000,-0.000000,7.652698
0.000000,-0.000000,7.652698
0.000000,-0.000000,7.652698
0.000000,-0.000000,7.652698
0.000000,-0.000000,7.652698
0.000000,-0.000000,7.652698
0.000000,-0.000000,7.652698
0.000000,-0.000000,7.652698
0.000000,-0.000000,7.652698
0.000000,-0.000000,7.652698
0.000000,-0.000000,7.652698
0.000000,-0.000000,7.652698
0.000000,-0.000000,7.652698
0.000000,-0.000000,7.652698
0.000000,-0.000000,7.652698
0.000000,-0.000000,7.652698
0.000000,-0.000000,7.652698
0.000000,-0.000000,7.652698
0.000000,-0.000000,7.652698
0.000000,-0.000000,7.652698
0.000000,-0.000000,7.652698
0.000000,-0.000000,7.652698
0.000000,-0.000000,7.652698
0.000000,-0.000000,7.652698
0.000000,-0.000000,7.652698
0.000000,-0.000000,7.652698
0.000000,-0.000000,7.652698
0.000000,-0.000000,7.652698
0.000000,-0.000000,7.652698
0.000000,-0.000000,7.652698
0.000000,-0.000000,7.652698
0.000000,-0.000000,7.652698
0.000000,-0.000000,7.652698
0.000000,-0.000000,7.652698
0.000000,-0.000000,7.652698
0.000000,-0.000000,7.652698
0.000000,-0.000000,7.652698
0.000000,-0.000000,7.652698
0.000000,-0.000000,7.652698
0.000000,-0.000000,7.652698
0.000000,-0.000000,7.652698
0.000000,-0.000000,7.652698
0.000000,-0.000000,7.652698
0.000000,-0.000000,7.652698
0.000000,-0.000000,7.652698
0.000000,-0.000000,7.652698
0.000000,-0.000000,7.652698
0.000000,-0.000000,7.652698
0.000000,-0.000000,7.652698
0.000000,-0.000000,7.652698
0.000000,-0.000000,7.652698
0.000000,-0.000000,7.652698
0.000000,-0.000000,7.652698
0.000000,-0.000000,7.652698
0.000000,-0.000000,7.652698
0.000000,-0.000000,7.652698
0.000000,-0.000000,7.652698
0.000000,-0.000000,7.652698
0.000000,-0.000000,7.652698
0.000000,-0.000000,7.652698
0.000000,-0.000000,7.652698
0.000000,-0.000000,7.652698
0.000000,-0.000000,7.652698
0.000000,-0.000000,7.652698
0.000000,-0.000000,7.652698
0.000000,-0.000000,7.652698
0.000000,-0.000000,7.652698
0.000000,-0.000000,7.652698
0.000000,-0.000000,7.652698
0.000000,-0.000000,7.652698
0.000000,-0.000000,7.652698
0.000000,-0.000000,7.652698
0.000000,-0.000000,7.652698
0.000000,-0.000000,7.652698
0.000000,-0.000000,7.652698
0.000000,-0.000000,7.652698
0.000000,-0.000000,7.652698
0.000000,-0.000000,7.652698
0.000000,-0.000000,7.652698
0.000000,-0.000000,7.652698
0.000000,-0.000000,7.652698
0.000000,-0.000000,7.652698
0.000000,-0.000000,7.652698
0.000000,-0.000000,7.652698
0.000000,-0.000000,7.652698
0.000000,-0.000000,7.652698
0.000000,-0.000000,7.652698
0.000000,-0.000000,7.652698
0.000000,-0.000000,7.652698
0.000000,-0.000000,7.652698
0.000000,-0.000000,7.652698
0.000000,-0.000000,7.652698
0.000000,-0.000000,7.652698
0.000000,-0.000000,7.652698
0.000000,-0.000000,7.652698
0.000000,-0.000000,7.652698
0.000000,-0.000000,7.652698
0.000000,-0.000000,7.652698
0.000000,-0.000000,7.652698
0.000000,-0.000000,7.652698
0.000000,-0.000000,7.652698
0.000000,-0.000000,7.652698
0.000000,-0.000000,7.652698
0.000000,-0.000000,7.652698
0.000000,-0.000000,7.652698
0.000000,-0.000000,7.652698
0.000000,-0.000000,7.652698
0.000000,-0.000000,7.652698
0.000000,-0.000000,7.652698
0.000000,-0.000000,7.652698
0.000000,-0.000000,7.652698
0.000000,-0.000000,7.652698
0.000000,-0.000000,7.652698
0.000000,-0.000000,7.652698
0.000000,-0.000000,7.652698
0.000000,-0.000000,7.652698
0.000000,-0.000000,7.652698
0.000000,-0.000000,7.652698
0.000000,-0.000000,7.652698
0.000000,-0.000000,7.652698
0.000000,-0.000000,7.652698
0.000000,-0.000000,7.652698
0.000000,-0.000000,7.652698
0.000000,-0.000000,7.652698
0.000000,-0.000000,7.652698
0.000000,-0.000000,7.652698
0.000000,-0.000000,7.652698
0.000000,-0.000000,7.652698
0.000000,-0.000000,7.652698
0.000000,-0.000000,7.652698
0.000000,-0.000000,7.652698
0.000000,-0.000000,7.652698
0.000000,-0.000000,7.652698
0.000000,-0.000000,7.652698
0.000000,-0.000000,7.652698
0.000000,-0.000000,7.652698
0.000000,-0.000000,7.652698
0.000000,-0.000000,7.652698
0.000000,-0.000000,7.652698
0.000000,-0.000000,7.652698
0.000000,-0.000000,7.652698
0.000000,-0.000000,7.652698
0.000000,-0.000000,7.652698
0.000000,-0.000000,7.652698
0.000000,-0.000000,7.652698
0.000000,-0.000000,7.652698
0.000000,-0.000000,7.652698
0.000000,-0.000000,7.652698
0.000000,-0.000000,7.652698
0.000000,-0.000000,7.652698
0.000000,-0.000000,7.652698
0.000000,-0.000000,7.652698
0.000000,-0.000000,7.652698
0.000000,-0.000000,7.652698
0.000000,-0.000000,7.652698
0.000000,-0.000000,7.652698
0.000000,-0.000000,7.652698
0.000000,-0.000000,7.652698
0.000000,-0.000000,7.652698
0.000000,-0.000000,7.652698
0.000000,-0.000000,7.652698
0.000000,-0.000000,7.652698
0.000000,-0.000000,7.652698
0.000000,-0.000000,7.652698
0.000000,-0.000000,7.652698
0.000000,-0.000000,7.652698
0.000000,-0.000000,7.652698
0.000000,-0.000000,7.652698
0.000000,-0.000000,7.652698
0.000000,-0.000000,7.652698
0.000000,-0.000000,7.652698
0.000000,-0.000000,7.652698
0.000000,-0.000000,7.652698
0.000000,-0.000000,7.652698
0.000000,-0.000000,7.652698
0.000000,-0.000000,7.652698
0.000000,-0.000000,7.652698
0.000000,-0.000000,7.652698
0.000000,-0.000000,7.652698
0.000000,-0.000000,7.652698
0.000000,-0.000000,7.652698
0.000000,-0.000000,7.652698
0.000000,-0.000000,7.652698
0.000000,-0.000000,7.652698
0.000000,-0.000000,7.652698
0.000000,-0.000000,7.652698
0.000000,-0.000000,7.652698
0.000000,-0.000000,7.652698
0.000000,-0.000000,7.652698
0.000000,-0.000000,7.652698
0.000000,-0.000000,7.652698
0.000000,-0.000000,7.652698
0.000000,-0.000000,7.652698
0.000000,-0.000000,7.652698
0.000000,-0.000000,7.652698
0.000000,-0.000000,7.652698
0.000000,-0.000000,7.652698
0.000000,-0.000000,7.652698
0.000000,-0.000000,7.652698
0.000000,-0.000000,7.652698
0.000000,-0.000000,7.652698
0.000000,-0.000000,7.652698
0.000000,-0.000000,7.652698
0.000000,-0.000000,7.652698
0.000000,-0.000000,7.652698
0.000000,-0.000000,7.652698
0.000000,-0.000000,7.652698
0.000000,-0.000000,7.652698
0.000000,-0.000000,7.652698
0.000000,-0.000000,7.652698
0.000000,-0.000000,7.652698
0.000000,-0.000000,7.652698
0.000000,-0.000000,7.652698
0.000000,-0.000000,7.652698
0.000000,-0.000000,7.652698
0.000000,-0.000000,7.652698
0.000000,-0.000000,7.652698
0.000000,-0.000000,7.652698
0.000000,-0.000000,7.652698
0.000000,-0.000000,7.652698
0.000000,-0.000000,7.652698
0.000000,-0.000000,7.652698
0.000000,-0.000000,7.652698
0.000000,-0.000000,7.652698
0.000000,-0.000000,7.652698
0.000000,-0.000000,7.652698
0.000000,-0.000000,7.652698
0.000000,-0.000000,7.652698
0.000000,-0.000000,7.652698
0.000000,-0.000000,7.652698
0.000000,-0.000000,7.652698
0.000000,-0.000000,7.652698
0.000000,-0.000000,7.652698
0.000000,-0.000000,7.652698
0.000000,-0.000000,7.652698
0.000000,-0.000000,7.652698
0.000000,-0.000000,7.652698
0.000000,-0.000000,7.652698
0.000000,-0.000000,7.652698
0.000000,-0.000000,7.652698
0.000000,-0.000000,7.652698
0.000000,-0.000000,7.652698
0.000000,-0.000000,7.652698
0.000000,-0.000000,7.652698
0.000000,-0.000000,7.652698
0.000000,-0.000000,7.652698
0.000000,-0.000000,7.652698
0.000000,-0.000000,7.652698
0.000000,-0.000000,7.652698
0.000000,-0.000000,7.652698
0.000000,-0.000000,7.652698
0.000000,-0.000000,7.652698
0.000000,-0.000000,7.652698
0.000000,-0.000000,7.652698
0.000000,-0.000000,7.652698
0.000000,-0.000000,7.652698
0.000000,-0.000000,7.652698
0.000000,-0.000000,7.652698
0.000000,-0.000000,7.652698
0.000000,-0.000000,7.652698
0.000000,-0.000000,7.652698
0.000000,-0.000000,7.652698
0.000000,-0.000000,7.652698
0.000000,-0.000000,7.652698
0.000000,-0.000000,7.652698
0.000000,-0.000000,7.652698
0.000000,-0.000000,7.652698
0.000000,-0.000000,7.652698
0.000000,-0.000000,7.652698
0.000000,-0.000000,7.652698
0.000000,-0.000000,7.652698
0.000000,-0.000000,7.652698
0.000000,-0.000000,7.652698
0.000000,-0.000000,7.652698
0.000000,-0.000000,7.652698
0.000000,-0.000000,7.652698
0.000000,-0.000000,7.652698
0.000000,-0.000000,7.652698
0.000000,-0.000000,7.652698
0.000000,-0.000000,7.652698
0.000000,-0.000000,7.652698
0.000000,-0.000000,7.652698
0.000000,-0.000000,7.652698
0.000000,-0.000000,7.652698
0.000000,-0.000000,7.652698
0.000000,-0.000000,7.652698
0.000000,-0.000000,7.652698
0.000000,-0.000000,7.652698
0.000000,-0.000000,7.652698
0.000000,-0.000000,7.652698
0.000000,-0.000000,7.652698
0.000000,-0.000000,7.652698
0.000000,-0.000000,7.652698
0.000000,-0.000000,7.652698
0.000000,-0.000000,7.652698
0.000000,-0.000000,7.652698
0.000000,-0.000000,7.652698
0.000000,-0.000000,7.652698
0.000000,-0.000000,7.652698
0.000000,-0.000000,7.652698
0.000000,-0.000000,7.652698
0.000000,-0.000000,7.652698
0.000000,-0.000000,7.652698
0.000000,-0.000000,7.652698
0.000000,-0.000000,7.652698
0.000000,-0.000000,7.652698
0.000000,-0.000000,7.652698
0.000000,-0.000000,7.652698
0.000000,-0.000000,7.652698
0.000000,-0.000000,7.652698
0.000000,-0.000000,7.652698
0.000000,-0.000000,7.652698
0.000000,-0.000000,7.652698
0.000000,-0.000000,7.652698
0.000000,-0.000000,7.652698
0.000000,-0.000000,7.652698
0.000000,-0.000000,7.652698
0.000000,-0.000000,7.652698
0.000000,-0.000000,7.652698
0.000000,-0.000000,7.652698
0.000000,-0.000000,7.652698
0.000000,-0.000000,7.652698
0.000000,-0.000000,7.652698
0.000000,-0.000000,7.652698
0.000000,-0.000000,7.652698
0.000000,-0.000000,7.652698
0.000000,-0.000000,7.652698
0.000000,-0.000000,7.652698
0.000000,-0.000000,7.652698
0.000000,-0.000000,7.652698
0.000000,-0.000000,7.652698
0.000000,-0.000000,7.652698
0.000000,-0.000000,7.652698
0.000000,-0.000000,7.652698
0.000000,-0.000000,7.652698
0.000000,-0.000000,7.652698
0.000000,-0.000000,7.652698
0.000000,-0.000000,7.652698
0.000000,-0.000000,7.652698
0.000000,-0.000000,7.652698
0.000000,-0.000000,7.652698
0.000000,-0.000000,7.652698
0.000000,-0.000000,7.652698
0.000000,-0.000000,7.652698
0.000000,-0.000000,7.652698
0.000000,-0.000000,7.652698
0.000000,-0.000000,7.652698
0.000000,-0.000000,7.652698
0.000000,-0.000000,7.652698
0.000000,-0.000000,7.652698
0.000000,-0.000000,7.652698
0.000000,-0.000000,7.652698
0.000000,-0.000000,7.652698
0.000000,-0.000000,7.652698
0.000000,-0.000000,7.652698
0.000000,-0.000000,7.652698
0.000000,-0.000000,7.652698
0.000000,-0.000000,7.652698
0.000000,-0.000000,7.652698
0.000000,-0.000000,7.652698
0.000000,-0.000000,7.652698
0.000000,-0.000000,7.652698
0.000000,-0.000000,7.652698
0.000000,-0.000000,7.652698
0.000000,-0.000000,7.652698
0.000000,-0.000000,7.652698
0.000000,-0.000000,7.652698
0.000000,-0.000000,7.652698
0.000000,-0.000000,7.652698
0.000000,-0.000000,7.652698
0.000000,-0.000000,7.652698
0.000000,-0.000000,7.652698
0.000000,-0.000000,7.652698
0.000000,-0.000000,7.652698
0.000000,-0.000000,7.652698
0.000000,-0.000000,7.652698
0.000000,-0.000000,7.652698
0.000000,-0.000000,7.652698
0.000000,-0.000000,7.652698
0.000000,-0.000000,7.652698
0.000000,-0.000000,7.652698
0.000000,-0.000000,7.652698
0.000000,-0.000000,7.652698
0.000000,-0.000000,7.652698
0.000000,-0.000000,7.652698
0.000000,-0.000000,7.652698
0.000000,-0.000000,7.652698
0.000000,-0.000000,7.652698
0.000000,-0.000000,7.652698
0.000000,-0.000000,7.652698
0.000000,-0.000000,7.652698
0.000000,-0.000000,7.652698
0.000000,-0.000000,7.652698
0.000000,-0.000000,7.652698
0.000000,-0.000000,7.652698
0.000000,-0.000000,7.652698
0.000000,-0.000000,7.652698
0.000000,-0.000000,7.652698
0.000000,-0.000000,7.652698
0.000000,-0.000000,7.652698
0.000000,-0.000000,7.652698
0.000000,-0.000000,7.652698
0.000000,-0.000000,7.652698
0.000000,-0.000000,7.652698
0.000000,-0.000000,7.652698
0.000000,-0.000000,7.652698
0.000000,-0.000000,7.652698
0.000000,-0.000000,7.652698
0.000000,-0.000000,7.652698
0.000000,-0.000000,7.652698
0.000000,-0.000000,7.652698
0.000000,-0.000000,7.652698
0.000000,-0.000000,7.652698
0.000000,-0.000000,7.652698
0.000000,-0.000000,7.652698
0.000000,-0.000000,7.652698
0.000000,-0.000000,7.652698
0.000000,-0.000000,7.652698
0.000000,-0.000000,7.652698
0.000000,-0.000000,7.652698
0.000000,-0.000000,7.652698
0.000000,-0.000000,7.652698
0.000000,-0.000000,7.652698
0.000000,-0.000000,7.652698
0.000000,-0.000000,7.652698
0.000000,-0.000000,7.652698
0.000000,-0.000000,7.652698
0.000000,-0.000000,7.652698
0.000000,-0.000000,7.652698
0.000000,-0.000000,7.652698
0.000000,-0.000000,7.652698
0.000000,-0.000000,7.652698
0.000000,-0.000000,7.652698
0.000000,-0.000000,7.652698
0.000000,-0.000000,7.652698
0.000000,-0.000000,7.652698
0.000000,-0.000000,7.652698
0.000000,-0.000000,7.652698
0.000000,-0.000000,7.652698
0.000000,-0.000000,7.652698
0.000000,-0.000000,7.652698
0.000000,-0.000000,7.652698
0.000000,-0.000000,7.652698
0.000000,-0.000000,7.652698
0.000000,-0.000000,7.652698
0.000000,-0.000000,7.652698
0.000000,-0.000000,7.652698
0.000000,-0.000000,7.652698
0.000000,-0.000000,7.652698
0.000000,-0.000000,7.652698
0.000000,-0.000000,7.652698
0.000000,-0.000000,7.652698
0.000000,-0.000000,7.652698
0.000000,-0.000000,7.652698
0.000000,-0.000000,7.652698
0.000000,-0.000000,7.652698
0.000000,-0.000000,7.652698
0.000000,-0.000000,7.652698
0.000000,-0.000000,7.652698
0.000000,-0.000000,7.652698
0.000000,-0.000000,7.652698
0.000000,-0.000000,7.652698
0.000000,-0.000000,7.652698
0.000000,-0.000000,7.652698
0.000000,-0.000000,7.652698
0.000000,-0.000000,7.652698
0.000000,-0.000000,7.652698
0.000000,-0.000000,7.652698
0.000000,-0.000000,7.652698
0.000000,-0.000000,7.652698
0.000000,-0.000000,7.652698
0.000000,-0.000000,7.652698
0.000000,-0.000000,7.652698
0.000000,-0.000000,7.652698
0.000000,-0.000000,7.652698
0.000000,-0.000000,7.652698
0.000000,-0.000000,7.652698
0.000000,-0.000000,7.652698
0.000000,-0.000000,7.652698
0.000000,-0.000000,7.652698
0.000000,-0.000000,7.652698
0.000000,-0.000000,7.652698
0.000000,-0.000000,7.652698
0.000000,-0.000000,7.652698
0.000000,-0.000000,7.652698
0.000000,-0.000000,7.652698
0.000000,-0.000000,7.652698
0.000000,-0.000000,7.652698
0.000000,-0.000000,7.652698
0.000000,-0.000000,7.652698
0.000000,-0.000000,7.652698
0.000000,-0.000000,7.652698
0.000000,-0.000000,7.652698
0.000000,-0.000000,7.652698
0.000000,-0.000000,7.652698
0.000000,-0.000000,7.652698
0.000000,-0.000000,7.652698
0.000000,-0.000000,7.652698
0.000000,-0.000000,7.652698
0.000000,-0.000000,7.652698
0.000000,-0.000000,7.652698
0.000000,-0.000000,7.652698
0.000000,-0.000000,7.652698
0.000000,-0.000000,7.652698
0.000000,-0.000000,7.652698
0.000000,-0.000000,7.652698
0.000000,-0.000000,7.652698
0.000000,-0.000000,7.652698
0.000000,-0.000000,7.652698
0.000000,-0.000000,7.652698
0.000000,-0.000000,7.652698
0.000000,-0.000000,7.652698
0.000000,-0.000000,7.652698
0.000000,-0.000000,7.652698
0.000000,-0.000000,7.652698
0.000000,-0.000000,7.652698
0.000000,-0.000000,7.652698
0.000000,-0.000000,7.652698
0.000000,-0.000000,7.652698
0.000000,-0.000000,7.652698
0.000000,-0.000000,7.652698
0.000000,-0.000000,7.652698
0.000000,-0.000000,7.652698
0.000000,-0.000000,7.652698
0.000000,-0.000000,7.652698
0.000000,-0.000000,7.652698
0.000000,-0.000000,7.652698
0.000000,-0.000000,7.652698
0.000000,-0.000000,7.652698
0.000000,-0.000000,7.652698
0.000000,-0.000000,7.652698
0.000000,-0.000000,7.652698
0.000000,-0.000000,7.652698
0.000000,-0.000000,7.652698
0.000000,-0.000000,7.652698
0.000000,-0.000000,7.652698
0.000000,-0.000000,7.652698
0.000000,-0.000000,7.652698
0.000000,-0.000000,7.652698
0.000000,-0.000000,7.652698
0.000000,-0.000000,7.652698
0.000000,-0.000000,7.652698
0.000000,-0.000000,7.652698
0.000000,-0.000000,7.652698
0.000000,-0.000000,7.652698
0.000000,-0.000000,7.652698
0.000000,-0.000000,7.652698
0.000000,-0.000000,7.652698
0.000000,-0.000000,7.652698
0.000000,-0.000000,7.652698
0.000000,-0.000000,7.652698
0.000000,-0.000000,7.652698
0.000000,-0.000000,7.652698
0.000000,-0.000000,7.652698
0.000000,-0.000000,7.652698
0.000000,-0.000000,7.652698
0.000000,-0.000000,7.652698
0.000000,-0.000000,7.652698
0.000000,-0.000000,7.652698
0.000000,-0.000000,7.652698
0.000000,-0.000000,7.652698
0.000000,-0.000000,7.652698
0.000000,-0.000000,7.652698
0.000000,-0.000000,7.652698
0.000000,-0.000000,7.652698
0.000000,-0.000000,7.652698
0.000000,-0.000000,7.652698
0.000000,-0.000000,7.652698
0.000000,-0.000000,7.652698
0.000000,-0.000000,7.652698
0.000000,-0.000000,7.652698
0.000000,-0.000000,7.652698
0.000000,-0.000000,7.652698
0.000000,-0.000000,7.652698
0.000000,-0.000000,7.652698
0.000000,-0.000000,7.652698
0.000000,-0.000000,7.652698
0.000000,-0.000000,7.652698
0.000000,-0.000000,7.652698
0.000000,-0.000000,7.652698
0.000000,-0.000000,7.652698
0.000000,-0.000000,7.652698
0.000000,-0.000000,7.652698
0.000000,-0.000000,7.652698
0.000000,-0.000000,7.652698
0.000000,-0.000000,7.652698
0.000000,-0.000000,7.652698
0.000000,-0.000000,7.652698
0.000000,-0.000000,7.652698
0.000000,-0.000000,7.652698
0.000000,-0.000000,7.652698
0.000000,-0.000000,7.652698
0.000000,-0.000000,7.652698
0.000000,-0.000000,7.652698
0.000000,-0.000000,7.652698
0.000000,-0.000000,7.652698
0.000000,-0.000000,7.652698
0.000000,-0.000000,7.652698
0.000000,-0.000000,7.652698
0.000000,-0.000000,7.652698
0.000000,-0.000000,7.652698
0.000000,-0.000000,7.652698
0.000000,-0.000000,7.652698
0.000000,-0.000000,7.652698
0.000000,-0.000000,7.652698
0.000000,-0.000000,7.652698
0.000000,-0.000000,7.652698
0.000000,-0.000000,7.652698
0.000000,-0.000000,7.652698
0.000000,-0.000000,7.652698
0.000000,-0.000000,7.652698
0.000000,-0.000000,7.652698
0.000000,-0.000000,7.652698
0.000000,-0.000000,7.652698
0.000000,-0.000000,7.652698
0.000000,-0.000000,7.652698
0.000000,-0.000000,7.652698
0.000000,-0.000000,7.652698
0.000000,-0.000000,7.652698
0.000000,-0.000000,7.652698
0.000000,-0.000000,7.652698
0.000000,-0.000000,7.652698
0.000000,-0.000000,7.652698
0.000000,-0.000000,7.652698
0.000000,-0.000000,7.652698
0.000000,-0.000000,7.652698
0.000000,-0.000000,7.652698
0.000000,-0.000000,7.652698
0.000000,-0.000000,7.652698
0.000000,-0.000000,7.652698
0.000000,-0.000000,7.652698
0.000000,-0.000000,7.652698
0.000000,-0.000000,7.652698
0.000000,-0.000000,7.652698
0.000000,-0.000000,7.652698
0.000000,-0.000000,7.652698
0.000000,-0.000000,7.652698
0.000000,-0.000000,7.652698
0.000000,-0.000000,7.652698
0.000000,-0.000000,7.652698
0.000000,-0.000000,7.652698
0.000000,-0.000000,7.652698
0.000000,-0.000000,7.652698
0.000000,-0.000000,7.652698
0.000000,-0.000000,7.652698
0.000000,-0.000000,7.652698
0.000000,-0.000000,7.652698
0.000000,-0.000000,7.652698
0.000000,-0.000000,7.652698
0.000000,-0.000000,7.652698
0.000000,-0.000000,7.652698
0.000000,-0.000000,7.652698
0.000000,-0.000000,7.652698
0.000000,-0.000000,7.652698
0.000000,-0.000000,7.652698
0.000000,-0.000000,7.652698
0.000000,-0.000000,7.652698
0.000000,-0.000000,7.652698
0.000000,-0.000000,7.652698
0.000000,-0.000000,7.652698
0.000000,-0.000000,7.652698
0.000000,-0.000000,7.652698
0.000000,-0.000000,7.652698
0.000000,-0.000000,7.652698
0.000000,-0.000000,7.652698
0.000000,-0.000000,7.652698
0.000000,-0.000000,7.652698
0.000000,-0.000000,7.652698
0.000000,-0.000000,7.652698
0.000000,-0.000000,7.652698
0.000000,-0.000000,7.652698
0.000000,-0.000000,7.652698
0.000000,-0.000000,7.652698
0.000000,-0.000000,7.652698
0.000000,-0.000000,7.652698
0.000000,-0.000000,7.652698
0.000000,-0.000000,7.652698
0.000000,-0.000000,7.652698
0.000000,-0.000000,7.652698
0.000000,-0.000000,7.652698
0.000000,-0.000000,7.652698
0.000000,-0.000000,7.652698
0.000000,-0.000000,7.652698
0.000000,-0.000000,7.652698
0.000000,-0.000000,7.652698
0.000000,-0.000000,7.652698
0.000000,-0.000000,7.652698
0.000000,-0.000000,7.652698
0.000000,-0.000000,7.652698
0.000000,-0.000000,7.652698
0.000000,-0.000000,7.652698
0.000000,-0.000000,7.652698
0.000000,-0.000000,7.652698
0.000000,-0.000000,7.652698
0.000000,-0.000000,7.652698
0.000000,-0.000000,7.652698
0.000000,-0.000000,7.652698
0.000000,-0.000000,7.652698
0.000000,-0.000000,7.652698
0.000000,-0.000000,7.652698
0.000000,-0.000000,7.652698
0.000000,-0.000000,7.652698
0.000000,-0.000000,7.652698
0.000000,-0.000000,7.652698
0.000000,-0.000000,7.652698
0.000000,-0.000000,7.652698
0.000000,-0.000000,7.652698
0.000000,-0.000000,7.652698
0.000000,-0.000000,7.652698
0.000000,-0.000000,7.652698
0.000000,-0.000000,7.652698
0.000000,-0.000000,7.652698
0.000000,-0.000000,7.652698
0.000000,-0.000000,7.652698
0.000000,-0.000000,7.652698
0.000000,0.000000,7.652698
0.000000,0.000000,7.652698
0.000000,0.000000,7.652698
0.000000,0.000000,7.652698
0.000000,0.000000,7.652698
0.000000,0.000000,7.652698
0.000000,0.000000,7.652698
0.000000,0.000000,7.652698
0.000000,0.000000,7.652698
0.000000,0.000000,7.652698
0.000000,0.000000,7.652698
0.000000,0.000000,7.652698
0.000000,0.000000,7.652698
0.000000,0.000000,7.652698
0.000000,0.000000,7.652698
0.000000,0.000000,7.652698
0.000000,0.000000,7.652698
0.000000,0.000000,7.652698
0.000000,0.000000,7.652698
0.000000,0.000000,7.652698
0.000000,0.000000,7.652698
0.000000,0.000000,7.652698
0.000000,0.000000,7.652698
0.000000,0.000000,7.652698
0.000000,0.000000,7.652698
0.000000,0.000000,7.652698
0.000000,0.000000,7.652698
0.000000,0.000000,7.652698
0.000000,0.000000,7.652698
0.000000,0.000000,7.652698
0.000000,0.000000,7.652698
0.000000,0.000000,7.652698
0.000000,0.000000,7.652698
0.000000,0.000000,7.652698
0.000000,0.000000,7.652698
0.000000,0.000000,7.652698
0.000000,0.000000,7.652698
0.000000,0.000000,7.652698
0.000000,0.000000,7.652698
0.000000,0.000000,7.652698
0.000000,0.000000,7.652698
0.000000,0.000000,7.652698
0.000000,0.000000,7.652698
0.000000,0.000000,7.652698
0.000000,0.000000,7.652698
0.000000,0.000000,7.652698
0.000000,0.000000,7.652698
0.000000,0.000000,7.652698
0.000000,0.000000,7.652698
0.000000,0.000000,7.652698
0.000000,0.000000,7.652698
0.000000,0.000000,7.652698
0.000000,0.000000,7.652698
0.000000,0.000000,7.652698
0.000000,0.000000,7.652698
0.000000,0.000000,7.652698
0.000000,0.000000,7.652698
0.000000,0.000000,7.652698
0.000000,0.000000,7.652698
0.000000,0.000000,7.652698
0.000000,0.000000,7.652698
0.000000,0.000000,7.652698
0.000000,0.000000,7.652698
0.000000,0.000000,7.652698
0.000000,0.000000,7.652698
0.000000,0.000000,7.652698
0.000000,0.000000,7.652698
0.000000,0.000000,7.652698
0.000000,0.000000,7.652698
0.000000,0.000000,7.652698
0.000000,0.000000,7.652698
0.000000,0.000000,7.652698
0.000000,0.000000,7.652698
0.000000,0.000000,7.652698
0.000000,0.000000,7.652698
0.000000,0.000000,7.652698
0.000000,0.000000,7.652698
0.000000,0.000000,7.652698
0.000000,0.000000,7.652698
0.000000,0.000000,7.652698
0.000000,0.000000,7.652698
0.000000,0.000000,7.652698
0.000000,0.000000,7.652698
0.000000,0.000000,7.652698
0.000000,0.000000,7.652698
0.000000,0.000000,7.652698
0.000000,0.000000,7.652698
0.000000,0.000000,7.652698
0.000000,0.000000,7.652698
0.000000,0.000000,7.652698
0.000000,0.000000,7.652698
0.000000,0.000000,7.652698
0.000000,0.000000,7.652698
0.000000,0.000000,7.652698
0.000000,0.000000,7.652698
0.000000,0.000000,7.652698
0.000000,0.000000,7.652698
0.000000,0.000000,7.652698
0.000000,0.000000,7.652698
0.000000,0.000000,7.652698
0.000000,0.000000,7.652698
0.000000,0.000000,7.652698
0.000000,0.000000,7.652698
0.000000,0.000000,7.652698
0.000000,0.000000,7.652698
0.000000,0.000000,7.652698
0.000000,0.000000,7.652698
0.000000,0.000000,7.652698
0.000000,0.000000,7.652698
0.000000,0.000000,7.652698
0.000000,0.000000,7.652698
0.000000,0.000000,7.652698
0.000000,0.000000,7.652698
0.000000,0.000000,7.652698
0.000000,0.000000,7.652698
0.000000,0.000000,7.652698
0.000000,0.000000,7.652698
0.000000,0.000000,7.652698
0.000000,0.000000,7.652698
0.000000,0.000000,7.652698
0.000000,0.000000,7.652698
0.000000,0.000000,7.652698
0.000000,0.000000,7.652698
0.000000,0.000000,7.652698
0.000000,0.000000,7.652698
0.000000,0.000000,7.652698
0.000000,0.000000,7.652698
0.000000,0.000000,7.652698
0.000000,0.000000,7.652698
0.000000,0.000000,7.652698
0.000000,0.000000,7.652698
0.000000,0.000000,7.652698
0.000000,0.000000,7.652698
0.000000,0.000000,7.652698
0.000000,0.000000,7.652698
0.000000,0.000000,7.652698
0.000000,0.000000,7.652698
0.000000,0.000000,7.652698
0.000000,0.000000,7.652698
0.000000,0.000000,7.652698
0.000000,0.000000,7.652698
0.000000,0.000000,7.652698
0.000000,0.000000,7.652698
0.000000,0.000000,7.652698
0.000000,0.000000,7.652698
0.000000,0.000000,7.652698
0.000000,0.000000,7.652698
0.000000,0.000000,7.652698
0.000000,0.000000,7.652698
0.000000,0.000000,7.652698
0.000000,0.000000,7.652698
0.000000,0.000000,7.652698
0.000000,0.000000,7.652698
0.000000,0.000000,7.652698
0.000000,0.000000,7.652698
0.000000,0.000000,7.652698
0.000000,0.000000,7.652698
0.000000,0.000000,7.652698
0.000000,0.000000,7.652698
0.000000,0.000000,7.652698
0.000000,0.000000,7.652698
0.000000,0.000000,7.652698
0.000000,0.000000,7.652698
0.000000,0.000000,7.652698
0.000000,0.000000,7.652698
0.000000,0.000000,7.652698
0.000000,0.000000,7.652698
0.000000,0.000000,7.652698
0.000000,0.000000,7.652698
0.000000,0.000000,7.652698
0.000000,0.000000,7.652698
0.000000,0.000000,7.652698
0.000000,0.000000,7.652698
0.000000,0.000000,7.652698
0.000000,0.000000,7.652698
0.000000,0.000000,7.652698
0.000000,0.000000,7.652698
0.000000,0.000000,7.652698
0.000000,0.000000,7.652698
0.000000,0.000000,7.652698
0.000000,0.000000,7.652698
0.000000,0.000000,7.652698
0.000000,0.000000,7.652698
0.000000,0.000000,7.652698
0.000000,0.000000,7.652698
0.000000,0.000000,7.652698
0.000000,0.000000,7.652698
0.000000,0.000000,7.652698
0.000000,0.000000,7.652698
0.000000,0.000000,7.652698
0.000000,0.000000,7.652698
0.000000,0.000000,7.652698
0.000000,0.000000,7.652698
0.000000,0.000000,7.652698
0.000000,0.000000,7.652698
0.000000,0.000000,7.652698
0.000000,0.000000,7.652698
0.000000,0.000000,7.652698
0.000000,0.000000,7.652698
0.000000,0.000000,7.652698
0.000000,0.000000,7.652698
0.000000,0.000000,7.652698
0.000000,0.000000,7.652698
0.000000,0.000000,7.652698
0.000000,0.000000,7.652698
0.000000,0.000000,7.652698
0.000000,0.000000,7.652698
0.000000,0.000000,7.652698
0.000000,0.000000,7.652698
0.000000,0.000000,7.652698
0.000000,0.000000,7.652698
0.000000,0.000000,7.652698
0.000000,0.000000,7.652698
0.000000,0.000000,7.652698
0.000000,0.000000,7.652698
0.000000,0.000000,7.652698
0.000000,0.000000,7.652698
0.000000,0.000000,7.652698
0.000000,0.000000,7.652698
0.000000,0.000000,7.652698
0.000000,0.000000,7.652698
0.000000,0.000000,7.652698
0.000000,0.000000,7.652698
0.000000,0.000000,7.652698
0.000000,0.000000,7.652698
0.000000,0.000000,7.652698
0.000000,0.000000,7.652698
0.000000,0.000000,7.652698
0.000000,0.000000,7.652698
0.000000,0.000000,7.652698
0.000000,0.000000,7.652698
0.000000,0.000000,7.652698
0.000000,0.000000,7.652698
0.000000,0.000000,7.652698
0.000000,0.000000,7.652698
0.000000,0.000000,7.652698
0.000000,0.000000,7.652698
0.000000,0.000000,7.652698
0.000000,0.000000,7.652698
0.000000,0.000000,7.652698
0.000000,0.000000,7.652698
0.000000,0.000000,7.652698
0.000000,0.000000,7.652698
0.000000,0.000000,7.652698
0.000000,0.000000,7.652698
0.000000,0.000000,7.652698
0.000000,0.000000,7.652698
0.000000,0.000000,7.652698
0.000000,0.000000,7.652698
0.000000,0.000000,7.652698
0.000000,0.000000,7.652698
0.000000,0.000000,7.652698
0.000000,0.000000,7.652698
0.000000,0.000000,7.652698
0.000000,0.000000,7.652698
0.000000,0.000000,7.652698
0.000000,0.000000,7.652698
0.000000,0.000000,7.652698
0.000000,0.000000,7.652698
0.000000,0.000000,7.652698
0.000000,0.000000,7.652698
0.000000,0.000000,7.652698
0.000000,0.000000,7.652698
0.000000,0.000000,7.652698
0.000000,0.000000,7.652698
0.000000,0.000000,7.652698
0.000000,0.000000,7.652698
0.000000,0.000000,7.652698
0.000000,0.000000,7.652698
0.000000,0.000000,7.652698
0.000000,0.000000,7.652698
0.000000,0.000000,7.652698
0.000000,0.000000,7.652698
0.000000,0.000000,7.652698
0.000000,0.000000,7.652698
0.000000,0.000000,7.652698
0.000000,0.000000,7.652698
0.000000,0.000000,7.652698
0.000000,0.000000,7.652698
0.000000,0.000000,7.652698
0.000000,0.000000,7.652698
0.000000,0.000000,7.652698
0.000000,0.000000,7.652698
0.000000,0.000000,7.652698
0.000000,0.000000,7.652698
0.000000,0.000000,7.652698
0.000000,0.000000,7.652698
0.000000,0.000000,7.652698
0.000000,0.000000,7.652698
0.000000,0.000000,7.652698
0.000000,0.000000,7.652698
0.000000,0.000000,7.652698
0.000000,0.000000,7.652698
0.000000,0.000000,7.652698
0.000000,0.000000,7.652698
0.000000,0.000000,7.652698
0.000000,0.000000,7.652698
0.000000,0.000000,7.652698
0.000000,0.000000,7.652698
0.000000,0.000000,7.652698
0.000000,0.000000,7.652698
0.000000,0.000000,7.652698
0.000000,0.000000,7.652698
0.000000,0.000000,7.652698
0.000000,0.000000,7.652698
0.000000,0.000000,7.652698
0.000000,0.000000,7.652698
0.000000,0.000000,7.652698
0.000000,0.000000,7.652698
0.000000,0.000000,7.652698
0.000000,0.000000,7.652698
0.000000,0.000000,7.652698
0.000000,0.000000,7.652698
0.000000,0.000000,7.652698
0.000000,0.000000,7.652698
0.000000,0.000000,7.652698
0.000000,0.000000,7.652698
0.000000,0.000000,7.652698
0.000000,0.000000,7.652698
0.000000,0.000000,7.652698
0.000000,0.000000,7.652698
0.000000,0.000000,7.652698
0.000000,0.000000,7.652698
0.000000,0.000000,7.652698
0.000000,0.000000,7.652698
0.000000,0.000000,7.652698
0.000000,0.000000,7.652698
0.000000,0.000000,7.652698
0.000000,0.000000,7.652698
0.000000,0.000000,7.652698
0.000000,0.000000,7.652698
0.000000,0.000000,7.652698
0.000000,0.000000,7.652698
0.000000,0.000000,7.652698
0.000000,0.000000,7.652698
0.000000,0.000000,7.652698
0.000000,0.000000,7.652698
0.000000,0.000000,7.652698
0.000000,0.000000,7.652698
0.000000,0.000000,7.652698
0.000000,0.000000,7.652698
0.000000,0.000000,7.652698
0.000000,0.000000,7.652698
0.000000,0.000000,7.652698
0.000000,0.000000,7.652698
0.000000,0.000000,7.652698
0.000000,0.000000,7.652698
0.000000,0.000000,7.652698
0.000000,0.000000,7.652698
0.000000,0.000000,7.652698
0.000000,0.000000,7.652698
0.000000,0.000000,7.652698
0.000000,0.000000,7.652698
0.000000,0.000000,7.652698
0.000000,0.000000,7.652698
0.000000,0.000000,7.652698
0.000000,0.000000,7.652698
0.000000,0.000000,7.652698
0.000000,0.000000,7.652698
0.000000,0.000000,7.652698
0.000000,0.000000,7.652698
0.000000,0.000000,7.652698
0.000000,0.000000,7.652698
0.000000,0.000000,7.652698
0.000000,0.000000,7.652698
0.000000,0.000000,7.652698
0.000000,0.000000,7.652698
0.000000,0.000000,7.652698
0.000000,0.000000,7.652698
0.000000,0.000000,7.652698
0.000000,0.000000,7.652698
0.000000,0.000000,7.652698
0.000000,0.000000,7.652698
0.000000,0.000000,7.652698
0.000000,0.000000,7.652698
0.000000,0.000000,7.652698
0.000000,0.000000,7.652698
0.000000,0.000000,7.652698
0.000000,0.000000,7.652698
0.000000,0.000000,7.652698
0.000000,0.000000,7.652698
0.000000,0.000000,7.652698
0.000000,0.000000,7.652698
0.000000,0.000000,7.652698
0.000000,0.000000,7.652698
0.000000,0.000000,7.652698
0.000000,0.000000,7.652698
0.000000,0.000000,7.652698
0.000000,0.000000,7.652698
0.000000,0.000000,7.652698
0.000000,0.000000,7.652698
0.000000,0.000000,7.652698
0.000000,0.000000,7.652698
0.000000,0.000000,7.652698
0.000000,0.000000,7.652698
0.000000,0.000000,7.652698
0.000000,0.000000,7.652698
0.000000,0.000000,7.652698
0.000000,0.000000,7.652698
0.000000,0.000000,7.652698
0.000000,0.000000,7.652698
0.000000,0.000000,7.652698
0.000000,0.000000,7.652698
0.000000,0.000000,7.652698
0.000000,0.000000,7.652698
0.000000,0.000000,7.652698
0.000000,0.000000,7.652698
0.000000,0.000000,7.652698
0.000000,0.000000,7.652698
0.000000,0.000000,7.652698
0.000000,0.000000,7.652698
0.000000,0.000000,7.652698
0.000000,0.000000,7.652698
0.000000,0.000000,7.652698
0.000000,0.000000,7.652698
0.000000,0.000000,7.652698
0.000000,0.000000,7.652698
0.000000,0.000000,7.652698
0.000000,0.000000,7.652698
0.000000,0.000000,7.652698
0.000000,0.000000,7.652698
0.000000,0.000000,7.652698
0.000000,0.000000,7.652698
0.000000,0.000000,7.652698
0.000000,0.000000,7.652698
0.000000,0.000000,7.652698
0.000000,0.000000,7.652698
0.000000,0.000000,7.652698
0.000000,0.000000,7.652698
0.000000,0.000000,7.652698
0.000000,0.000000,7.652698
0.000000,0.000000,7.652698
0.000000,0.000000,7.652698
0.000000,0.000000,7.652698
0.000000,0.000000,7.652698
0.000000,0.000000,7.652698
0.000000,0.000000,7.652698
0.000000,0.000000,7.652698
0.000000,0.000000,7.652698
0.000000,0.000000,7.652698
0.000000,0.000000,7.652698
0.000000,0.000000,7.652698
0.000000,0.000000,7.652698
0.000000,0.000000,7.652698
0.000000,0.000000,7.652698
0.000000,0.000000,7.652698
0.000000,0.000000,7.652698
0.000000,0.000000,7.652698
0.000000,0.000000,7.652698
0.000000,0.000000,7.652698
0.000000,0.000000,7.652698
0.000000,0.000000,7.652698
0.000000,0.000000,7.652698
0.000000,0.000000,7.652698
0.000000,0.000000,7.652698
0.000000,0.000000,7.652698
0.000000,0.000000,7.652698
0.000000,0.000000,7.652698
0.000000,0.000000,7.652698
0.000000,0.000000,7.652698
0.000000,0.000000,7.652698
0.000000,0.000000,7.652698
0.000000,0.000000,7.652698
0.000000,0.000000,7.652698
0.000000,0.000000,7.652698
0.000000,0.000000,7.652698
0.000000,0.000000,7.652698
0.000000,0.000000,7.652698
0.000000,0.000000,7.652698
0.000000,0.000000,7.652698
0.000000,0.000000,7.652698
0.000000,0.000000,7.652698
0.000000,0.000000,7.652698
0.000000,0.000000,7.652698
0.000000,0.000000,7.652698
0.000000,0.000000,7.652698
0.000000,0.000000,7.652698
0.000000,0.000000,7.652698
0.000000,0.000000,7.652698
0.000000,0.000000,7.652698
0.000000,0.000000,7.652698
0.000000,0.000000,7.652698
0.000000,0.000000,7.652698
0.000000,0.000000,7.652698
0.000000,0.000000,7.652698
0.000000,0.000000,7.652698
0.000000,0.000000,7.652698
0.000000,0.000000,7.652698
0.000000,0.000000,7.652698
0.000000,0.000000,7.652698
0.000000,0.000000,7.652698
0.000000,0.000000,7.652698
0.000000,0.000000,7.652698
0.000000,0.000000,7.652698
0.000000,0.000000,7.652698
0.000000,0.000000,7.652698
0.000000,0.000000,7.652698
0.000000,0.000000,7.652698
0.000000,0.000000,7.652698
0.000000,0.000000,7.652698
0.000000,0.000000,7.652698
0.000000,0.000000,7.652698
0.000000,0.000000,7.652698
0.000000,0.000000,7.652698
0.000000,0.000000,7.652698
0.000000,0.000000,7.652698
0.000000,0.000000,7.652698
0.000000,0.000000,7.652698
0.000000,0.000000,7.652698
0.000000,0.000000,7.652698
0.000000,0.000000,7.652698
0.000000,0.000000,7.652698
0.000000,0.000000,7.652698
0.000000,0.000000,7.652698
0.000000,0.000000,7.652698
0.000000,0.000000,7.652698
0.000000,0.000000,7.652698
0.000000,0.000000,7.652698
0.000000,0.000000,7.652698
0.000000,0.000000,7.652698
0.000000,0.000000,7.652698
0.000000,0.000000,7.652698
0.000000,0.000000,7.652698
0.000000,0.000000,7.652698
0.000000,0.000000,7.652698
0.000000,0.000000,7.652698
0.000000,0.000000,7.652698
0.000000,0.000000,7.652698
0.000000,0.000000,7.652698
0.000000,0.000000,7.652698
0.000000,0.000000,7.652698
0.000000,0.000000,7.652698
0.000000,0.000000,7.652698
0.000000,0.000000,7.652698
0.000000,0.000000,7.652698
0.000000,0.000000,7.652698
0.000000,0.000000,7.652698
0.000000,0.000000,7.652698
0.000000,0.000000,7.652698
0.000000,0.000000,7.652698
0.000000,0.000000,7.652698
0.000000,0.000000,7.652698
0.000000,0.000000,7.652698
0.000000,0.000000,7.652698
0.000000,0.000000,7.652698
0.000000,0.000000,7.652698
0.000000,0.000000,7.652698
0.000000,0.000000,7.652698
0.000000,0.000000,7.652698
0.000000,0.000000,7.652698
0.000000,0.000000,7.652698
0.000000,0.000000,7.652698
0.000000,0.000000,7.652698
0.000000,0.000000,7.652698
0.000000,0.000000,7.652698
0.000000,0.000000,7.652698
0.000000,0.000000,7.652698
0.000000,0.000000,7.652698
0.000000,0.000000,7.652698
0.000000,0.000000,7.652698
0.000000,0.000000,7.652698
0.000000,0.000000,7.652698
0.000000,0.000000,7.652698
0.000000,0.000000,7.652698
0.000000,0.000000,7.652698
0.000000,0.000000,7.652698
0.000000,0.000000,7.652698
0.000000,0.000000,7.652698
0.000000,0.000000,7.652698
0.000000,0.000000,7.652698
0.000000,0.000000,7.652698
0.000000,0.000000,7.652698
0.000000,0.000000,7.652698
0.000000,0.000000,7.652698
0.000000,0.000000,7.652698
0.000000,0.000000,7.652698
0.000000,0.000000,7.652698
0.000000,0.000000,7.652698
0.000000,0.000000,7.652698
0.000000,0.000000,7.652698
0.000000,0.000000,7.652698
0.000000,0.000000,7.652698
0.000000,0.000000,7.652698
0.000000,0.000000,7.652698
0.000000,0.000000,7.652698
0.000000,0.000000,7.652698
0.000000,0.000000,7.652698
0.000000,0.000000,7.652698
0.000000,0.000000,7.652698
0.000000,0.000000,7.652698
0.000000,0.000000,7.652698
0.000000,0.000000,7.652698
0.000000,0.000000,7.652698
0.000000,0.000000,7.652698
0.000000,0.000000,7.652698
0.000000,0.000000,7.652698
0.000000,0.000000,7.652698
0.000000,0.000000,7.652698
0.000000,0.000000,7.652698
0.000000,0.000000,7.652698
0.000000,0.000000,7.652698
0.000000,0.000000,7.652698
0.000000,0.000000,7.652698
0.000000,0.000000,7.652698
0.000000,0.000000,7.652698
0.000000,0.000000,7.652698
0.000000,0.000000,7.652698
0.000000,0.000000,7.652698
0.000000,0.000000,7.652698
0.000000,0.000000,7.652698
0.000000,0.000000,7.652698
0.000000,0.000000,7.652698
0.000000,0.000000,7.652698
0.000000,0.000000,7.652698
0.000000,0.000000,7.652698
0.000000,0.000000,7.652698
0.000000,0.000000,7.652698
0.000000,0.000000,7.652698
0.000000,0.000000,7.652698
0.000000,0.000000,7.652698
0.000000,0.000000,7.652698
0.000000,0.000000,7.652698
0.000000,0.000000,7.652698
0.000000,0.000000,7.652698
0.000000,0.000000,7.652698
0.000000,0.000000,7.652698
0.000000,0.000000,7.652698
0.000000,0.000000,7.652698
0.000000,0.000000,7.652698
0.000000,0.000000,7.652698
0.000000,0.000000,7.652698
0.000000,0.000000,7.652698
0.000000,0.000000,7.652698
0.000000,0.000000,7.652698
0.000000,0.000000,7.652698
0.000000,0.000000,7.652698
0.000000,0.000000,7.652698
0.000000,0.000000,7.652698
0.000000,0.000000,7.652698
0.000000,0.000000,7.652698
0.000000,0.000000,7.652698
0.000000,0.000000,7.652698
0.000000,0.000000,7.652698
0.000000,0.000000,7.652698
0.000000,0.000000,7.652698
0.000000,0.000000,7.652698
0.000000,0.000000,7.652698
0.000000,0.000000,7.652698
0.000000,0.000000,7.652698
0.000000,0.000000,7.652698
0.000000,0.000000,7.652698
0.000000,0.000000,7.652698
0.000000,0.000000,7.652698
0.000000,0.000000,7.652698
0.000000,0.000000,7.652698
0.000000,0.000000,7.652698
0.000000,0.000000,7.652698
0.000000,0.000000,7.652698
0.000000,0.000000,7.652698
0.000000,0.000000,7.652698
0.000000,0.000000,7.652698
0.000000,0.000000,7.652698
0.000000,0.000000,7.652698
0.000000,0.000000,7.652698
0.000000,0.000000,7.652698
0.000000,0.000000,7.652698
0.000000,0.000000,7.652698
0.000000,0.000000,7.652698
0.000000,0.000000,7.652698
0.000000,0.000000,7.652698
0.000000,0.000000,7.652698
0.000000,0.000000,7.652698
0.000000,0.000000,7.652698
0.000000,0.000000,7.652698
0.000000,0.000000,7.652698
0.000000,0.000000,7.652698
0.000000,0.000000,7.652698
0.000000,0.000000,7.652698
0.000000,0.000000,7.652698
0.000000,0.000000,7.652698
0.000000,0.000000,7.652698
0.000000,0.000000,7.652698
0.000000,0.000000,7.652698
0.000000,0.000000,7.652698
0.000000,0.000000,7.652698
0.000000,0.000000,7.652698
0.000000,0.000000,7.652698
0.000000,0.000000,7.652698
0.000000,0.000000,7.652698
0.000000,0.000000,7.652698
0.000000,0.000000,7.652698
0.000000,0.000000,7.652698
0.000000,0.000000,7.652698
0.000000,0.000000,7.652698
0.000000,0.000000,7.652698
0.000000,0.000000,7.652698
0.000000,0.000000,7.652698
0.000000,0.000000,7.652698
0.000000,0.000000,7.652698
0.000000,0.000000,7.652698
0.000000,0.000000,7.652698
0.000000,0.000000,7.652698
0.000000,0.000000,7.652698
0.000000,0.000000,7.652698
0.000000,0.000000,7.652698
0.000000,0.000000,7.652698
0.000000,0.000000,7.652698
0.000000,0.000000,7.652698
0.000000,0.000000,7.652698
0.000000,0.000000,7.652698
0.000000,0.000000,7.652698
0.000000,0.000000,7.652698
0.000000,0.000000,7.652698
0.000000,0.000000,7.652698
0.000000,0.000000,7.652698
0.000000,0.000000,7.652698
0.000000,0.000000,7.652698
0.000000,0.000000,7.652698
0.000000,0.000000,7.652698
0.000000,0.000000,7.652698
0.000000,0.000000,7.652698
0.000000,0.000000,7.652698
0.000000,0.000000,7.652698
0.000000,0.000000,7.652698
0.000000,0.000000,7.652698
0.000000,0.000000,7.652698
0.000000,0.000000,7.652698
0.000000,0.000000,7.652698
0.000000,0.000000,7.652698
0.000000,0.000000,7.652698
0.000000,0.000000,7.652698
0.000000,0.000000,7.652698
0.000000,0.000000,7.652698
0.000000,0.000000,7.652698
0.000000,0.000000,7.652698
0.000000,0.000000,7.652698
0.000000,0.000000,7.652698
0.000000,0.000000,7.652698
0.000000,0.000000,7.652698
0.000000,0.000000,7.652698
0.000000,0.000000,7.652698
0.000000,0.000000,7.652698
0.000000,0.000000,7.652698
0.000000,0.000000,7.652698
0.000000,0.000000,7.652698
0.000000,0.000000,7.652698
0.000000,0.000000,7.652698
0.000000,0.000000,7.652698
0.000000,0.000000,7.652698
0.000000,0.000000,7.652698
0.000000,0.000000,7.652698
0.000000,0.000000,7.652698
0.000000,0.000000,7.652698
0.000000,0.000000,7.652698
0.000000,0.000000,7.652698
0.000000,0.000000,7.652698
0.000000,0.000000,7.652698
0.000000,0.000000,7.652698
0.000000,0.000000,7.652698
0.000000,0.000000,7.652698
0.000000,0.000000,7.652698
0.000000,0.000000,7.652698
0.000000,0.000000,7.652698
0.000000,0.000000,7.652698
0.000000,0.000000,7.652698
0.000000,0.000000,7.652698
0.000000,0.000000,7.652698
0.000000,0.000000,7.652698
0.000000,0.000000,7.652698
0.000000,0.000000,7.652698
0.000000,0.000000,7.652698
0.000000,0.000000,7.652698
0.000000,0.000000,7.652698
0.000000,0.000000,7.652698
0.000000,0.000000,7.652698
0.000000,0.000000,7.652698
0.000000,0.000000,7.652698
0.000000,0.000000,7.652698
0.000000,0.000000,7.652698
0.000000,0.000000,7.652698
0.000000,0.000000,7.652698
0.000000,0.000000,7.652698
0.000000,0.000000,7.652698
0.000000,0.000000,7.652698
0.000000,0.000000,7.652698
0.000000,0.000000,7.652698
0.000000,0.000000,7.652698
0.000000,0.000000,7.652698
0.000000,0.000000,7.652698
0.000000,0.000000,7.652698
0.000000,0.000000,7.652698
0.000000,0.000000,7.652698
0.000000,0.000000,7.652698
0.000000,0.000000,7.652698
0.000000,0.000000,7.652698
0.000000,0.000000,7.652698
0.000000,0.000000,7.652698
0.000000,0.000000,7.652698
0.000000,0.000000,7.652698
0.000000,0.000000,7.652698
0.000000,0.000000,7.652698
0.000000,0.000000,7.652698
0.000000,0.000000,7.652698
0.000000,0.000000,7.652698
0.000000,0.000000,7.652698
0.000000,0.000000,7.652698
0.000000,0.000000,7.652698
0.000000,0.000000,7.652698
0.000000,0.000000,7.652698
0.000000,0.000000,7.652698
0.000000,0.000000,7.652698
0.000000,0.000000,7.652698
0.000000,0.000000,7.652698
0.000000,0.000000,7.652698
0.000000,0.000000,7.652698
0.000000,0.000000,7.652698
0.000000,0.000000,7.652698
0.000000,0.000000,7.652698
0.000000,0.000000,7.652698
0.000000,0.000000,7.652698
0.000000,0.000000,7.652698
0.000000,0.000000,7.652698
0.000000,0.000000,7.652698
0.000000,0.000000,7.652698
0.000000,0.000000,7.652698
0.000000,0.000000,7.652698
0.000000,0.000000,7.652698
0.000000,0.000000,7.652698
0.000000,0.000000,7.652698
0.000000,0.000000,7.652698
0.000000,0.000000,7.652698
0.000000,0.000000,7.652698
0.000000,0.000000,7.652698
0.000000,0.000000,7.652698
0.000000,0.000000,7.652698
0.000000,0.000000,7.652698
0.000000,0.000000,7.652698
0.000000,0.000000,7.652698
0.000000,0.000000,7.652698
0.000000,0.000000,7.652698
0.000000,0.000000,7.652698
0.000000,0.000000,7.652698
0.000000,0.000000,7.652698
0.000000,0.000000,7.652698
0.000000,0.000000,7.652698
0.000000,0.000000,7.652698
0.000000,0.000000,7.652698
0.000000,0.000000,7.652698
0.000000,0.000000,7.652698
0.000000,0.000000,7.652698
0.000000,0.000000,7.652698
0.000000,0.000000,7.652698
0.000000,0.000000,7.652698
0.000000,0.000000,7.652698
0.000000,0.000000,7.652698
0.000000,0.000000,7.652698
0.000000,0.000000,7.652698
0.000000,0.000000,7.652698
0.000000,0.000000,7.652698
0.000000,0.000000,7.652698
0.000000,0.000000,7.652698
0.000000,0.000000,7.652698
0.000000,0.000000,7.652698
0.000000,0.000000,7.652698
0.000000,0.000000,7.652698
0.000000,0.000000,7.652698
0.000000,0.000000,7.652698
0.000000,0.000000,7.652698
0.000000,0.000000,7.652698
0.000000,0.000000,7.652698
0.000000,0.000000,7.652698
0.000000,0.000000,7.652698
0.000000,0.000000,7.652698
0.000000,0.000000,7.652698
0.000000,0.000000,7.652698
0.000000,0.000000,7.652698
0.000000,0.000000,7.652698
0.000000,0.000000,7.652698
0.000000,0.000000,7.652698
0.000000,0.000000,7.652698
0.000000,0.000000,7.652698
0.000000,0.000000,7.652698
0.000000,0.000000,7.652698
0.000000,0.000000,7.652698
0.000000,0.000000,7.652698
0.000000,0.000000,7.652698
0.000000,0.000000,7.652698
0.000000,0.000000,7.652698
0.000000,0.000000,7.652698
0.000000,0.000000,7.652698
0.000000,0.000000,7.652698
0.000000,0.000000,7.652698
0.000000,0.000000,7.652698
0.000000,0.000000,7.652698
0.000000,0.000000,7.652698
0.000000,0.000000,7.652698
0.000000,0.000000,7.652698
0.000000,0.000000,7.652698
0.000000,0.000000,7.652698
0.000000,0.000000,7.652698
0.000000,0.000000,7.652698
0.000000,0.000000,7.652698
0.000000,0.000000,7.652698
0.000000,0.000000,7.652698
0.000000,0.000000,7.652698
0.000000,0.000000,7.652698
0.000000,0.000000,7.652698
0.000000,0.000000,7.652698
0.000000,0.000000,7.652698
0.000000,0.000000,7.652698
0.000000,0.000000,7.652698
0.000000,0.000000,7.652698
0.000000,0.000000,7.652698
0.000000,0.000000,7.652698
0.000000,0.000000,7.652698
0.000000,0.000000,7.652698
0.000000,0.000000,7.652698
0.000000,0.000000,7.652698
0.000000,0.000000,7.652698
0.000000,0.000000,7.652698
0.000000,0.000000,7.652698
0.000000,0.000000,7.652698
0.000000,0.000000,7.652698
0.000000,0.000000,7.652698
0.000000,0.000000,7.652698
0.000000,0.000000,7.652698
0.000000,0.000000,7.652698
0.000000,0.000000,7.652698
0.000000,0.000000,7.652698
0.000000,0.000000,7.652698
0.000000,0.000000,7.652698
0.000000,0.000000,7.652698
0.000000,0.000000,7.652698
0.000000,0.000000,7.652698
0.000000,0.000000,7.652698
0.000000,0.000000,7.652698
0.000000,0.000000,7.652698
0.000000,0.000000,7.652698
0.000000,0.000000,7.652698
0.000000,0.000000,7.652698
0.000000,0.000000,7.652698
0.000000,0.000000,7.652698
0.000000,0.000000,7.652698
0.000000,0.000000,7.652698
0.000000,0.000000,7.652698
0.000000,0.000000,7.652698
0.000000,0.000000,7.652698
0.000000,0.000000,7.652698
0.000000,0.000000,7.652698
0.000000,0.000000,7.652698
0.000000,0.000000,7.652698
0.000000,0.000000,7.652698
0.000000,0.000000,7.652698
0.000000,0.000000,7.652698
0.000000,0.000000,7.652698
0.000000,0.000000,7.652698
0.000000,0.000000,7.652698
0.000000,0.000000,7.652698
0.000000,0.000000,7.652698
0.000000,0.000000,7.652698
0.000000,0.000000,7.652698
0.000000,0.000000,7.652698
0.000000,0.000000,7.652698
0.000000,0.000000,7.652698
0.000000,0.000000,7.652698
0.000000,0.000000,7.652698
0.000000,0.000000,7.652698
0.000000,0.000000,7.652698
0.000000,0.000000,7.652698
0.000000,0.000000,7.652698
0.000000,0.000000,7.652698
0.000000,0.000000,7.652698
0.000000,0.000000,7.652698
0.000000,0.000000,7.652698
0.000000,0.000000,7.652698
0.000000,0.000000,7.652698
0.000000,0.000000,7.652698
0.000000,0.000000,7.652698
0.000000,0.000000,7.652698
0.000000,0.000000,7.652698
0.000000,0.000000,7.652698
0.000000,0.000000,7.652698
0.000000,0.000000,7.652698
0.000000,0.000000,7.652698
0.000000,0.000000,7.652698
0.000000,0.000000,7.652698
0.000000,0.000000,7.652698
0.000000,0.000000,7.652698
0.000000,0.000000,7.652698
0.000000,0.000000,7.652698
0.000000,0.000000,7.652698
0.000000,0.000000,7.652698
0.000000,0.000000,7.652698
0.000000,0.000000,7.652698
0.000000,0.000000,7.652698
0.000000,0.000000,7.652698
0.000000,0.000000,7.652698
0.000000,0.000000,7.652698
0.000000,0.000000,7.652698
0.000000,0.000000,7.652698
0.000000,0.000000,7.652698
0.000000,0.000000,7.652698
0.000000,0.000000,7.652698
0.000000,0.000000,7.652698
0.000000,0.000000,7.652698
0.000000,0.000000,7.652698
0.000000,0.000000,7.652698
0.000000,0.000000,7.652698
0.000000,0.000000,7.652698
0.000000,0.000000,7.652698
0.000000,0.000000,7.652698
0.000000,0.000000,7.652698
0.000000,0.000000,7.652698
0.000000,0.000000,7.652698
0.000000,0.000000,7.652698
0.000000,0.000000,7.652698
0.000000,0.000000,7.652698
0.000000,0.000000,7.652698
0.000000,0.000000,7.652698
0.000000,0.000000,7.652698
0.000000,0.000000,7.652698
0.000000,0.000000,7.652698
0.000000,0.000000,7.652698
0.000000,0.000000,7.652698
0.000000,0.000000,7.652698
0.000000,0.000000,7.652698
0.000000,0.000000,7.652698
0.000000,0.000000,7.652698
0.000000,0.000000,7.652698
0.000000,0.000000,7.652698
0.000000,0.000000,7.652698
0.000000,0.000000,7.652698
0.000000,0.000000,7.652698
0.000000,0.000000,7.652698
0.000000,0.000000,7.652698
0.000000,0.000000,7.652698
0.000000,0.000000,7.652698
0.000000,0.000000,7.652698
0.000000,0.000000,7.652698
0.000000,0.000000,7.652698
0.000000,0.000000,7.652698
0.000000,0.000000,7.652698
0.000000,0.000000,7.652698
0.000000,0.000000,7.652698
0.000000,0.000000,7.652698
0.000000,0.000000,7.652698
0.000000,0.000000,7.652698
0.000000,0.000000,7.652698
0.000000,0.000000,7.652698
0.000000,0.000000,7.652698
0.000000,0.000000,7.652698
0.000000,0.000000,7.652698
0.000000,0.000000,7.652698
0.000000,0.000000,7.652698
0.000000,0.000000,7.652698
0.000000,0.000000,7.652698
0.000000,0.000000,7.652698
0.000000,0.000000,7.652698
0.000000,0.000000,7.652698
0.000000,0.000000,7.652698
0.000000,0.000000,7.652698
0.000000,0.000000,7.652698
0.000000,0.000000,7.652698
0.000000,0.000000,7.652698
0.000000,0.000000,7.652698
0.000000,0.000000,7.652698
0.000000,0.000000,7.652698
0.000000,0.000000,7.652698
0.000000,0.000000,7.652698
0.000000,0.000000,7.652698
0.000000,0.000000,7.652698
0.000000,0.000000,7.652698
0.000000,0.000000,7.652698
0.000000,0.000000,7.652698
0.000000,0.000000,7.652698
0.000000,0.000000,7.652698
0.000000,0.000000,7.652698
0.000000,0.000000,7.652698
0.000000,0.000000,7.652698
0.000000,0.000000,7.652698
0.000000,0.000000,7.652698
0.000000,0.000000,7.652698
0.000000,0.000000,7.652698
0.000000,0.000000,7.652698
0.000000,0.000000,7.652698
0.000000,0.000000,7.652698
0.000000,0.000000,7.652698
0.000000,0.000000,7.652698
0.000000,0.000000,7.652698
0.000000,0.000000,7.652698
0.000000,0.000000,7.652698
0.000000,0.000000,7.652698
0.000000,0.000000,7.652698
0.000000,0.000000,7.652698
0.000000,0.000000,7.652698
0.000000,0.000000,7.652698
0.000000,0.000000,7.652698
0.000000,0.000000,7.652698
0.000000,0.000000,7.652698
0.000000,0.000000,7.652698
0.000000,0.000000,7.652698
0.000000,0.000000,7.652698
0.000000,0.000000,7.652698
0.000000,0.000000,7.652698
0.000000,0.000000,7.652698
0.000000,0.000000,7.652698
0.000000,0.000000,7.652698
0.000000,0.000000,7.652698
0.000000,0.000000,7.652698
0.000000,0.000000,7.652698
0.000000,0.000000,7.652698
0.000000,0.000000,7.652698
0.000000,0.000000,7.652698
0.000000,0.000000,7.652698
0.000000,0.000000,7.652698
0.000000,0.000000,7.652698
0.000000,0.000000,7.652698
0.000000,0.000000,7.652698
0.000000,0.000000,7.652698
0.000000,0.000000,7.652698
0.000000,0.000000,7.652698
0.000000,0.000000,7.652698
0.000000,0.000000,7.652698
0.000000,0.000000,7.652698
0.000000,0.000000,7.652698
0.000000,0.000000,7.652698
0.000000,0.000000,7.652698
0.000000,0.000000,7.652698
0.000000,0.000000,7.652698
0.000000,0.000000,7.652698
0.000000,0.000000,7.652698
0.000000,0.000000,7.652698
0.000000,0.000000,7.652698
0.000000,0.000000,7.652698
0.000000,0.000000,7.652698
0.000000,0.000000,7.652698
0.000000,0.000000,7.652698
0.000000,0.000000,7.652698
0.000000,0.000000,7.652698
0.000000,0.000000,7.652698
0.000000,0.000000,7.652698
0.000000,0.000000,7.652698
0.000000,0.000000,7.652698
0.000000,0.000000,7.652698
0.000000,0.000000,7.652698
0.000000,0.000000,7.652698
0.000000,0.000000,7.652698
0.000000,0.000000,7.652698
0.000000,0.000000,7.652698
0.000000,0.000000,7.652698
0.000000,0.000000,7.652698
0.000000,0.000000,7.652698
0.000000,0.000000,7.652698
0.000000,0.000000,7.652698
0.000000,0.000000,7.652698
0.000000,0.000000,7.652698
0.000000,0.000000,7.652698
0.000000,0.000000,7.652698
0.000000,0.000000,7.652698
0.000000,0.000000,7.652698
0.000000,0.000000,7.652698
0.000000,0.000000,7.652698
0.000000,0.000000,7.652698
0.000000,0.000000,7.652698
0.000000,0.000000,7.652698
0.000000,0.000000,7.652698
0.000000,0.000000,7.652698
0.000000,0.000000,7.652698
0.000000,0.000000,7.652698
0.000000,0.000000,7.652698
0.000000,0.000000,7.652698
0.000000,0.000000,7.652698
0.000000,0.000000,7.652698
0.000000,0.000000,7.652698
0.000000,0.000000,7.652698
0.000000,0.000000,7.652698
0.000000,0.000000,7.652698
0.000000,0.000000,7.652698
0.000000,0.000000,7.652698
0.000000,0.000000,7.652698
0.000000,0.000000,7.652698
0.000000,0.000000,7.652698
0.000000,0.000000,7.652698
0.000000,0.000000,7.652698
0.000000,0.000000,7.652698
0.000000,0.000000,7.652698
0.000000,0.000000,7.652698
0.000000,0.000000,7.652698
0.000000,0.000000,7.652698
0.000000,0.000000,7.652698
0.000000,0.000000,7.652698
0.000000,0.000000,7.652698
0.000000,0.000000,7.652698
0.000000,0.000000,7.652698
0.000000,0.000000,7.652698
0.000000,0.000000,7.652698
0.000000,0.000000,7.652698
0.000000,0.000000,7.652698
0.000000,0.000000,7.652698
0.000000,0.000000,7.652698
0.000000,0.000000,7.652698
0.000000,0.000000,7.652698
0.000000,0.000000,7.652698
0.000000,0.000000,7.652698
0.000000,0.000000,7.652698
0.000000,0.000000,7.652698
0.000000,0.000000,7.652698
0.000000,0.000000,7.652698
0.000000,0.000000,7.652698
0.000000,0.000000,7.652698
0.000000,0.000000,7.652698
0.000000,0.000000,7.652698
0.000000,0.000000,7.652698
0.000000,0.000000,7.652698
0.000000,0.000000,7.652698
0.000000,0.000000,7.652698
0.000000,0.000000,7.652698
0.000000,0.000000,7.652698
0.000000,0.000000,7.652698
0.000000,0.000000,7.652698
0.000000,0.000000,7.652698
0.000000,0.000000,7.652698
0.000000,0.000000,7.652698
0.000000,0.000000,7.652698
0.000000,0.000000,7.652698
0.000000,0.000000,7.652698
0.000000,0.000000,7.652698
0.000000,0.000000,7.652698
0.000000,0.000000,7.652698
0.000000,0.000000,7.652698
0.000000,0.000000,7.652698
0.000000,0.000000,7.652698
0.000000,0.000000,7.652698
0.000000,0.000000,7.652698
0.000000,0.000000,7.652698
0.000000,0.000000,7.652698
0.000000,0.000000,7.652698
0.000000,0.000000,7.652698
0.000000,0.000000,7.652698
0.000000,0.000000,7.652698
0.000000,0.000000,7.652698
0.000000,0.000000,7.652698
0.000000,0.000000,7.652698
0.000000,0.000000,7.652698
0.000000,0.000000,7.652698
0.000000,0.000000,7.652698
0.000000,0.000000,7.652698
0.000000,0.000000,7.652698
0.000000,0.000000,7.652698
0.000000,0.000000,7.652698
0.000000,0.000000,7.652698
0.000000,0.000000,7.652698
0.000000,0.000000,7.652698
0.000000,0.000000,7.652698
0.000000,0.000000,7.652698
0.000000,0.000000,7.652698
0.000000,0.000000,7.652698
0.000000,0.000000,7.652698
0.000000,0.000000,7.652698
0.000000,0.000000,7.652698
0.000000,0.000000,7.652698
0.000000,0.000000,7.652698
0.000000,0.000000,7.652698
0.000000,0.000000,7.652698
0.000000,0.000000,7.652698
0.000000,0.000000,7.652698
0.000000,0.000000,7.652698
0.000000,0.000000,7.652698
0.000000,0.000000,7.652698
0.000000,0.000000,7.652698
0.000000,0.000000,7.652698
0.000000,0.000000,7.652698
0.000000,0.000000,7.652698
0.000000,0.000000,7.652698
0.000000,0.000000,7.652698
0.000000,0.000000,7.652698
0.000000,0.000000,7.652698
0.000000,0.000000,7.652698
0.000000,0.000000,7.652698
0.000000,0.000000,7.652698
0.000000,0.000000,7.652698
0.000000,0.000000,7.652698
0.000000,0.000000,7.652698
0.000000,0.000000,7.652698
0.000000,0.000000,7.652698
0.000000,0.000000,7.652698
0.000000,0.000000,7.652698
0.000000,0.000000,7.652698
0.000000,0.000000,7.652698
0.000000,0.000000,7.652698
0.000000,0.000000,7.652698
0.000000,0.000000,7.652698
0.000000,0.000000,7.652698
0.000000,0.000000,7.652698
0.000000,0.000000,7.652698
0.000000,0.000000,7.652698
0.000000,0.000000,7.652698
0.000000,0.000000,7.652698
0.000000,0.000000,7.652698
0.000000,0.000000,7.652698
0.000000,0.000000,7.652698
0.000000,0.000000,7.652698
0.000000,0.000000,7.652698
0.000000,0.000000,7.652698
0.000000,0.000000,7.652698
0.000000,0.000000,7.652698
0.000000,0.000000,7.652698
0.000000,0.000000,7.652698
0.000000,0.000000,7.652698
0.000000,0.000000,7.652698
0.000000,0.000000,7.652698
0.000000,0.000000,7.652698
0.000000,0.000000,7.652698
0.000000,0.000000,7.652698
0.000000,0.000000,7.652698
0.000000,0.000000,7.652698
0.000000,0.000000,7.652698
0.000000,0.000000,7.652698
0.000000,0.000000,7.652698
0.000000,0.000000,7.652698
0.000000,0.000000,7.652698
0.000000,0.000000,7.652698
0.000000,0.000000,7.652698
0.000000,0.000000,7.652698
0.000000,0.000000,7.652698
0.000000,0.000000,7.652698
0.000000,0.000000,7.652698
0.000000,0.000000,7.652698
0.000000,0.000000,7.652698
0.000000,0.000000,7.652698
0.000000,0.000000,7.652698
0.000000,0.000000,7.652698
0.000000,0.000000,7.652698
0.000000,0.000000,7.652698
0.000000,0.000000,7.652698
0.000000,0.000000,7.652698
0.000000,0.000000,7.652698
0.000000,0.000000,7.652698
0.000000,0.000000,7.652698
0.000000,0.000000,7.652698
0.000000,0.000000,7.652698
0.000000,0.000000,7.652698
0.000000,0.000000,7.652698
0.000000,0.000000,7.652698
0.000000,0.000000,7.652698
0.000000,0.000000,7.652698
0.000000,0.000000,7.652698
0.000000,0.000000,7.652698
0.000000,0.000000,7.652698
0.000000,0.000000,7.652698
0.000000,0.000000,7.652698
0.000000,0.000000,7.652698
0.000000,0.000000,7.652698
0.000000,0.000000,7.652698
0.000000,0.000000,7.652698
0.000000,0.000000,7.652698
0.000000,0.000000,7.652698
0.000000,0.000000,7.652698
0.000000,0.000000,7.652698
0.000000,0.000000,7.652698
0.000000,0.000000,7.652698
0.000000,0.000000,7.652698
0.000000,0.000000,7.652698
0.000000,0.000000,7.652698
0.000000,0.000000,7.652698
0.000000,0.000000,7.652698
0.000000,0.000000,7.652698
0.000000,0.000000,7.652698
0.000000,0.000000,7.652698
0.000000,0.000000,7.652698
0.000000,0.000000,7.652698
0.000000,0.000000,7.652698
0.000000,0.000000,7.652698
0.000000,0.000000,7.652698
0.000000,0.000000,7.652698
0.000000,0.000000,7.652698
0.000000,0.000000,7.652698
0.000000,0.000000,7.652698
0.000000,0.000000,7.652698
0.000000,0.000000,7.652698
0.000000,0.000000,7.652698
0.000000,0.000000,7.652698
0.000000,0.000000,7.652698
0.000000,0.000000,7.652698
0.000000,0.000000,7.652698
0.000000,0.000000,7.652698
0.000000,0.000000,7.652698
0.000000,0.000000,7.652698
0.000000,0.000000,7.652698
0.000000,0.000000,7.652698
0.000000,0.000000,7.652698
0.000000,0.000000,7.652698
0.000000,0.000000,7.652698
0.000000,0.000000,7.652698
0.000000,0.000000,7.652698
0.000000,0.000000,7.652698
0.000000,0.000000,7.652698
0.062514,0.000081,7.652698
0.090659,0.000274,7.652699
0.034629,-0.000052,7.652700
0.013227,-0.000020,7.652700
0.005052,-0.000008,7.652700
0.001930,-0.000003,7.652700
0.000737,-0.000001,7.652700
0.000282,-0.000000,7.652700
0.000108,-0.000000,7.652700
0.000041,-0.000000,7.652700
0.000016,-0.000000,7.652700
0.000006,-0.000000,7.652700
0.000002,-0.000000,7.652700
0.000001,0.000000,7.652700
0.000000,-0.000000,7.652700
0.000000,-0.000000,7.652700
0.000000,-0.000000,7.652700
0.000000,-0.000000,7.652700
0.000000,-0.000000,7.652700
0.000000,-0.000000,7.652700
0.000000,-0.000000,7.652700
0.000000,-0.000000,7.652700
0.000000,-0.000000,7.652700
0.000000,-0.000000,7.652700
0.000000,-0.000000,7.652700
0.000000,-0.000000,7.652700
0.000000,-0.000000,7.652700
0.000000,-0.000000,7.652700
0.000000,-0.000000,7.652700
0.000000,-0.000000,7.652700
0.000000,-0.000000,7.652700
0.000000,-0.000000,7.652700
0.000000,-0.000000,7.652700
0.000000,-0.000000,7.652700
0.000000,-0.000000,7.652700
0.000000,-0.000000,7.652700
0.000000,-0.000000,7.652700
0.000000,-0.000000,7.652700
0.000000,-0.000000,7.652700
0.000000,-0.000000,7.652700
0.000000,-0.000000,7.652700
0.000000,-0.000000,7.652700
0.000000,-0.000000,7.652700
0.000000,-0.000000,7.652700
0.000000,-0.000000,7.652700
0.000000,-0.000000,7.652700
0.000000,-0.000000,7.652700
0.000000,-0.000000,7.652700
0.000000,-0.000000,7.652700
0.000000,-0.000000,7.652700
0.000000,-0.000000,7.652700
0.000000,-0.000000,7.652700
0.000000,-0.000000,7.652700
0.000000,-0.000000,7.652700
0.000000,-0.000000,7.652700
0.000000,-0.000000,7.652700
0.000000,-0.000000,7.652700
0.000000,-0.000000,7.652700
0.000000,-0.000000,7.652700
0.000000,-0.000000,7.652700
0.000000,-0.000000,7.652700
0.000000,-0.000000,7.652700
0.000000,-0.000000,7.652700
0.000000,-0.000000,7.652700
0.000000,-0.000000,7.652700
0.000000,-0.000000,7.652700
0.000000,-0.000000,7.652700
0.000000,-0.000000,7.652700
0.000000,-0.000000,7.652700
0.000000,-0.000000,7.652700
0.000000,-0.000000,7.652700
0.000000,-0.000000,7.652700
0.000000,-0.000000,7.652700
0.000000,-0.000000,7.652700
0.000000,-0.000000,7.652700
0.000000,-0.000000,7.652700
0.000000,-0.000000,7.652700
0.000000,-0.000000,7.652700
0.000000,-0.000000,7.652700
0.000000,-0.000000,7.652700
0.000000,-0.000000,7.652700
0.000000,-0.000000,7.652700
0.000000,-0.000000,7.652700
0.000000,-0.000000,7.652700
0.000000,-0.000000,7.652700
0.000000,-0.000000,7.652700
0.000000,-0.000000,7.652700
0.000000,-0.000000,7.652700
0.000000,-0.000000,7.652700
0.000000,-0.000000,7.652700
0.000000,-0.000000,7.652700
0.000000,-0.000000,7.652700
0.000000,-0.000000,7.652700
0.000000,-0.000000,7.652700
0.000000,-0.000000,7.652700
0.000000,-0.000000,7.652700
0.000000,-0.000000,7.652700
0.000000,-0.000000,7.652700
0.000000,-0.000000,7.652700
0.000000,-0.000000,7.652700
0.000000,-0.000000,7.652700
0.000000,-0.000000,7.652700
0.000000,-0.000000,7.652700
0.000000,-0.000000,7.652700
0.000000,-0.000000,7.652700
0.000000,-0.000000,7.652700
0.000000,-0.000000,7.652700
0.000000,-0.000000,7.652700
0.000000,-0.000000,7.652700
0.000000,-0.000000,7.652700
0.000000,-0.000000,7.652700
0.000000,-0.000000,7.652700
0.000000,-0.000000,7.652700
0.000000,-0.000000,7.652700
0.000000,-0.000000,7.652700
0.000000,-0.000000,7.652700
0.000000,-0.000000,7.652700
0.000000,-0.000000,7.652700
0.000000,-0.000000,7.652700
0.000000,-0.000000,7.652700
0.000000,-0.000000,7.652700
0.000000,-0.000000,7.652700
0.000000,-0.000000,7.652700
0.000000,-0.000000,7.652700
0.000000,-0.000000,7.652700
0.000000,-0.000000,7.652700
0.000000,-0.000000,7.652700
0.000000,-0.000000,7.652700
0.000000,-0.000000,7.652700
0.000000,-0.000000,7.652700
0.000000,-0.000000,7.652700
0.000000,-0.000000,7.652700
0.000000,-0.000000,7.652700
0.000000,-0.000000,7.652700
0.000000,-0.000000,7.652700
0.000000,-0.000000,7.652700
0.000000,-0.000000,7.652700
0.000000,-0.000000,7.652700
0.000000,-0.000000,7.652700
0.000000,-0.000000,7.652700
0.000000,-0.000000,7.652700
0.000000,-0.000000,7.652700
0.000000,-0.000000,7.652700
0.000000,-0.000000,7.652700
0.000000,-0.000000,7.652700
0.000000,-0.000000,7.652700
0.000000,-0.000000,7.652700
0.000000,-0.000000,7.652700
0.000000,-0.000000,7.652700
0.000000,-0.000000,7.652700
0.000000,-0.000000,7.652700
0.000000,-0.000000,7.652700
0.000000,-0.000000,7.652700
0.000000,-0.000000,7.652700
0.000000,-0.000000,7.652700
0.000000,-0.000000,7.652700
0.000000,-0.000000,7.652700
0.000000,-0.000000,7.652700
0.000000,-0.000000,7.652700
0.000000,-0.000000,7.652700
0.000000,-0.000000,7.652700
0.000000,-0.000000,7.652700
0.000000,-0.000000,7.652700
0.000000,-0.000000,7.652700
0.000000,-0.000000,7.652700
0.000000,-0.000000,7.652700
0.000000,-0.000000,7.652700
0.000000,-0.000000,7.652700
0.000000,-0.000000,7.652700
0.000000,-0.000000,7.652700
0.000000,-0.000000,7.652700
0.000000,-0.000000,7.652700
0.000000,-0.000000,7.652700
0.000000,-0.000000,7.652700
0.000000,-0.000000,7.652700
0.000000,-0.000000,7.652700
0.000000,-0.000000,7.652700
0.000000,-0.000000,7.652700
0.000000,-0.000000,7.652700
0.000000,-0.000000,7.652700
0.000000,-0.000000,7.652700
0.000000,-0.000000,7.652700
0.000000,-0.000000,7.652700
0.000000,-0.000000,7.652700
0.000000,-0.000000,7.652700
0.000000,-0.000000,7.652700
0.000000,-0.000000,7.652700
0.000000,-0.000000,7.652700
0.000000,-0.000000,7.652700
0.000000,-0.000000,7.652700
0.000000,-0.000000,7.652700
0.000000,-0.000000,7.652700
0.000000,-0.000000,7.652700
0.000000,-0.000000,7.652700
0.000000,-0.000000,7.652700
0.000000,-0.000000,7.652700
0.000000,-0.000000,7.652700
0.000000,-0.000000,7.652700
0.000000,-0.000000,7.652700
0.000000,-0.000000,7.652700
0.000000,-0.000000,7.652700
0.000000,-0.000000,7.652700
0.000000,-0.000000,7.652700
0.000000,-0.000000,7.652700
0.000000,-0.000000,7.652700
0.000000,-0.000000,7.652700
0.000000,-0.000000,7.652700
0.000000,-0.000000,7.652700
0.000000,-0.000000,7.652700
0.000000,-0.000000,7.652700
0.000000,-0.000000,7.652700
0.000000,-0.000000,7.652700
0.000000,-0.000000,7.652700
0.000000,-0.000000,7.652700
0.000000,-0.000000,7.652700
0.000000,-0.000000,7.652700
0.000000,-0.000000,7.652700
0.000000,-0.000000,7.652700
0.000000,-0.000000,7.652700
0.000000,-0.000000,7.652700
0.000000,-0.000000,7.652700
0.000000,-0.000000,7.652700
0.000000,-0.000000,7.652700
0.000000,-0.000000,7.652700
0.000000,-0.000000,7.652700
0.000000,-0.000000,7.652700
0.000000,-0.000000,7.652700
0.000000,-0.000000,7.652700
0.000000,-0.000000,7.652700
0.000000,-0.000000,7.652700
0.000000,-0.000000,7.652700
0.000000,-0.000000,7.652700
0.000000,-0.000000,7.652700
0.000000,-0.000000,7.652700
0.000000,-0.000000,7.652700
0.000000,-0.000000,7.652700
0.000000,-0.000000,7.652700
0.000000,-0.000000,7.652700
0.000000,-0.000000,7.652700
0.000000,-0.000000,7.652700
0.000000,-0.000000,7.652700
0.000000,-0.000000,7.652700
0.000000,-0.000000,7.652700
0.000000,-0.000000,7.652700
0.000000,-0.000000,7.652700
0.000000,-0.000000,7.652700
0.000000,-0.000000,7.652700
0.000000,-0.000000,7.652700
0.000000,-0.000000,7.652700
0.000000,-0.000000,7.652700
0.000000,-0.000000,7.652700
0.000000,-0.000000,7.652700
0.000000,-0.000000,7.652700
0.000000,-0.000000,7.652700
0.000000,-0.000000,7.652700
0.000000,-0.000000,7.652700
0.000000,-0.000000,7.652700
0.000000,-0.000000,7.652700
0.000000,-0.000000,7.652700
0.000000,-0.000000,7.652700
0.000000,-0.000000,7.652700
0.000000,-0.000000,7.652700
0.000000,-0.000000,7.652700
0.000000,-0.000000,7.652700
0.000000,-0.000000,7.652700
0.000000,-0.000000,7.652700
0.000000,-0.000000,7.652700
0.000000,-0.000000,7.652700
0.000000,-0.000000,7.652700
0.000000,-0.000000,7.652700
0.000000,-0.000000,7.652700
0.000000,-0.000000,7.652700
0.000000,-0.000000,7.652700
0.000000,-0.000000,7.652700
0.000000,-0.000000,7.652700
0.000000,-0.000000,7.652700
0.000000,-0.000000,7.652700
0.000000,-0.000000,7.652700
0.000000,-0.000000,7.652700
0.000000,-0.000000,7.652700
0.000000,-0.000000,7.652700
0.000000,-0.000000,7.652700
0.000000,-0.000000,7.652700
0.000000,-0.000000,7.652700
0.000000,-0.000000,7.652700
0.000000,-0.000000,7.652700
0.000000,-0.000000,7.652700
0.000000,-0.000000,7.652700
0.000000,-0.000000,7.652700
0.000000,-0.000000,7.652700
0.000000,-0.000000,7.652700
0.000000,-0.000000,7.652700
0.000000,-0.000000,7.652700
0.000000,-0.000000,7.652700
0.000000,-0.000000,7.652700
0.000000,-0.000000,7.652700
0.000000,-0.000000,7.652700
0.000000,-0.000000,7.652700
0.000000,-0.000000,7.652700
0.000000,-0.000000,7.652700
0.000000,-0.000000,7.652700
0.000000,-0.000000,7.652700
0.000000,-0.000000,7.652700
0.000000,-0.000000,7.652700
0.000000,-0.000000,7.652700
0.000000,-0.000000,7.652700
0.000000,-0.000000,7.652700
0.000000,-0.000000,7.652700
0.000000,-0.000000,7.652700
0.000000,-0.000000,7.652700
0.000000,-0.000000,7.652700
0.000000,-0.000000,7.652700
0.000000,-0.000000,7.652700
0.000000,-0.000000,7.652700
0.000000,-0.000000,7.652700
0.000000,-0.000000,7.652700
0.000000,-0.000000,7.652700
0.000000,-0.000000,7.652700
0.000000,-0.000000,7.652700
0.000000,-0.000000,7.652700
0.000000,-0.000000,7.652700
0.000000,-0.000000,7.652700
0.000000,-0.000000,7.652700
0.000000,-0.000000,7.652700
0.000000,-0.000000,7.652700
0.000000,-0.000000,7.652700
0.000000,-0.000000,7.652700
0.000000,-0.000000,7.652700
0.000000,-0.000000,7.652700
0.000000,-0.000000,7.652700
0.000000,-0.000000,7.652700
0.000000,-0.000000,7.652700
0.000000,-0.000000,7.652700
0.000000,-0.000000,7.652700
0.000000,-0.000000,7.652700
0.000000,-0.000000,7.652700
0.000000,-0.000000,7.652700
0.000000,-0.000000,7.652700
0.000000,-0.000000,7.652700
0.000000,-0.000000,7.652700
0.000000,-0.000000,7.652700
0.000000,-0.000000,7.652700
0.000000,-0.000000,7.652700
0.000000,-0.000000,7.652700
0.000000,-0.000000,7.652700
0.000000,-0.000000,7.652700
0.000000,-0.000000,7.652700
0.000000,-0.000000,7.652700
0.000000,-0.000000,7.652700
0.000000,-0.000000,7.652700
0.000000,-0.000000,7.652700
0.000000,-0.000000,7.652700
0.000000,-0.000000,7.652700
0.000000,-0.000000,7.652700
0.000000,-0.000000,7.652700
0.000000,-0.000000,7.652700
0.000000,-0.000000,7.652700
0.000000,-0.000000,7.652700
0.000000,-0.000000,7.652700
0.000000,-0.000000,7.652700
0.000000,-0.000000,7.652700
0.000000,-0.000000,7.652700
0.000000,-0.000000,7.652700
0.000000,-0.000000,7.652700
0.000000,-0.000000,7.652700
0.000000,-0.000000,7.652700
0.000000,-0.000000,7.652700
0.000000,-0.000000,7.652700
0.000000,-0.000000,7.652700
0.000000,-0.000000,7.652700
0.000000,-0.000000,7.652700
0.000000,-0.000000,7.652700
0.000000,-0.000000,7.652700
0.000000,-0.000000,7.652700
0.000000,-0.000000,7.652700
0.000000,-0.000000,7.652700
0.000000,-0.000000,7.652700
0.000000,-0.000000,7.652700
0.000000,-0.000000,7.652700
0.000000,-0.000000,7.652700
0.000000,-0.000000,7.652700
0.000000,-0.000000,7.652700
0.000000,-0.000000,7.652700
0.000000,-0.000000,7.652700
0.000000,-0.000000,7.652700
0.000000,-0.000000,7.652700
0.000000,-0.000000,7.652700
0.000000,-0.000000,7.652700
0.000000,-0.000000,7.652700
0.000000,-0.000000,7.652700
0.000000,-0.000000,7.652700
0.000000,-0.000000,7.652700
0.000000,-0.000000,7.652700
0.000000,-0.000000,7.652700
0.000000,-0.000000,7.652700
0.000000,-0.000000,7.652700
0.000000,-0.000000,7.652700
0.000000,-0.000000,7.652700
0.000000,-0.000000,7.652700
0.000000,-0.000000,7.652700
0.000000,-0.000000,7.652700
0.000000,-0.000000,7.652700
0.000000,-0.000000,7.652700
0.000000,-0.000000,7.652700
0.000000,-0.000000,7.652700
0.000000,-0.000000,7.652700
0.000000,-0.000000,7.652700
0.000000,-0.000000,7.652700
0.000000,-0.000000,7.652700
0.000000,-0.000000,7.652700
0.000000,-0.000000,7.652700
0.000000,-0.000000,7.652700
0.000000,-0.000000,7.652700
0.000000,-0.000000,7.652700
0.000000,-0.000000,7.652700
0.000000,-0.000000,7.652700
0.000000,-0.000000,7.652700
0.000000,-0.000000,7.652700
0.000000,-0.000000,7.652700
0.000000,-0.000000,7.652700
0.000000,-0.000000,7.652700
0.000000,-0.000000,7.652700
0.000000,-0.000000,7.652700
0.000000,-0.000000,7.652700
0.000000,-0.000000,7.652700
0.000000,-0.000000,7.652700
0.000000,-0.000000,7.652700
0.000000,-0.000000,7.652700
0.000000,-0.000000,7.652700
0.000000,-0.000000,7.652700
0.000000,-0.000000,7.652700
0.000000,-0.000000,7.652700
0.000000,-0.000000,7.652700
0.000000,-0.000000,7.652700
0.000000,-0.000000,7.652700
0.000000,-0.000000,7.652700
0.000000,-0.000000,7.652700
0.000000,-0.000000,7.652700
0.000000,-0.000000,7.652700
0.000000,-0.000000,7.652700
0.000000,-0.000000,7.652700
0.000000,-0.000000,7.652700
0.000000,-0.000000,7.652700
0.000000,-0.000000,7.652700
0.000000,-0.000000,7.652700
0.000000,-0.000000,7.652700
0.000000,-0.000000,7.652700
0.000000,-0.000000,7.652700
0.000000,-0.000000,7.652700
0.000000,-0.000000,7.652700
0.000000,-0.000000,7.652700
0.000000,-0.000000,7.652700
0.000000,-0.000000,7.652700
0.000000,-0.000000,7.652700
0.000000,-0.000000,7.652700
0.000000,-0.000000,7.652700
0.000000,-0.000000,7.652700
0.000000,-0.000000,7.652700
0.000000,-0.000000,7.652700
0.000000,-0.000000,7.652700
0.000000,-0.000000,7.652700
0.000000,-0.000000,7.652700
0.000000,-0.000000,7.652700
0.000000,-0.000000,7.652700
0.000000,-0.000000,7.652700
0.000000,-0.000000,7.652700
0.000000,-0.000000,7.652700
0.000000,-0.000000,7.652700
0.000000,-0.000000,7.652700
0.000000,-0.000000,7.652700
0.000000,-0.000000,7.652700
0.000000,-0.000000,7.652700
0.000000,-0.000000,7.652700
0.000000,-0.000000,7.652700
0.000000,-0.000000,7.652700
0.000000,-0.000000,7.652700
0.000000,-0.000000,7.652700
0.000000,-0.000000,7.652700
0.000000,-0.000000,7.652700
0.000000,-0.000000,7.652700
0.000000,-0.000000,7.652700
0.000000,-0.000000,7.652700
0.000000,-0.000000,7.652700
0.000000,-0.000000,7.652700
0.000000,-0.000000,7.652700
0.000000,-0.000000,7.652700
0.000000,-0.000000,7.652700
0.000000,-0.000000,7.652700
0.000000,-0.000000,7.652700
0.000000,-0.000000,7.652700
0.000000,-0.000000,7.652700
0.000000,-0.000000,7.652700
0.000000,-0.000000,7.652700
0.000000,-0.000000,7.652700
0.000000,-0.000000,7.652700
0.000000,-0.000000,7.652700
0.000000,-0.000000,7.652700
0.000000,-0.000000,7.652700
0.000000,-0.000000,7.652700
0.000000,-0.000000,7.652700
0.000000,-0.000000,7.652700
0.000000,-0.000000,7.652700
0.000000,-0.000000,7.652700
0.000000,-0.000000,7.652700
0.000000,-0.000000,7.652700
0.000000,-0.000000,7.652700
0.000000,-0.000000,7.652700
0.000000,-0.000000,7.652700
0.000000,-0.000000,7.652700
0.000000,-0.000000,7.652700
0.000000,-0.000000,7.652700
0.000000,-0.000000,7.652700
0.000000,-0.000000,7.652700
0.000000,-0.000000,7.652700
0.000000,-0.000000,7.652700
0.000000,-0.000000,7.652700
0.000000,-0.000000,7.652700
0.000000,-0.000000,7.652700
0.000000,-0.000000,7.652700
0.000000,-0.000000,7.652700
0.000000,-0.000000,7.652700
0.000000,-0.000000,7.652700
0.000000,-0.000000,7.652700
0.000000,-0.000000,7.652700
0.000000,-0.000000,7.652700
0.000000,-0.000000,7.652700
0.000000,-0.000000,7.652700
0.000000,-0.000000,7.652700
0.000000,-0.000000,7.652700
0.000000,-0.000000,7.652700
0.000000,-0.000000,7.652700
0.000000,-0.000000,7.652700
0.000000,-0.000000,7.652700
0.000000,-0.000000,7.652700
0.000000,-0.000000,7.652700
0.000000,-0.000000,7.652700
0.000000,-0.000000,7.652700
0.000000,-0.000000,7.652700
0.000000,-0.000000,7.652700
0.000000,-0.000000,7.652700
0.000000,-0.000000,7.652700
0.000000,-0.000000,7.652700
0.000000,-0.000000,7.652700
0.000000,-0.000000,7.652700
0.000000,-0.000000,7.652700
0.000000,-0.000000,7.652700
0.000000,-0.000000,7.652700
0.000000,-0.000000,7.652700
0.000000,-0.000000,7.652700
0.000000,-0.000000,7.652700
0.000000,-0.000000,7.652700
0.000000,-0.000000,7.652700
0.000000,-0.000000,7.652700
0.000000,-0.000000,7.652700
0.000000,-0.000000,7.652700
0.000000,-0.000000,7.652700
0.000000,-0.000000,7.652700
0.000000,-0.000000,7.652700
0.000000,-0.000000,7.652700
0.000000,-0.000000,7.652700
0.000000,-0.000000,7.652700
0.000000,-0.000000,7.652700
0.000000,-0.000000,7.652700
0.000000,-0.000000,7.652700
0.000000,-0.000000,7.652700
0.000000,-0.000000,7.652700
0.000000,-0.000000,7.652700
0.000000,-0.000000,7.652700
0.000000,-0.000000,7.652700
0.000000,-0.000000,7.652700
0.000000,-0.000000,7.652700
0.000000,-0.000000,7.652700
0.000000,-0.000000,7.652700
0.000000,-0.000000,7.652700
0.000000,-0.000000,7.652700
0.000000,-0.000000,7.652700
0.000000,-0.000000,7.652700
0.000000,-0.000000,7.652700
0.000000,-0.000000,7.652700
0.000000,-0.000000,7.652700
0.000000,-0.000000,7.652700
0.000000,-0.000000,7.652700
0.000000,-0.000000,7.652700
0.000000,-0.000000,7.652700
0.000000,-0.000000,7.652700
0.000000,-0.000000,7.652700
0.000000,-0.000000,7.652700
0.000000,-0.000000,7.652700
0.000000,-0.000000,7.652700
0.000000,-0.000000,7.652700
0.000000,-0.000000,7.652700
0.000000,-0.000000,7.652700
0.000000,-0.000000,7.652700
0.000000,-0.000000,7.652700
0.000000,-0.000000,7.652700
0.000000,-0.000000,7.652700
0.000000,-0.000000,7.652700
0.000000,-0.000000,7.652700
0.000000,-0.000000,7.652700
0.000000,-0.000000,7.652700
0.000000,-0.000000,7.652700
0.000000,-0.000000,7.652700
0.000000,-0.000000,7.652700
0.000000,-0.000000,7.652700
0.000000,-0.000000,7.652700
0.000000,-0.000000,7.652700
0.000000,-0.000000,7.652700
0.000000,-0.000000,7.652700
0.000000,-0.000000,7.652700
0.000000,-0.000000,7.652700
0.000000,-0.000000,7.652700
0.000000,-0.000000,7.652700
0.000000,-0.000000,7.652700
0.000000,-0.000000,7.652700
0.000000,-0.000000,7.652700
0.000000,-0.000000,7.652700
0.000000,-0.000000,7.652700
0.000000,-0.000000,7.652700
0.000000,-0.000000,7.652700
0.000000,-0.000000,7.652700
0.000000,-0.000000,7.652700
0.000000,-0.000000,7.652700
0.000000,-0.000000,7.652700
0.000000,-0.000000,7.652700
0.000000,-0.000000,7.652700
0.000000,-0.000000,7.652700
0.000000,-0.000000,7.652700
0.000000,-0.000000,7.652700
0.000000,-0.000000,7.652700
0.000000,-0.000000,7.652700
0.000000,-0.000000,7.652700
0.000000,-0.000000,7.652700
0.000000,-0.000000,7.652700
0.000000,-0.000000,7.652700
0.000000,-0.000000,7.652700
0.000000,-0.000000,7.652700
0.000000,-0.000000,7.652700
0.000000,-0.000000,7.652700
0.000000,-0.000000,7.652700
0.000000,-0.000000,7.652700
0.000000,-0.000000,7.652700
0.000000,-0.000000,7.652700
0.000000,-0.000000,7.652700
0.000000,-0.000000,7.652700
0.000000,-0.000000,7.652700
0.000000,-0.000000,7.652700
0.000000,-0.000000,7.652700
0.000000,-0.000000,7.652700
0.000000,-0.000000,7.652700
0.000000,-0.000000,7.652700
0.000000,-0.000000,7.652700
0.000000,-0.000000,7.652700
0.000000,-0.000000,7.652700
0.000000,-0.000000,7.652700
0.000000,-0.000000,7.652700
0.000000,-0.000000,7.652700
0.000000,-0.000000,7.652700
0.000000,-0.000000,7.652700
0.000000,-0.000000,7.652700
0.000000,-0.000000,7.652700
0.000000,-0.000000,7.652700
0.000000,-0.000000,7.652700
0.000000,-0.000000,7.652700
0.000000,-0.000000,7.652700
0.000000,-0.000000,7.652700
0.000000,-0.000000,7.652700
0.000000,-0.000000,7.652700
0.000000,-0.000000,7.652700
0.000000,-0.000000,7.652700
0.000000,-0.000000,7.652700
0.000000,-0.000000,7.652700
0.000000,-0.000000,7.652700
0.000000,-0.000000,7.652700
0.000000,-0.000000,7.652700
0.000000,-0.000000,7.652700
0.000000,-0.000000,7.652700
0.000000,-0.000000,7.652700
0.000000,-0.000000,7.652700
0.000000,-0.000000,7.652700
0.000000,-0.000000,7.652700
0.000000,-0.000000,7.652700
0.000000,-0.000000,7.652700
0.000000,-0.000000,7.652700
0.000000,-0.000000,7.652700
0.000000,-0.000000,7.652700
0.000000,-0.000000,7.652700
0.000000,-0.000000,7.652700
0.000000,-0.000000,7.652700
0.000000,-0.000000,7.652700
0.000000,-0.000000,7.652700
0.000000,-0.000000,7.652700
0.000000,-0.000000,7.652700
0.000000,-0.000000,7.652700
0.000000,-0.000000,7.652700
0.000000,-0.000000,7.652700
0.000000,-0.000000,7.652700
0.000000,-0.000000,7.652700
0.000000,-0.000000,7.652700
0.000000,-0.000000,7.652700
0.000000,-0.000000,7.652700
0.000000,-0.000000,7.652700
0.000000,-0.000000,7.652700
0.000000,-0.000000,7.652700
0.000000,-0.000000,7.652700
0.000000,-0.000000,7.652700
0.000000,-0.000000,7.652700
0.000000,-0.000000,7.652700
0.000000,-0.000000,7.652700
0.000000,-0.000000,7.652700
0.000000,-0.000000,7.652700
0.000000,-0.000000,7.652700
0.000000,-0.000000,7.652700
0.000000,-0.000000,7.652700
0.000000,-0.000000,7.652700
0.000000,-0.000000,7.652700
0.000000,-0.000000,7.652700
0.000000,-0.000000,7.652700
0.000000,-0.000000,7.652700
0.000000,-0.000000,7.652700
0.000000,-0.000000,7.652700
0.000000,-0.000000,7.652700
0.000000,-0.000000,7.652700
0.000000,-0.000000,7.652700
0.000000,-0.000000,7.652700
0.000000,-0.000000,7.652700
0.000000,-0.000000,7.652700
0.000000,-0.000000,7.652700
0.000000,-0.000000,7.652700
0.000000,-0.000000,7.652700
0.000000,-0.000000,7.652700
0.000000,-0.000000,7.652700
0.000000,-0.000000,7.652700
0.000000,-0.000000,7.652700
0.000000,-0.000000,7.652700
0.000000,-0.000000,7.652700
0.000000,-0.000000,7.652700
0.000000,-0.000000,7.652700
0.000000,-0.000000,7.652700
0.000000,-0.000000,7.652700
0.000000,-0.000000,7.652700
0.000000,-0.000000,7.652700
0.000000,-0.000000,7.652700
0.000000,-0.000000,7.652700
0.000000,-0.000000,7.652700
0.000000,-0.000000,7.652700
0.000000,-0.000000,7.652700
0.000000,-0.000000,7.652700
0.000000,-0.000000,7.652700
0.000000,-0.000000,7.652700
0.000000,-0.000000,7.652700
0.000000,-0.000000,7.652700
0.000000,-0.000000,7.652700
0.000000,-0.000000,7.652700
0.000000,-0.000000,7.652700
0.000000,-0.000000,7.652700
0.000000,-0.000000,7.652700
0.000000,-0.000000,7.652700
0.000000,-0.000000,7.652700
0.000000,-0.000000,7.652700
0.000000,-0.000000,7.652700
0.000000,-0.000000,7.652700
0.000000,-0.000000,7.652700
0.000000,-0.000000,7.652700
0.000000,-0.000000,7.652700
0.000000,-0.000000,7.652700
0.000000,-0.000000,7.652700
0.000000,0.000000,7.652700
0.000000,0.000000,7.652700
0.000000,0.000000,7.652700
0.000000,0.000000,7.652700
0.000000,0.000000,7.652700
0.000000,0.000000,7.652700
0.000000,0.000000,7.652700
0.000000,0.000000,7.652700
0.000000,0.000000,7.652700
0.000000,0.000000,7.652700
0.000000,0.000000,7.652700
0.000000,0.000000,7.652700
0.000000,0.000000,7.652700
0.000000,0.000000,7.652700
0.000000,0.000000,7.652700
0.000000,0.000000,7.652700
0.000000,0.000000,7.652700
0.000000,0.000000,7.652700
0.000000,0.000000,7.652700
0.000000,0.000000,7.652700
0.000000,0.000000,7.652700
0.000000,0.000000,7.652700
0.000000,0.000000,7.652700
0.000000,0.000000,7.652700
0.000000,0.000000,7.652700
0.000000,0.000000,7.652700
0.000000,0.000000,7.652700
0.000000,0.000000,7.652700
0.000000,0.000000,7.652700
0.000000,0.000000,7.652700
0.000000,0.000000,7.652700
0.000000,0.000000,7.652700
0.000000,0.000000,7.652700
0.000000,0.000000,7.652700
0.000000,0.000000,7.652700
0.000000,0.000000,7.652700
0.000000,0.000000,7.652700
0.000000,0.000000,7.652700
0.000000,0.000000,7.652700
0.000000,0.000000,7.652700
0.000000,0.000000,7.652700
0.000000,0.000000,7.652700
0.000000,0.000000,7.652700
0.000000,0.000000,7.652700
0.000000,0.000000,7.652700
0.000000,0.000000,7.652700
0.000000,0.000000,7.652700
0.000000,0.000000,7.652700
0.000000,0.000000,7.652700
0.000000,0.000000,7.652700
0.000000,0.000000,7.652700
0.000000,0.000000,7.652700
0.000000,0.000000,7.652700
0.000000,0.000000,7.652700
0.000000,0.000000,7.652700
0.000000,0.000000,7.652700
0.000000,0.000000,7.652700
0.000000,0.000000,7.652700
0.000000,0.000000,7.652700
0.000000,0.000000,7.652700
0.000000,0.000000,7.652700
0.000000,0.000000,7.652700
0.000000,0.000000,7.652700
0.000000,0.000000,7.652700
0.000000,0.000000,7.652700
0.000000,0.000000,7.652700
0.000000,0.000000,7.652700
0.000000,0.000000,7.652700
0.000000,0.000000,7.652700
0.000000,0.000000,7.652700
0.000000,0.000000,7.652700
0.000000,0.000000,7.652700
0.000000,0.000000,7.652700
0.000000,0.000000,7.652700
0.000000,0.000000,7.652700
0.000000,0.000000,7.652700
0.000000,0.000000,7.652700
0.000000,0.000000,7.652700
0.000000,0.000000,7.652700
0.000000,0.000000,7.652700
0.000000,0.000000,7.652700
0.000000,0.000000,7.652700
0.000000,0.000000,7.652700
0.000000,0.000000,7.652700
0.000000,0.000000,7.652700
0.000000,0.000000,7.652700
0.000000,0.000000,7.652700
0.000000,0.000000,7.652700
0.000000,0.000000,7.652700
0.000000,0.000000,7.652700
0.000000,0.000000,7.652700
0.000000,0.000000,7.652700
0.000000,0.000000,7.652700
0.000000,0.000000,7.652700
0.000000,0.000000,7.652700
0.000000,0.000000,7.652700
0.000000,0.000000,7.652700
0.000000,0.000000,7.652700
0.000000,0.000000,7.652700
0.000000,0.000000,7.652700
0.000000,0.000000,7.652700
0.000000,0.000000,7.652700
0.000000,0.000000,7.652700
0.000000,0.000000,7.652700
0.000000,0.000000,7.652700
0.000000,0.000000,7.652700
0.000000,0.000000,7.652700
0.000000,0.000000,7.652700
0.000000,0.000000,7.652700
0.000000,0.000000,7.652700
0.000000,0.000000,7.652700
0.000000,0.000000,7.652700
0.000000,0.000000,7.652700
0.000000,0.000000,7.652700
0.000000,0.000000,7.652700
0.000000,0.000000,7.652700
0.000000,0.000000,7.652700
0.000000,0.000000,7.652700
0.000000,0.000000,7.652700
0.000000,0.000000,7.652700
0.000000,0.000000,7.652700
0.000000,0.000000,7.652700
0.000000,0.000000,7.652700
0.000000,0.000000,7.652700
0.000000,0.000000,7.652700
0.000000,0.000000,7.652700
0.000000,0.000000,7.652700
0.000000,0.000000,7.652700
0.000000,0.000000,7.652700
0.000000,0.000000,7.652700
0.000000,0.000000,7.652700
0.000000,0.000000,7.652700
0.000000,0.000000,7.652700
0.000000,0.000000,7.652700
0.000000,0.000000,7.652700
0.000000,0.000000,7.652700
0.000000,0.000000,7.652700
0.000000,0.000000,7.652700
0.000000,0.000000,7.652700
0.000000,0.000000,7.652700
0.000000,0.000000,7.652700
0.000000,0.000000,7.652700
0.000000,0.000000,7.652700
0.000000,0.000000,7.652700
0.000000,0.000000,7.652700
0.000000,0.000000,7.652700
0.000000,0.000000,7.652700
0.000000,0.000000,7.652700
0.000000,0.000000,7.652700
0.000000,0.000000,7.652700
0.000000,0.000000,7.652700
0.000000,0.000000,7.652700
0.000000,0.000000,7.652700
0.000000,0.000000,7.652700
0.000000,0.000000,7.652700
0.000000,0.000000,7.652700
0.000000,0.000000,7.652700
0.000000,0.000000,7.652700
0.000000,0.000000,7.652700
0.000000,0.000000,7.652700
0.000000,0.000000,7.652700
0.000000,0.000000,7.652700
0.000000,0.000000,7.652700
0.000000,0.000000,7.652700
0.000000,0.000000,7.652700
0.000000,0.000000,7.652700
0.000000,0.000000,7.652700
0.000000,0.000000,7.652700
0.000000,0.000000,7.652700
0.000000,0.000000,7.652700
0.000000,0.000000,7.652700
0.000000,0.000000,7.652700
0.000000,0.000000,7.652700
0.000000,0.000000,7.652700
0.000000,0.000000,7.652700
0.000000,0.000000,7.652700
0.000000,0.000000,7.652700
0.000000,0.000000,7.652700
0.000000,0.000000,7.652700
0.000000,0.000000,7.652700
0.000000,0.000000,7.652700
0.000000,0.000000,7.652700
0.000000,0.000000,7.652700
0.000000,0.000000,7.652700
0.000000,0.000000,7.652700
0.000000,0.000000,7.652700
0.000000,0.000000,7.652700
0.000000,0.000000,7.652700
0.000000,0.000000,7.652700
0.000000,0.000000,7.652700
0.000000,0.000000,7.652700
0.000000,0.000000,7.652700
0.000000,0.000000,7.652700
0.000000,0.000000,7.652700
0.000000,0.000000,7.652700
0.000000,0.000000,7.652700
0.000000,0.000000,7.652700
0.000000,0.000000,7.652700
0.000000,0.000000,7.652700
0.000000,0.000000,7.652700
0.000000,0.000000,7.652700
0.000000,0.000000,7.652700
0.000000,0.000000,7.652700
0.000000,0.000000,7.652700
0.000000,0.000000,7.652700
0.000000,0.000000,7.652700
0.000000,0.000000,7.652700
0.000000,0.000000,7.652700
0.000000,0.000000,7.652700
0.000000,0.000000,7.652700
0.000000,0.000000,7.652700
0.000000,0.000000,7.652700
0.000000,0.000000,7.652700
0.000000,0.000000,7.652700
0.000000,0.000000,7.652700
0.000000,0.000000,7.652700
0.000000,0.000000,7.652700
0.000000,0.000000,7.652700
0.000000,0.000000,7.652700
0.000000,0.000000,7.652700
0.000000,0.000000,7.652700
0.000000,0.000000,7.652700
0.000000,0.000000,7.652700
0.000000,0.000000,7.652700
0.000000,0.000000,7.652700
0.000000,0.000000,7.652700
0.000000,0.000000,7.652700
0.000000,0.000000,7.652700
0.000000,0.000000,7.652700
0.000000,0.000000,7.652700
0.000000,0.000000,7.652700
0.000000,0.000000,7.652700
0.000000,0.000000,7.652700
0.000000,0.000000,7.652700
0.000000,0.000000,7.652700
0.000000,0.000000,7.652700
0.000000,0.000000,7.652700
0.000000,0.000000,7.652700
0.000000,0.000000,7.652700
0.000000,0.000000,7.652700
0.000000,0.000000,7.652700
0.000000,0.000000,7.652700
0.000000,0.000000,7.652700
0.000000,0.000000,7.652700
0.000000,0.000000,7.652700
0.000000,0.000000,7.652700
0.000000,0.000000,7.652700
0.000000,0.000000,7.652700
0.000000,0.000000,7.652700
0.000000,0.000000,7.652700
0.000000,0.000000,7.652700
0.000000,0.000000,7.652700
0.000000,0.000000,7.652700
0.000000,0.000000,7.652700
0.000000,0.000000,7.652700
0.000000,0.000000,7.652700
0.000000,0.000000,7.652700
0.000000,0.000000,7.652700
0.000000,0.000000,7.652700
0.000000,0.000000,7.652700
0.000000,0.000000,7.652700
0.000000,0.000000,7.652700
0.000000,0.000000,7.652700
0.000000,0.000000,7.652700
0.000000,0.000000,7.652700
0.000000,0.000000,7.652700
0.000000,0.000000,7.652700
0.000000,0.000000,7.652700
0.000000,0.000000,7.652700
0.000000,0.000000,7.652700
0.000000,0.000000,7.652700
0.000000,0.000000,7.652700
0.000000,0.000000,7.652700
0.000000,0.000000,7.652700
0.000000,0.000000,7.652700
0.000000,0.000000,7.652700
0.000000,0.000000,7.652700
0.000000,0.000000,7.652700
0.000000,0.000000,7.652700
0.000000,0.000000,7.652700
0.000000,0.000000,7.652700
0.000000,0.000000,7.652700
0.000000,0.000000,7.652700
0.000000,0.000000,7.652700
0.000000,0.000000,7.652700
0.000000,0.000000,7.652700
0.000000,0.000000,7.652700
0.000000,0.000000,7.652700
0.000000,0.000000,7.652700
0.000000,0.000000,7.652700
0.000000,0.000000,7.652700
0.000000,0.000000,7.652700
0.000000,0.000000,7.652700
0.000000,0.000000,7.652700
0.000000,0.000000,7.652700
0.000000,0.000000,7.652700
0.000000,0.000000,7.652700
0.000000,0.000000,7.652700
0.000000,0.000000,7.652700
0.000000,0.000000,7.652700
0.000000,0.000000,7.652700
0.000000,0.000000,7.652700
0.000000,0.000000,7.652700
0.000000,0.000000,7.652700
0.000000,0.000000,7.652700
0.000000,0.000000,7.652700
0.000000,0.000000,7.652700
0.000000,0.000000,7.652700
0.000000,0.000000,7.652700
0.000000,0.000000,7.652700
0.000000,0.000000,7.652700
0.000000,0.000000,7.652700
0.000000,0.000000,7.652700
0.000000,0.000000,7.652700
0.000000,0.000000,7.652700
0.000000,0.000000,7.652700
0.000000,0.000000,7.652700
0.000000,0.000000,7.652700
0.000000,0.000000,7.652700
0.000000,0.000000,7.652700
0.000000,0.000000,7.652700
0.000000,0.000000,7.652700
0.000000,0.000000,7.652700
0.000000,0.000000,7.652700
0.000000,0.000000,7.652700
0.000000,0.000000,7.652700
0.000000,0.000000,7.652700
0.000000,0.000000,7.652700
0.000000,0.000000,7.652700
0.000000,0.000000,7.652700
0.000000,0.000000,7.652700
0.000000,0.000000,7.652700
0.000000,0.000000,7.652700
0.000000,0.000000,7.652700
0.000000,0.000000,7.652700
0.000000,0.000000,7.652700
0.000000,0.000000,7.652700
0.000000,0.000000,7.652700
0.000000,0.000000,7.652700
0.000000,0.000000,7.652700
0.000000,0.000000,7.652700
0.000000,0.000000,7.652700
0.000000,0.000000,7.652700
0.000000,0.000000,7.652700
0.000000,0.000000,7.652700
0.000000,0.000000,7.652700
0.000000,0.000000,7.652700
0.000000,0.000000,7.652700
0.000000,0.000000,7.652700
0.000000,0.000000,7.652700
0.000000,0.000000,7.652700
0.000000,0.000000,7.652700
0.000000,0.000000,7.652700
0.000000,0.000000,7.652700
0.000000,0.000000,7.652700
0.000000,0.000000,7.652700
0.000000,0.000000,7.652700
0.000000,0.000000,7.652700
0.000000,0.000000,7.652700
0.000000,0.000000,7.652700
0.000000,0.000000,7.652700
0.000000,0.000000,7.652700
0.000000,0.000000,7.652700
0.000000,0.000000,7.652700
0.000000,0.000000,7.652700
0.000000,0.000000,7.652700
0.000000,0.000000,7.652700
0.000000,0.000000,7.652700
0.000000,0.000000,7.652700
0.000000,0.000000,7.652700
0.000000,0.000000,7.652700
0.000000,0.000000,7.652700
0.000000,0.000000,7.652700
0.000000,0.000000,7.652700
0.000000,0.000000,7.652700
0.000000,0.000000,7.652700
0.000000,0.000000,7.652700
0.000000,0.000000,7.652700
0.000000,0.000000,7.652700
0.000000,0.000000,7.652700
0.000000,0.000000,7.652700
0.000000,0.000000,7.652700
0.000000,0.000000,7.652700
0.000000,0.000000,7.652700
0.000000,0.000000,7.652700
0.000000,0.000000,7.652700
0.000000,0.000000,7.652700
0.000000,0.000000,7.652700
0.000000,0.000000,7.652700
0.000000,0.000000,7.652700
0.000000,0.000000,7.652700
0.000000,0.000000,7.652700
0.000000,0.000000,7.652700
0.000000,0.000000,7.652700
0.000000,0.000000,7.652700
0.000000,0.000000,7.652700
0.000000,0.000000,7.652700
0.000000,0.000000,7.652700
0.000000,0.000000,7.652700
0.000000,0.000000,7.652700
0.000000,0.000000,7.652700
0.000000,0.000000,7.652700
0.000000,0.000000,7.652700
0.000000,0.000000,7.652700
0.000000,0.000000,7.652700
0.000000,0.000000,7.652700
0.000000,0.000000,7.652700
0.000000,0.000000,7.652700
0.000000,0.000000,7.652700
0.000000,0.000000,7.652700
0.000000,0.000000,7.652700
0.000000,0.000000,7.652700
0.000000,0.000000,7.652700
0.000000,0.000000,7.652700
0.000000,0.000000,7.652700
0.000000,0.000000,7.652700
0.000000,0.000000,7.652700
0.000000,0.000000,7.652700
0.000000,0.000000,7.652700
0.000000,0.000000,7.652700
0.000000,0.000000,7.652700
0.000000,0.000000,7.652700
0.000000,0.000000,7.652700
0.000000,0.000000,7.652700
0.000000,0.000000,7.652700
0.000000,0.000000,7.652700
0.000000,0.000000,7.652700
0.000000,0.000000,7.652700
0.000000,0.000000,7.652700
0.000000,0.000000,7.652700
0.000000,0.000000,7.652700
0.000000,0.000000,7.652700
0.000000,0.000000,7.652700
0.000000,0.000000,7.652700
0.000000,0.000000,7.652700
0.000000,0.000000,7.652700
0.000000,0.000000,7.652700
0.000000,0.000000,7.652700
0.000000,0.000000,7.652700
0.000000,0.000000,7.652700
0.000000,0.000000,7.652700
0.000000,0.000000,7.652700
0.000000,0.000000,7.652700
0.000000,0.000000,7.652700
0.000000,0.000000,7.652700
0.000000,0.000000,7.652700
0.000000,0.000000,7.652700
0.000000,0.000000,7.652700
0.000000,0.000000,7.652700
0.000000,0.000000,7.652700
0.000000,0.000000,7.652700
0.000000,0.000000,7.652700
0.000000,0.000000,7.652700
0.000000,0.000000,7.652700
0.000000,0.000000,7.652700
0.000000,0.000000,7.652700
0.000000,0.000000,7.652700
0.000000,0.000000,7.652700
0.000000,0.000000,7.652700
0.000000,0.000000,7.652700
0.000000,0.000000,7.652700
0.000000,0.000000,7.652700
0.000000,0.000000,7.652700
0.000000,0.000000,7.652700
0.000000,0.000000,7.652700
0.000000,0.000000,7.652700
0.000000,0.000000,7.652700
0.000000,0.000000,7.652700
0.000000,0.000000,7.652700
0.000000,0.000000,7.652700
0.000000,0.000000,7.652700
0.000000,0.000000,7.652700
0.000000,0.000000,7.652700
0.000000,0.000000,7.652700
0.000000,0.000000,7.652700
0.000000,0.000000,7.652700
0.000000,0.000000,7.652700
0.000000,0.000000,7.652700
0.000000,0.000000,7.652700
0.000000,0.000000,7.652700
0.000000,0.000000,7.652700
0.000000,0.000000,7.652700
0.000000,0.000000,7.652700
0.000000,0.000000,7.652700
0.000000,0.000000,7.652700
0.000000,0.000000,7.652700
0.000000,0.000000,7.652700
0.000000,0.000000,7.652700
0.000000,0.000000,7.652700
0.000000,0.000000,7.652700
0.000000,0.000000,7.652700
0.000000,0.000000,7.652700
0.000000,0.000000,7.652700
0.000000,0.000000,7.652700
0.000000,0.000000,7.652700
0.000000,0.000000,7.652700
0.000000,0.000000,7.652700
0.000000,0.000000,7.652700
0.000000,0.000000,7.652700
0.000000,0.000000,7.652700
0.000000,0.000000,7.652700
0.000000,0.000000,7.652700
0.000000,0.000000,7.652700
0.000000,0.000000,7.652700
0.000000,0.000000,7.652700
0.000000,0.000000,7.652700
0.000000,0.000000,7.652700
0.000000,0.000000,7.652700
0.000000,0.000000,7.652700
0.000000,0.000000,7.652700
0.000000,0.000000,7.652700
0.000000,0.000000,7.652700
0.000000,0.000000,7.652700
0.000000,0.000000,7.652700
0.000000,0.000000,7.652700
0.000000,0.000000,7.652700
0.000000,0.000000,7.652700
0.000000,0.000000,7.652700
0.000000,0.000000,7.652700
0.000000,0.000000,7.652700
0.000000,0.000000,7.652700
0.000000,0.000000,7.652700
0.000000,0.000000,7.652700
0.000000,0.000000,7.652700
0.000000,0.000000,7.652700
0.000000,0.000000,7.652700
0.000000,0.000000,7.652700
0.000000,0.000000,7.652700
0.000000,0.000000,7.652700
0.000000,0.000000,7.652700
0.000000,0.000000,7.652700
0.000000,0.000000,7.652700
0.000000,0.000000,7.652700
0.000000,0.000000,7.652700
0.000000,0.000000,7.652700
0.000000,0.000000,7.652700
0.000000,0.000000,7.652700
0.000000,0.000000,7.652700
0.000000,0.000000,7.652700
0.000000,0.000000,7.652700
0.000000,0.000000,7.652700
0.000000,0.000000,7.652700
0.000000,0.000000,7.652700
0.000000,0.000000,7.652700
0.000000,0.000000,7.652700
0.000000,0.000000,7.652700
0.000000,0.000000,7.652700
0.000000,0.000000,7.652700
0.000000,0.000000,7.652700
0.000000,0.000000,7.652700
0.000000,0.000000,7.652700
0.000000,0.000000,7.652700
0.000000,0.000000,7.652700
0.000000,0.000000,7.652700
0.000000,0.000000,7.652700
0.000000,0.000000,7.652700
0.000000,0.000000,7.652700
0.000000,0.000000,7.652700
0.000000,0.000000,7.652700
0.000000,0.000000,7.652700
0.000000,0.000000,7.652700
0.000000,0.000000,7.652700
0.000000,0.000000,7.652700
0.000000,0.000000,7.652700
0.000000,0.000000,7.652700
0.000000,0.000000,7.652700
0.000000,0.000000,7.652700
0.000000,0.000000,7.652700
0.000000,0.000000,7.652700
0.000000,0.000000,7.652700
0.000000,0.000000,7.652700
0.000000,0.000000,7.652700
0.000000,0.000000,7.652700
0.000000,0.000000,7.652700
0.000000,0.000000,7.652700
0.000000,0.000000,7.652700
0.000000,0.000000,7.652700
0.000000,0.000000,7.652700
0.000000,0.000000,7.652700
0.000000,0.000000,7.652700
0.000000,0.000000,7.652700
0.000000,0.000000,7.652700
0.000000,0.000000,7.652700
0.000000,0.000000,7.652700
0.000000,0.000000,7.652700
0.000000,0.000000,7.652700
0.000000,0.000000,7.652700
0.000000,0.000000,7.652700
0.000000,0.000000,7.652700
0.000000,0.000000,7.652700
0.000000,0.000000,7.652700
0.000000,0.000000,7.652700
0.000000,0.000000,7.652700
0.000000,0.000000,7.652700
0.000000,0.000000,7.652700
0.000000,0.000000,7.652700
0.000000,0.000000,7.652700
0.000000,0.000000,7.652700
0.000000,0.000000,7.652700
0.000000,0.000000,7.652700
0.000000,0.000000,7.652700
0.000000,0.000000,7.652700
0.000000,0.000000,7.652700
0.000000,0.000000,7.652700
0.000000,0.000000,7.652700
0.000000,0.000000,7.652700
0.000000,0.000000,7.652700
0.000000,0.000000,7.652700
0.000000,0.000000,7.652700
0.000000,0.000000,7.652700
0.000000,0.000000,7.652700
0.000000,0.000000,7.652700
0.000000,0.000000,7.652700
0.000000,0.000000,7.652700
0.000000,0.000000,7.652700
0.000000,0.000000,7.652700
0.000000,0.000000,7.652700
0.000000,0.000000,7.652700
0.000000,0.000000,7.652700
0.000000,0.000000,7.652700
0.000000,0.000000,7.652700
0.000000,0.000000,7.652700
0.000000,0.000000,7.652700
0.000000,0.000000,7.652700
0.000000,0.000000,7.652700
0.000000,0.000000,7.652700
0.000000,0.000000,7.652700
0.000000,0.000000,7.652700
0.000000,0.000000,7.652700
0.000000,0.000000,7.652700
0.000000,0.000000,7.652700
0.000000,0.000000,7.652700
0.000000,0.000000,7.652700
0.000000,0.000000,7.652700
0.000000,0.000000,7.652700
0.000000,0.000000,7.652700
0.000000,0.000000,7.652700
0.000000,0.000000,7.652700
0.000000,0.000000,7.652700
0.000000,0.000000,7.652700
0.000000,0.000000,7.652700
0.000000,0.000000,7.652700
0.000000,0.000000,7.652700
0.000000,0.000000,7.652700
0.000000,0.000000,7.652700
0.000000,0.000000,7.652700
0.000000,0.000000,7.652700
0.000000,0.000000,7.652700
0.000000,0.000000,7.652700
0.000000,0.000000,7.652700
0.000000,0.000000,7.652700
0.000000,0.000000,7.652700
0.000000,0.000000,7.652700
0.000000,0.000000,7.652700
0.000000,0.000000,7.652700
0.000000,0.000000,7.652700
0.000000,0.000000,7.652700
0.000000,0.000000,7.652700
0.000000,0.000000,7.652700
0.000000,0.000000,7.652700
0.000000,0.000000,7.652700
0.000000,0.000000,7.652700
0.000000,0.000000,7.652700
0.000000,0.000000,7.652700
0.000000,0.000000,7.652700
0.000000,0.000000,7.652700
0.000000,0.000000,7.652700
0.000000,0.000000,7.652700
0.000000,0.000000,7.652700
0.000000,0.000000,7.652700
0.000000,0.000000,7.652700
0.000000,0.000000,7.652700
0.000000,0.000000,7.652700
0.000000,0.000000,7.652700
0.000000,0.000000,7.652700
0.000000,0.000000,7.652700
0.000000,0.000000,7.652700
0.000000,0.000000,7.652700
0.000000,0.000000,7.652700
0.000000,0.000000,7.652700
0.000000,0.000000,7.652700
0.000000,0.000000,7.652700
0.000000,0.000000,7.652700
0.000000,0.000000,7.652700
0.000000,0.000000,7.652700
0.000000,0.000000,7.652700
0.000000,0.000000,7.652700
0.000000,0.000000,7.652700
0.000000,0.000000,7.652700
0.000000,0.000000,7.652700
0.000000,0.000000,7.652700
0.000000,0.000000,7.652700
0.000000,0.000000,7.652700
0.000000,0.000000,7.652700
0.000000,0.000000,7.652700
0.000000,0.000000,7.652700
0.000000,0.000000,7.652700
0.000000,0.000000,7.652700
0.000000,0.000000,7.652700
0.000000,0.000000,7.652700
0.000000,0.000000,7.652700
0.000000,0.000000,7.652700
0.000000,0.000000,7.652700
0.000000,0.000000,7.652700
0.000000,0.000000,7.652700
0.000000,0.000000,7.652700
0.000000,0.000000,7.652700
0.000000,0.000000,7.652700
0.000000,0.000000,7.652700
0.000000,0.000000,7.652700
0.000000,0.000000,7.652700
0.000000,0.000000,7.652700
0.000000,0.000000,7.652700
0.000000,0.000000,7.652700
0.000000,0.000000,7.652700
0.000000,0.000000,7.652700
0.000000,0.000000,7.652700
0.000000,0.000000,7.652700
0.000000,0.000000,7.652700
0.000000,0.000000,7.652700
0.000000,0.000000,7.652700
0.000000,0.000000,7.652700
0.000000,0.000000,7.652700
0.000000,0.000000,7.652700
0.000000,0.000000,7.652700
0.000000,0.000000,7.652700
0.000000,0.000000,7.652700
0.000000,0.000000,7.652700
0.000000,0.000000,7.652700
0.000000,0.000000,7.652700
0.000000,0.000000,7.652700
0.000000,0.000000,7.652700
0.000000,0.000000,7.652700
0.000000,0.000000,7.652700
0.000000,0.000000,7.652700
0.000000,0.000000,7.652700
0.000000,0.000000,7.652700
0.000000,0.000000,7.652700
0.000000,0.000000,7.652700
0.000000,0.000000,7.652700
0.000000,0.000000,7.652700
0.000000,0.000000,7.652700
0.000000,0.000000,7.652700
0.000000,0.000000,7.652700
0.000000,0.000000,7.652700
0.000000,0.000000,7.652700
0.000000,0.000000,7.652700
0.000000,0.000000,7.652700
0.000000,0.000000,7.652700
0.000000,0.000000,7.652700
0.000000,0.000000,7.652700
0.000000,0.000000,7.652700
0.000000,0.000000,7.652700
0.000000,0.000000,7.652700
0.000000,0.000000,7.652700
0.000000,0.000000,7.652700
0.000000,0.000000,7.652700
0.000000,0.000000,7.652700
0.000000,0.000000,7.652700
0.000000,0.000000,7.652700
0.000000,0.000000,7.652700
0.000000,0.000000,7.652700
0.000000,0.000000,7.652700
0.000000,0.000000,7.652700
0.000000,0.000000,7.652700
0.000000,0.000000,7.652700
0.000000,0.000000,7.652700
0.000000,0.000000,7.652700
0.000000,0.000000,7.652700
0.000000,0.000000,7.652700
0.000000,0.000000,7.652700
0.000000,0.000000,7.652700
0.000000,0.000000,7.652700
0.000000,0.000000,7.652700
0.000000,0.000000,7.652700
0.000000,0.000000,7.652700
0.000000,0.000000,7.652700
0.000000,0.000000,7.652700
0.000000,0.000000,7.652700
0.000000,0.000000,7.652700
0.000000,0.000000,7.652700
0.000000,0.000000,7.652700
0.000000,0.000000,7.652700
0.000000,0.000000,7.652700
0.000000,0.000000,7.652700
0.000000,0.000000,7.652700
0.000000,0.000000,7.652700
0.000000,0.000000,7.652700
0.000000,0.000000,7.652700
0.000000,0.000000,7.652700
0.000000,0.000000,7.652700
0.000000,0.000000,7.652700
0.000000,0.000000,7.652700
0.000000,0.000000,7.652700
0.000000,0.000000,7.652700
0.000000,0.000000,7.652700
0.000000,0.000000,7.652700
0.000000,0.000000,7.652700
0.000000,0.000000,7.652700
0.000000,0.000000,7.652700
0.000000,0.000000,7.652700
0.000000,0.000000,7.652700
0.000000,0.000000,7.652700
0.000000,0.000000,7.652700
0.000000,0.000000,7.652700
0.000000,0.000000,7.652700
0.000000,0.000000,7.652700
0.000000,0.000000,7.652700
0.000000,0.000000,7.652700
0.000000,0.000000,7.652700
0.000000,0.000000,7.652700
0.000000,0.000000,7.652700
0.000000,0.000000,7.652700
0.000000,0.000000,7.652700
0.000000,0.000000,7.652700
0.000000,0.000000,7.652700
0.000000,0.000000,7.652700
0.000000,0.000000,7.652700
0.000000,0.000000,7.652700
0.000000,0.000000,7.652700
0.000000,0.000000,7.652700
0.000000,0.000000,7.652700
0.000000,0.000000,7.652700
0.000000,0.000000,7.652700
0.000000,0.000000,7.652700
0.000000,0.000000,7.652700
0.000000,0.000000,7.652700
0.000000,0.000000,7.652700
0.000000,0.000000,7.652700
0.000000,0.000000,7.652700
0.000000,0.000000,7.652700
0.000000,0.000000,7.652700
0.000000,0.000000,7.652700
0.000000,0.000000,7.652700
0.000000,0.000000,7.652700
0.000000,0.000000,7.652700
0.000000,0.000000,7.652700
0.000000,0.000000,7.652700
0.000000,0.000000,7.652700
0.000000,0.000000,7.652700
0.000000,0.000000,7.652700
0.000000,0.000000,7.652700
0.000000,0.000000,7.652700
0.000000,0.000000,7.652700
0.000000,0.000000,7.652700
0.000000,0.000000,7.652700
0.000000,0.000000,7.652700
0.000000,0.000000,7.652700
0.000000,0.000000,7.652700
0.000000,0.000000,7.652700
0.000000,0.000000,7.652700
0.000000,0.000000,7.652700
0.000000,0.000000,7.652700
0.000000,0.000000,7.652700
0.000000,0.000000,7.652700
0.000000,0.000000,7.652700
0.000000,0.000000,7.652700
0.000000,0.000000,7.652700
0.000000,0.000000,7.652700
0.000000,0.000000,7.652700
0.000000,0.000000,7.652700
0.000000,0.000000,7.652700
0.000000,0.000000,7.652700
0.000000,0.000000,7.652700
0.000000,0.000000,7.652700
0.000000,0.000000,7.652700
0.000000,0.000000,7.652700
0.000000,0.000000,7.652700
0.000000,0.000000,7.652700
0.000000,0.000000,7.652700
0.000000,0.000000,7.652700
0.000000,0.000000,7.652700
0.000000,0.000000,7.652700
0.000000,0.000000,7.652700
0.000000,0.000000,7.652700
0.000000,0.000000,7.652700
0.000000,0.000000,7.652700
0.000000,0.000000,7.652700
0.000000,0.000000,7.652700
0.000000,0.000000,7.652700
0.000000,0.000000,7.652700
0.000000,0.000000,7.652700
0.000000,0.000000,7.652700
0.000000,0.000000,7.652700
0.000000,0.000000,7.652700
0.000000,0.000000,7.652700
0.000000,0.000000,7.652700
0.000000,0.000000,7.652700
0.000000,0.000000,7.652700
0.000000,0.000000,7.652700
0.000000,0.000000,7.652700
0.000000,0.000000,7.652700
0.000000,0.000000,7.652700
0.000000,0.000000,7.652700
0.000000,0.000000,7.652700
0.000000,0.000000,7.652700
0.000000,0.000000,7.652700
0.000000,0.000000,7.652700
0.000000,0.000000,7.652700
0.000000,0.000000,7.652700
0.000000,0.000000,7.652700
0.000000,0.000000,7.652700
0.000000,0.000000,7.652700
0.000000,0.000000,7.652700
0.000000,0.000000,7.652700
0.000000,0.000000,7.652700
0.000000,0.000000,7.652700
0.000000,0.000000,7.652700
0.000000,0.000000,7.652700
0.000000,0.000000,7.652700
0.000000,0.000000,7.652700
0.000000,0.000000,7.652700
0.000000,0.000000,7.652700
0.000000,0.000000,7.652700
0.000000,0.000000,7.652700
0.000000,0.000000,7.652700
0.000000,0.000000,7.652700
0.000000,0.000000,7.652700
0.000000,0.000000,7.652700
0.000000,0.000000,7.652700
0.000000,0.000000,7.652700
0.000000,0.000000,7.652700
0.000000,0.000000,7.652700
0.000000,0.000000,7.652700
0.000000,0.000000,7.652700
0.000000,0.000000,7.652700
0.000000,0.000000,7.652700
0.000000,0.000000,7.652700
0.000000,0.000000,7.652700
0.000000,0.000000,7.652700
0.000000,0.000000,7.652700
0.000000,0.000000,7.652700
0.000000,0.000000,7.652700
0.000000,0.000000,7.652700
0.000000,0.000000,7.652700
0.000000,0.000000,7.652700
0.000000,0.000000,7.652700
0.000000,0.000000,7.652700
0.000000,0.000000,7.652700
0.000000,0.000000,7.652700
0.000000,0.000000,7.652700
0.000000,0.000000,7.652700
0.000000,0.000000,7.652700
0.000000,0.000000,7.652700
0.000000,0.000000,7.652700
0.000000,0.000000,7.652700
0.000000,0.000000,7.652700
0.000000,0.000000,7.652700
0.000000,0.000000,7.652700
0.000000,0.000000,7.652700
0.000000,0.000000,7.652700
0.000000,0.000000,7.652700
0.000000,0.000000,7.652700
0.000000,0.000000,7.652700
0.000000,0.000000,7.652700
0.000000,0.000000,7.652700
0.000000,0.000000,7.652700
0.000000,0.000000,7.652700
0.000000,0.000000,7.652700
0.000000,0.000000,7.652700
0.000000,0.000000,7.652700
0.000000,0.000000,7.652700
0.000000,0.000000,7.652700
0.000000,0.000000,7.652700
0.000000,0.000000,7.652700
0.000000,0.000000,7.652700
0.000000,0.000000,7.652700
0.000000,0.000000,7.652700
0.000000,0.000000,7.652700
0.000000,0.000000,7.652700
0.000000,0.000000,7.652700
0.000000,0.000000,7.652700
0.000000,0.000000,7.652700
0.000000,0.000000,7.652700
0.000000,0.000000,7.652700
0.000000,0.000000,7.652700
0.000000,0.000000,7.652700
0.000000,0.000000,7.652700
0.000000,0.000000,7.652700
0.000000,0.000000,7.652700
0.000000,0.000000,7.652700
0.000000,0.000000,7.652700
0.000000,0.000000,7.652700
0.000000,0.000000,7.652700
0.000000,0.000000,7.652700
0.000000,0.000000,7.652700
0.000000,0.000000,7.652700
0.000000,0.000000,7.652700
0.000000,0.000000,7.652700
0.000000,0.000000,7.652700
0.000000,0.000000,7.652700
0.000000,0.000000,7.652700
0.000000,0.000000,7.652700
0.000000,0.000000,7.652700
0.000000,0.000000,7.652700
0.000000,0.000000,7.652700
0.000000,0.000000,7.652700
0.000000,0.000000,7.652700
0.000000,0.000000,7.652700
0.000000,0.000000,7.652700
0.000000,0.000000,7.652700
0.000000,0.000000,7.652700
0.000000,0.000000,7.652700
0.000000,0.000000,7.652700
0.000000,0.000000,7.652700
0.000000,0.000000,7.652700
0.000000,0.000000,7.652700
0.000000,0.000000,7.652700
0.000000,0.000000,7.652700
0.000000,0.000000,7.652700
0.000000,0.000000,7.652700
0.000000,0.000000,7.652700
0.000000,0.000000,7.652700
0.000000,0.000000,7.652700
0.000000,0.000000,7.652700
0.000000,0.000000,7.652700
0.000000,0.000000,7.652700
0.000000,0.000000,7.652700
0.000000,0.000000,7.652700
0.000000,0.000000,7.652700
0.000000,0.000000,7.652700
0.000000,0.000000,7.652700
0.000000,0.000000,7.652700
0.000000,0.000000,7.652700
0.000000,0.000000,7.652700
0.000000,0.000000,7.652700
0.000000,0.000000,7.652700
0.000000,0.000000,7.652700
0.000000,0.000000,7.652700
0.000000,0.000000,7.652700
0.000000,0.000000,7.652700
0.000000,0.000000,7.652700
0.000000,0.000000,7.652700
0.000000,0.000000,7.652700
0.000000,0.000000,7.652700
0.000000,0.000000,7.652700
0.000000,0.000000,7.652700
0.000000,0.000000,7.652700
0.000000,0.000000,7.652700
0.000000,0.000000,7.652700
0.000000,0.000000,7.652700
0.000000,0.000000,7.652700
0.000000,0.000000,7.652700
0.000000,0.000000,7.652700
0.000000,0.000000,7.652700
0.000000,0.000000,7.652700
0.000000,0.000000,7.652700
0.000000,0.000000,7.652700
0.000000,0.000000,7.652700
0.000000,0.000000,7.652700
0.000000,0.000000,7.652700
0.000000,0.000000,7.652700
0.000000,0.000000,7.652700
0.000000,0.000000,7.652700
0.000000,0.000000,7.652700
0.000000,0.000000,7.652700
0.000000,0.000000,7.652700
0.000000,0.000000,7.652700
0.000000,0.000000,7.652700
0.000000,0.000000,7.652700
0.000000,0.000000,7.652700
0.000000,0.000000,7.652700
0.000000,0.000000,7.652700
0.000000,0.000000,7.652700
0.000000,0.000000,7.652700
0.000000,0.000000,7.652700
0.000000,0.000000,7.652700
0.000000,0.000000,7.652700
0.000000,0.000000,7.652700
0.000000,0.000000,7.652700
0.000000,0.000000,7.652700
0.000000,0.000000,7.652700
0.000000,0.000000,7.652700
0.000000,0.000000,7.652700
0.000000,0.000000,7.652700
0.000000,0.000000,7.652700
0.000000,0.000000,7.652700
0.000000,0.000000,7.652700
0.000000,0.000000,7.652700
0.000000,0.000000,7.652700
0.000000,0.000000,7.652700
0.000000,0.000000,7.652700
0.000000,0.000000,7.652700
0.000000,0.000000,7.652700
0.000000,0.000000,7.652700
0.000000,0.000000,7.652700
0.000000,0.000000,7.652700
0.000000,0.000000,7.652700
0.000000,0.000000,7.652700
0.000000,0.000000,7.652700
0.000000,0.000000,7.652700
0.000000,0.000000,7.652700
0.000000,0.000000,7.652700
0.000000,0.000000,7.652700
0.000000,0.000000,7.652700
0.000000,0.000000,7.652700
0.000000,0.000000,7.652700
0.000000,0.000000,7.652700
0.000000,0.000000,7.652700
0.000000,0.000000,7.652700
0.000000,0.000000,7.652700
0.000000,0.000000,7.652700
0.000000,0.000000,7.652700
0.000000,0.000000,7.652700
0.000000,0.000000,7.652700
0.000000,0.000000,7.652700
0.000000,0.000000,7.652700
0.000000,0.000000,7.652700
0.000000,0.000000,7.652700
0.000000,0.000000,7.652700
0.000000,0.000000,7.652700
0.000000,0.000000,7.652700
0.000000,0.000000,7.652700
0.000000,0.000000,7.652700
0.000000,0.000000,7.652700
0.000000,0.000000,7.652700
0.000000,0.000000,7.652700
0.000000,0.000000,7.652700
0.000000,0.000000,7.652700
0.000000,0.000000,7.652700
0.000000,0.000000,7.652700
0.000000,0.000000,7.652700
0.000000,0.000000,7.652700
0.000000,0.000000,7.652700
0.000000,0.000000,7.652700
0.000000,0.000000,7.652700
0.000000,0.000000,7.652700
0.000000,0.000000,7.652700
0.000000,0.000000,7.652700
0.000000,0.000000,7.652700
0.000000,0.000000,7.652700
0.000000,0.000000,7.652700
0.000000,0.000000,7.652700
0.000000,0.000000,7.652700
0.000000,0.000000,7.652700
0.000000,0.000000,7.652700
0.000000,0.000000,7.652700
0.000000,0.000000,7.652700
0.000000,0.000000,7.652700
0.000000,0.000000,7.652700
0.000000,0.000000,7.652700
0.000000,0.000000,7.652700
0.000000,0.000000,7.652700
0.000000,0.000000,7.652700
0.000000,0.000000,7.652700
0.000000,0.000000,7.652700
0.000000,0.000000,7.652700
0.000000,0.000000,7.652700
0.000000,0.000000,7.652700
0.000000,0.000000,7.652700
0.000000,0.000000,7.652700
0.000000,0.000000,7.652700
0.000000,0.000000,7.652700
0.000000,0.000000,7.652700
0.000000,0.000000,7.652700
0.000000,0.000000,7.652700
0.000000,0.000000,7.652700
0.000000,0.000000,7.652700
0.000000,0.000000,7.652700
0.000000,0.000000,7.652700
0.000000,0.000000,7.652700
0.000000,0.000000,7.652700
0.000000,0.000000,7.652700
0.000000,0.000000,7.652700
0.000000,0.000000,7.652700
0.000000,0.000000,7.652700
0.000000,0.000000,7.652700
0.000000,0.000000,7.652700
0.000000,0.000000,7.652700
0.000000,0.000000,7.652700
0.000000,0.000000,7.652700
0.000000,0.000000,7.652700
0.000000,0.000000,7.652700
0.000000,0.000000,7.652700
0.000000,0.000000,7.652700
0.000000,0.000000,7.652700
0.000000,0.000000,7.652700
0.000000,0.000000,7.652700
0.000000,0.000000,7.652700
0.000000,0.000000,7.652700
0.000000,0.000000,7.652700
0.000000,0.000000,7.652700
0.000000,0.000000,7.652700
0.000000,0.000000,7.652700
0.000000,0.000000,7.652700
0.000000,0.000000,7.652700
0.000000,0.000000,7.652700
0.000000,0.000000,7.652700
0.000000,0.000000,7.652700
0.000000,0.000000,7.652700
0.000000,0.000000,7.652700
0.000000,0.000000,7.652700
0.000000,0.000000,7.652700
0.000000,0.000000,7.652700
0.000000,0.000000,7.652700
0.000000,0.000000,7.652700
0.000000,0.000000,7.652700
0.000000,0.000000,7.652700
0.000000,0.000000,7.652700
0.000000,0.000000,7.652700
0.000000,0.000000,7.652700
0.000000,0.000000,7.652700
0.000000,0.000000,7.652700
0.000000,0.000000,7.652700
0.000000,0.000000,7.652700
0.000000,0.000000,7.652700
0.000000,0.000000,7.652700
0.000000,0.000000,7.652700
0.000000,0.000000,7.652700
0.000000,0.000000,7.652700
0.000000,0.000000,7.652700
0.000000,0.000000,7.652700
0.000000,0.000000,7.652700
0.000000,0.000000,7.652700
0.000000,0.000000,7.652700
0.000000,0.000000,7.652700
0.000000,0.000000,7.652700
0.000000,0.000000,7.652700
0.000000,0.000000,7.652700
0.000000,0.000000,7.652700
0.000000,0.000000,7.652700
0.000000,0.000000,7.652700
0.000000,0.000000,7.652700
0.000000,0.000000,7.652700
0.000000,0.000000,7.652700
0.000000,0.000000,7.652700
0.000000,0.000000,7.652700
0.000000,0.000000,7.652700
0.000000,0.000000,7.652700
0.000000,0.000000,7.652700
0.000000,0.000000,7.652700
0.000000,0.000000,7.652700
0.000000,0.000000,7.652700
0.000000,0.000000,7.652700
0.000000,0.000000,7.652700
0.000000,0.000000,7.652700
0.000000,0.000000,7.652700
0.000000,0.000000,7.652700
0.000000,0.000000,7.652700
0.000000,0.000000,7.652700
0.000000,0.000000,7.652700
0.000000,0.000000,7.652700
0.000000,0.000000,7.652700
0.000000,0.000000,7.652700
0.000000,0.000000,7.652700
0.000000,0.000000,7.652700
0.000000,0.000000,7.652700
0.000000,0.000000,7.652700
0.000000,0.000000,7.652700
0.000000,0.000000,7.652700
0.000000,0.000000,7.652700
0.000000,0.000000,7.652700
0.000000,0.000000,7.652700
0.000000,0.000000,7.652700
0.000000,0.000000,7.652700
0.000000,0.000000,7.652700
0.000000,0.000000,7.652700
0.000000,0.000000,7.652700
0.000000,0.000000,7.652700
0.000000,0.000000,7.652700
0.000000,0.000000,7.652700
0.000000,0.000000,7.652700
0.000000,0.000000,7.652700
0.000000,0.000000,7.652700
0.000000,0.000000,7.652700
0.000000,0.000000,7.652700
0.000000,0.000000,7.652700
0.000000,0.000000,7.652700
0.000000,0.000000,7.652700
0.000000,0.000000,7.652700
0.000000,0.000000,7.652700
0.000000,0.000000,7.652700
0.000000,0.000000,7.652700
0.000000,0.000000,7.652700
0.000000,0.000000,7.652700
0.000000,0.000000,7.652700
0.000000,0.000000,7.652700
0.000000,0.000000,7.652700
0.000000,0.000000,7.652700
0.000000,0.000000,7.652700
0.000000,0.000000,7.652700
0.000000,0.000000,7.652700
0.000000,0.000000,7.652700
0.000000,0.000000,7.652700
0.000000,0.000000,7.652700
0.000000,0.000000,7.652700
0.000000,0.000000,7.652700
0.000000,0.000000,7.652700
0.000000,0.000000,7.652700
0.000000,0.000000,7.652700
0.000000,0.000000,7.652700
0.000000,0.000000,7.652700
0.000000,0.000000,7.652700
0.000000,0.000000,7.652700
0.000000,0.000000,7.652700
0.000000,0.000000,7.652700
0.000000,0.000000,7.652700
0.000000,0.000000,7.652700
0.000000,0.000000,7.652700
0.000000,0.000000,7.652700
0.000000,0.000000,7.652700
0.000000,0.000000,7.652700
0.000000,0.000000,7.652700
0.000000,0.000000,7.652700
0.000000,0.000000,7.652700
0.000000,0.000000,7.652700
0.000000,0.000000,7.652700
0.000000,0.000000,7.652700
0.000000,0.000000,7.652700
0.000000,0.000000,7.652700
0.000000,0.000000,7.652700
0.000000,0.000000,7.652700
0.000000,0.000000,7.652700
0.000000,0.000000,7.652700
0.000000,0.000000,7.652700
0.000000,0.000000,7.652700
0.000000,0.000000,7.652700
0.000000,0.000000,7.652700
0.000000,0.000000,7.652700
0.000000,0.000000,7.652700
0.000000,0.000000,7.652700
0.000000,0.000000,7.652700
0.000000,0.000000,7.652700
0.000000,0.000000,7.652700
0.000000,0.000000,7.652700
0.000000,0.000000,7.652700
0.000000,0.000000,7.652700
0.000000,0.000000,7.652700
0.000000,0.000000,7.652700
0.000000,0.000000,7.652700
0.000000,0.000000,7.652700
0.000000,0.000000,7.652700
0.000000,0.000000,7.652700
0.000000,0.000000,7.652700
0.000000,0.000000,7.652700
0.000000,0.000000,7.652700
0.000000,0.000000,7.652700
0.000000,0.000000,7.652700
0.000000,0.000000,7.652700
0.000000,0.000000,7.652700
0.000000,0.000000,7.652700
0.000000,0.000000,7.652700
0.000000,0.000000,7.652700
0.000000,0.000000,7.652700
0.000000,0.000000,7.652700
0.000000,0.000000,7.652700
0.000000,0.000000,7.652700
0.000000,0.000000,7.652700
0.000000,0.000000,7.652700
0.000000,0.000000,7.652700
0.000000,0.000000,7.652700
0.000000,0.000000,7.652700
0.000000,0.000000,7.652700
0.000000,0.000000,7.652700
0.000000,0.000000,7.652700
0.000000,0.000000,7.652700
0.000000,0.000000,7.652700
0.000000,0.000000,7.652700
0.000000,0.000000,7.652700
0.000000,0.000000,7.652700
0.000000,0.000000,7.652700
0.000000,0.000000,7.652700
0.000000,0.000000,7.652700
0.000000,0.000000,7.652700
0.000000,0.000000,7.652700
0.000000,0.000000,7.652700
0.000000,0.000000,7.652700
0.000000,0.000000,7.652700
0.000000,0.000000,7.652700
0.000000,0.000000,7.652700
0.000000,0.000000,7.652700
0.000000,0.000000,7.652700
0.000000,0.000000,7.652700
0.000000,0.000000,7.652700
0.000000,0.000000,7.652700
0.000000,0.000000,7.652700
0.000000,0.000000,7.652700
0.000000,0.000000,7.652700
0.000000,0.000000,7.652700
0.000000,0.000000,7.652700
0.000000,0.000000,7.652700
0.000000,0.000000,7.652700
0.000000,0.000000,7.652700
0.000000,0.000000,7.652700
0.000000,0.000000,7.652700
0.000000,0.000000,7.652700
0.000000,0.000000,7.652700
0.000000,0.000000,7.652700
0.000000,0.000000,7.652700
0.000000,0.000000,7.652700
0.000000,0.000000,7.652700
0.000000,0.000000,7.652700
0.000000,0.000000,7.652700
0.000000,0.000000,7.652700
0.000000,0.000000,7.652700
0.000000,0.000000,7.652700
0.000000,0.000000,7.652700
0.000000,0.000000,7.652700
0.000000,0.000000,7.652700
0.000000,0.000000,7.652700
0.000000,0.000000,7.652700
0.000000,0.000000,7.652700
0.000000,0.000000,7.652700
0.000000,0.000000,7.652700
0.000000,0.000000,7.652700
0.000000,0.000000,7.652700
0.000000,0.000000,7.652700
0.000000,0.000000,7.652700
0.000000,0.000000,7.652700
0.000000,0.000000,7.652700
0.000000,0.000000,7.652700
0.000000,0.000000,7.652700
0.000000,0.000000,7.652700
0.000000,0.000000,7.652700
0.000000,0.000000,7.652700
0.000000,0.000000,7.652700
0.000000,0.000000,7.652700
0.000000,0.000000,7.652700
0.000000,0.000000,7.652700
0.000000,0.000000,7.652700
0.000000,0.000000,7.652700
0.000000,0.000000,7.652700
0.000000,0.000000,7.652700
0.000000,0.000000,7.652700
0.000000,0.000000,7.652700
0.000000,0.000000,7.652700
0.000000,0.000000,7.652700
0.000000,0.000000,7.652700
0.000000,0.000000,7.652700
0.000000,0.000000,7.652700
0.000000,0.000000,7.652700
0.000000,0.000000,7.652700
0.000000,0.000000,7.652700
0.000000,0.000000,7.652700
0.000000,0.000000,7.652700
0.000000,0.000000,7.652700
0.000000,0.000000,7.652700
0.000000,0.000000,7.652700
0.000000,0.000000,7.652700
0.000000,0.000000,7.652700
0.000000,0.000000,7.652700
0.000000,0.000000,7.652700
0.000000,0.000000,7.652700
0.000000,0.000000,7.652700
0.000000,0.000000,7.652700
0.000000,0.000000,7.652700
0.000000,0.000000,7.652700
0.000000,0.000000,7.652700
0.000000,0.000000,7.652700
0.000000,0.000000,7.652700
0.000000,0.000000,7.652700
0.000000,0.000000,7.652700
0.000000,0.000000,7.652700
0.000000,0.000000,7.652700
0.000000,0.000000,7.652700
0.000000,0.000000,7.652700
0.000000,0.000000,7.652700
0.000000,0.000000,7.652700
0.000000,0.000000,7.652700
0.000000,0.000000,7.652700
0.000000,0.000000,7.652700
0.000000,0.000000,7.652700
0.000000,0.000000,7.652700
0.000000,0.000000,7.652700
0.000000,0.000000,7.652700
0.000000,0.000000,7.652700
0.000000,0.000000,7.652700
0.000000,0.000000,7.652700
0.000000,0.000000,7.652700
0.000000,0.000000,7.652700
0.000000,0.000000,7.652700
0.000000,0.000000,7.652700
0.000000,0.000000,7.652700
0.000000,0.000000,7.652700
0.000000,0.000000,7.652700
0.000000,0.000000,7.652700
0.000000,0.000000,7.652700
0.000000,0.000000,7.652700
0.000000,0.000000,7.652700
0.000000,0.000000,7.652700
0.000000,0.000000,7.652700
0.000000,0.000000,7.652700
0.000000,0.000000,7.652700
0.000000,0.000000,7.652700
0.000000,0.000000,7.652700
0.000000,0.000000,7.652700
0.000000,0.000000,7.652700
0.000000,0.000000,7.652700
0.000000,0.000000,7.652700
0.000000,0.000000,7.652700
0.000000,0.000000,7.652700
0.000000,0.000000,7.652700
0.000000,0.000000,7.652700
0.000000,0.000000,7.652700
0.000000,0.000000,7.652700
0.000000,0.000000,7.652700
0.000000,0.000000,7.652700
0.000000,0.000000,7.652700
0.000000,0.000000,7.652700
0.000000,0.000000,7.652700
0.000000,0.000000,7.652700
0.000000,0.000000,7.652700
0.000000,0.000000,7.652700
0.000000,0.000000,7.652700
0.000000,0.000000,7.652700
0.000000,0.000000,7.652700
0.000000,0.000000,7.652700
0.000000,0.000000,7.652700
0.000000,0.000000,7.652700
0.000000,0.000000,7.652700
0.000000,0.000000,7.652700
0.000000,0.000000,7.652700
0.000000,0.000000,7.652700
0.000000,0.000000,7.652700
0.000000,0.000000,7.652700
0.000000,0.000000,7.652700
0.000000,0.000000,7.652700
0.000000,0.000000,7.652700
0.000000,0.000000,7.652700
0.000000,0.000000,7.652700
0.000000,0.000000,7.652700
0.000000,0.000000,7.652700
0.000000,0.000000,7.652700
0.000000,0.000000,7.652700
0.000000,0.000000,7.652700
0.000000,0.000000,7.652700
0.000000,0.000000,7.652700
0.000000,0.000000,7.652700
0.000000,0.000000,7.652700
0.000000,0.000000,7.652700
0.000000,0.000000,7.652700
0.000000,0.000000,7.652700
0.000000,0.000000,7.652700
0.000000,0.000000,7.652700
0.000000,0.000000,7.652700
0.000000,0.000000,7.652700
0.000000,0.000000,7.652700
0.000000,0.000000,7.652700
0.000000,0.000000,7.652700
0.000000,0.000000,7.652700
0.000000,0.000000,7.652700
0.000000,0.000000,7.652700
0.000000,0.000000,7.652700
0.000000,0.000000,7.652700
0.000000,0.000000,7.652700
0.000000,0.000000,7.652700
0.000000,0.000000,7.652700
0.000000,0.000000,7.652700
0.000000,0.000000,7.652700
0.000000,0.000000,7.652700
0.000000,0.000000,7.652700
0.000000,0.000000,7.652700
0.000000,0.000000,7.652700
0.000000,0.000000,7.652700
0.000000,0.000000,7.652700
0.000000,0.000000,7.652700
0.000000,0.000000,7.652700
0.000000,0.000000,7.652700
0.000000,0.000000,7.652700
0.000000,0.000000,7.652700
0.000000,0.000000,7.652700
0.000000,0.000000,7.652700
0.000000,0.000000,7.652700
0.000000,0.000000,7.652700
0.000000,0.000000,7.652700
0.000000,0.000000,7.652700
0.000000,0.000000,7.652700
0.000000,0.000000,7.652700
0.000000,0.000000,7.652700
0.000000,0.000000,7.652700
0.000000,0.000000,7.652700
0.000000,0.000000,7.652700
0.000000,0.000000,7.652700
0.000000,0.000000,7.652700
0.000000,0.000000,7.652700
0.000000,0.000000,7.652700
0.000000,0.000000,7.652700
0.000000,0.000000,7.652700
0.000000,0.000000,7.652700
0.000000,0.000000,7.652700
0.000000,0.000000,7.652700
0.000000,0.000000,7.652700
0.000000,0.000000,7.652700
0.000000,0.000000,7.652700
0.000000,0.000000,7.652700
0.000000,0.000000,7.652700
0.000000,0.000000,7.652700
0.000000,0.000000,7.652700
0.000000,0.000000,7.652700
0.000000,0.000000,7.652700
0.000000,0.000000,7.652700
0.000000,0.000000,7.652700
0.000000,0.000000,7.652700
0.000000,0.000000,7.652700
0.000000,0.000000,7.652700
0.000000,0.000000,7.652700
0.000000,0.000000,7.652700
0.000000,0.000000,7.652700
0.000000,0.000000,7.652700
0.000000,0.000000,7.652700
0.000000,0.000000,7.652700
0.000000,0.000000,7.652700
0.000000,0.000000,7.652700
0.000000,0.000000,7.652700
0.000000,0.000000,7.652700
0.000000,0.000000,7.652700
0.000000,0.000000,7.652700
0.000000,0.000000,7.652700
0.000000,0.000000,7.652700
0.000000,0.000000,7.652700
0.000000,0.000000,7.652700
0.000000,0.000000,7.652700
0.000000,0.000000,7.652700
0.000000,0.000000,7.652700
0.000000,0.000000,7.652700
0.000000,0.000000,7.652700
0.000000,0.000000,7.652700
0.000000,0.000000,7.652700
0.000000,0.000000,7.652700
0.000000,0.000000,7.652700
0.000000,0.000000,7.652700
0.000000,0.000000,7.652700
0.000000,0.000000,7.652700
0.000000,0.000000,7.652700
0.000000,0.000000,7.652700
0.000000,0.000000,7.652700
0.000000,0.000000,7.652700
0.000000,0.000000,7.652700
0.000000,0.000000,7.652700
0.000000,0.000000,7.652700
0.000000,0.000000,7.652700
0.000000,0.000000,7.652700
0.000000,0.000000,7.652700
0.000000,0.000000,7.652700
0.000000,0.000000,7.652700
0.000000,0.000000,7.652700
0.000000,0.000000,7.652700
0.000000,0.000000,7.652700
0.000000,0.000000,7.652700
0.000000,0.000000,7.652700
0.000000,0.000000,7.652700
0.000000,0.000000,7.652700
0.000000,0.000000,7.652700
0.000000,0.000000,7.652700
0.000000,0.000000,7.652700
0.000000,0.000000,7.652700
0.000000,0.000000,7.652700
0.000000,0.000000,7.652700
0.000000,0.000000,7.652700
0.000000,0.000000,7.652700
0.000000,0.000000,7.652700
0.000000,0.000000,7.652700
0.000000,0.000000,7.652700
0.000000,0.000000,7.652700
0.000000,0.000000,7.652700
0.000000,0.000000,7.652700
0.000000,0.000000,7.652700
0.000000,0.000000,7.652700
0.000000,0.000000,7.652700
0.000000,0.000000,7.652700
0.000000,0.000000,7.652700
0.000000,0.000000,7.652700
0.000000,0.000000,7.652700
0.000000,0.000000,7.652700
0.000000,0.000000,7.652700
0.000000,0.000000,7.652700
0.000000,0.000000,7.652700
0.000000,0.000000,7.652700
0.000000,0.000000,7.652700
0.000000,0.000000,7.652700
0.000000,0.000000,7.652700
0.000000,0.000000,7.652700
0.000000,0.000000,7.652700
-0.075304,-0.000098,7.652699
-0.028763,0.000044,7.652699
-0.010987,0.000017,7.652699
-0.004197,0.000006,7.652699
-0.001603,0.000002,7.652699
-0.000612,0.000001,7.652699
0.084731,0.000110,7.652699
0.032364,-0.000049,7.652700
0.012362,-0.000019,7.652700
0.004722,-0.000007,7.652700
0.001804,-0.000003,7.652700
0.000689,-0.000001,7.652700
-0.095164,-0.000123,7.652699
-0.036349,0.000055,7.652699
-0.013884,0.000021,7.652699
-0.005303,0.000008,7.652699
-0.002026,0.000003,7.652699
-0.000774,0.000001,7.652699
-0.000296,-0.000000,7.652699
-0.000113,0.000000,7.652699
-0.000043,0.000000,7.652699
-0.000016,0.000000,7.652699
-0.000006,0.000000,7.652699
-0.000002,0.000000,7.652699
-0.000001,0.000000,7.652699
-0.000000,0.000000,7.652699
-0.000000,0.000000,7.652699
-0.000000,0.000000,7.652699
-0.000000,0.000000,7.652699
-0.000000,0.000000,7.652699
-0.000000,0.000000,7.652699
-0.000000,0.000000,7.652699
-0.000000,0.000000,7.652699
-0.000000,0.000000,7.652699
-0.000000,0.000000,7.652699
-0.000000,0.000000,7.652699
-0.000000,0.000000,7.652699
-0.000000,0.000000,7.652699
-0.000000,0.000000,7.652699
-0.000000,0.000000,7.652699
-0.000000,0.000000,7.652699
-0.000000,0.000000,7.652699
-0.000000,0.000000,7.652699
-0.000000,0.000000,7.652699
-0.000000,0.000000,7.652699
-0.000000,0.000000,7.652699
-0.000000,0.000000,7.652699
-0.000000,0.000000,7.652699
-0.000000,0.000000,7.652699
-0.000000,0.000000,7.652699
-0.000000,0.000000,7.652699
-0.000000,0.000000,7.652699
-0.000000,0.000000,7.652699
-0.000000,0.000000,7.652699
-0.000000,0.000000,7.652699
-0.000000,0.000000,7.652699
-0.000000,0.000000,7.652699
-0.000000,0.000000,7.652699
-0.000000,0.000000,7.652699
-0.000000,0.000000,7.652699
-0.000000,0.000000,7.652699
-0.000000,0.000000,7.652699
-0.000000,0.000000,7.652699
-0.000000,0.000000,7.652699
-0.000000,0.000000,7.652699
-0.000000,0.000000,7.652699
-0.000000,0.000000,7.652699
-0.000000,0.000000,7.652699
-0.000000,0.000000,7.652699
-0.000000,0.000000,7.652699
-0.000000,0.000000,7.652699
-0.000000,0.000000,7.652699
-0.000000,0.000000,7.652699
-0.000000,0.000000,7.652699
-0.000000,0.000000,7.652699
-0.000000,0.000000,7.652699
-0.000000,0.000000,7.652699
-0.000000,0.000000,7.652699
-0.000000,0.000000,7.652699
-0.000000,0.000000,7.652699
-0.000000,0.000000,7.652699
-0.000000,0.000000,7.652699
-0.000000,0.000000,7.652699
-0.000000,0.000000,7.652699
-0.000000,0.000000,7.652699
-0.000000,0.000000,7.652699
-0.000000,0.000000,7.652699
-0.000000,0.000000,7.652699
-0.000000,0.000000,7.652699
-0.000000,0.000000,7.652699
-0.000000,0.000000,7.652699
-0.000000,0.000000,7.652699
-0.000000,0.000000,7.652699
-0.000000,0.000000,7.652699
-0.000000,0.000000,7.652699
-0.000000,0.000000,7.652699
-0.000000,0.000000,7.652699
-0.000000,0.000000,7.652699
-0.000000,0.000000,7.652699
-0.000000,0.000000,7.652699
-0.000000,0.000000,7.652699
-0.000000,0.000000,7.652699
-0.000000,0.000000,7.652699
-0.000000,0.000000,7.652699
-0.000000,0.000000,7.652699
-0.000000,0.000000,7.652699
-0.000000,0.000000,7.652699
-0.000000,0.000000,7.652699
-0.000000,0.000000,7.652699
-0.000000,0.000000,7.652699
-0.000000,0.000000,7.652699
-0.000000,0.000000,7.652699
-0.000000,0.000000,7.652699
-0.000000,0.000000,7.652699
-0.000000,0.000000,7.652699
-0.000000,0.000000,7.652699
-0.000000,0.000000,7.652699
-0.000000,0.000000,7.652699
-0.000000,0.000000,7.652699
-0.000000,0.000000,7.652699
-0.000000,0.000000,7.652699
-0.000000,0.000000,7.652699
-0.000000,0.000000,7.652699
-0.000000,0.000000,7.652699
-0.000000,0.000000,7.652699
-0.000000,0.000000,7.652699
-0.000000,0.000000,7.652699
-0.000000,0.000000,7.652699
-0.000000,0.000000,7.652699
-0.000000,0.000000,7.652699
-0.000000,0.000000,7.652699
-0.000000,0.000000,7.652699
-0.000000,0.000000,7.652699
-0.000000,0.000000,7.652699
-0.000000,0.000000,7.652699
-0.000000,0.000000,7.652699
-0.000000,0.000000,7.652699
-0.000000,0.000000,7.652699
-0.000000,0.000000,7.652699
-0.000000,0.000000,7.652699
-0.000000,0.000000,7.652699
-0.000000,0.000000,7.652699
-0.000000,0.000000,7.652699
-0.000000,0.000000,7.652699
-0.000000,0.000000,7.652699
-0.000000,0.000000,7.652699
-0.000000,0.000000,7.652699
-0.000000,0.000000,7.652699
-0.000000,0.000000,7.652699
-0.000000,0.000000,7.652699
-0.000000,0.000000,7.652699
-0.000000,0.000000,7.652699
-0.000000,0.000000,7.652699
-0.000000,0.000000,7.652699
-0.000000,0.000000,7.652699
-0.000000,0.000000,7.652699
-0.000000,0.000000,7.652699
-0.000000,0.000000,7.652699
-0.000000,0.000000,7.652699
-0.000000,0.000000,7.652699
-0.000000,0.000000,7.652699
-0.000000,0.000000,7.652699
-0.000000,0.000000,7.652699
-0.000000,0.000000,7.652699
-0.000000,0.000000,7.652699
-0.000000,0.000000,7.652699
-0.000000,0.000000,7.652699
-0.000000,0.000000,7.652699
-0.000000,0.000000,7.652699
-0.000000,0.000000,7.652699
-0.000000,0.000000,7.652699
-0.000000,0.000000,7.652699
-0.000000,0.000000,7.652699
-0.000000,0.000000,7.652699
-0.000000,0.000000,7.652699
-0.000000,0.000000,7.652699
-0.000000,0.000000,7.652699
-0.000000,0.000000,7.652699
-0.000000,0.000000,7.652699
-0.000000,0.000000,7.652699
-0.000000,0.000000,7.652699
-0.000000,0.000000,7.652699
-0.000000,0.000000,7.652699
-0.000000,0.000000,7.652699
-0.000000,0.000000,7.652699
-0.000000,0.000000,7.652699
-0.000000,0.000000,7.652699
-0.000000,0.000000,7.652699
-0.000000,0.000000,7.652699
-0.000000,0.000000,7.652699
-0.000000,0.000000,7.652699
-0.000000,0.000000,7.652699
-0.000000,0.000000,7.652699
-0.000000,0.000000,7.652699
-0.000000,0.000000,7.652699
-0.000000,0.000000,7.652699
-0.000000,0.000000,7.652699
-0.000000,0.000000,7.652699
-0.000000,0.000000,7.652699
-0.000000,0.000000,7.652699
-0.000000,0.000000,7.652699
-0.000000,0.000000,7.652699
-0.000000,0.000000,7.652699
-0.000000,0.000000,7.652699
-0.000000,0.000000,7.652699
-0.000000,0.000000,7.652699
-0.000000,0.000000,7.652699
-0.000000,0.000000,7.652699
-0.000000,0.000000,7.652699
-0.000000,0.000000,7.652699
-0.000000,0.000000,7.652699
-0.000000,0.000000,7.652699
-0.000000,0.000000,7.652699
-0.000000,0.000000,7.652699
-0.000000,0.000000,7.652699
-0.000000,0.000000,7.652699
-0.000000,0.000000,7.652699
-0.000000,0.000000,7.652699
-0.000000,0.000000,7.652699
-0.000000,0.000000,7.652699
-0.000000,0.000000,7.652699
-0.000000,0.000000,7.652699
-0.000000,0.000000,7.652699
-0.000000,0.000000,7.652699
-0.000000,0.000000,7.652699
-0.000000,0.000000,7.652699
-0.000000,0.000000,7.652699
-0.000000,0.000000,7.652699
-0.000000,0.000000,7.652699
-0.000000,0.000000,7.652699
-0.000000,0.000000,7.652699
-0.000000,-0.000000,7.652699
-0.000000,0.000000,7.652699
-0.000000,0.000000,7.652699
-0.000000,0.000000,7.652699
-0.000000,0.000000,7.652699
-0.000000,0.000000,7.652699
-0.000000,0.000000,7.652699
-0.000000,0.000000,7.652699
-0.000000,-0.000000,7.652699
-0.000000,0.000000,7.652699
-0.067219,-0.000087,7.652699
-0.025675,0.000039,7.652699
-0.009807,-0.000004,7.652699
-0.087374,-0.000139,7.652698
-0.097631,-0.000368,7.652698
-0.106076,-0.000620,7.652696
-0.113758,-0.000892,7.652695
-0.128477,-0.001193,7.652692
-0.128184,-0.001508,7.652689
-0.128255,-0.001823,7.652685
-0.048989,-0.002017,7.652680
-0.111334,-0.002231,7.652675
-0.118545,-0.002516,7.652669
-0.045280,-0.002695,7.652663
-0.098183,-0.002886,7.652656
-0.110825,-0.003146,7.652648
-0.118815,-0.003430,7.652640
-0.131795,-0.003742,7.652631
-0.126562,-0.004057,7.652622
-0.127402,-0.004369,7.652611
-0.143996,-0.004706,7.652600
-0.141586,-0.005056,7.652588
-0.160116,-0.005431,7.652575
-0.164243,-0.005830,7.652562
-0.161429,-0.006229,7.652547
-0.170402,-0.006638,7.652531
-0.163376,-0.007046,7.652514
-0.165464,-0.007450,7.652496
-0.164793,-0.007854,7.652478
-0.161023,-0.008253,7.652458
-0.169017,-0.008660,7.652437
-0.180824,-0.009092,7.652415
-0.188065,-0.009547,7.652393
-0.167143,-0.009977,7.652369
-0.180151,-0.010406,7.652344
-0.173545,-0.010838,7.652318
-0.182640,-0.011278,7.652290
-0.157643,-0.011687,7.652262
-0.158662,-0.012076,7.652233
-0.162023,-0.012470,7.652203
-0.159014,-0.012863,7.652172
-0.166385,-0.013264,7.652140
-0.140051,-0.013632,7.652107
-0.162532,-0.014010,7.652073
-0.192997,-0.014455,7.652038
-0.192871,-0.014928,7.652002
-0.190021,-0.015397,7.651965
-0.200560,-0.015879,7.651926
-0.182197,-0.016343,7.651887
-0.178553,-0.016784,7.651846
-0.187518,-0.017236,7.651805
-0.180611,-0.017685,7.651762
-0.164723,-0.018104,7.651718
-0.197231,-0.018558,7.651673
-0.178444,-0.019013,7.651627
-0.185874,-0.019462,7.651580
-0.175507,-0.019903,7.651531
-0.192382,-0.020359,7.651482
-0.189648,-0.020827,7.651431
-0.192878,-0.021297,7.651380
-0.188527,-0.021763,7.651327
-0.190706,-0.022229,7.651273
-0.196077,-0.022706,7.651218
-0.178847,-0.023160,7.651162
-0.184419,-0.023607,7.651104
-0.200031,-0.024083,7.651046
-0.220991,-0.024606,7.650986
-0.205399,-0.025124,7.650925
-0.180252,-0.025591,7.650863
-0.180987,-0.026034,7.650799
-0.198376,-0.026504,7.650735
-0.203744,-0.026999,7.650669
-0.189718,-0.027478,7.650603
-0.191239,-0.027946,7.650534
-0.191904,-0.028416,7.650465
-0.186476,-0.028878,7.650395
-0.185700,-0.029335,7.650324
-0.178181,-0.029779,7.650251
-0.185520,-0.030227,7.650178
-0.185794,-0.030683,7.650103
-0.187394,-0.031141,7.650027
-0.191050,-0.031606,7.649950
-0.202859,-0.032093,7.649872
-0.192563,-0.032575,7.649793
-0.196016,-0.033053,7.649712
-0.201647,-0.033542,7.649630
-0.184628,-0.034011,7.649548
-0.197374,-0.034483,7.649464
-0.215286,-0.034995,7.649378
-0.194207,-0.035491,7.649292
-0.193239,-0.035966,7.649204
-0.201990,-0.036453,7.649115
-0.212726,-0.036965,7.649025
-0.212347,-0.037486,7.648934
-0.206377,-0.037999,7.648841
-0.195064,-0.038488,7.648747
-0.208674,-0.038987,7.648652
-0.209512,-0.039500,7.648556
-0.199389,-0.039999,7.648459
-0.208660,-0.040502,7.648360
-0.199058,-0.041000,7.648260
-0.211630,-0.041506,7.648159
-0.235710,-0.042062,7.648056
-0.211977,-0.042604,7.647952
-0.219005,-0.043135,7.647847
-0.213108,-0.043663,7.647741
-0.200729,-0.044167,7.647633
-0.203249,-0.044663,7.647524
-0.214737,-0.045179,7.647414
-0.222086,-0.045717,7.647302
-0.221398,-0.046261,7.647190
-0.243472,-0.046837,7.647075
-0.243203,-0.047434,7.646960
-0.223856,-0.048001,7.646843
-0.225505,-0.048553,7.646724
-0.233454,-0.049118,7.646605
-0.231873,-0.049688,7.646483
-0.237650,-0.050266,7.646361
-0.246865,-0.050862,7.646237
-0.254631,-0.051480,7.646111
-0.253613,-0.052103,7.645984
-0.242835,-0.052709,7.645856
-0.228264,-0.053283,7.645726
-0.256425,-0.053885,7.645594
-0.240992,-0.054490,7.645461
-0.254028,-0.055102,7.645327
-0.264797,-0.055742,7.645191
-0.268937,-0.056397,7.645053
-0.255619,-0.057037,7.644914
-0.262964,-0.057675,7.644773
-0.266760,-0.058326,7.644631
-0.270044,-0.058985,7.644487
-0.259484,-0.059631,7.644342
-0.254006,-0.060259,7.644195
-0.241399,-0.060863,7.644046
-0.254396,-0.061475,7.643896
-0.274080,-0.062129,7.643745
-0.269336,-0.062794,7.643591
-0.257185,-0.063436,7.643437
-0.272185,-0.064090,7.643280
-0.267278,-0.064750,7.643122
-0.292262,-0.065444,7.642962
-0.284085,-0.066148,7.642801
-0.278086,-0.066836,7.642638
-0.281864,-0.067524,7.642473
-0.267026,-0.068193,7.642307
-0.282145,-0.068870,7.642139
-0.290891,-0.069576,7.641969
-0.276420,-0.070267,7.641797
-0.279445,-0.070950,7.641624
-0.285179,-0.071644,7.641449
-0.278593,-0.072334,7.641273
-0.277189,-0.073015,7.641094
-0.285612,-0.073707,7.640914
-0.266821,-0.074380,7.640733
-0.278779,-0.075052,7.640550
-0.290932,-0.075754,7.640365
-0.294210,-0.076473,7.640178
-0.278899,-0.077171,7.639989
-0.281992,-0.077860,7.639799
-0.308211,-0.078592,7.639607
-0.303675,-0.079341,7.639414
-0.310662,-0.080096,7.639218
-0.297081,-0.080838,7.639021
-0.308188,-0.081583,7.638822
-0.303846,-0.082332,7.638621
-0.294535,-0.083064,7.638418
-0.304429,-0.083801,7.638213
-0.280004,-0.084511,7.638007
-0.304398,-0.085235,7.637799
-0.325385,-0.086013,7.637588
-0.299635,-0.086772,7.637377
-0.285740,-0.087486,7.637163
-0.265749,-0.088157,7.636948
-0.286186,-0.088839,7.636730
-0.314245,-0.089584,7.636512
-0.311605,-0.090351,7.636291
-0.311790,-0.091115,7.636068
-0.309230,-0.091876,7.635844
-0.299527,-0.092620,7.635618
-0.323703,-0.093391,7.635389
-0.291908,-0.094137,7.635160
-0.300200,-0.094866,7.634928
-0.299124,-0.095599,7.634694
-0.307448,-0.096346,7.634459
-0.316305,-0.097114,7.634221
-0.333388,-0.097916,7.633982
-0.338253,-0.098741,7.633741
-0.322638,-0.099547,7.633498
-0.314813,-0.100327,7.633253
-0.329451,-0.101120,7.633006
-0.332018,-0.101933,7.632757
-0.342177,-0.102762,7.632506
-0.325419,-0.103576,7.632253
-0.314306,-0.104358,7.631998
-0.325031,-0.105144,7.631741
-0.330800,-0.105950,7.631482
-0.351933,-0.106794,7.631221
-0.354198,-0.107660,7.630958
-0.348934,-0.108521,7.630693
-0.356195,-0.109388,7.630426
-0.342600,-0.110241,7.630156
-0.327089,-0.111058,7.629885
-0.325355,-0.111858,7.629612
-0.354394,-0.112700,7.629336
-0.373094,-0.113597,7.629059
-0.360966,-0.114494,7.628779
-0.359264,-0.115377,7.628497
-0.356901,-0.116254,7.628213
-0.352977,-0.117124,7.627927
-0.351568,-0.117988,7.627638
-0.360292,-0.118863,7.627348
-0.360221,-0.119747,7.627055
-0.370536,-0.120646,7.626760
-0.362701,-0.121543,7.626463
-0.355492,-0.122422,7.626164
-0.371864,-0.123319,7.625863
-0.386989,-0.124254,7.625559
-0.395692,-0.125216,7.625253
-0.375437,-0.126156,7.624945
-0.373597,-0.127074,7.624634
-0.365415,-0.127978,7.624321
-0.363776,-0.128872,7.624006
-0.368959,-0.129772,7.623689
-0.376821,-0.130689,7.623370
-0.370963,-0.131606,7.623048
-0.380735,-0.132529,7.622724
-0.396143,-0.133486,7.622398
-0.384207,-0.134441,7.622069
-0.393040,-0.135397,7.621738
-0.387713,-0.136352,7.621405
-0.391807,-0.137309,7.621069
-0.397621,-0.138280,7.620731
-0.404264,-0.139264,7.620391
-0.393329,-0.140239,7.620048
-0.393883,-0.141206,7.619703
-0.373272,-0.142140,7.619356
-0.387765,-0.143077,7.619006
-0.373886,-0.144009,7.618653
-0.377636,-0.144930,7.618299
-0.377332,-0.145856,7.617943
-0.391868,-0.146805,7.617583
-0.401843,-0.147780,7.617223
-0.395477,-0.148756,7.616859
-0.400356,-0.149733,7.616493
-0.416757,-0.150740,7.616124
-0.430608,-0.151783,7.615753
-0.431475,-0.152841,7.615380
-0.417190,-0.153877,7.615003
-0.414688,-0.154897,7.614625
-0.410780,-0.155908,7.614244
-0.397542,-0.156896,7.613860
-0.419131,-0.157904,7.613474
-0.425848,-0.158942,7.613085
-0.416818,-0.159973,7.612694
-0.423353,-0.161005,7.612300
-0.400544,-0.162009,7.611904
-0.414422,-0.163012,7.611506
-0.431253,-0.164053,7.611105
-0.411143,-0.165080,7.610702
-0.431523,-0.166119,7.610295
-0.431940,-0.167179,7.609887
-0.426323,-0.168230,7.609475
-0.416881,-0.169261,7.609061
-0.435440,-0.170312,7.608645
-0.430507,-0.171372,7.608226
-0.424106,-0.172417,7.607805
-0.411227,-0.173439,7.607380
-0.422667,-0.174465,7.606953
-0.440402,-0.175527,7.606525
-0.441409,-0.176611,7.606092
-0.441734,-0.177692,7.605658
-0.433013,-0.178762,7.605221
-0.428053,-0.179817,7.604781
-0.457267,-0.180911,7.604339
-0.442983,-0.182011,7.603894
-0.439339,-0.183091,7.603447
-0.430467,-0.184156,7.602996
-0.434679,-0.185217,7.602543
-0.422926,-0.186265,7.602088
-0.425931,-0.187309,7.601629
-0.428532,-0.188356,7.601169
-0.437018,-0.189420,7.600706
-0.438783,-0.190495,7.600240
-0.449659,-0.191587,7.599771
-0.456652,-0.192701,7.599300
-0.462601,-0.193830,7.598826
-0.476395,-0.194986,7.598349
-0.481508,-0.196162,7.597869
-0.474376,-0.197332,7.597387
-0.463113,-0.198479,7.596901
-0.464838,-0.199617,7.596413
-0.455239,-0.200743,7.595922
-0.439742,-0.201836,7.595428
-0.437884,-0.202912,7.594932
-0.444762,-0.203996,7.594433
-0.447569,-0.205092,7.593931
-0.439758,-0.206177,7.593427
-0.448701,-0.207268,7.592920
-0.475422,-0.208411,7.592410
-0.468058,-0.209566,7.591897
-0.457686,-0.210698,7.591382
-0.446171,-0.211803,7.590864
-0.456527,-0.212913,7.590343
-0.442896,-0.214013,7.589819
-0.457152,-0.215121,7.589293
-0.456698,-0.216241,7.588764
-0.463534,-0.217372,7.588232
-0.441136,-0.218475,7.587697
-0.438602,-0.219551,7.587161
-0.437704,-0.220626,7.586621
-0.458220,-0.221730,7.586079
-0.464468,-0.222864,7.585533
-0.478639,-0.224025,7.584985
-0.474896,-0.225193,7.584434
-0.470695,-0.226351,7.583881
-0.470472,-0.227506,7.583324
-0.491397,-0.228691,7.582764
-0.477213,-0.229875,7.582202
-0.481976,-0.231053,7.581637
-0.472197,-0.232220,7.581069
-0.490486,-0.233406,7.580498
-0.493019,-0.234613,7.579924
-0.491062,-0.235820,7.579347
-0.479628,-0.237007,7.578767
-0.470954,-0.238170,7.578184
-0.452826,-0.239298,7.577598
-0.443033,-0.240392,7.577011
-0.471980,-0.241524,7.576419
-0.486078,-0.242701,7.575826
-0.481185,-0.243886,7.575229
-0.505749,-0.245104,7.574630
-0.501661,-0.246338,7.574027
-0.503086,-0.247571,7.573421
-0.508311,-0.248813,7.572812
-0.502813,-0.250051,7.572200
-0.490470,-0.251266,7.571586
-0.501781,-0.252486,7.570968
-0.504482,-0.253721,7.570347
-0.501113,-0.254953,7.569723
-0.520431,-0.256212,7.569096
-0.514761,-0.257480,7.568466
-0.533370,-0.258770,7.567833
-0.503449,-0.260031,7.567198
-0.469971,-0.261217,7.566558
-0.490777,-0.262400,7.565916
-0.491892,-0.263605,7.565271
-0.496522,-0.264821,7.564622
-0.502511,-0.266046,7.563972
-0.521286,-0.267307,7.563318
-0.490108,-0.268538,7.562661
-0.507683,-0.269767,7.562001
-0.504223,-0.271007,7.561337
-0.526338,-0.272277,7.560671
-0.512543,-0.273548,7.560002
-0.520456,-0.274817,7.559329
-0.522117,-0.276096,7.558654
-0.518170,-0.277371,7.557975
-0.516671,-0.278639,7.557293
-0.531220,-0.279929,7.556608
-0.533630,-0.281235,7.555920
-0.502036,-0.282496,7.555228
-0.506225,-0.283732,7.554535
-0.518105,-0.284994,7.553836
-0.511042,-0.286254,7.553136
-0.509856,-0.287504,7.552433
-0.501862,-0.288744,7.551725
-0.511843,-0.289988,7.551017
-0.504152,-0.291232,7.550304
-0.511664,-0.292480,7.549588
-0.509732,-0.293732,7.548869
-0.508068,-0.294980,7.548147
-0.493702,-0.296204,7.547422
-0.504529,-0.297432,7.546694
-0.496940,-0.298658,7.545963
-0.508686,-0.299893,7.545230
-0.497071,-0.301125,7.544492
-0.474908,-0.302309,7.543753
-0.484137,-0.303487,7.543010
-0.514230,-0.304721,7.542264
-0.513729,-0.305981,7.541515
-0.510849,-0.307237,7.540763
-0.478649,-0.308441,7.540008
-0.500410,-0.309648,7.539250
-0.498072,-0.310872,7.538489
-0.477978,-0.312061,7.537726
-0.484043,-0.313245,7.536958
-0.497881,-0.314451,7.536189
-0.500312,-0.315676,7.535416
-0.501022,-0.316904,7.534641
-0.473122,-0.318091,7.533862
-0.468473,-0.319244,7.533080
-0.475828,-0.320405,7.532296
-0.486042,-0.321587,7.531508
-0.506119,-0.322810,7.530718
-0.506534,-0.324050,7.529926
-0.496270,-0.325279,7.529128
-0.513225,-0.326522,7.528329
-0.501894,-0.327762,7.527528
-0.490070,-0.328975,7.526722
-0.501555,-0.330194,7.525914
-0.503190,-0.331427,7.525102
-0.495026,-0.332649,7.524288
-0.485732,-0.333849,7.523471
-0.494150,-0.335053,7.522650
-0.497106,-0.336270,7.521827
-0.492426,-0.337480,7.521002
-0.498255,-0.338697,7.520173
-0.504759,-0.339929,7.519340
-0.500137,-0.341160,7.518505
-0.491081,-0.342373,7.517667
-0.497795,-0.343586,7.516827
-0.485379,-0.344790,7.515981
-0.489218,-0.345984,7.515135
-0.489201,-0.347184,7.514285
-0.495156,-0.348393,7.513432
-0.488932,-0.349598,7.512576
-0.495027,-0.350807,7.511717
-0.500315,-0.352029,7.510855
-0.480363,-0.353226,7.509990
-0.484385,-0.354410,7.509122
-0.474428,-0.355583,7.508252
-0.480971,-0.356757,7.507378
-0.482036,-0.357938,7.506501
-0.467765,-0.359099,7.505622
-0.469496,-0.360249,7.504740
-0.486468,-0.361426,7.503855
-0.476560,-0.362605,7.502967
-0.480290,-0.363779,7.502076
-0.472402,-0.364945,7.501182
-0.483124,-0.366119,7.500287
-0.504905,-0.367338,7.499386
-0.495597,-0.368561,7.498485
-0.480336,-0.369753,7.497579
-0.477335,-0.370927,7.496671
-0.469983,-0.372087,7.495760
-0.476309,-0.373249,7.494846
-0.496558,-0.374448,7.493929
-0.481748,-0.375644,7.493009
-0.492397,-0.376841,7.492086
-0.453994,-0.377989,7.491162
-0.461506,-0.379114,7.490233
-0.470282,-0.380259,7.489302
-0.475077,-0.381420,7.488368
-0.479864,-0.382591,7.487432
-0.478671,-0.383768,7.486491
-0.464488,-0.384919,7.485550
-0.459375,-0.386050,7.484604
-0.479269,-0.387207,7.483656
-0.488483,-0.388397,7.482704
-0.493539,-0.389603,7.481750
-0.471935,-0.390781,7.480793
-0.457570,-0.391916,7.479833
-0.464041,-0.393049,7.478871
-0.473660,-0.394200,7.477907
-0.470242,-0.395358,7.476937
-0.464379,-0.396501,7.475967
-0.470959,-0.397650,7.474993
-0.483907,-0.398825,7.474016
-0.477102,-0.400001,7.473037
-0.462723,-0.401150,7.472054
-0.451074,-0.402267,7.471069
-0.458542,-0.403385,7.470081
-0.480622,-0.404543,7.469090
-0.464213,-0.405697,7.468096
-0.481277,-0.406861,7.467099
-0.476176,-0.408034,7.466100
-0.472399,-0.409195,7.465099
-0.466579,-0.410346,7.464093
-0.482350,-0.411513,7.463086
-0.479346,-0.412692,7.462076
-0.473970,-0.413859,7.461062
-0.504378,-0.415068,7.460045
-0.492324,-0.416287,7.459026
-0.502609,-0.417510,7.458003
-0.495990,-0.418733,7.456977
-0.483364,-0.419930,7.455949
-0.486082,-0.421120,7.454917
-0.481194,-0.422305,7.453883
-0.465934,-0.423460,7.452847
-0.470266,-0.424610,7.451807
-0.485126,-0.425786,7.450764
-0.481711,-0.426970,7.449718
-0.477518,-0.428146,7.448670
-0.487896,-0.429333,7.447618
-0.497998,-0.430545,7.446563
-0.492662,-0.431756,7.445508
-0.497031,-0.432973,7.444445
-0.500298,-0.434197,7.443382
-0.483732,-0.435399,7.442315
-0.489091,-0.436594,7.441246
-0.496927,-0.437805,7.440174
-0.502865,-0.439033,7.439098
-0.482970,-0.440235,7.438022
-0.482520,-0.441420,7.436939
-0.483699,-0.442604,7.435856
-0.478464,-0.443782,7.434769
-0.490835,-0.444977,7.433677
-0.476446,-0.446157,7.432586
-0.472619,-0.447320,7.431490
-0.500762,-0.448524,7.430390
-0.483572,-0.449724,7.429290
-0.476937,-0.450900,7.428185
-0.477344,-0.452070,7.427078
-0.482058,-0.453248,7.425968
-0.469329,-0.454412,7.424855
-0.466987,-0.455559,7.423739
-0.466516,-0.456704,7.422620
-0.473673,-0.457859,7.421498
-0.509041,-0.459075,7.420373
-0.494205,-0.460301,7.419246
-0.489708,-0.461506,7.418115
-0.487766,-0.462704,7.416982
-0.485954,-0.463898,7.415846
-0.485143,-0.465089,7.414706
-0.483389,-0.466274,7.413566
-0.487370,-0.467466,7.412421
-0.488854,-0.468664,7.411272
-0.476151,-0.469843,7.410121
-0.475757,-0.471011,7.408968
-0.502117,-0.472218,7.407811
-0.507321,-0.473457,7.406651
-0.505387,-0.474697,7.405490
-0.510352,-0.475944,7.404324
-0.496033,-0.477174,7.403155
-0.483255,-0.478371,7.401983
-0.494645,-0.479574,7.400808
-0.495783,-0.480789,7.399631
-0.490683,-0.481995,7.398452
-0.516840,-0.483241,7.397266
-0.510661,-0.484497,7.396081
-0.503855,-0.485739,7.394891
-0.508372,-0.486982,7.393698
-0.513178,-0.488236,7.392502
-0.516410,-0.489500,7.391303
-0.511607,-0.490759,7.390101
-0.517423,-0.492023,7.388895
-0.500463,-0.493266,7.387687
-0.480347,-0.494462,7.386478
-0.480333,-0.495642,7.385261
-0.490565,-0.496835,7.384044
-0.500647,-0.498052,7.382826
-0.480739,-0.499252,7.381601
-0.486290,-0.500437,7.380377
-0.476665,-0.501616,7.379148
-0.468622,-0.502773,7.377916
-0.466774,-0.503919,7.376681
-0.469155,-0.505068,7.375444
-0.501334,-0.506267,7.374204
-0.491317,-0.507482,7.372960
-0.486110,-0.508679,7.371714
-0.501816,-0.509895,7.370465
-0.484139,-0.511099,7.369213
-0.478813,-0.512279,7.367958
-0.458987,-0.513423,7.366700
-0.495689,-0.514605,7.365439
-0.514427,-0.515849,7.364175
-0.484252,-0.517063,7.362910
-0.487610,-0.518258,7.361638
-0.494866,-0.519463,7.360368
-0.488689,-0.520667,7.359092
-0.493865,-0.521874,7.357814
-0.489787,-0.523079,7.356532
-0.482086,-0.524267,7.355249
-0.476029,-0.525440,7.353962
-0.478713,-0.526614,7.352670
-0.495827,-0.527812,7.351379
-0.505543,-0.529043,7.350082
-0.511921,-0.530293,7.348783
-0.517658,-0.531557,7.347481
-0.509474,-0.532814,7.346176
-0.497503,-0.534046,7.344867
-0.508741,-0.535283,7.343556
-0.488337,-0.536500,7.342241
-0.489251,-0.537699,7.340924
-0.491009,-0.538902,7.339604
-0.473778,-0.540080,7.338280
-0.458532,-0.541218,7.336956
-0.464501,-0.542353,7.335625
-0.487229,-0.543525,7.334295
-0.490109,-0.544725,7.332961
-0.470624,-0.545897,7.331623
-0.486907,-0.547076,7.330283
-0.509195,-0.548304,7.328939
-0.513474,-0.549560,7.327593
-0.514970,-0.550822,7.326243
-0.499467,-0.552061,7.324891
-0.509801,-0.553302,7.323535
-0.499073,-0.554536,7.322177
-0.512724,-0.555781,7.320815
-0.507456,-0.557031,7.319450
-0.498108,-0.558261,7.318082
-0.507679,-0.559498,7.316711
-0.499546,-0.560731,7.315337
-0.499405,-0.561956,7.313961
-0.505472,-0.563190,7.312581
-0.495673,-0.564415,7.311198
-0.509910,-0.565652,7.309812
-0.512306,-0.566907,7.308423
-0.501071,-0.568144,7.307033
-0.479334,-0.569342,7.305636
-0.467970,-0.570499,7.304240
-0.469508,-0.571649,7.302839
-0.467251,-0.572797,7.301436
-0.482889,-0.573967,7.300029
-0.463692,-0.575122,7.298620
-0.453558,-0.576243,7.297210
-0.479173,-0.577396,7.295793
-0.484385,-0.578577,7.294378
-0.483230,-0.579764,7.292957
-0.508050,-0.580986,7.291533
-0.506789,-0.582231,7.290107
-0.503604,-0.583469,7.288677
-0.505388,-0.584707,7.287244
-0.498788,-0.585937,7.285809
-0.493498,-0.587152,7.284370
-0.515209,-0.588393,7.282930
-0.499601,-0.589635,7.281483
-0.508634,-0.590873,7.280038
-0.517708,-0.592134,7.278587
-0.513872,-0.593398,7.277133
-0.490360,-0.594623,7.275676
-0.501820,-0.595843,7.274216
-0.494258,-0.597062,7.272753
-0.475336,-0.598246,7.271287
-0.472457,-0.599408,7.269818
-0.460860,-0.600547,7.268349
-0.451815,-0.601666,7.266872
-0.469154,-0.602798,7.265397
-0.468543,-0.603948,7.263917
-0.478895,-0.605113,7.262434
-0.482828,-0.606294,7.260949
-0.475382,-0.607467,7.259460
-0.491912,-0.608658,7.257969
-0.481832,-0.609849,7.256474
-0.472182,-0.611017,7.254977
-0.485872,-0.612196,7.253477
-0.474987,-0.613371,7.251974
-0.489749,-0.614558,7.250468
-0.484958,-0.615752,7.248959
-0.490763,-0.616951,7.247447
-0.494491,-0.618158,7.245935
-0.488499,-0.619362,7.244417
-0.481865,-0.620552,7.242894
-0.468917,-0.621712,7.241373
-0.480354,-0.622880,7.239846
-0.459614,-0.624029,7.238315
-0.467991,-0.625167,7.236785
-0.479879,-0.626333,7.235250
-0.494824,-0.627534,7.233710
-0.485708,-0.628732,7.232172
-0.502960,-0.629950,7.230628
-0.480099,-0.631149,7.229081
-0.494910,-0.632349,7.227532
-0.475663,-0.633534,7.225979
-0.478439,-0.634705,7.224424
-0.486982,-0.635891,7.222866
-0.473873,-0.637066,7.221304
-0.480768,-0.638239,7.219740
-0.484861,-0.639424,7.218173
-0.476072,-0.640600,7.216604
-0.484546,-0.641781,7.215031
-0.492202,-0.642981,7.213455
-0.492021,-0.644188,7.211877
-0.499901,-0.645407,7.210295
-0.504096,-0.646639,7.208710
-0.504132,-0.647876,7.207123
-0.496902,-0.649099,7.205535
-0.473325,-0.650284,7.203938
-0.477840,-0.651450,7.202344
-0.482105,-0.652629,7.200745
-0.473711,-0.653799,7.199143
-0.471740,-0.654958,7.197538
-0.479889,-0.656127,7.195930
-0.481542,-0.657305,7.194322
-0.486504,-0.658495,7.192705
-0.502807,-0.659711,7.191091
-0.491714,-0.660928,7.189471
-0.493382,-0.662137,7.187849
-0.487873,-0.663338,7.186223
-0.487680,-0.664535,7.184595
-0.490415,-0.665733,7.182966
-0.484054,-0.666928,7.181329
-0.486207,-0.668117,7.179694
-0.489850,-0.669315,7.178054
-0.476470,-0.670498,7.176408
-0.493352,-0.671693,7.174762
-0.504454,-0.672920,7.173113
-0.487976,-0.674130,7.171463
-0.501082,-0.675347,7.169808
-0.510663,-0.676591,7.168150
-0.503613,-0.677834,7.166487
-0.492064,-0.679050,7.164825
-0.487589,-0.680250,7.163158
-0.477179,-0.681431,7.161488
-0.474344,-0.682597,7.159815
-0.474614,-0.683761,7.158139
-0.469183,-0.684918,7.156458
-0.474257,-0.686077,7.154777
-0.479326,-0.687248,7.153092
-0.488720,-0.688436,7.151408
-0.486439,-0.689631,7.149718
-0.495808,-0.690839,7.148025
-0.486049,-0.692040,7.146329
-0.486756,-0.693235,7.144627
-0.485458,-0.694427,7.142925
-0.486448,-0.695619,7.141221
-0.473490,-0.696793,7.139513
-0.476340,-0.697959,7.137802
-0.471423,-0.699120,7.136089
-0.471061,-0.700277,7.134370
-0.487138,-0.701455,7.132654
-0.494782,-0.702662,7.130931
-0.493171,-0.703873,7.129206
-0.477634,-0.705059,7.127479
-0.487921,-0.706246,7.125748
-0.488813,-0.707444,7.124014
-0.503958,-0.708666,7.122277
-0.472942,-0.709855,7.120537
-0.466920,-0.711006,7.118795
-0.479213,-0.712168,7.117052
-0.457556,-0.713311,7.115304
-0.464348,-0.714445,7.113550
-0.484242,-0.715614,7.111796
-0.484364,-0.716802,7.110039
-0.475913,-0.717976,7.108283
-0.482636,-0.719153,7.106520
-0.497395,-0.720360,7.104755
-0.492560,-0.721570,7.102989
-0.511446,-0.722809,7.101215
-0.483166,-0.724021,7.099440
-0.482437,-0.725203,7.097666
-0.493576,-0.726403,7.095885
-0.490917,-0.727610,7.094102
-0.487018,-0.728808,7.092316
-0.484197,-0.730000,7.090524
-0.487522,-0.731191,7.088735
-0.474236,-0.732367,7.086940
-0.504540,-0.733576,7.085142
-0.504404,-0.734813,7.083341
-0.505774,-0.736053,7.081537
-0.512498,-0.737301,7.079733
-0.498654,-0.738539,7.077920
-0.493366,-0.739755,7.076107
-0.497261,-0.740971,7.074291
-0.513475,-0.742215,7.072472
-0.512301,-0.743471,7.070653
-0.485093,-0.744686,7.068828
-0.493655,-0.745891,7.066997
-0.483832,-0.747087,7.065166
-0.492066,-0.748286,7.063332
-0.481777,-0.749475,7.061498
-0.492851,-0.750674,7.059658
-0.499908,-0.751894,7.057815
-0.493864,-0.753111,7.055970
-0.488657,-0.754314,7.054121
-0.492501,-0.755518,7.052269
-0.486320,-0.756717,7.050414
-0.500204,-0.757931,7.048557
-0.521860,-0.759191,7.046696
-0.495701,-0.760429,7.044835
-0.480179,-0.761623,7.042966
-0.490750,-0.762817,7.041096
-0.476891,-0.764000,7.039224
-0.493766,-0.765195,7.037348
-0.492869,-0.766403,7.035473
-0.467267,-0.767573,7.033592
-0.458897,-0.768707,7.031707
-0.475104,-0.769859,7.029818
-0.488430,-0.771044,7.027928
-0.499252,-0.772257,7.026038
-0.493354,-0.773473,7.024142
-0.495690,-0.774686,7.022243
-0.505322,-0.775917,7.020342
-0.516313,-0.777175,7.018434
-0.498497,-0.778414,7.016526
-0.497342,-0.779633,7.014618
-0.497058,-0.780853,7.012705
-0.508768,-0.782090,7.010788
-0.494097,-0.783315,7.008868
-0.483974,-0.784510,7.006948
-0.477475,-0.785689,7.005019
-0.479276,-0.786863,7.003091
-0.488391,-0.788053,7.001159
-0.475944,-0.789232,6.999225
-0.486251,-0.790413,6.997290
-0.495688,-0.791620,6.995350
-0.496213,-0.792838,6.993404
-0.476090,-0.794025,6.991458
-0.472588,-0.795187,6.989509
-0.474353,-0.796348,6.987560
-0.503052,-0.797555,6.985605
-0.492112,-0.798772,6.983647
-0.488065,-0.799975,6.981684
-0.520523,-0.801221,6.979720
-0.520748,-0.802498,6.977753
-0.500186,-0.803744,6.975783
-0.496669,-0.804964,6.973813
-0.474497,-0.806149,6.971837
-0.458876,-0.807291,6.969855
-0.474930,-0.808440,6.967874
-0.472143,-0.809601,6.965889
-0.493269,-0.810789,6.963905
-0.501156,-0.812011,6.961915
-0.483383,-0.813214,6.959922
-0.476804,-0.814389,6.957926
-0.510867,-0.815611,6.955926
-0.504728,-0.816854,6.953924
-0.498108,-0.818082,6.951919
-0.469013,-0.819260,6.949911
-0.489233,-0.820441,6.947900
-0.474767,-0.821617,6.945890
-0.474980,-0.822784,6.943870
-0.482731,-0.823961,6.941850
-0.510676,-0.825187,6.939827
-0.497299,-0.826420,6.937802
-0.495497,-0.827635,6.935776
-0.492007,-0.828845,6.933745
-0.530589,-0.830110,6.931710
-0.505478,-0.831375,6.929669
-0.492774,-0.832596,6.927629
-0.495586,-0.833807,6.925588
-0.505279,-0.835037,6.923541
-0.492304,-0.836257,6.921492
-0.487601,-0.837458,6.919439
-0.479886,-0.838644,6.917380
-0.479975,-0.839819,6.915325
-0.486079,-0.841006,6.913264
-0.491311,-0.842206,6.911199
-0.513903,-0.843445,6.909132
-0.501917,-0.844688,6.907062
-0.498600,-0.845912,6.904991
-0.482826,-0.847113,6.902912
-0.497411,-0.848319,6.900832
-0.510754,-0.849559,6.898750
-0.524227,-0.850833,6.896665
-0.501234,-0.852084,6.894576
-0.501777,-0.853316,6.892481
-0.512360,-0.854563,6.890387
-0.489345,-0.855785,6.888289
-0.477566,-0.856965,6.886192
-0.488144,-0.858153,6.884088
-0.481810,-0.859340,6.881982
-0.446520,-0.860469,6.879873
-0.480400,-0.861615,6.877761
-0.505278,-0.862831,6.875646
-0.505713,-0.864071,6.873528
-0.496797,-0.865298,6.871407
-0.499536,-0.866521,6.869283
-0.503769,-0.867751,6.867159
-0.490437,-0.868968,6.865026
-0.488346,-0.870168,6.862893
-0.490722,-0.871369,6.860758
-0.473836,-0.872546,6.858622
-0.470426,-0.873703,6.856480
-0.473779,-0.874862,6.854336
-0.471886,-0.876021,6.852189
-0.493218,-0.877213,6.850035
-0.507164,-0.878443,6.847882
-0.515205,-0.879698,6.845729
-0.495297,-0.880931,6.843570
-0.477159,-0.882119,6.841407
-0.474732,-0.883284,6.839246
-0.482507,-0.884462,6.837074
-0.495958,-0.885666,6.834903
-0.496675,-0.886883,6.832729
-0.477778,-0.888071,6.830556
-0.495587,-0.889270,6.828376
-0.490324,-0.890477,6.826193
-0.495993,-0.891689,6.824008
-0.499777,-0.892911,6.821819
-0.502719,-0.894141,6.819627
-0.493329,-0.895360,6.817433
-0.488267,-0.896563,6.815235
-0.463939,-0.897722,6.813038
-0.490317,-0.898899,6.810835
-0.485477,-0.900097,6.808625
-0.462655,-0.901253,6.806416
-0.483592,-0.902419,6.804204
-0.480094,-0.903598,6.801992
-0.498912,-0.904805,6.799774
-0.482829,-0.906004,6.797553
-0.474023,-0.907173,6.795333
-0.494299,-0.908368,6.793103
-0.490140,-0.909575,6.790873
-0.498644,-0.910790,6.788641
-0.494563,-0.912007,6.786405
-0.503390,-0.913231,6.784170
-0.503700,-0.914466,6.781929
-0.503970,-0.915704,6.779681
-0.493655,-0.916925,6.777433
-0.485310,-0.918123,6.775183
-0.482223,-0.919309,6.772929
-0.485208,-0.920496,6.770673
-0.478602,-0.921674,6.768417
-0.517808,-0.922908,6.766155
-0.492917,-0.924142,6.763886
-0.495394,-0.925355,6.761618
-0.513950,-0.926598,6.759346
-0.466414,-0.927785,6.757076
-0.451387,-0.928906,6.754799
-0.464902,-0.930034,6.752519
-0.494780,-0.931221,6.750232
-0.485777,-0.932421,6.747947
-0.488188,-0.933614,6.745662
-0.502257,-0.934833,6.743370
-0.506169,-0.936071,6.741076
-0.475390,-0.937266,6.738778
-0.466819,-0.938421,6.736474
-0.494398,-0.939606,6.734175
-0.491773,-0.940815,6.731868
-0.475977,-0.941997,6.729559
-0.500679,-0.943202,6.727247
-0.487976,-0.944411,6.724932
-0.481450,-0.945600,6.722611
-0.508724,-0.946820,6.720293
-0.502923,-0.948059,6.717969
-0.487438,-0.949269,6.715643
-0.496273,-0.950478,6.713313
-0.481809,-0.951673,6.710980
-0.485265,-0.952859,6.708648
-0.483743,-0.954048,6.706305
-0.463934,-0.955205,6.703964
-0.473951,-0.956358,6.701619
-0.460323,-0.957500,6.699272
-0.470997,-0.958643,6.696926
-0.460040,-0.959782,6.694573
-0.454774,-0.960904,6.692214
-0.463067,-0.962032,6.689855
-0.481245,-0.963196,6.687494
-0.520417,-0.964434,6.685134
-0.510213,-0.965695,6.682767
-0.485371,-0.966909,6.680397
-0.457054,-0.968056,6.678024
-0.465529,-0.969192,6.675644
-0.479309,-0.970353,6.673269
-0.508132,-0.971572,6.670887
-0.489400,-0.972790,6.668503
-0.479191,-0.973975,6.666115
-0.504774,-0.975189,6.663725
-0.497237,-0.976416,6.661331
-0.479396,-0.977609,6.658935
-0.470641,-0.978771,6.656535
-0.465934,-0.979919,6.654133
-0.466785,-0.981063,6.651728
-0.482381,-0.982229,6.649324
-0.500586,-0.983440,6.646913
-0.492505,-0.984658,6.644496
-0.496678,-0.985872,6.642079
-0.489720,-0.987080,6.639659
-0.489844,-0.988279,6.637240
-0.500119,-0.989496,6.634815
-0.506936,-0.990734,6.632386
-0.491714,-0.991956,6.629951
-0.506678,-0.993183,6.627520
-0.505056,-0.994423,6.625082
-0.497086,-0.995650,6.622642
-0.495811,-0.996867,6.620198
-0.474137,-0.998050,6.617751
-0.492439,-0.999243,6.615298
-0.493587,-1.000451,6.612849
-0.503000,-1.001676,6.610394
-0.495856,-1.002899,6.607935
-0.527439,-1.004163,6.605474
-0.500569,-1.005416,6.603009
-0.508593,-1.006658,6.600538
-0.492661,-1.007879,6.598071
-0.483737,-1.009074,6.595597
-0.509697,-1.010300,6.593121
-0.488731,-1.011518,6.590641
-0.502538,-1.012738,6.588159
-0.497240,-1.013963,6.585673
-0.471611,-1.015145,6.583181
-0.498627,-1.016343,6.580689
-0.495824,-1.017560,6.578199
-0.474174,-1.018743,6.575701
-0.487936,-1.019927,6.573201
-0.498804,-1.021141,6.570698
-0.486701,-1.022348,6.568188
-0.485695,-1.023540,6.565679
-0.499973,-1.024753,6.563166
-0.511220,-1.025994,6.560655
-0.508565,-1.027244,6.558137
-0.501332,-1.028481,6.555616
-0.505752,-1.029719,6.553088
-0.500329,-1.030951,6.550561
-0.482195,-1.032149,6.548034
-0.506092,-1.033368,6.545501
-0.516922,-1.034626,6.542965
-0.527106,-1.035909,6.540425
-0.496752,-1.037158,6.537879
-0.499956,-1.038380,6.535337
-0.498201,-1.039603,6.532789
-0.496037,-1.040822,6.530237
-0.496296,-1.042039,6.527683
-0.485947,-1.043239,6.525130
-0.459865,-1.044391,6.522569
-0.471021,-1.045538,6.520002
-0.476984,-1.046702,6.517436
-0.478934,-1.047874,6.514871
-0.516165,-1.049105,6.512299
-0.462848,-1.050290,6.509725
-0.492706,-1.051471,6.507147
-0.502908,-1.052693,6.504570
-0.487592,-1.053905,6.501983
-0.493382,-1.055110,6.499396
-0.505634,-1.056337,6.496811
-0.501815,-1.057571,6.494218
-0.497565,-1.058795,6.491623
-0.501900,-1.060022,6.489024
-0.513737,-1.061273,6.486418
-0.488635,-1.062494,6.483818
-0.472467,-1.063668,6.481210
-0.467151,-1.064818,6.478600
-0.460039,-1.065953,6.475987
-0.485630,-1.067121,6.473371
-0.482234,-1.068309,6.470748
-0.496896,-1.069512,6.468130
-0.505478,-1.070744,6.465505
-0.498280,-1.071973,6.462877
-0.500262,-1.073198,6.460246
-0.468700,-1.074375,6.457616
-0.474443,-1.075533,6.454980
-0.485113,-1.076715,6.452336
-0.499524,-1.077927,6.449693
-0.476035,-1.079115,6.447052
-0.468688,-1.080271,6.444404
-0.486389,-1.081448,6.441753
-0.488597,-1.082644,6.439099
-0.480413,-1.083832,6.436437
-0.490743,-1.085024,6.433782
-0.494593,-1.086234,6.431119
-0.511145,-1.087472,6.428453
-0.512621,-1.088728,6.425784
-0.502635,-1.089968,6.423116
-0.493223,-1.091187,6.420441
-0.472588,-1.092367,6.417759
-0.451603,-1.093495,6.415078
-0.455902,-1.094609,6.412395
-0.470903,-1.095748,6.409712
-0.488502,-1.096930,6.407023
-0.480619,-1.098116,6.404331
-0.473372,-1.099286,6.401632
-0.471782,-1.100443,6.398938
-0.478442,-1.101610,6.396238
-0.488506,-1.102799,6.393534
-0.459654,-1.103953,6.390828
-0.472122,-1.105098,6.388123
-0.506233,-1.106308,6.385411
-0.504386,-1.107549,6.382691
-0.506643,-1.108789,6.379973
-0.506601,-1.110030,6.377256
-0.503557,-1.111268,6.374532
-0.484519,-1.112474,6.371805
-0.486463,-1.113664,6.369079
-0.500420,-1.114878,6.366346
-0.479243,-1.116075,6.363605
-0.488509,-1.117263,6.360870
-0.464072,-1.118424,6.358129
-0.487363,-1.119598,6.355384
-0.503710,-1.120818,6.352636
-0.497797,-1.122043,6.349890
-0.486832,-1.123249,6.347132
-0.478189,-1.124430,6.344375
-0.482348,-1.125609,6.341616
-0.513572,-1.126838,6.338857
-0.529892,-1.128122,6.336092
-0.497566,-1.129373,6.333323
-0.473607,-1.130557,6.330552
-0.494267,-1.131750,6.327777
-0.491736,-1.132959,6.325000
-0.483578,-1.134152,6.322219
-0.499512,-1.135363,6.319436
-0.503791,-1.136594,6.316649
-0.490439,-1.137808,6.313864
-0.494126,-1.139019,6.311068
-0.506042,-1.140249,6.308272
-0.493090,-1.141470,6.305474
-0.501255,-1.142692,6.302673
-0.498457,-1.143915,6.299873
-0.490246,-1.145126,6.297065
-0.490048,-1.146328,6.294255
-0.510817,-1.147563,6.291437
-0.504062,-1.148804,6.288625
-0.477344,-1.150000,6.285806
-0.461528,-1.151147,6.282984
-0.485053,-1.152314,6.280159
-0.489469,-1.153509,6.277335
-0.495113,-1.154720,6.274500
-0.489988,-1.155927,6.271666
-0.480452,-1.157114,6.268829
-0.477517,-1.158286,6.265994
-0.505018,-1.159499,6.263152
-0.488126,-1.160712,6.260306
-0.497746,-1.161924,6.257457
-0.495902,-1.163142,6.254606
-0.493609,-1.164355,6.251751
-0.493665,-1.165566,6.248894
-0.493092,-1.166776,6.246033
-0.489677,-1.167980,6.243170
-0.476368,-1.169161,6.240304
-0.466821,-1.170317,6.237430
-0.466295,-1.171460,6.234563
-0.493546,-1.172645,6.231688
-0.506810,-1.173875,6.228810
-0.491386,-1.175095,6.225929
-0.474243,-1.176274,6.223045
-0.490115,-1.177460,6.220163
-0.500214,-1.178679,6.217269
-0.505355,-1.179914,6.214376
-0.476783,-1.181110,6.211481
-0.498549,-1.182313,6.208582
-0.511188,-1.183553,6.205685
-0.498012,-1.184787,6.202780
-0.515111,-1.186036,6.199868
-0.514439,-1.187299,6.196958
-0.491958,-1.188526,6.194044
-0.486006,-1.189722,6.191132
-0.502948,-1.190940,6.188212
-0.503147,-1.192174,6.185289
-0.509170,-1.193419,6.182359
-0.494039,-1.194645,6.179430
-0.474915,-1.195826,6.176503
-0.498875,-1.197027,6.173568
-0.506390,-1.198262,6.170631
-0.509077,-1.199508,6.167690
-0.489384,-1.200729,6.164742
-0.508789,-1.201957,6.161800
-0.510752,-1.203208,6.158850
-0.499386,-1.204444,6.155897
-0.492139,-1.205658,6.152941
-0.507072,-1.206887,6.149982
-0.508240,-1.208131,6.147025
-0.505597,-1.209376,6.144056
-0.489625,-1.210592,6.141088
-0.482050,-1.211781,6.138117
-0.508507,-1.213002,6.135148
-0.481688,-1.214208,6.132171
-0.480287,-1.215388,6.129191
-0.462139,-1.216540,6.126204
-0.485933,-1.217710,6.123219
-0.500437,-1.218922,6.120235
-0.498966,-1.220147,6.117243
-0.523787,-1.221408,6.114249
-0.497039,-1.222653,6.111252
-0.507281,-1.223887,6.108251
-0.526255,-1.225162,6.105243
-0.503906,-1.226417,6.102241
-0.509825,-1.227662,6.099231
-0.507925,-1.228910,6.096218
-0.495289,-1.230137,6.093202
-0.491913,-1.231346,6.090184
-0.487472,-1.232546,6.087162
-0.482714,-1.233735,6.084137
-0.467410,-1.234896,6.081110
-0.482155,-1.236064,6.078079
-0.489225,-1.237258,6.075046
-0.490637,-1.238460,6.072010
-0.497002,-1.239671,6.068975
-0.521909,-1.240930,6.065928
-0.514831,-1.242199,6.062883
-0.491749,-1.243427,6.059834
-0.477460,-1.244612,6.056783
-0.487978,-1.245797,6.053733
-0.503850,-1.247018,6.050676
-0.480541,-1.248220,6.047611
-0.485067,-1.249404,6.044553
-0.487951,-1.250598,6.041487
-0.518542,-1.251842,6.038417
-0.502530,-1.253089,6.035345
-0.483791,-1.254291,6.032275
-0.498600,-1.255502,6.029192
-0.516204,-1.256752,6.026111
-0.497586,-1.257988,6.023032
-0.488101,-1.259194,6.019945
-0.496508,-1.260404,6.016855
-0.503959,-1.261631,6.013766
-0.488974,-1.262845,6.010670
-0.483602,-1.264038,6.007566
-0.482766,-1.265223,6.004464
-0.494618,-1.266423,6.001364
-0.488896,-1.267628,5.998257
-0.496586,-1.268839,5.995146
-0.490587,-1.270048,5.992032
-0.505021,-1.271271,5.988920
-0.510230,-1.272519,5.985795
-0.495742,-1.273749,5.982673
-0.501760,-1.274972,5.979552
-0.518929,-1.276229,5.976423
-0.485944,-1.277452,5.973291
-0.498378,-1.278663,5.970156
-0.486819,-1.279869,5.967013
-0.486417,-1.281063,5.963873
-0.501335,-1.282279,5.960729
-0.499746,-1.283504,5.957587
-0.496519,-1.284725,5.954437
-0.498504,-1.285946,5.951285
-0.516812,-1.287198,5.948124
-0.490899,-1.288427,5.944965
-0.485601,-1.289621,5.941808
-0.495341,-1.290827,5.938643
-0.500700,-1.292050,5.935476
-0.490623,-1.293263,5.932305
-0.470146,-1.294435,5.929131
-0.493393,-1.295625,5.925950
-0.504220,-1.296850,5.922775
-0.507030,-1.298091,5.919593
-0.492064,-1.299312,5.916407
-0.502804,-1.300535,5.913219
-0.491894,-1.301752,5.910027
-0.500702,-1.302974,5.906828
-0.511485,-1.304216,5.903635
-0.508466,-1.305466,5.900435
-0.498543,-1.306699,5.897231
-0.504921,-1.307931,5.894024
-0.513290,-1.309180,5.890820
-0.497248,-1.310415,5.887607
-0.514589,-1.311663,5.884386
-0.509565,-1.312918,5.881167
-0.494210,-1.314144,5.877945
-0.489641,-1.315349,5.874721
-0.511742,-1.316582,5.871498
-0.511641,-1.317837,5.868267
-0.484946,-1.319054,5.865028
-0.489641,-1.320250,5.861791
-0.495510,-1.321458,5.858556
-0.511060,-1.322697,5.855313
-0.499342,-1.323933,5.852067
-0.499184,-1.325158,5.848819
-0.490302,-1.326370,5.845562
-0.509175,-1.327600,5.842312
-0.491054,-1.328821,5.839054
-0.512301,-1.330058,5.835793
-0.521631,-1.331327,5.832534
-0.505061,-1.332581,5.829267
-0.525038,-1.333850,5.825997
-0.507610,-1.335112,5.822723
-0.511373,-1.336362,5.819447
-0.509895,-1.337615,5.816168
-0.506468,-1.338858,5.812890
-0.475407,-1.340053,5.809605
-0.489064,-1.341240,5.806316
-0.507288,-1.342467,5.803025
-0.502332,-1.343704,5.799731
-0.473991,-1.344893,5.796433
-0.488260,-1.346078,5.793133
-0.503750,-1.347299,5.789830
-0.509340,-1.348541,5.786529
-0.505600,-1.349785,5.783219
-0.494061,-1.351009,5.779902
-0.497094,-1.352226,5.776587
-0.488029,-1.353429,5.773273
-0.500235,-1.354645,5.769952
-0.520141,-1.355902,5.766628
-0.519212,-1.357176,5.763300
-0.492438,-1.358409,5.759970
-0.492579,-1.359617,5.756637
-0.499864,-1.360837,5.753300
-0.496661,-1.362058,5.749961
-0.504216,-1.363288,5.746618
-0.521893,-1.364549,5.743278
-0.515294,-1.365819,5.739929
-0.528827,-1.367106,5.736572
-0.504255,-1.368366,5.733218
-0.481616,-1.369566,5.729865
-0.468411,-1.370728,5.726504
-0.484072,-1.371900,5.723141
-0.477096,-1.373077,5.719774
-0.493897,-1.374271,5.716410
-0.481238,-1.375465,5.713032
-0.504108,-1.376680,5.709657
-0.495369,-1.377903,5.706279
-0.486230,-1.379103,5.702903
-0.476851,-1.380281,5.699519
-0.482029,-1.381459,5.696131
-0.494224,-1.382658,5.692747
-0.497359,-1.383877,5.689348
-0.486586,-1.385080,5.685953
-0.493794,-1.386285,5.682554
-0.468208,-1.387457,5.679152
-0.460617,-1.388592,5.675753
-0.481633,-1.389754,5.672345
-0.500089,-1.390965,5.668929
-0.499706,-1.392191,5.665516
-0.495213,-1.393410,5.662100
-0.486418,-1.394610,5.658686
-0.505204,-1.395831,5.655264
-0.510921,-1.397079,5.651838
-0.484810,-1.398295,5.648405
-0.458599,-1.399442,5.644979
-0.451396,-1.400556,5.641545
-0.470405,-1.401692,5.638108
-0.486533,-1.402870,5.634668
-0.479644,-1.404051,5.631231
-0.496153,-1.405253,5.627786
-0.478761,-1.406445,5.624332
-0.479657,-1.407619,5.620886
-0.484277,-1.408803,5.617432
-0.471570,-1.409971,5.613975
-0.475366,-1.411134,5.610515
-0.463499,-1.412280,5.607058
-0.481500,-1.413444,5.603593
-0.468992,-1.414608,5.600119
-0.480505,-1.415776,5.596648
-0.471377,-1.416939,5.593179
-0.488485,-1.418121,5.589702
-0.508405,-1.419350,5.586222
-0.517536,-1.420610,5.582739
-0.493986,-1.421844,5.579253
-0.489463,-1.423049,5.575764
-0.497026,-1.424261,5.572272
-0.489017,-1.425468,5.568777
-0.501307,-1.426686,5.565279
-0.476578,-1.427878,5.561778
-0.469747,-1.429035,5.558280
-0.485333,-1.430213,5.554767
-0.485320,-1.431403,5.551258
-0.484996,-1.432591,5.547751
-0.492185,-1.433792,5.544235
-0.511417,-1.435028,5.540717
-0.515678,-1.436289,5.537196
-0.511596,-1.437548,5.533671
-0.504162,-1.438791,5.530143
-0.492551,-1.440010,5.526613
-0.468862,-1.441183,5.523079
-0.471647,-1.442337,5.519543
-0.450103,-1.443461,5.516004
-0.468333,-1.444593,5.512462
-0.453183,-1.445719,5.508917
-0.452243,-1.446829,5.505369
-0.481424,-1.447982,5.501819
-0.479286,-1.449158,5.498271
-0.491799,-1.450353,5.494715
-0.508674,-1.451584,5.491156
-0.519516,-1.452851,5.487589
-0.508828,-1.454109,5.484024
-0.503183,-1.455348,5.480455
-0.505109,-1.456583,5.476890
-0.492317,-1.457803,5.473315
-0.495168,-1.459015,5.469738
-0.475332,-1.460201,5.466153
-0.488584,-1.461387,5.462569
-0.480248,-1.462571,5.458989
-0.488721,-1.463762,5.455400
-0.496633,-1.464973,5.451808
-0.495016,-1.466188,5.448213
-0.498851,-1.467410,5.444610
-0.500516,-1.468635,5.441015
-0.489251,-1.469845,5.437411
-0.489652,-1.471046,5.433804
-0.487698,-1.472242,5.430200
-0.482278,-1.473430,5.426587
-0.476246,-1.474604,5.422972
-0.471055,-1.475766,5.419348
-0.482631,-1.476939,5.415726
-0.490115,-1.478132,5.412108
-0.514287,-1.479371,5.408481
-0.490175,-1.480596,5.404850
-0.498860,-1.481812,5.401217
-0.512298,-1.483058,5.397575
-0.517600,-1.484320,5.393942
-0.518175,-1.485591,5.390299
-0.515319,-1.486857,5.386654
-0.510904,-1.488115,5.383005
-0.489678,-1.489334,5.379359
-0.492216,-1.490539,5.375705
-0.487575,-1.491741,5.372042
-0.474427,-1.492917,5.368381
-0.460616,-1.494058,5.364724
-0.478734,-1.495215,5.361058
-0.466500,-1.496371,5.357389
-0.478233,-1.497531,5.353723
-0.483883,-1.498713,5.350048
-0.509751,-1.499941,5.346364
-0.506142,-1.501185,5.342684
-0.535285,-1.502471,5.339000
-0.503819,-1.503734,5.335319
-0.514085,-1.504986,5.331629
-0.525916,-1.506265,5.327936
-0.528539,-1.507561,5.324234
-0.511783,-1.508830,5.320540
-0.505506,-1.510076,5.316838
-0.494585,-1.511299,5.313132
-0.490129,-1.512505,5.309424
-0.482783,-1.513696,5.305712
-0.485686,-1.514883,5.302004
-0.491101,-1.516085,5.298281
-0.487313,-1.517283,5.294561
-0.474335,-1.518459,5.290838
-0.472213,-1.519617,5.287117
-0.497480,-1.520814,5.283388
-0.514515,-1.522060,5.279657
-0.512124,-1.523320,5.275916
-0.499440,-1.524555,5.272184
-0.493912,-1.525772,5.268443
-0.494018,-1.526984,5.264699
-0.500288,-1.528205,5.260952
-0.478837,-1.529398,5.257208
-0.460721,-1.530545,5.253455
-0.474341,-1.531697,5.249693
-0.482609,-1.532873,5.245935
-0.484076,-1.534057,5.242179
-0.474068,-1.535230,5.238415
-0.486443,-1.536411,5.234648
-0.457229,-1.537560,5.230878
-0.466652,-1.538696,5.227105
-0.482153,-1.539864,5.223330
-0.488481,-1.541056,5.219551
-0.502389,-1.542276,5.215770
-0.496180,-1.543497,5.211991
-0.486694,-1.544699,5.208204
-0.519905,-1.545943,5.204413
-0.525105,-1.547228,5.200614
-0.496794,-1.548474,5.196817
-0.479291,-1.549664,5.193023
-0.475644,-1.550834,5.189221
-0.488966,-1.552021,5.185415
-0.468856,-1.553190,5.181607
-0.459552,-1.554325,5.177796
-0.475029,-1.555476,5.173982
-0.491366,-1.556666,5.170165
-0.496020,-1.557876,5.166351
-0.509805,-1.559114,5.162529
-0.501877,-1.560353,5.158703
-0.482460,-1.561556,5.154868
-0.483963,-1.562740,5.151042
-0.499715,-1.563951,5.147208
-0.502790,-1.565181,5.143370
-0.500917,-1.566412,5.139529
-0.492678,-1.567628,5.135686
-0.503240,-1.568850,5.131845
-0.504969,-1.570089,5.127989
-0.510063,-1.571336,5.124137
-0.494506,-1.572563,5.120281
-0.473266,-1.573742,5.116428
-0.453464,-1.574873,5.112567
-0.472781,-1.576014,5.108702
-0.490728,-1.577199,5.104841
-0.499240,-1.578418,5.100965
-0.484726,-1.579621,5.097092
-0.504214,-1.580837,5.093222
-0.505628,-1.582076,5.089343
-0.498282,-1.583303,5.085467
-0.484733,-1.584505,5.081582
-0.481242,-1.585689,5.077694
-0.471344,-1.586856,5.073797
-0.472305,-1.588013,5.069903
-0.459534,-1.589151,5.066012
-0.471063,-1.590295,5.062113
-0.479893,-1.591464,5.058211
-0.496477,-1.592666,5.054306
-0.492209,-1.593878,5.050398
-0.532101,-1.595146,5.046487
-0.513501,-1.596423,5.042572
-0.507576,-1.597673,5.038655
-0.484767,-1.598884,5.034735
-0.476179,-1.600058,5.030818
-0.468685,-1.601214,5.026892
-0.470118,-1.602368,5.022957
-0.455457,-1.603497,5.019031
-0.467432,-1.604632,5.015096
-0.489644,-1.605813,5.011159
-0.502809,-1.607034,5.007219
-0.509172,-1.608275,5.003281
-0.508862,-1.609525,4.999329
-0.499666,-1.610759,4.995379
-0.490684,-1.611971,4.991427
-0.481415,-1.613159,4.987478
-0.488413,-1.614350,4.983519
-0.486312,-1.615545,4.979558
-0.489763,-1.616743,4.975594
-0.502890,-1.617964,4.971627
-0.482637,-1.619167,4.967657
-0.496599,-1.620372,4.963684
-0.510395,-1.621611,4.959708
-0.516025,-1.622870,4.955735
-0.521927,-1.624144,4.951752
-0.486001,-1.625372,4.947761
-0.485453,-1.626563,4.943773
-0.516372,-1.627801,4.939782
-0.528273,-1.629084,4.935793
-0.516175,-1.630361,4.931796
-0.500784,-1.631604,4.927795
-0.496541,-1.632828,4.923786
-0.514279,-1.634073,4.919779
-0.496079,-1.635306,4.915769
-0.481491,-1.636499,4.911763
-0.490737,-1.637694,4.907748
-0.468150,-1.638864,4.903729
-0.457636,-1.639996,4.899708
-0.469746,-1.641139,4.895677
-0.498546,-1.642333,4.891657
-0.507778,-1.643570,4.887627
-0.500996,-1.644805,4.883594
-0.503026,-1.646037,4.879558
-0.518768,-1.647293,4.875525
-0.517421,-1.648565,4.871477
-0.488068,-1.649790,4.867432
-0.507903,-1.651015,4.863390
-0.509774,-1.652264,4.859338
-0.489869,-1.653484,4.855284
-0.491117,-1.654687,4.851227
-0.497910,-1.655900,4.847173
-0.470936,-1.657083,4.843104
-0.478428,-1.658249,4.839038
-0.459000,-1.659391,4.834975
-0.464745,-1.660526,4.830904
-0.485769,-1.661698,4.826829
-0.483206,-1.662885,4.822752
-0.474949,-1.664060,4.818665
-0.480660,-1.665232,4.814588
-0.455179,-1.666372,4.810503
-0.479277,-1.667525,4.806414
-0.446788,-1.668651,4.802322
-0.458061,-1.669764,4.798228
-0.456686,-1.670884,4.794137
-0.443511,-1.671986,4.790031
-0.440025,-1.673069,4.785929
-0.444434,-1.674153,4.781830
-0.442928,-1.675241,4.777722
-0.449775,-1.676338,4.773612
-0.431537,-1.677412,4.769505
-0.436243,-1.678477,4.765389
-0.431875,-1.679542,4.761264
-0.429942,-1.680599,4.757143
-0.432793,-1.681658,4.753020
-0.432608,-1.682717,4.748900
-0.414739,-1.683751,4.744771
-0.421338,-1.684779,4.740640
-0.438927,-1.685840,4.736500
-0.429224,-1.686901,4.732370
-0.451871,-1.687988,4.728231
-0.422228,-1.689051,4.724089
-0.425781,-1.690091,4.719951
-0.428417,-1.691139,4.715805
-0.439582,-1.692207,4.711655
-0.430262,-1.693272,4.707497
-0.422025,-1.694314,4.703348
-0.384000,-1.695291,4.699192
-0.372437,-1.696216,4.695032
-0.381172,-1.697141,4.690877
-0.384849,-1.698082,4.686713
-0.390699,-1.699036,4.682540
-0.382711,-1.699982,4.678371
-0.400541,-1.700946,4.674207
-0.416045,-1.701952,4.670033
-0.412925,-1.702968,4.665858
-0.395211,-1.703954,4.661679
-0.412067,-1.704947,4.657505
-0.400178,-1.705942,4.653315
-0.381212,-1.706895,4.649130
-0.403780,-1.707864,4.644942
-0.398044,-1.708846,4.640751
-0.374608,-1.709785,4.636565
-0.367845,-1.710693,4.632370
-0.378320,-1.711613,4.628167
-0.379376,-1.712543,4.623967
-0.401941,-1.713507,4.619765
-0.416318,-1.714515,4.615561
-0.400781,-1.715511,4.611361
-0.412337,-1.716512,4.607152
-0.391677,-1.717492,4.602940
-0.348648,-1.718389,4.598720
-0.317427,-1.719195,4.594511
-0.291794,-1.719935,4.590293
-0.322004,-1.720697,4.586073
-0.307533,-1.721464,4.581852
-0.285629,-1.722184,4.577635
-0.288465,-1.722890,4.573403
-0.338551,-1.723674,4.569176
-0.391800,-1.724585,4.564947
-0.387172,-1.725539,4.560716
-0.395890,-1.726502,4.556482
-0.431353,-1.727525,4.552252
-0.414588,-1.728558,4.548014
-0.399019,-1.729553,4.543766
-0.374062,-1.730494,4.539523
-0.391099,-1.731435,4.535284
-0.379650,-1.732377,4.531035
-0.377153,-1.733305,4.526785
-0.419095,-1.734294,4.522532
-0.403199,-1.735297,4.518277
-0.370662,-1.736237,4.514019
-0.321228,-1.737071,4.509760
-0.336512,-1.737882,4.505498
-0.327319,-1.738694,4.501234
-0.295831,-1.739448,4.496975
-0.274499,-1.740141,4.492708
-0.304026,-1.740860,4.488432
-0.314378,-1.741622,4.484161
-0.309251,-1.742384,4.479895
-0.298129,-1.743126,4.475620
-0.312698,-1.743879,4.471343
-0.334865,-1.744680,4.467065
-0.306690,-1.745458,4.462785
-0.304715,-1.746207,4.458502
-0.341113,-1.747010,4.454218
-0.350329,-1.747861,4.449932
-0.349941,-1.748718,4.445650
-0.344162,-1.749568,4.441360
-0.379048,-1.750465,4.437067
-0.389372,-1.751410,4.432773
-0.381824,-1.752354,4.428475
-0.370429,-1.753273,4.424176
-0.352685,-1.754155,4.419874
-0.328256,-1.754982,4.415578
-0.350562,-1.755821,4.411272
-0.310589,-1.756621,4.406957
-0.292829,-1.757355,4.402654
-0.296268,-1.758078,4.398343
-0.295079,-1.758803,4.394030
-0.293083,-1.759523,4.389722
-0.302193,-1.760256,4.385405
-0.287630,-1.760975,4.381086
-0.294784,-1.761692,4.376759
-0.292558,-1.762411,4.372444
-0.324392,-1.763177,4.368120
-0.311046,-1.763952,4.363794
-0.322220,-1.764731,4.359473
-0.338539,-1.765546,4.355144
-0.344838,-1.766386,4.350812
-0.342083,-1.767227,4.346478
-0.335660,-1.768057,4.342143
-0.317307,-1.768852,4.337805
-0.323822,-1.769639,4.333472
-0.310033,-1.770413,4.329130
-0.320820,-1.771189,4.324787
-0.329383,-1.771988,4.320448
-0.310544,-1.772769,4.316094
-0.314830,-1.773537,4.311745
-0.310200,-1.774302,4.307394
-0.341418,-1.775109,4.303047
-0.334264,-1.775936,4.298692
-0.313881,-1.776723,4.294342
-0.292599,-1.777461,4.289983
-0.289892,-1.778176,4.285615
-0.287606,-1.778883,4.281253
-0.284196,-1.779583,4.276896
-0.281407,-1.780275,4.272530
-0.279450,-1.780963,4.268162
-0.280752,-1.781650,4.263793
-0.270676,-1.782323,4.259422
-0.272328,-1.782990,4.255049
-0.285337,-1.783678,4.250675
-0.278900,-1.784367,4.246306
-0.274974,-1.785045,4.241928
-0.296461,-1.785752,4.237549
-0.290393,-1.786469,4.233175
-0.263000,-1.787141,4.228785
-0.262883,-1.787786,4.224401
-0.259904,-1.788425,4.220022
-0.263139,-1.789067,4.215634
-0.286340,-1.789748,4.211245
-0.285370,-1.790449,4.206854
-0.267197,-1.791122,4.202455
-0.263180,-1.791771,4.198061
-0.270386,-1.792427,4.193672
-0.276021,-1.793099,4.189274
-0.272478,-1.793770,4.184875
-0.272243,-1.794437,4.180482
-0.259501,-1.795086,4.176079
-0.258101,-1.795721,4.171669
-0.253005,-1.796347,4.167263
-0.230167,-1.796932,4.162863
-0.248479,-1.797524,4.158455
-0.239260,-1.798119,4.154045
-0.243274,-1.798711,4.149641
-0.235691,-1.799297,4.145228
-0.222928,-1.799856,4.140807
-0.258014,-1.800456,4.136392
-0.253868,-1.801083,4.131974
-0.241154,-1.801685,4.127563
-0.270893,-1.802322,4.123143
-0.264939,-1.802977,4.118721
-0.264778,-1.803628,4.114291
-0.238038,-1.804236,4.109873
-0.259170,-1.804852,4.105447
-0.264647,-1.805496,4.101019
-0.266368,-1.806147,4.096597
-0.263624,-1.806796,4.092165
-0.250859,-1.807423,4.087733
-0.252298,-1.808042,4.083292
-0.261943,-1.808675,4.078856
-0.233127,-1.809274,4.074419
-0.226457,-1.809836,4.069981
-0.204244,-1.810356,4.065548
-0.214943,-1.810874,4.061107
-0.237624,-1.811436,4.056657
-0.219404,-1.811990,4.052220
-0.226843,-1.812540,4.047775
-0.220164,-1.813086,4.043329
-0.245155,-1.813664,4.038880
-0.232922,-1.814246,4.034438
-0.237597,-1.814825,4.029980
-0.236663,-1.815407,4.025528
-0.213750,-1.815952,4.021075
-0.219873,-1.816485,4.016627
-0.222691,-1.817029,4.012170
-0.247174,-1.817612,4.007713
-0.225650,-1.818186,4.003254
-0.224731,-1.818738,3.998793
-0.220089,-1.819282,3.994331
-0.238723,-1.819850,3.989868
-0.232132,-1.820425,3.985411
-0.227753,-1.820988,3.980945
-0.220197,-1.821535,3.976478
-0.200046,-1.822045,3.972002
-0.184910,-1.822512,3.967539
-0.168935,-1.822941,3.963069
-0.183514,-1.823378,3.958596
-0.193415,-1.823842,3.954130
-0.172371,-1.824285,3.949656
-0.181817,-1.824722,3.945181
-0.189376,-1.825180,3.940698
-0.203187,-1.825666,3.936220
-0.212571,-1.826177,3.931749
-0.198488,-1.826677,3.927269
-0.180949,-1.827138,3.922788
-0.212854,-1.827630,3.918305
-0.227131,-1.828173,3.913829
-0.192853,-1.828679,3.909337
-0.154276,-1.829093,3.904851
-0.161196,-1.829482,3.900364
-0.186843,-1.829916,3.895883
-0.189203,-1.830378,3.891394
-0.172425,-1.830816,3.886904
-0.157362,-1.831217,3.882405
-0.160445,-1.831607,3.877920
-0.160902,-1.832001,3.873427
-0.165588,-1.832403,3.868933
-0.177891,-1.832828,3.864438
-0.147501,-1.833218,3.859942
-0.143212,-1.833574,3.855438
-0.149089,-1.833934,3.850947
-0.176494,-1.834341,3.846448
-0.188095,-1.834792,3.841948
-0.170420,-1.835226,3.837447
-0.147612,-1.835610,3.832945
-0.144657,-1.835967,3.828442
-0.148602,-1.836329,3.823931
-0.143768,-1.836685,3.819434
-0.148264,-1.837045,3.814928
-0.121427,-1.837368,3.810422
-0.126066,-1.837672,3.805915
-0.123256,-1.837977,3.801414
-0.116039,-1.838269,3.796898
-0.148509,-1.838603,3.792388
-0.162721,-1.838988,3.787878
-0.177045,-1.839409,3.783374
-0.164555,-1.839824,3.778862
-0.159761,-1.840220,3.774348
-0.150503,-1.840598,3.769834
-0.145989,-1.840961,3.765312
-0.136878,-1.841305,3.760803
-0.130126,-1.841631,3.756279
-0.136241,-1.841959,3.751768
-0.157982,-1.842326,3.747250
-0.152550,-1.842705,3.742731
-0.147817,-1.843073,3.738203
-0.147677,-1.843435,3.733682
-0.150430,-1.843802,3.729160
-0.127737,-1.844136,3.724644
-0.048791,-1.844329,3.720120
-0.093523,-1.844517,3.715596
-0.115371,-1.844780,3.711065
-0.044068,-1.844954,3.706539
-0.099235,-1.845146,3.702014
-0.135006,-1.845443,3.697495
-0.153238,-1.845802,3.692967
-0.138758,-1.846156,3.688440
-0.138280,-1.846496,3.683904
-0.151783,-1.846855,3.679381
-0.129592,-1.847194,3.674851
-0.127405,-1.847509,3.670319
-0.112212,-1.847798,3.665787
-0.138797,-1.848114,3.661255
-0.119355,-1.848424,3.656728
-0.045590,-1.848605,3.652187
-0.094184,-1.848791,3.647652
-0.103322,-1.849036,3.643117
-0.039465,-1.849192,3.638589
-0.079127,-1.849349,3.634053
-0.100687,-1.849576,3.629516
-0.105595,-1.849830,3.624986
-0.040334,-1.849990,3.620442
-0.015406,-1.850051,3.615904
-0.005885,-1.850075,3.611366
-0.002248,-1.850084,3.606828
-0.072648,-1.850196,3.602297
-0.093517,-1.850406,3.597759
-0.122115,-1.850679,3.593212
-0.112445,-1.850964,3.588673
-0.138074,-1.851278,3.584139
-0.133573,-1.851610,3.579598
-0.114197,-1.851908,3.575056
-0.120165,-1.852197,3.570520
-0.045899,-1.852379,3.565977
-0.080407,-1.852544,3.561426
-0.119313,-1.852800,3.556881
-0.114712,-1.853085,3.552343
-0.113778,-1.853365,3.547798
-0.043459,-1.853538,3.543252
-0.016600,-1.853604,3.538705
-0.077047,-1.853736,3.534158
-0.029430,-1.853853,3.529611
-0.011241,-1.853898,3.525064
-0.004294,-1.853915,3.520524
-0.001640,-1.853921,3.515976
-0.000626,-1.853924,3.511429
-0.000239,-1.853924,3.506882
-0.068999,-1.854029,3.502334
-0.026355,-1.854134,3.497786
-0.072015,-1.854268,3.493238
-0.027507,-1.854377,3.488697
-0.010507,-1.854418,3.484148
-0.004013,-1.854434,3.479600
-0.001533,-1.854440,3.475044
-0.000586,-1.854443,3.470495
-0.000224,-1.854444,3.465954
-0.000085,-1.854444,3.461405
-0.000033,-1.854444,3.456856
-0.000012,-1.854444,3.452308
-0.000005,-1.854444,3.447766
-0.000002,-1.854444,3.443210
-0.000001,-1.854444,3.438662
-0.000000,-1.854444,3.434113
-0.000000,-1.854444,3.429564
-0.000000,-1.854444,3.425016
-0.000000,-1.854444,3.420474
-0.000000,-1.854444,3.415918
-0.000000,-1.854444,3.411370
-0.000000,-1.854444,3.406828
-0.000000,-1.854444,3.402279
-0.000000,-1.854444,3.397731
-0.000000,-1.854444,3.393182
-0.000000,-1.854444,3.388640
-0.000000,-1.854444,3.384085
-0.000000,-1.854444,3.379536
-0.000000,-1.854444,3.374987
-0.000000,-1.854444,3.370446
-0.000000,-1.854444,3.365897
-0.000000,-1.854444,3.361348
-0.000000,-1.854444,3.356793
-0.000000,-1.854444,3.352251
-0.000000,-1.854444,3.347702
-0.000000,-1.854444,3.343154
-0.000000,-1.854444,3.338605
-0.000000,-1.854444,3.334063
-0.000000,-1.854444,3.329515
-0.000000,-1.854444,3.324959
-0.000000,-1.854444,3.320410
-0.000000,-1.854444,3.315869
-0.000000,-1.854444,3.311320
-0.000000,-1.854444,3.306771
-0.000000,-1.854444,3.302223
-0.000000,-1.854444,3.297681
-0.000000,-1.854444,3.293125
-0.000000,-1.854444,3.288577
-0.000000,-1.854444,3.284028
-0.000000,-1.854444,3.279486
-0.000000,-1.854444,3.274938
-0.000000,-1.854444,3.270389
-0.000000,-1.854444,3.265840
-0.000000,-1.854444,3.261292
-0.000000,-1.854444,3.256743
-0.000000,-1.854444,3.252194
-0.000000,-1.854444,3.247646
-0.000000,-1.854444,3.243097
-0.000000,-1.854444,3.238555
-0.000000,-1.854444,3.234000
-0.000000,-1.854444,3.229451
-0.000000,-1.854444,3.224902
-0.000000,-1.854444,3.220354
-0.000000,-1.854444,3.215805
-0.000000,-1.854444,3.211263
-0.000000,-1.854444,3.206708
-0.000000,-1.854444,3.202159
-0.000000,-1.854444,3.197610
-0.000000,-1.854444,3.193069
-0.000000,-1.854444,3.188520
-0.000000,-1.854444,3.183971
-0.000000,-1.854444,3.179430
-0.000000,-1.854444,3.174874
-0.000000,-1.854444,3.170325
-0.000000,-1.854444,3.165784
-0.000000,-1.854444,3.161235
-0.000000,-1.854444,3.156686
-0.000000,-1.854444,3.152145
-0.000000,-1.854444,3.147589
-0.000000,-1.854444,3.143040
-0.000000,-1.854444,3.138492
-0.000000,-1.854444,3.133950
-0.000000,-1.854444,3.129401
-0.000000,-1.854444,3.124853
-0.000000,-1.854444,3.120304
-0.000000,-1.854444,3.115755
-0.000000,-1.854444,3.111207
-0.000000,-1.854444,3.106658
-0.000000,-1.854444,3.102116
-0.000000,-1.854444,3.097568
-0.000000,-1.854444,3.093019
-0.000000,-1.854444,3.088477
-0.000000,-1.854444,3.083922
-0.000000,-1.854444,3.079373
-0.000000,-1.854444,3.074831
-0.000000,-1.854444,3.070283
-0.000000,-1.854444,3.065734
-0.000000,-1.854444,3.061185
-0.000000,-1.854444,3.056637
-0.000000,-1.854444,3.052088
-0.000000,-1.854444,3.047539
-0.000000,-1.854444,3.042991
-0.000000,-1.854444,3.038449
-0.000000,-1.854444,3.033900
-0.000000,-1.854444,3.029352
-0.000000,-1.854444,3.024803
-0.000000,-1.854444,3.020254
-0.000000,-1.854444,3.015706
-0.000000,-1.854444,3.011157
-0.000000,-1.854444,3.006615
-0.000000,-1.854444,3.002067
-0.000000,-1.854444,2.997511
-0.000000,-1.854444,2.992962
-0.000000,-1.854444,2.988421
-0.000000,-1.854444,2.983872
-0.000000,-1.854444,2.979323
-0.000000,-1.854444,2.974775
-0.000000,-1.854444,2.970233
-0.000000,-1.854444,2.965677
-0.000000,-1.854444,2.961129
-0.000000,-1.854444,2.956580
-0.000000,-1.854444,2.952038
-0.000000,-1.854444,2.947490
-0.000000,-1.854444,2.942941
0.067541,-1.854342,2.938386
0.025798,-1.854239,2.933837
0.009854,-1.854200,2.929296
0.003764,-1.854185,2.924748
0.001438,-1.854180,2.920200
0.000549,-1.854177,2.915652
0.000210,-1.854177,2.911111
0.000080,-1.854176,2.906556
0.000031,-1.854176,2.902008
0.000012,-1.854176,2.897460
0.073049,-1.854065,2.892912
0.100713,-1.853845,2.888372
0.038469,-1.853692,2.883825
0.081425,-1.853532,2.879271
0.031102,-1.853409,2.874725
0.011880,-1.853362,2.870186
0.004538,-1.853344,2.865640
0.001733,-1.853337,2.861094
0.000662,-1.853334,2.856548
0.080542,-1.853212,2.852009
0.108208,-1.852972,2.847457
0.109542,-1.852704,2.842912
0.041841,-1.852538,2.838368
0.015982,-1.852475,2.833831
0.006105,-1.852451,2.829287
0.002332,-1.852442,2.824743
0.069138,-1.852334,2.820193
0.110978,-1.852101,2.815650
0.119389,-1.851817,2.811114
0.115344,-1.851530,2.806572
0.112660,-1.851251,2.802031
0.115848,-1.850970,2.797490
0.124387,-1.850673,2.792958
0.128828,-1.850361,2.788412
0.132215,-1.850040,2.783873
0.120130,-1.849734,2.779336
0.045886,-1.849552,2.774799
0.105609,-1.849349,2.770270
0.128710,-1.849055,2.765734
0.134138,-1.848731,2.761192
0.113745,-1.848433,2.756657
0.116066,-1.848150,2.752131
0.124305,-1.847853,2.747598
0.121607,-1.847552,2.743066
0.126610,-1.847247,2.738534
0.133551,-1.846926,2.734011
0.115046,-1.846626,2.729474
0.108515,-1.846354,2.724945
0.110409,-1.846085,2.720423
0.123273,-1.845795,2.715896
0.123540,-1.845492,2.711368
0.047188,-1.845305,2.706842
0.096878,-1.845114,2.702323
0.118782,-1.844843,2.697790
0.144952,-1.844512,2.693266
0.137244,-1.844168,2.688749
0.052423,-1.843960,2.684226
0.020024,-1.843881,2.679703
0.007648,-1.843850,2.675187
0.002921,-1.843839,2.670657
0.065297,-1.843737,2.666135
0.024941,-1.843638,2.661612
0.009527,-1.843600,2.657097
0.082664,-1.843466,2.652575
0.117971,-1.843210,2.648061
0.126704,-1.842908,2.643540
0.048397,-1.842715,2.639013
0.018486,-1.842642,2.634500
0.095504,-1.842480,2.629981
0.106901,-1.842228,2.625462
0.117387,-1.841951,2.620951
0.112775,-1.841670,2.616433
0.119158,-1.841383,2.611916
0.117192,-1.841094,2.607393
0.133081,-1.840783,2.602884
0.147850,-1.840434,2.598369
0.169612,-1.840038,2.593856
0.132354,-1.839679,2.589343
0.125443,-1.839365,2.584838
0.131605,-1.839047,2.580319
0.117466,-1.838746,2.575809
0.124004,-1.838448,2.571299
0.126584,-1.838140,2.566797
0.112819,-1.837851,2.562289
0.129761,-1.837548,2.557781
0.151131,-1.837198,2.553274
0.169189,-1.836800,2.548768
0.162877,-1.836394,2.544264
0.150705,-1.836013,2.539759
0.167011,-1.835619,2.535264
0.166723,-1.835210,2.530762
0.146916,-1.834831,2.526261
0.148381,-1.834469,2.521767
0.147192,-1.834107,2.517261
0.169745,-1.833711,2.512763
0.170546,-1.833294,2.508266
0.167869,-1.832879,2.503769
0.175117,-1.832457,2.499281
0.161902,-1.832048,2.494787
0.161371,-1.831651,2.490287
0.164310,-1.831251,2.485794
0.174222,-1.830833,2.481310
0.191050,-1.830380,2.476820
0.185833,-1.829920,2.472331
0.178057,-1.829476,2.467843
0.156402,-1.829072,2.463363
0.154755,-1.828691,2.458870
0.185077,-1.828265,2.454385
0.212769,-1.827769,2.449901
0.202919,-1.827263,2.445425
0.211132,-1.826753,2.440944
0.205283,-1.826244,2.436464
0.197595,-1.825751,2.431978
0.185656,-1.825285,2.427507
0.186495,-1.824829,2.423031
0.192555,-1.824362,2.418555
0.203678,-1.823873,2.414081
0.210875,-1.823362,2.409608
0.222768,-1.822828,2.405143
0.224208,-1.822278,2.400666
0.196705,-1.821770,2.396196
0.184944,-1.821306,2.391729
0.195706,-1.820836,2.387262
0.187138,-1.820369,2.382796
0.196545,-1.819896,2.378339
0.216265,-1.819383,2.373868
0.241570,-1.818814,2.369406
0.231792,-1.818237,2.364946
0.208393,-1.817704,2.360494
0.230665,-1.817160,2.356036
0.242005,-1.816577,2.351579
0.248079,-1.815973,2.347117
0.202077,-1.815435,2.342670
0.160767,-1.815002,2.338218
0.193768,-1.814558,2.333767
0.210363,-1.814058,2.329323
0.178097,-1.813591,2.324874
0.179041,-1.813152,2.320426
0.207936,-1.812669,2.315972
0.233687,-1.812121,2.311534
0.229833,-1.811553,2.307090
0.208170,-1.811022,2.302647
0.213162,-1.810505,2.298212
0.232472,-1.809953,2.293772
0.234193,-1.809380,2.289333
0.222932,-1.808822,2.284889
0.199131,-1.808312,2.280460
0.203761,-1.807816,2.276025
0.226912,-1.807281,2.271591
0.209875,-1.806751,2.267159
0.244940,-1.806184,2.262735
0.242763,-1.805585,2.258298
0.227755,-1.805012,2.253870
0.210784,-1.804480,2.249443
0.205818,-1.803971,2.245025
0.194321,-1.803483,2.240600
0.200351,-1.802998,2.236177
0.199949,-1.802507,2.231755
0.191219,-1.802030,2.227335
0.219697,-1.801517,2.222915
0.269529,-1.800903,2.218497
0.268792,-1.800243,2.214081
0.267018,-1.799586,2.209666
0.247847,-1.798960,2.205252
0.232634,-1.798376,2.200841
0.221496,-1.797822,2.196430
0.211976,-1.797293,2.192021
0.213198,-1.796771,2.187613
0.214194,-1.796247,2.183206
0.225937,-1.795704,2.178801
0.228228,-1.795147,2.174404
0.225524,-1.794590,2.169995
0.249264,-1.794001,2.165594
0.265723,-1.793365,2.161194
0.266205,-1.792713,2.156803
0.251195,-1.792083,2.152406
0.254828,-1.791461,2.148011
0.222788,-1.790884,2.143611
0.224775,-1.790335,2.139226
0.235499,-1.789768,2.134835
0.244182,-1.789177,2.130446
0.266785,-1.788544,2.126058
0.264075,-1.787893,2.121672
0.272959,-1.787233,2.117294
0.281704,-1.786549,2.112904
0.288167,-1.785849,2.108523
0.254522,-1.785193,2.104143
0.268475,-1.784548,2.099772
0.260052,-1.783903,2.095396
0.264511,-1.783258,2.091021
0.268094,-1.782603,2.086641
0.267075,-1.781948,2.082276
0.256086,-1.781309,2.077906
0.265232,-1.780667,2.073537
0.255612,-1.780031,2.069170
0.248970,-1.779414,2.064805
0.247100,-1.778807,2.060448
0.243477,-1.778206,2.056079
0.248768,-1.777601,2.051718
0.259851,-1.776974,2.047358
0.315951,-1.776251,2.043001
0.312166,-1.775483,2.038652
0.292868,-1.774747,2.034297
0.294434,-1.774025,2.029938
0.319806,-1.773264,2.025588
0.316341,-1.772485,2.021239
0.309481,-1.771721,2.016899
0.270459,-1.771021,2.012554
0.282367,-1.770339,2.008211
0.280127,-1.769649,2.003863
0.262398,-1.768989,1.999523
0.248332,-1.768367,1.995191
0.271369,-1.767723,1.990855
0.299436,-1.767015,1.986520
0.306922,-1.766269,1.982186
0.290575,-1.765542,1.977862
0.318556,-1.764786,1.973525
0.332158,-1.763984,1.969198
0.325570,-1.763181,1.964878
0.324755,-1.762383,1.960555
0.313889,-1.761603,1.956233
0.311241,-1.760837,1.951913
0.295426,-1.760097,1.947588
0.303918,-1.759360,1.943278
0.301618,-1.758618,1.938963
0.309791,-1.757866,1.934651
0.311368,-1.757104,1.930340
0.332262,-1.756310,1.926038
0.352095,-1.755465,1.921731
0.344798,-1.754611,1.917419
0.325824,-1.753794,1.913116
0.335318,-1.752981,1.908822
0.342878,-1.752147,1.904524
0.323680,-1.751336,1.900227
0.342859,-1.750513,1.895932
0.343085,-1.749670,1.891633
0.353639,-1.748814,1.887349
0.372873,-1.747917,1.883060
0.350333,-1.747037,1.878774
0.344906,-1.746186,1.874490
0.327048,-1.745367,1.870208
0.360471,-1.744513,1.865921
0.374100,-1.743609,1.861650
0.333015,-1.742754,1.857374
0.313912,-1.741966,1.853100
0.330203,-1.741171,1.848828
0.345482,-1.740338,1.844559
0.335298,-1.739507,1.840297
0.329704,-1.738692,1.836025
0.344980,-1.737860,1.831761
0.337630,-1.737025,1.827500
0.345189,-1.736186,1.823240
0.370124,-1.735302,1.818989
0.384740,-1.734372,1.814734
0.381199,-1.733431,1.810468
0.371095,-1.732512,1.806217
0.367630,-1.731607,1.801968
0.364308,-1.730711,1.797729
0.367120,-1.729813,1.793485
0.347475,-1.728943,1.789243
0.332750,-1.728111,1.784996
0.338891,-1.727286,1.780759
0.341253,-1.726451,1.776523
0.354210,-1.725594,1.772289
0.374520,-1.724695,1.768058
0.367387,-1.723787,1.763828
0.366120,-1.722886,1.759595
0.371411,-1.721980,1.755370
0.362824,-1.721082,1.751147
0.359607,-1.720197,1.746927
0.341044,-1.719343,1.742708
0.345414,-1.718500,1.738492
0.320686,-1.717689,1.734271
0.349909,-1.716858,1.730059
0.362764,-1.715980,1.725849
0.369731,-1.715080,1.721641
0.363359,-1.714183,1.717435
0.383952,-1.713260,1.713232
0.387478,-1.712312,1.709024
0.373655,-1.711384,1.704832
0.368608,-1.710475,1.700635
0.353465,-1.709594,1.696440
0.355288,-1.708724,1.692248
0.363256,-1.707840,1.688058
0.352580,-1.706964,1.683864
0.345544,-1.706110,1.679678
0.354041,-1.705250,1.675494
0.377490,-1.704346,1.671312
0.377043,-1.703422,1.667139
0.365791,-1.702514,1.662962
0.383142,-1.701589,1.658781
0.373485,-1.700664,1.654608
0.385125,-1.699732,1.650445
0.379263,-1.698796,1.646276
0.375230,-1.697872,1.642111
0.359296,-1.696975,1.637947
0.377350,-1.696065,1.633779
0.381423,-1.695135,1.629627
0.362386,-1.694228,1.625470
0.368149,-1.693331,1.621315
0.393357,-1.692389,1.617163
0.419311,-1.691387,1.613020
0.400071,-1.690387,1.608872
0.384359,-1.689428,1.604721
0.386769,-1.688482,1.600578
0.396176,-1.687519,1.596437
0.396464,-1.686548,1.592306
0.425643,-1.685532,1.588170
0.429533,-1.684482,1.584037
0.424729,-1.683434,1.579900
0.424450,-1.682394,1.575779
0.444150,-1.681323,1.571653
0.453268,-1.680220,1.567531
0.447862,-1.679116,1.563411
0.439943,-1.678030,1.559294
0.417940,-1.676986,1.555185
0.419781,-1.675956,1.551067
0.439245,-1.674897,1.546957
0.428625,-1.673836,1.542850
0.427381,-1.672786,1.538746
0.445372,-1.671712,1.534650
0.448737,-1.670615,1.530551
0.454453,-1.669504,1.526449
0.481193,-1.668348,1.522355
0.464287,-1.667196,1.518271
0.449104,-1.666080,1.514182
0.479154,-1.664933,1.510097
0.480158,-1.663758,1.506021
0.469836,-1.662595,1.501942
0.465412,-1.661450,1.497865
0.465090,-1.660309,1.493791
0.473968,-1.659154,1.489720
0.469626,-1.657998,1.485652
0.459493,-1.656862,1.481586
0.477661,-1.655709,1.477530
0.427024,-1.654614,1.473470
0.411856,-1.653588,1.469407
0.438791,-1.652537,1.465352
0.464526,-1.651422,1.461300
0.458848,-1.650293,1.457257
0.464050,-1.649159,1.453210
0.452699,-1.648038,1.449167
0.473718,-1.646894,1.445119
0.466737,-1.645745,1.441087
0.453504,-1.644620,1.437052
0.463437,-1.643492,1.433019
0.488155,-1.642318,1.428990
0.472205,-1.641145,1.424963
0.443788,-1.640028,1.420932
0.436277,-1.638953,1.416917
0.446632,-1.637867,1.412898
0.442984,-1.636777,1.408882
0.419229,-1.635728,1.404875
0.428241,-1.634686,1.400864
0.452342,-1.633599,1.396856
0.470428,-1.632460,1.392844
0.464041,-1.631316,1.388841
0.460133,-1.630186,1.384847
0.458976,-1.629059,1.380850
0.469541,-1.627917,1.376856
0.487192,-1.626738,1.372864
0.471662,-1.625569,1.368882
0.479365,-1.624398,1.364890
0.464533,-1.623245,1.360907
0.460793,-1.622113,1.356933
0.464072,-1.620978,1.352955
0.431994,-1.619888,1.348980
0.477422,-1.618761,1.345015
0.477020,-1.617589,1.341039
0.494397,-1.616393,1.337073
0.513143,-1.615152,1.333110
0.508447,-1.613902,1.329156
0.494604,-1.612676,1.325199
0.496621,-1.611460,1.321245
0.487101,-1.610258,1.317300
0.462081,-1.609099,1.313345
0.470192,-1.607953,1.309400
0.437068,-1.606850,1.305457
0.442091,-1.605772,1.301523
0.466434,-1.604651,1.297586
0.462159,-1.603513,1.293651
0.457642,-1.602385,1.289713
0.479695,-1.601231,1.285790
0.511735,-1.600005,1.281864
0.528497,-1.598725,1.277941
0.543836,-1.597405,1.274022
0.496378,-1.596145,1.270111
0.491977,-1.594934,1.266197
0.495364,-1.593721,1.262281
0.482583,-1.592525,1.258373
0.465753,-1.591369,1.254474
0.478420,-1.590207,1.250572
0.497180,-1.589005,1.246673
0.530513,-1.587735,1.242777
0.528132,-1.586439,1.238890
0.517073,-1.585159,1.234995
0.511275,-1.583899,1.231108
0.533185,-1.582612,1.227224
0.544247,-1.581287,1.223344
0.531978,-1.579973,1.219473
0.531726,-1.578669,1.215599
0.512127,-1.577392,1.211723
0.480529,-1.576184,1.207855
0.491443,-1.574990,1.203996
0.515148,-1.573749,1.200135
0.527518,-1.572467,1.196276
0.548133,-1.571142,1.192421
0.553561,-1.569787,1.188563
0.534726,-1.568457,1.184714
0.549220,-1.567126,1.180874
0.545910,-1.565784,1.177032
0.528076,-1.564472,1.173193
0.536178,-1.563164,1.169357
0.566020,-1.561806,1.165530
0.545375,-1.560447,1.161695
0.538839,-1.559119,1.157869
0.555459,-1.557772,1.154047
0.556076,-1.556411,1.150233
0.557761,-1.555044,1.146417
0.575801,-1.553649,1.142605
0.563846,-1.552252,1.138790
0.548935,-1.550894,1.134990
0.551772,-1.549543,1.131187
0.553272,-1.548188,1.127388
0.530132,-1.546868,1.123598
0.555009,-1.545530,1.119806
0.550767,-1.544175,1.116016
0.550619,-1.542824,1.112231
0.574546,-1.541437,1.108448
0.581166,-1.540018,1.104669
0.608685,-1.538551,1.100893
0.597064,-1.537075,1.097121
0.591403,-1.535619,1.093353
0.586180,-1.534174,1.089582
0.596049,-1.532724,1.085827
0.582085,-1.531283,1.082069
0.580521,-1.529858,1.078314
0.575590,-1.528441,1.074564
0.578904,-1.527026,1.070822
0.575588,-1.525612,1.067078
0.592795,-1.524171,1.063332
0.597976,-1.522709,1.059595
0.617746,-1.521215,1.055868
0.606199,-1.519717,1.052139
0.616842,-1.518214,1.048413
0.600166,-1.516727,1.044691
0.595237,-1.515260,1.040966
0.581596,-1.513823,1.037257
0.576365,-1.512404,1.033546
0.567339,-1.511004,1.029838
0.572759,-1.509604,1.026133
0.558427,-1.508223,1.022438
0.592717,-1.506801,1.018740
0.607083,-1.505323,1.015040
0.611825,-1.503827,1.011350
0.614742,-1.502324,1.007669
0.631495,-1.500791,1.003986
0.622031,-1.499256,1.000306
0.619916,-1.497734,0.996631
0.609828,-1.496231,0.992965
0.600159,-1.494748,0.989291
0.598899,-1.493277,0.985626
0.599832,-1.491807,0.981965
0.603992,-1.490332,0.978313
0.611635,-1.488838,0.974660
0.611536,-1.487338,0.971010
0.612920,-1.485834,0.967358
0.599965,-1.484350,0.963715
0.596417,-1.482886,0.960081
0.614574,-1.481396,0.956446
0.621117,-1.479878,0.952814
0.622294,-1.478353,0.949186
0.612370,-1.476839,0.945556
0.629790,-1.475313,0.941941
0.635095,-1.473760,0.938324
0.625153,-1.472218,0.934712
0.635989,-1.470668,0.931102
0.640393,-1.469104,0.927502
0.631661,-1.467546,0.923901
0.627717,-1.466000,0.920298
0.627658,-1.464461,0.916703
0.615089,-1.462940,0.913113
0.626024,-1.461417,0.909532
0.634430,-1.459869,0.905950
0.640333,-1.458304,0.902371
0.651429,-1.456716,0.898796
0.647131,-1.455125,0.895224
0.675068,-1.453495,0.891657
0.644353,-1.451889,0.888100
0.643283,-1.450310,0.884540
0.636172,-1.448743,0.880985
0.614341,-1.447218,0.877439
0.621358,-1.445698,0.873885
0.631208,-1.444159,0.870341
0.619133,-1.442629,0.866801
0.636913,-1.441086,0.863269
0.648826,-1.439505,0.859737
0.647501,-1.437916,0.856208
0.642678,-1.436333,0.852677
0.658472,-1.434735,0.849161
0.654230,-1.433126,0.845644
0.651238,-1.431526,0.842131
0.657710,-1.429919,0.838622
0.641422,-1.428333,0.835122
0.666780,-1.426721,0.831620
0.671852,-1.425075,0.828117
0.662194,-1.423444,0.824629
0.649809,-1.421839,0.821140
0.632794,-1.420271,0.817654
0.633642,-1.418717,0.814172
0.635894,-1.417162,0.810700
0.643983,-1.415590,0.807225
0.646735,-1.414004,0.803750
0.642568,-1.412426,0.800289
0.640613,-1.410853,0.796826
0.655038,-1.409260,0.793367
0.665940,-1.407637,0.789913
0.678834,-1.405986,0.786468
0.677780,-1.404323,0.783021
0.668717,-1.402671,0.779573
0.661470,-1.401042,0.776134
0.626033,-1.399476,0.772705
0.644848,-1.397912,0.769274
0.658173,-1.396310,0.765847
0.673717,-1.394672,0.762424
0.682396,-1.393006,0.759006
0.684265,-1.391330,0.755591
0.695349,-1.389634,0.752180
0.705262,-1.387914,0.748774
0.698777,-1.386194,0.745371
0.682713,-1.384507,0.741979
0.691454,-1.382819,0.738585
0.683093,-1.381133,0.735190
0.688943,-1.379448,0.731804
0.688223,-1.377760,0.728423
0.675864,-1.376093,0.725051
0.688761,-1.374416,0.721677
0.699844,-1.372709,0.718308
0.701291,-1.370988,0.714938
0.686949,-1.369292,0.711582
0.671262,-1.367631,0.708226
0.682465,-1.365967,0.704873
0.643827,-1.364352,0.701525
0.647255,-1.362770,0.698185
0.673366,-1.361140,0.694839
0.714576,-1.359426,0.691503
0.722995,-1.357661,0.688171
0.733944,-1.355871,0.684843
0.738403,-1.354064,0.681519
0.714489,-1.352292,0.678205
0.729083,-1.350517,0.674890
0.733039,-1.348720,0.671575
0.724364,-1.346935,0.668269
0.713606,-1.345174,0.664967
0.722565,-1.343413,0.661675
0.724287,-1.341638,0.658382
0.716442,-1.339874,0.655093
0.712066,-1.338120,0.651804
0.740033,-1.336334,0.648529
0.718127,-1.334552,0.645253
0.702408,-1.332814,0.641982
0.727258,-1.331054,0.638715
0.726292,-1.329271,0.635452
0.733193,-1.327477,0.632189
0.726997,-1.325690,0.628940
0.741114,-1.323886,0.625690
0.728756,-1.322087,0.622445
0.722655,-1.320308,0.619205
0.743816,-1.318504,0.615968
0.747727,-1.316676,0.612742
0.753590,-1.314830,0.609509
0.728906,-1.313019,0.606286
0.747720,-1.311203,0.603068
0.731317,-1.309394,0.599854
0.737285,-1.307594,0.596649
0.714201,-1.305820,0.593444
0.723227,-1.304052,0.590238
0.729220,-1.302269,0.587042
0.742241,-1.300463,0.583855
0.751345,-1.298629,0.580667
0.729635,-1.296819,0.577484
0.759816,-1.294983,0.574306
0.740100,-1.293152,0.571136
0.750456,-1.291319,0.567962
0.751490,-1.289476,0.564796
0.768143,-1.287608,0.561636
0.768787,-1.285726,0.558485
0.767506,-1.283842,0.555334
0.756687,-1.281976,0.552187
0.757112,-1.280116,0.549040
0.761632,-1.278255,0.545907
0.754567,-1.276398,0.542774
0.755754,-1.274545,0.539645
0.735650,-1.272722,0.536521
0.733897,-1.270920,0.533401
0.752497,-1.269094,0.530291
0.750963,-1.267248,0.527176
0.753243,-1.265403,0.524070
0.770082,-1.263532,0.520973
0.759121,-1.261660,0.517876
0.772498,-1.259778,0.514784
0.776195,-1.257877,0.511696
0.768712,-1.255988,0.508618
0.756962,-1.254117,0.505534
0.770141,-1.252240,0.502461
0.756357,-1.250372,0.499391
0.749787,-1.248527,0.496327
0.748500,-1.246693,0.493271
0.759478,-1.244840,0.490216
0.774099,-1.242952,0.487160
0.788971,-1.241031,0.484113
0.800383,-1.239081,0.481076
0.801384,-1.237117,0.478040
0.795739,-1.235159,0.475007
0.789588,-1.233217,0.471980
0.785896,-1.231283,0.468953
0.763332,-1.229392,0.465940
0.762532,-1.227521,0.462926
0.774351,-1.225633,0.459918
0.784712,-1.223721,0.456919
0.766252,-1.221824,0.453919
0.781169,-1.219922,0.450925
0.773789,-1.218017,0.447935
0.774120,-1.216118,0.444949
0.773569,-1.214221,0.441969
0.808745,-1.212270,0.438993
0.789587,-1.210318,0.436027
0.785512,-1.208388,0.433060
0.788441,-1.206456,0.430099
0.779197,-1.204533,0.427137
0.778764,-1.202623,0.424185
0.771095,-1.200727,0.421242
0.757850,-1.198856,0.418299
0.786683,-1.196953,0.415361
0.793362,-1.195014,0.412427
0.781645,-1.193082,0.409494
0.781044,-1.191169,0.406574
0.807059,-1.189214,0.403655
0.812707,-1.187226,0.400740
0.798736,-1.185253,0.397831
0.761321,-1.183354,0.394930
0.768795,-1.181472,0.392025
0.758047,-1.179603,0.389130
0.743878,-1.177765,0.386238
0.751693,-1.175928,0.383352
0.766693,-1.174065,0.380474
0.772432,-1.172176,0.377597
0.764270,-1.170293,0.374724
0.765661,-1.168414,0.371851
0.758511,-1.166549,0.368992
0.773838,-1.164666,0.366133
0.753043,-1.162799,0.363278
0.762618,-1.160937,0.360429
0.778298,-1.159046,0.357588
0.763896,-1.157156,0.354743
0.751225,-1.155301,0.351907
0.759324,-1.153446,0.349075
0.766563,-1.151573,0.346248
0.768043,-1.149693,0.343430
0.770522,-1.147806,0.340613
0.772848,-1.145912,0.337800
0.754053,-1.144042,0.334987
0.751151,-1.142197,0.332183
0.753019,-1.140354,0.329388
0.757009,-1.138501,0.326593
0.757124,-1.136644,0.323803
0.748276,-1.134801,0.321017
0.738882,-1.132979,0.318235
0.752949,-1.131146,0.315459
0.770224,-1.129273,0.312687
0.779755,-1.127369,0.309919
0.756936,-1.125491,0.307156
0.745591,-1.123651,0.304398
0.739472,-1.121835,0.301648
0.738744,-1.120019,0.298894
0.751914,-1.118187,0.296149
0.776054,-1.116306,0.293409
0.759926,-1.114427,0.290673
0.765446,-1.112558,0.287946
0.775150,-1.110666,0.285219
0.763720,-1.108779,0.282493
0.768142,-1.106902,0.279780
0.762286,-1.105026,0.277067
0.770481,-1.103144,0.274359
0.774045,-1.101252,0.271660
0.782746,-1.099340,0.268961
0.762142,-1.097451,0.266267
0.743999,-1.095609,0.263577
0.744575,-1.093783,0.260892
0.751608,-1.091947,0.258211
0.752787,-1.090104,0.255539
0.747143,-1.088266,0.252868
0.765781,-1.086405,0.250201
0.771362,-1.084515,0.247534
0.786172,-1.082604,0.244880
0.794611,-1.080663,0.242227
0.789170,-1.078725,0.239583
0.784231,-1.076797,0.236940
0.762799,-1.074906,0.234301
0.769412,-1.073027,0.231670
0.733385,-1.071192,0.229036
0.742257,-1.069380,0.226411
0.758663,-1.067534,0.223791
0.741640,-1.065702,0.221178
0.735429,-1.063892,0.218567
0.761065,-1.062049,0.215959
0.740958,-1.060216,0.213361
0.747988,-1.058385,0.210758
0.746348,-1.056553,0.208164
0.742880,-1.054727,0.205575
0.741224,-1.052908,0.202990
0.763837,-1.051058,0.200414
0.782758,-1.049156,0.197838
0.757949,-1.047271,0.195263
0.738138,-1.045442,0.192696
0.745190,-1.043620,0.190134
0.754021,-1.041782,0.187581
0.755789,-1.039930,0.185028
0.771536,-1.038052,0.182479
0.762440,-1.036173,0.179935
0.751652,-1.034320,0.177396
0.763919,-1.032457,0.174861
0.745247,-1.030612,0.172331
0.751580,-1.028774,0.169805
0.761158,-1.026919,0.167288
0.770569,-1.025038,0.164772
0.757757,-1.023164,0.162256
0.742671,-1.021328,0.159748
0.762009,-1.019477,0.157245
0.766706,-1.017604,0.154751
0.793321,-1.015683,0.152257
0.792940,-1.013738,0.149768
0.788028,-1.011800,0.147284
0.761161,-1.009905,0.144801
0.763320,-1.008038,0.142330
0.777300,-1.006144,0.139860
0.761907,-1.004261,0.137394
0.754518,-1.002403,0.134933
0.747375,-1.000564,0.132476
0.771365,-0.998694,0.130025
0.759632,-0.996820,0.127577
0.772792,-0.994936,0.125134
0.762083,-0.993057,0.122696
0.759478,-0.991195,0.120267
0.755180,-0.989338,0.117838
0.753162,-0.987489,0.115413
0.773366,-0.985608,0.112990
0.766186,-0.983725,0.110578
0.757138,-0.981859,0.108167
0.770209,-0.979982,0.105761
0.745687,-0.978130,0.103360
0.752561,-0.976294,0.100967
0.743291,-0.974459,0.098570
0.760514,-0.972610,0.096183
0.772970,-0.970725,0.093799
0.753791,-0.968859,0.091420
0.755509,-0.967010,0.089050
0.759168,-0.965151,0.086680
0.757807,-0.963291,0.084315
0.763390,-0.961421,0.081951
0.753656,-0.959566,0.079599
0.755819,-0.957714,0.077247
0.762647,-0.955850,0.074900
0.781762,-0.953950,0.072558
0.765247,-0.952061,0.070224
0.764690,-0.950182,0.067888
0.774838,-0.948291,0.065559
0.779819,-0.946386,0.063239
0.759632,-0.944503,0.060920
0.757791,-0.942643,0.058606
0.758767,-0.940786,0.056300
0.756108,-0.938928,0.053994
0.745212,-0.937087,0.051690
0.718377,-0.935300,0.049393
0.725765,-0.933530,0.047105
0.734546,-0.931736,0.044817
0.727167,-0.929946,0.042534
0.765906,-0.928106,0.040259
0.761553,-0.926234,0.037985
0.741021,-0.924394,0.035712
0.754755,-0.922559,0.033450
0.769162,-0.920686,0.031189
0.748868,-0.918830,0.028933
0.741173,-0.917007,0.026685
0.752508,-0.915172,0.024438
0.731416,-0.913356,0.022192
0.758911,-0.911523,0.019958
0.763998,-0.909653,0.017724
0.745037,-0.907808,0.015495
0.770130,-0.905946,0.013274
0.776577,-0.904047,0.011054
0.764519,-0.902160,0.008839
0.764891,-0.900282,0.006625
0.759947,-0.898416,0.004423
0.763891,-0.896546,0.002221
0.762721,-0.894674,0.000024
0.766696,-0.892800,-0.002164
0.765185,-0.890922,-0.004352
0.751088,-0.889066,-0.006535
0.751992,-0.887222,-0.008713
0.747955,-0.885384,-0.010887
0.738590,-0.883564,-0.013057
0.760107,-0.881719,-0.015222
0.741755,-0.879886,-0.017379
0.749597,-0.878054,-0.019535
0.746681,-0.876217,-0.021690
0.761941,-0.874363,-0.023837
0.778210,-0.872472,-0.025976
0.762445,-0.870587,-0.028113
0.765063,-0.868713,-0.030247
0.781034,-0.866812,-0.032375
0.753607,-0.864941,-0.034496
0.769168,-0.863066,-0.036618
0.788398,-0.861150,-0.038733
0.780563,-0.859231,-0.040839
0.786699,-0.857307,-0.042945
0.788990,-0.855374,-0.045045
0.786997,-0.853442,-0.047141
0.749060,-0.851566,-0.049235
0.747048,-0.849734,-0.051319
0.725619,-0.847935,-0.053401
0.725898,-0.846154,-0.055478
0.725731,-0.844377,-0.057548
0.768494,-0.842532,-0.059617
0.761199,-0.840658,-0.061681
0.762629,-0.838786,-0.063744
0.783967,-0.836886,-0.065796
0.775971,-0.834975,-0.067847
0.771627,-0.833078,-0.069892
0.790821,-0.831156,-0.071933
0.786388,-0.829226,-0.073967
0.786393,-0.827297,-0.075998
0.787791,-0.825363,-0.078028
0.773569,-0.823456,-0.080047
0.796056,-0.821524,-0.082065
0.813551,-0.819545,-0.084077
0.802316,-0.817566,-0.086085
0.796745,-0.815607,-0.088088
0.786851,-0.813671,-0.090083
0.781553,-0.811746,-0.092080
0.789980,-0.809816,-0.094068
0.778274,-0.807899,-0.096049
0.781140,-0.805986,-0.098029
0.759957,-0.804102,-0.100003
0.756567,-0.802243,-0.101973
0.773283,-0.800359,-0.103942
0.785405,-0.798447,-0.105900
0.785213,-0.796520,-0.107856
0.795915,-0.794578,-0.109807
0.802008,-0.792617,-0.111754
0.787493,-0.790671,-0.113696
0.774459,-0.788757,-0.115636
0.773790,-0.786861,-0.117565
0.776336,-0.784959,-0.119493
0.762593,-0.783076,-0.121416
0.766282,-0.781203,-0.123331
0.748567,-0.779350,-0.125245
0.753840,-0.777506,-0.127155
0.748616,-0.775662,-0.129062
0.792509,-0.773759,-0.130963
0.820968,-0.771772,-0.132858
0.807339,-0.769779,-0.134749
0.810370,-0.767794,-0.136634
0.808343,-0.765812,-0.138512
0.789958,-0.763854,-0.140391
0.790258,-0.761916,-0.142262
0.788749,-0.759980,-0.144129
0.778011,-0.758062,-0.145991
0.794779,-0.756128,-0.147848
0.775079,-0.754211,-0.149697
0.762710,-0.752326,-0.151548
0.772645,-0.750440,-0.153391
0.779828,-0.748534,-0.155229
0.786473,-0.746614,-0.157060
0.801033,-0.744663,-0.158889
0.793047,-0.742710,-0.160713
0.804712,-0.740747,-0.162532
0.781051,-0.738810,-0.164347
0.799929,-0.736865,-0.166157
0.772992,-0.734944,-0.167962
0.771575,-0.733050,-0.169762
0.778532,-0.731150,-0.171555
0.793206,-0.729218,-0.173346
0.781428,-0.727287,-0.175135
0.793227,-0.725353,-0.176917
0.778766,-0.723429,-0.178694
0.787909,-0.721505,-0.180466
0.796013,-0.719563,-0.182230
0.793220,-0.717615,-0.183993
0.778762,-0.715691,-0.185751
0.786116,-0.713769,-0.187504
0.772372,-0.711862,-0.189252
0.761241,-0.709984,-0.190996
0.757128,-0.708126,-0.192733
0.783620,-0.706229,-0.194467
0.759526,-0.704344,-0.196197
0.748929,-0.702494,-0.197925
0.770178,-0.700627,-0.199643
0.770964,-0.698737,-0.201360
0.767023,-0.696852,-0.203071
0.777275,-0.694955,-0.204778
0.769536,-0.693063,-0.206478
0.792707,-0.691141,-0.208175
0.789895,-0.689197,-0.209871
0.778691,-0.687277,-0.211559
0.752098,-0.685407,-0.213243
0.756829,-0.683558,-0.214919
0.751003,-0.681711,-0.216593
0.774003,-0.679834,-0.218263
0.774119,-0.677932,-0.219931
0.760757,-0.676053,-0.221592
0.783725,-0.674155,-0.223245
0.767005,-0.672258,-0.224896
0.756166,-0.670394,-0.226543
0.768319,-0.668523,-0.228182
0.750951,-0.666665,-0.229820
0.751709,-0.664819,-0.231455
0.747996,-0.662984,-0.233081
0.723036,-0.661187,-0.234705
0.754401,-0.659366,-0.236325
0.768013,-0.657498,-0.237937
0.767184,-0.655615,-0.239548
0.775924,-0.653720,-0.241154
0.756784,-0.651843,-0.242757
0.761637,-0.649982,-0.244351
0.761617,-0.648114,-0.245943
0.757346,-0.646252,-0.247531
0.749614,-0.644406,-0.249114
0.748217,-0.642573,-0.250690
0.741728,-0.640744,-0.252266
0.760220,-0.638897,-0.253835
0.739365,-0.637064,-0.255400
0.731554,-0.635265,-0.256958
0.759532,-0.633428,-0.258514
0.744815,-0.631587,-0.260066
0.753825,-0.629747,-0.261613
0.766125,-0.627879,-0.263155
0.762187,-0.626006,-0.264693
0.746272,-0.624161,-0.266226
0.748642,-0.622327,-0.267755
0.743694,-0.620498,-0.269279
0.721029,-0.618711,-0.270796
0.714945,-0.616949,-0.272314
0.729105,-0.615174,-0.273825
0.736044,-0.613375,-0.275332
0.723877,-0.611588,-0.276834
0.700520,-0.609850,-0.278330
0.719441,-0.608103,-0.279824
0.708622,-0.606355,-0.281313
0.722132,-0.604594,-0.282801
0.722745,-0.602821,-0.284282
0.718791,-0.601057,-0.285756
0.732253,-0.599274,-0.287228
0.741485,-0.597464,-0.288695
0.724272,-0.595671,-0.290159
0.723635,-0.593896,-0.291618
0.707328,-0.592145,-0.293072
0.717092,-0.590396,-0.294523
0.716713,-0.588637,-0.295969
0.730105,-0.586862,-0.297408
0.734809,-0.585064,-0.298845
0.712950,-0.583292,-0.300280
0.716385,-0.581538,-0.301709
0.717879,-0.579781,-0.303131
0.713987,-0.578026,-0.304551
0.719836,-0.576266,-0.305967
0.713108,-0.574510,-0.307378
0.719390,-0.572752,-0.308785
0.695348,-0.571024,-0.310188
0.683011,-0.569337,-0.311586
0.698921,-0.567637,-0.312981
0.693070,-0.565935,-0.314369
0.668805,-0.564271,-0.315755
0.663882,-0.562638,-0.317137
0.688479,-0.560975,-0.318513
0.689292,-0.559283,-0.319889
0.692470,-0.557587,-0.321259
0.691003,-0.555891,-0.322624
0.706855,-0.554174,-0.323984
0.682003,-0.552478,-0.325341
0.678446,-0.550811,-0.326694
0.690119,-0.549126,-0.328045
0.700367,-0.547421,-0.329388
0.684965,-0.545726,-0.330729
0.685294,-0.544045,-0.332065
0.676610,-0.542378,-0.333398
0.674651,-0.540721,-0.334726
0.672486,-0.539072,-0.336048
0.670342,-0.537423,-0.337370
0.675421,-0.535771,-0.338687
0.660857,-0.534139,-0.339997
0.659350,-0.532521,-0.341305
0.673568,-0.530882,-0.342609
0.668725,-0.529237,-0.343909
0.656679,-0.527612,-0.345207
0.674454,-0.525975,-0.346500
0.675505,-0.524321,-0.347786
0.664140,-0.522682,-0.349070
0.654425,-0.521067,-0.350350
0.649256,-0.519470,-0.351626
0.632090,-0.517906,-0.352896
0.635625,-0.516348,-0.354167
0.624960,-0.514805,-0.355431
0.632592,-0.513260,-0.356692
0.645803,-0.511689,-0.357949
0.646252,-0.510106,-0.359200
0.629935,-0.508546,-0.360450
0.647459,-0.506972,-0.361697
0.646821,-0.505387,-0.362937
0.664734,-0.503773,-0.364174
0.655537,-0.502157,-0.365408
0.645877,-0.500564,-0.366638
0.646524,-0.498981,-0.367862
0.647295,-0.497394,-0.369084
0.637529,-0.495818,-0.370304
0.640026,-0.494251,-0.371518
0.641247,-0.492682,-0.372727
0.640222,-0.491110,-0.373933
0.650960,-0.489524,-0.375136
0.639660,-0.487944,-0.376335
0.638552,-0.486377,-0.377529
0.648062,-0.484796,-0.378721
0.633760,-0.483228,-0.379908
0.645912,-0.481658,-0.381089
0.638752,-0.480084,-0.382269
0.642018,-0.478512,-0.383444
0.614159,-0.476980,-0.384616
0.612696,-0.475476,-0.385784
0.588451,-0.474010,-0.386949
0.570435,-0.472593,-0.388110
0.601942,-0.471147,-0.389267
0.599307,-0.469674,-0.390421
0.603935,-0.468199,-0.391570
0.583338,-0.466747,-0.392718
0.598742,-0.465295,-0.393859
0.613439,-0.463804,-0.394999
0.607233,-0.462309,-0.396135
0.622696,-0.460796,-0.397267
0.594503,-0.459314,-0.398393
0.603002,-0.457843,-0.399518
0.609251,-0.456352,-0.400641
0.602844,-0.454867,-0.401759
0.624373,-0.453358,-0.402871
0.638669,-0.451805,-0.403981
0.642883,-0.450232,-0.405087
0.622131,-0.448686,-0.406190
0.608686,-0.447183,-0.407287
0.587200,-0.445720,-0.408384
0.589098,-0.444277,-0.409475
0.576040,-0.442852,-0.410563
0.591787,-0.441417,-0.411646
0.582711,-0.439980,-0.412727
0.593759,-0.438534,-0.413804
0.586198,-0.437086,-0.414880
0.593881,-0.435639,-0.415948
0.601288,-0.434171,-0.417015
0.589291,-0.432715,-0.418078
0.585057,-0.431278,-0.419136
0.558638,-0.429883,-0.420193
0.593752,-0.428459,-0.421245
0.587661,-0.427012,-0.422294
0.584636,-0.425575,-0.423340
0.586910,-0.424138,-0.424382
0.578288,-0.422711,-0.425421
0.579071,-0.421294,-0.426454
0.577813,-0.419875,-0.427486
0.559464,-0.418484,-0.428516
0.567435,-0.417101,-0.429539
0.570425,-0.415705,-0.430560
0.577521,-0.414295,-0.431578
0.587619,-0.412863,-0.432593
0.579653,-0.411436,-0.433602
0.566185,-0.410035,-0.434609
0.558288,-0.408656,-0.435615
0.543783,-0.407308,-0.436616
0.533697,-0.405992,-0.437612
0.533083,-0.404684,-0.438606
0.536951,-0.403370,-0.439597
0.537136,-0.402055,-0.440583
0.532535,-0.400745,-0.441568
0.535330,-0.399432,-0.442551
0.547597,-0.398102,-0.443527
0.545118,-0.396763,-0.444502
0.554629,-0.395412,-0.445474
0.546127,-0.394064,-0.446442
0.553516,-0.392713,-0.447407
0.541570,-0.391376,-0.448367
0.532979,-0.390058,-0.449327
0.543258,-0.388735,-0.450282
0.556307,-0.387385,-0.451232
0.547869,-0.386033,-0.452181
0.553121,-0.384682,-0.453126
0.551766,-0.383327,-0.454068
0.552726,-0.381972,-0.455007
0.542727,-0.380632,-0.455942
0.537405,-0.379308,-0.456874
0.541422,-0.377986,-0.457801
0.550658,-0.376644,-0.458727
0.532093,-0.375322,-0.459649
0.530023,-0.374022,-0.460567
0.536433,-0.372710,-0.461484
0.547534,-0.371377,-0.462396
0.536770,-0.370053,-0.463304
0.532593,-0.368742,-0.464210
0.542789,-0.367420,-0.465113
0.550966,-0.366079,-0.466011
0.554072,-0.364723,-0.466908
0.558492,-0.363355,-0.467802
0.573463,-0.361962,-0.468691
0.574635,-0.360554,-0.469578
0.563105,-0.359164,-0.470459
0.545462,-0.357809,-0.471338
0.546137,-0.356470,-0.472214
0.549289,-0.355126,-0.473087
0.529888,-0.353808,-0.473956
0.530175,-0.352508,-0.474823
0.536129,-0.351199,-0.475686
0.552379,-0.349861,-0.476544
0.534428,-0.348533,-0.477401
0.527398,-0.347233,-0.478254
0.529047,-0.345937,-0.479104
0.523394,-0.344648,-0.479951
0.539048,-0.343340,-0.480795
0.555504,-0.341995,-0.481634
0.530761,-0.340670,-0.482471
0.540695,-0.339353,-0.483305
0.517588,-0.338064,-0.484135
0.513301,-0.336799,-0.484964
0.494214,-0.335569,-0.485788
0.492987,-0.334360,-0.486609
0.491138,-0.333154,-0.487427
0.515093,-0.331913,-0.488243
0.524361,-0.330635,-0.489056
0.532256,-0.329335,-0.489866
0.524788,-0.328043,-0.490671
0.519296,-0.326764,-0.491474
0.528884,-0.325476,-0.492274
0.511749,-0.324205,-0.493071
0.524421,-0.322932,-0.493863
0.530740,-0.321636,-0.494654
0.518405,-0.320351,-0.495443
0.506374,-0.319098,-0.496227
0.516398,-0.317842,-0.497007
0.514899,-0.316578,-0.497785
0.515925,-0.315314,-0.498560
0.501258,-0.314070,-0.499332
0.504194,-0.312836,-0.500101
0.506005,-0.311597,-0.500866
0.491334,-0.310378,-0.501629
0.495867,-0.309168,-0.502388
0.494564,-0.307953,-0.503145
0.492484,-0.306744,-0.503899
0.500790,-0.305523,-0.504649
0.500818,-0.304295,-0.505397
0.500863,-0.303066,-0.506142
0.493537,-0.301849,-0.506884
0.483451,-0.300653,-0.507623
0.487013,-0.299462,-0.508359
0.497179,-0.298254,-0.509091
0.480515,-0.297058,-0.509822
0.459368,-0.295911,-0.510550
0.466388,-0.294774,-0.511274
0.479444,-0.293610,-0.511996
0.478363,-0.292438,-0.512713
0.471661,-0.291274,-0.513429
0.470887,-0.290119,-0.514142
0.460108,-0.288978,-0.514853
0.479636,-0.287822,-0.515560
0.473528,-0.286655,-0.516264
0.489006,-0.285470,-0.516966
0.473881,-0.284295,-0.517664
0.475605,-0.283130,-0.518360
0.467595,-0.281974,-0.519054
0.449695,-0.280856,-0.519743
0.446014,-0.279758,-0.520430
0.442968,-0.278669,-0.521115
0.449452,-0.277574,-0.521796
0.444582,-0.276479,-0.522476
0.457696,-0.275369,-0.523153
0.449643,-0.274257,-0.523828
0.435676,-0.273177,-0.524498
0.427309,-0.272121,-0.525167
0.424200,-0.271077,-0.525833
0.431585,-0.270027,-0.526496
0.446103,-0.268946,-0.527157
0.441324,-0.267859,-0.527815
0.443850,-0.266771,-0.528472
0.439031,-0.265690,-0.529125
0.438736,-0.264615,-0.529774
0.443237,-0.263532,-0.530422
0.450863,-0.262434,-0.531067
0.428663,-0.261361,-0.531709
0.406983,-0.260343,-0.532349
0.397319,-0.259359,-0.532987
0.434988,-0.258327,-0.533622
0.431695,-0.257266,-0.534254
0.419771,-0.256226,-0.534883
0.403065,-0.255222,-0.535510
0.416075,-0.254214,-0.536135
0.412085,-0.253198,-0.536758
0.399073,-0.252208,-0.537377
0.405838,-0.251219,-0.537994
0.412582,-0.250213,-0.538609
0.410929,-0.249204,-0.539222
0.397092,-0.248218,-0.539831
0.396672,-0.247243,-0.540440
0.409667,-0.246251,-0.541045
0.416735,-0.245237,-0.541647
0.395374,-0.244247,-0.542247
0.378352,-0.243304,-0.542844
0.395200,-0.242351,-0.543440
0.391273,-0.241387,-0.544033
0.395239,-0.240420,-0.544625
0.411796,-0.239427,-0.545212
0.405229,-0.238427,-0.545798
0.409495,-0.237428,-0.546381
0.408317,-0.236426,-0.546962
0.387400,-0.235456,-0.547541
0.357442,-0.234552,-0.548116
0.364957,-0.233663,-0.548692
0.371208,-0.232758,-0.549264
0.373691,-0.231845,-0.549833
0.389300,-0.230905,-0.550400
0.402365,-0.229930,-0.550965
0.401479,-0.228946,-0.551527
0.395035,-0.227971,-0.552087
0.394335,-0.227002,-0.552646
0.386138,-0.226047,-0.553202
0.397915,-0.225083,-0.553754
0.409848,-0.224089,-0.554305
0.398276,-0.223102,-0.554854
0.378878,-0.222156,-0.555399
0.374856,-0.221232,-0.555943
0.374787,-0.220312,-0.556485
0.383351,-0.219379,-0.557024
0.374802,-0.218453,-0.557560
0.364445,-0.217550,-0.558095
0.378112,-0.216635,-0.558628
0.387730,-0.215693,-0.559158
0.370455,-0.214768,-0.559686
0.381438,-0.213843,-0.560211
0.385733,-0.212901,-0.560735
0.397893,-0.211936,-0.561256
0.403901,-0.210953,-0.561774
0.400058,-0.209968,-0.562290
0.376478,-0.209022,-0.562804
0.376597,-0.208097,-0.563316
0.357352,-0.207203,-0.563826
0.369230,-0.206309,-0.564332
0.355725,-0.205424,-0.564837
0.361093,-0.204544,-0.565340
0.379305,-0.203632,-0.565839
0.364265,-0.202723,-0.566339
0.389785,-0.201790,-0.566835
0.394853,-0.200827,-0.567328
0.381022,-0.199881,-0.567819
0.375514,-0.198954,-0.568308
0.379338,-0.198028,-0.568795
0.352630,-0.197138,-0.569280
0.366515,-0.196250,-0.569763
0.368756,-0.195349,-0.570243
0.343151,-0.194483,-0.570721
0.352564,-0.193628,-0.571197
0.343936,-0.192776,-0.571671
0.355285,-0.191916,-0.572142
0.352337,-0.191048,-0.572612
0.367382,-0.190161,-0.573080
0.360159,-0.189271,-0.573545
0.355390,-0.188396,-0.574007
0.361190,-0.187515,-0.574468
0.334099,-0.186671,-0.574927
0.339945,-0.185842,-0.575384
0.335087,-0.185014,-0.575840
0.347852,-0.184174,-0.576292
0.331785,-0.183346,-0.576743
0.331629,-0.182532,-0.577191
0.334132,-0.181715,-0.577638
0.310287,-0.180933,-0.578082
0.333722,-0.180135,-0.578526
0.342839,-0.179302,-0.578966
0.313427,-0.178506,-0.579405
0.328443,-0.177714,-0.579842
0.326950,-0.176912,-0.580276
0.322158,-0.176118,-0.580709
0.345384,-0.175291,-0.581141
0.327771,-0.174472,-0.581569
0.309352,-0.173696,-0.581996
0.320211,-0.172920,-0.582421
0.332333,-0.172117,-0.582844
0.330823,-0.171304,-0.583266
0.347873,-0.170468,-0.583684
0.325298,-0.169647,-0.584102
0.316253,-0.168863,-0.584517
0.315207,-0.168089,-0.584930
0.314589,-0.167318,-0.585341
0.293461,-0.166578,-0.585751
0.270962,-0.165893,-0.586158
0.269926,-0.165231,-0.586564
0.276772,-0.164557,-0.586969
0.285540,-0.163865,-0.587372
0.299180,-0.163144,-0.587773
0.302880,-0.162406,-0.588171
0.302863,-0.161663,-0.588569
0.309021,-0.160911,-0.588964
0.299338,-0.160168,-0.589358
0.304700,-0.159425,-0.589750
0.299092,-0.158686,-0.590140
0.292601,-0.157962,-0.590529
0.275615,-0.157270,-0.590915
0.272969,-0.156599,-0.591300
0.260390,-0.155949,-0.591683
0.264358,-0.155303,-0.592065
0.271514,-0.154644,-0.592445
0.277436,-0.153970,-0.592823
0.294616,-0.153263,-0.593200
0.283463,-0.152558,-0.593575
0.283479,-0.151862,-0.593949
0.281856,-0.151168,-0.594321
0.290054,-0.150466,-0.594690
0.284551,-0.149763,-0.595058
0.273676,-0.149081,-0.595425
0.274068,-0.148409,-0.595790
0.275739,-0.147735,-0.596152
0.279083,-0.147054,-0.596514
0.292066,-0.146349,-0.596874
0.295997,-0.145628,-0.597232
0.280948,-0.144924,-0.597588
0.267853,-0.144255,-0.597943
0.268656,-0.143597,-0.598296
0.276112,-0.142928,-0.598647
0.270178,-0.142259,-0.598996
0.260432,-0.141610,-0.599345
0.267367,-0.140962,-0.599691
0.253474,-0.140327,-0.600036
0.258859,-0.139697,-0.600380
0.242898,-0.139087,-0.600722
0.247443,-0.138484,-0.601062
0.271266,-0.137840,-0.601401
0.256612,-0.137198,-0.601738
0.258345,-0.136566,-0.602074
0.261877,-0.135927,-0.602408
0.257438,-0.135291,-0.602741
0.236663,-0.134691,-0.603072
0.236306,-0.134111,-0.603402
0.235805,-0.133532,-0.603730
0.248841,-0.132934,-0.604057
0.236240,-0.132344,-0.604381
0.240448,-0.131758,-0.604705
0.235968,-0.131175,-0.605028
0.225291,-0.130612,-0.605349
0.234240,-0.130046,-0.605669
0.237966,-0.129466,-0.605987
0.232241,-0.128891,-0.606304
0.240256,-0.128309,-0.606619
0.218111,-0.127754,-0.606933
0.223029,-0.127212,-0.607245
0.232626,-0.126649,-0.607557
0.216744,-0.126103,-0.607867
0.225529,-0.125558,-0.608176
0.237512,-0.124987,-0.608483
0.231759,-0.124414,-0.608788
0.232549,-0.123844,-0.609093
0.217914,-0.123297,-0.609396
0.227189,-0.122747,-0.609698
0.232059,-0.122182,-0.609998
0.236871,-0.121606,-0.610297
0.228613,-0.121038,-0.610594
0.252237,-0.120442,-0.610890
0.246351,-0.119832,-0.611185
0.223599,-0.119261,-0.611479
0.214537,-0.118727,-0.611770
0.200682,-0.118222,-0.612061
0.220552,-0.117700,-0.612350
0.227180,-0.117149,-0.612638
0.223337,-0.116598,-0.612924
0.236509,-0.116031,-0.613210
0.219489,-0.115475,-0.613494
0.237061,-0.114911,-0.613776
0.206741,-0.114376,-0.614057
0.196392,-0.113884,-0.614337
0.201223,-0.113395,-0.614616
0.209042,-0.112891,-0.614893
0.231607,-0.112344,-0.615169
0.229851,-0.111777,-0.615445
0.218662,-0.111231,-0.615718
0.220726,-0.110692,-0.615990
0.203706,-0.110176,-0.616261
0.194231,-0.109691,-0.616531
0.209602,-0.109192,-0.616799
0.221018,-0.108660,-0.617066
0.205270,-0.108142,-0.617332
0.226936,-0.107606,-0.617596
0.202333,-0.107087,-0.617860
0.187334,-0.106613,-0.618122
0.175672,-0.106172,-0.618382
0.185980,-0.105725,-0.618642
0.216806,-0.105222,-0.618901
0.198863,-0.104718,-0.619158
0.201056,-0.104227,-0.619415
0.211911,-0.103717,-0.619670
0.204197,-0.103210,-0.619923
0.195683,-0.102722,-0.620176
0.204199,-0.102229,-0.620427
0.186728,-0.101754,-0.620677
0.176845,-0.101311,-0.620927
0.193733,-0.100852,-0.621174
0.194933,-0.100375,-0.621421
0.201038,-0.099888,-0.621666
0.186687,-0.099417,-0.621911
0.180065,-0.098969,-0.622154
0.183192,-0.098522,-0.622396
0.209800,-0.098033,-0.622637
0.195845,-0.097540,-0.622877
0.182029,-0.097080,-0.623116
0.175217,-0.096644,-0.623353
0.175511,-0.096214,-0.623590
0.180173,-0.095776,-0.623825
0.174469,-0.095343,-0.624060
0.169446,-0.094923,-0.624293
0.162830,-0.094518,-0.624525
0.161866,-0.094120,-0.624756
0.161417,-0.093724,-0.624987
0.179330,-0.093301,-0.625216
0.174055,-0.092869,-0.625444
0.179484,-0.092433,-0.625672
0.176980,-0.091997,-0.625898
0.159921,-0.091589,-0.626123
0.172868,-0.091178,-0.626347
0.162943,-0.090769,-0.626570
0.151642,-0.090387,-0.626792
0.150312,-0.090016,-0.627013
0.179618,-0.089603,-0.627234
0.184668,-0.089155,-0.627453
0.162693,-0.088736,-0.627671
0.176940,-0.088315,-0.627888
0.164666,-0.087900,-0.628104
0.177604,-0.087476,-0.628319
0.157150,-0.087072,-0.628533
0.162473,-0.086678,-0.628746
0.152588,-0.086295,-0.628958
0.132995,-0.085951,-0.629169
0.137574,-0.085617,-0.629380
0.149450,-0.085262,-0.629589
0.150595,-0.084894,-0.629798
0.142450,-0.084537,-0.630006
0.152613,-0.084172,-0.630213
0.134849,-0.083824,-0.630419
0.151072,-0.083469,-0.630624
0.143874,-0.083109,-0.630828
0.147355,-0.082751,-0.631032
0.138193,-0.082404,-0.631234
0.127392,-0.082081,-0.631436
0.142138,-0.081746,-0.631637
0.131717,-0.081414,-0.631837
0.121663,-0.081106,-0.632036
0.120852,-0.080809,-0.632235
0.123364,-0.080509,-0.632432
0.122854,-0.080207,-0.632630
0.125784,-0.079901,-0.632826
0.137233,-0.079575,-0.633021
0.133018,-0.079245,-0.633216
0.122263,-0.078935,-0.633410
0.115464,-0.078645,-0.633604
0.123034,-0.078351,-0.633796
0.111086,-0.078067,-0.633988
0.119973,-0.077781,-0.634179
0.117203,-0.077491,-0.634369
0.044768,-0.077314,-0.634559
0.087002,-0.077140,-0.634748
0.033232,-0.000050,-0.634938
0.012693,0.000004,-0.634938
0.004848,-0.000007,-0.634938
0.085163,0.000109,-0.634938
0.098042,0.000336,-0.634937
0.128275,0.000621,-0.634936
0.048997,-0.000074,-0.634934
0.087573,0.000096,-0.634934
0.033450,-0.000051,-0.634934
0.012777,0.000005,-0.634934
0.004880,-0.000007,-0.634934
0.070609,0.000090,-0.634934
0.098613,0.000303,-0.634933
0.037667,0.000454,-0.634932
0.081741,0.000613,-0.634931
0.031222,-0.000047,-0.634929
0.076389,0.000088,-0.634929
0.029178,0.000207,-0.634929
0.011145,-0.000017,-0.634928
0.004257,-0.000006,-0.634928
0.064350,0.000082,-0.634928
0.024579,0.000183,-0.634928
0.009388,0.000220,-0.634927
0.067719,0.000331,-0.634927
0.088577,0.000529,-0.634926
0.033833,-0.000051,-0.634924
0.012923,0.000005,-0.634924
0.071063,0.000119,-0.634924
0.091763,0.000324,-0.634923
0.035050,-0.000053,-0.634922
0.013388,-0.000020,-0.634923
0.005114,-0.000008,-0.634923
0.001953,-0.000003,-0.634923
0.000746,-0.000001,-0.634923
0.000285,-0.000000,-0.634923
0.000109,-0.000000,-0.634923
0.000042,-0.000000,-0.634923
0.000016,0.000000,-0.634923
0.000006,-0.000000,-0.634923
0.000002,-0.000000,-0.634923
0.000001,-0.000000,-0.634923
0.000000,-0.000000,-0.634923
0.000000,-0.000000,-0.634923
0.000000,-0.000000,-0.634923
0.000000,-0.000000,-0.634923
0.000000,-0.000000,-0.634923
0.000000,-0.000000,-0.634923
0.000000,-0.000000,-0.634923
0.000000,-0.000000,-0.634923
0.000000,-0.000000,-0.634923
0.000000,-0.000000,-0.634923
0.000000,-0.000000,-0.634923
0.000000,-0.000000,-0.634923
0.000000,-0.000000,-0.634923
0.000000,-0.000000,-0.634923
0.000000,-0.000000,-0.634923
0.000000,0.000000,-0.634923
0.000000,-0.000000,-0.634923
0.000000,-0.000000,-0.634923
0.000000,-0.000000,-0.634923
0.000000,-0.000000,-0.634923
0.000000,-0.000000,-0.634923
0.000000,-0.000000,-0.634923
0.000000,-0.000000,-0.634923
0.000000,-0.000000,-0.634923
0.000000,-0.000000,-0.634923
0.000000,-0.000000,-0.634923
0.000000,-0.000000,-0.634923
0.000000,-0.000000,-0.634923
0.000000,-0.000000,-0.634923
0.000000,-0.000000,-0.634923
0.000000,-0.000000,-0.634923
0.000000,-0.000000,-0.634923
0.000000,-0.000000,-0.634923
0.000000,-0.000000,-0.634923
0.000000,-0.000000,-0.634923
0.000000,-0.000000,-0.634923
0.000000,-0.000000,-0.634923
0.000000,-0.000000,-0.634923
0.000000,-0.000000,-0.634923
0.000000,-0.000000,-0.634923
0.000000,-0.000000,-0.634923
0.000000,-0.000000,-0.634923
0.000000,-0.000000,-0.634923
0.000000,-0.000000,-0.634923
0.000000,-0.000000,-0.634923
0.000000,-0.000000,-0.634923
0.000000,-0.000000,-0.634923
0.000000,-0.000000,-0.634923
0.000000,-0.000000,-0.634923
0.000000,-0.000000,-0.634923
0.000000,-0.000000,-0.634923
0.000000,-0.000000,-0.634923
0.000000,-0.000000,-0.634923
0.000000,-0.000000,-0.634923
0.000000,-0.000000,-0.634923
0.000000,-0.000000,-0.634923
0.000000,-0.000000,-0.634923
0.000000,-0.000000,-0.634923
0.000000,-0.000000,-0.634923
0.000000,-0.000000,-0.634923
0.000000,-0.000000,-0.634923
0.000000,-0.000000,-0.634923
0.000000,-0.000000,-0.634923
0.000000,-0.000000,-0.634923
0.000000,-0.000000,-0.634923
0.000000,-0.000000,-0.634923
0.000000,-0.000000,-0.634923
0.000000,-0.000000,-0.634923
0.000000,-0.000000,-0.634923
0.000000,-0.000000,-0.634923
0.000000,-0.000000,-0.634923
0.000000,-0.000000,-0.634923
0.000000,-0.000000,-0.634923
0.000000,-0.000000,-0.634923
0.000000,-0.000000,-0.634923
0.000000,-0.000000,-0.634923
0.000000,-0.000000,-0.634923
0.000000,-0.000000,-0.634923
0.000000,-0.000000,-0.634923
0.000000,-0.000000,-0.634923
0.000000,-0.000000,-0.634923
0.000000,-0.000000,-0.634923
0.000000,-0.000000,-0.634923
0.000000,-0.000000,-0.634923
0.000000,-0.000000,-0.634923
0.000000,-0.000000,-0.634923
0.000000,-0.000000,-0.634923
0.000000,-0.000000,-0.634923
0.000000,-0.000000,-0.634923
0.000000,-0.000000,-0.634923
0.000000,-0.000000,-0.634923
0.000000,-0.000000,-0.634923
0.000000,-0.000000,-0.634923
0.000000,-0.000000,-0.634923
0.000000,-0.000000,-0.634923
0.000000,-0.000000,-0.634923
0.000000,-0.000000,-0.634923
0.000000,-0.000000,-0.634923
0.000000,-0.000000,-0.634923
0.000000,-0.000000,-0.634923
0.000000,-0.000000,-0.634923
0.000000,-0.000000,-0.634923
0.000000,-0.000000,-0.634923
0.000000,-0.000000,-0.634923
0.000000,-0.000000,-0.634923
0.000000,-0.000000,-0.634923
0.000000,-0.000000,-0.634923
0.000000,-0.000000,-0.634923
0.000000,-0.000000,-0.634923
0.000000,-0.000000,-0.634923
0.000000,-0.000000,-0.634923
0.000000,-0.000000,-0.634923
0.000000,-0.000000,-0.634923
0.000000,-0.000000,-0.634923
0.000000,-0.000000,-0.634923
0.000000,-0.000000,-0.634923
0.000000,-0.000000,-0.634923
0.000000,-0.000000,-0.634923
0.000000,-0.000000,-0.634923
0.000000,-0.000000,-0.634923
0.000000,-0.000000,-0.634923
0.000000,-0.000000,-0.634923
0.000000,-0.000000,-0.634923
0.000000,-0.000000,-0.634923
0.000000,-0.000000,-0.634923
0.000000,-0.000000,-0.634923
0.000000,-0.000000,-0.634923
0.000000,-0.000000,-0.634923
0.000000,-0.000000,-0.634923
0.000000,-0.000000,-0.634923
0.000000,-0.000000,-0.634923
0.000000,-0.000000,-0.634923
0.000000,-0.000000,-0.634923
0.000000,-0.000000,-0.634923
0.000000,-0.000000,-0.634923
0.000000,-0.000000,-0.634923
0.000000,-0.000000,-0.634923
0.000000,-0.000000,-0.634923
0.000000,-0.000000,-0.634923
0.000000,-0.000000,-0.634923
0.000000,-0.000000,-0.634923
0.000000,-0.000000,-0.634923
0.000000,-0.000000,-0.634923
0.000000,-0.000000,-0.634923
0.000000,-0.000000,-0.634923
0.000000,-0.000000,-0.634923
0.000000,-0.000000,-0.634923
0.000000,-0.000000,-0.634923
0.000000,-0.000000,-0.634923
0.000000,-0.000000,-0.634923
0.000000,-0.000000,-0.634923
0.000000,-0.000000,-0.634923
0.000000,-0.000000,-0.634923
0.000000,-0.000000,-0.634923
0.000000,-0.000000,-0.634923
0.000000,-0.000000,-0.634923
0.000000,-0.000000,-0.634923
0.000000,-0.000000,-0.634923
0.000000,-0.000000,-0.634923
0.000000,-0.000000,-0.634923
0.000000,-0.000000,-0.634923
0.000000,-0.000000,-0.634923
0.000000,-0.000000,-0.634923
0.000000,-0.000000,-0.634923
0.000000,-0.000000,-0.634923
0.000000,-0.000000,-0.634923
0.000000,-0.000000,-0.634923
0.000000,-0.000000,-0.634923
0.000000,-0.000000,-0.634923
0.000000,-0.000000,-0.634923
0.000000,-0.000000,-0.634923
0.000000,-0.000000,-0.634923
0.000000,-0.000000,-0.634923
0.000000,-0.000000,-0.634923
0.000000,-0.000000,-0.634923
0.000000,-0.000000,-0.634923
0.000000,-0.000000,-0.634923
0.000000,-0.000000,-0.634923
0.000000,-0.000000,-0.634923
0.000000,-0.000000,-0.634923
0.000000,-0.000000,-0.634923
0.000000,-0.000000,-0.634923
0.000000,-0.000000,-0.634923
0.000000,-0.000000,-0.634923
0.000000,-0.000000,-0.634923
0.000000,-0.000000,-0.634923
0.000000,-0.000000,-0.634923
0.000000,-0.000000,-0.634923
0.000000,-0.000000,-0.634923
0.000000,-0.000000,-0.634923
0.000000,-0.000000,-0.634923
0.000000,-0.000000,-0.634923
0.000000,-0.000000,-0.634923
0.000000,-0.000000,-0.634923
0.000000,-0.000000,-0.634923
0.000000,-0.000000,-0.634923
0.000000,-0.000000,-0.634923
0.000000,-0.000000,-0.634923
0.000000,-0.000000,-0.634923
0.000000,-0.000000,-0.634923
0.000000,-0.000000,-0.634923
0.000000,-0.000000,-0.634923
0.000000,-0.000000,-0.634923
0.000000,-0.000000,-0.634923
0.000000,-0.000000,-0.634923
0.000000,-0.000000,-0.634923
0.000000,-0.000000,-0.634923
0.000000,-0.000000,-0.634923
0.000000,-0.000000,-0.634923
0.000000,-0.000000,-0.634923
0.000000,-0.000000,-0.634923
0.000000,-0.000000,-0.634923
0.000000,-0.000000,-0.634923
0.000000,-0.000000,-0.634923
0.000000,-0.000000,-0.634923
0.000000,-0.000000,-0.634923
0.000000,-0.000000,-0.634923
0.000000,-0.000000,-0.634923
0.000000,-0.000000,-0.634923
0.000000,-0.000000,-0.634923
0.000000,-0.000000,-0.634923
0.000000,-0.000000,-0.634923
0.000000,-0.000000,-0.634923
0.000000,-0.000000,-0.634923
0.000000,-0.000000,-0.634923
0.000000,-0.000000,-0.634923
0.000000,-0.000000,-0.634923
0.000000,-0.000000,-0.634923
0.000000,-0.000000,-0.634923
0.000000,-0.000000,-0.634923
0.000000,-0.000000,-0.634923
0.000000,-0.000000,-0.634923
0.000000,-0.000000,-0.634923
0.000000,-0.000000,-0.634923
0.000000,-0.000000,-0.634923
0.000000,-0.000000,-0.634923
0.000000,-0.000000,-0.634923
0.000000,-0.000000,-0.634923
0.000000,-0.000000,-0.634923
0.000000,-0.000000,-0.634923
0.000000,-0.000000,-0.634923
0.000000,-0.000000,-0.634923
0.000000,-0.000000,-0.634923
0.000000,-0.000000,-0.634923
0.000000,-0.000000,-0.634923
0.000000,-0.000000,-0.634923
0.000000,-0.000000,-0.634923
0.000000,-0.000000,-0.634923
0.000000,-0.000000,-0.634923
0.000000,-0.000000,-0.634923
0.000000,-0.000000,-0.634923
0.000000,-0.000000,-0.634923
0.000000,-0.000000,-0.634923
0.000000,-0.000000,-0.634923
0.000000,-0.000000,-0.634923
0.000000,-0.000000,-0.634923
0.000000,-0.000000,-0.634923
0.000000,-0.000000,-0.634923
0.000000,-0.000000,-0.634923
0.000000,-0.000000,-0.634923
0.000000,-0.000000,-0.634923
0.000000,-0.000000,-0.634923
0.000000,-0.000000,-0.634923
0.000000,-0.000000,-0.634923
0.000000,-0.000000,-0.634923
0.000000,-0.000000,-0.634923
0.000000,-0.000000,-0.634923
0.000000,-0.000000,-0.634923
0.000000,-0.000000,-0.634923
0.000000,-0.000000,-0.634923
0.000000,-0.000000,-0.634923
0.000000,-0.000000,-0.634923
0.000000,-0.000000,-0.634923
0.000000,-0.000000,-0.634923
0.000000,-0.000000,-0.634923
0.000000,-0.000000,-0.634923
0.000000,-0.000000,-0.634923
0.000000,-0.000000,-0.634923
0.000000,-0.000000,-0.634923
0.000000,-0.000000,-0.634923
0.000000,-0.000000,-0.634923
0.000000,-0.000000,-0.634923
0.000000,-0.000000,-0.634923
0.000000,-0.000000,-0.634923
0.000000,-0.000000,-0.634923
0.000000,-0.000000,-0.634923
0.000000,-0.000000,-0.634923
0.000000,-0.000000,-0.634923
0.000000,-0.000000,-0.634923
0.000000,-0.000000,-0.634923
0.000000,-0.000000,-0.634923
0.000000,-0.000000,-0.634923
0.000000,-0.000000,-0.634923
0.000000,-0.000000,-0.634923
0.000000,-0.000000,-0.634923
0.000000,-0.000000,-0.634923
0.000000,-0.000000,-0.634923
0.000000,-0.000000,-0.634923
0.000000,-0.000000,-0.634923
0.000000,-0.000000,-0.634923
0.000000,-0.000000,-0.634923
0.000000,-0.000000,-0.634923
0.000000,-0.000000,-0.634923
0.000000,-0.000000,-0.634923
0.000000,-0.000000,-0.634923
0.000000,-0.000000,-0.634923
0.000000,-0.000000,-0.634923
0.000000,-0.000000,-0.634923
0.000000,-0.000000,-0.634923
0.000000,-0.000000,-0.634923
0.000000,-0.000000,-0.634923
0.000000,-0.000000,-0.634923
0.000000,-0.000000,-0.634923
0.000000,-0.000000,-0.634923
0.000000,-0.000000,-0.634923
0.000000,-0.000000,-0.634923
0.000000,-0.000000,-0.634923
0.000000,-0.000000,-0.634923
0.000000,-0.000000,-0.634923
0.000000,-0.000000,-0.634923
0.000000,-0.000000,-0.634923
0.000000,-0.000000,-0.634923
0.000000,-0.000000,-0.634923
0.000000,-0.000000,-0.634923
0.000000,-0.000000,-0.634923
0.000000,-0.000000,-0.634923
0.000000,-0.000000,-0.634923
0.000000,-0.000000,-0.634923
0.000000,-0.000000,-0.634923
0.000000,-0.000000,-0.634923
0.000000,-0.000000,-0.634923
0.000000,-0.000000,-0.634923
0.000000,-0.000000,-0.634923
0.000000,-0.000000,-0.634923
0.000000,-0.000000,-0.634923
0.000000,-0.000000,-0.634923
0.000000,-0.000000,-0.634923
0.000000,-0.000000,-0.634923
0.000000,-0.000000,-0.634923
0.000000,-0.000000,-0.634923
0.000000,-0.000000,-0.634923
0.000000,-0.000000,-0.634923
0.000000,-0.000000,-0.634923
0.000000,-0.000000,-0.634923
0.000000,-0.000000,-0.634923
0.000000,-0.000000,-0.634923
0.000000,-0.000000,-0.634923
0.000000,-0.000000,-0.634923
0.000000,-0.000000,-0.634923
0.000000,-0.000000,-0.634923
0.000000,-0.000000,-0.634923
0.000000,-0.000000,-0.634923
0.000000,-0.000000,-0.634923
0.000000,-0.000000,-0.634923
0.000000,-0.000000,-0.634923
0.000000,-0.000000,-0.634923
0.000000,-0.000000,-0.634923
0.000000,-0.000000,-0.634923
0.000000,-0.000000,-0.634923
0.000000,-0.000000,-0.634923
0.000000,-0.000000,-0.634923
0.000000,-0.000000,-0.634923
0.000000,-0.000000,-0.634923
0.000000,-0.000000,-0.634923
0.000000,-0.000000,-0.634923
0.000000,-0.000000,-0.634923
0.000000,-0.000000,-0.634923
0.000000,-0.000000,-0.634923
0.000000,-0.000000,-0.634923
0.000000,-0.000000,-0.634923
0.000000,-0.000000,-0.634923
0.000000,-0.000000,-0.634923
0.000000,-0.000000,-0.634923
0.000000,-0.000000,-0.634923
0.000000,-0.000000,-0.634923
0.000000,-0.000000,-0.634923
0.000000,-0.000000,-0.634923
0.000000,-0.000000,-0.634923
0.000000,-0.000000,-0.634923
0.000000,-0.000000,-0.634923
0.000000,-0.000000,-0.634923
0.000000,-0.000000,-0.634923
0.000000,-0.000000,-0.634923
0.000000,-0.000000,-0.634923
0.000000,-0.000000,-0.634923
0.000000,-0.000000,-0.634923
0.000000,-0.000000,-0.634923
0.000000,-0.000000,-0.634923
0.000000,-0.000000,-0.634923
0.000000,-0.000000,-0.634923
0.000000,-0.000000,-0.634923
0.000000,-0.000000,-0.634923
0.000000,-0.000000,-0.634923
0.000000,-0.000000,-0.634923
0.000000,-0.000000,-0.634923
0.000000,-0.000000,-0.634923
0.000000,-0.000000,-0.634923
0.000000,-0.000000,-0.634923
0.000000,-0.000000,-0.634923
0.000000,-0.000000,-0.634923
0.000000,-0.000000,-0.634923
0.000000,-0.000000,-0.634923
0.000000,-0.000000,-0.634923
0.000000,-0.000000,-0.634923
0.000000,-0.000000,-0.634923
0.000000,-0.000000,-0.634923
0.000000,-0.000000,-0.634923
0.000000,-0.000000,-0.634923
0.000000,-0.000000,-0.634923
0.000000,-0.000000,-0.634923
0.000000,-0.000000,-0.634923
0.000000,-0.000000,-0.634923
0.000000,-0.000000,-0.634923
0.000000,-0.000000,-0.634923
0.000000,-0.000000,-0.634923
0.000000,-0.000000,-0.634923
0.000000,-0.000000,-0.634923
0.000000,-0.000000,-0.634923
0.000000,-0.000000,-0.634923
0.000000,-0.000000,-0.634923
0.000000,-0.000000,-0.634923
0.000000,-0.000000,-0.634923
0.000000,-0.000000,-0.634923
0.000000,-0.000000,-0.634923
0.000000,-0.000000,-0.634923
0.000000,-0.000000,-0.634923
0.000000,-0.000000,-0.634923
0.000000,-0.000000,-0.634923
0.000000,-0.000000,-0.634923
0.000000,-0.000000,-0.634923
0.000000,-0.000000,-0.634923
0.000000,-0.000000,-0.634923
0.000000,-0.000000,-0.634923
0.000000,-0.000000,-0.634923
0.000000,-0.000000,-0.634923
0.000000,-0.000000,-0.634923
0.000000,-0.000000,-0.634923
0.000000,-0.000000,-0.634923
0.000000,-0.000000,-0.634923
0.000000,-0.000000,-0.634923
0.000000,-0.000000,-0.634923
0.000000,-0.000000,-0.634923
0.000000,-0.000000,-0.634923
0.000000,-0.000000,-0.634923
0.000000,-0.000000,-0.634923
0.000000,-0.000000,-0.634923
0.000000,-0.000000,-0.634923
0.000000,-0.000000,-0.634923
0.000000,-0.000000,-0.634923
0.000000,-0.000000,-0.634923
0.000000,-0.000000,-0.634923
0.000000,-0.000000,-0.634923
0.000000,-0.000000,-0.634923
0.000000,-0.000000,-0.634923
0.000000,-0.000000,-0.634923
0.000000,-0.000000,-0.634923
0.000000,-0.000000,-0.634923
0.000000,-0.000000,-0.634923
0.000000,-0.000000,-0.634923
0.000000,-0.000000,-0.634923
0.000000,-0.000000,-0.634923
0.000000,-0.000000,-0.634923
0.000000,-0.000000,-0.634923
0.000000,-0.000000,-0.634923
0.000000,-0.000000,-0.634923
0.000000,-0.000000,-0.634923
0.000000,-0.000000,-0.634923
0.000000,-0.000000,-0.634923
0.000000,-0.000000,-0.634923
0.000000,-0.000000,-0.634923
0.000000,-0.000000,-0.634923
0.000000,-0.000000,-0.634923
0.000000,-0.000000,-0.634923
0.000000,-0.000000,-0.634923
0.000000,-0.000000,-0.634923
0.000000,-0.000000,-0.634923
0.000000,-0.000000,-0.634923
0.000000,-0.000000,-0.634923
0.000000,-0.000000,-0.634923
0.000000,-0.000000,-0.634923
0.000000,-0.000000,-0.634923
0.000000,-0.000000,-0.634923
0.000000,-0.000000,-0.634923
0.000000,-0.000000,-0.634923
0.000000,-0.000000,-0.634923
0.000000,-0.000000,-0.634923
0.000000,-0.000000,-0.634923
0.000000,-0.000000,-0.634923
0.000000,-0.000000,-0.634923
0.000000,-0.000000,-0.634923
0.000000,-0.000000,-0.634923
0.000000,-0.000000,-0.634923
0.000000,-0.000000,-0.634923
0.000000,-0.000000,-0.634923
0.000000,-0.000000,-0.634923
0.000000,-0.000000,-0.634923
0.000000,-0.000000,-0.634923
0.000000,-0.000000,-0.634923
0.000000,-0.000000,-0.634923
0.000000,-0.000000,-0.634923
0.000000,-0.000000,-0.634923
0.000000,-0.000000,-0.634923
0.000000,-0.000000,-0.634923
0.000000,-0.000000,-0.634923
0.000000,-0.000000,-0.634923
0.000000,-0.000000,-0.634923
0.000000,-0.000000,-0.634923
0.000000,-0.000000,-0.634923
0.000000,-0.000000,-0.634923
0.000000,-0.000000,-0.634923
0.000000,-0.000000,-0.634923
0.000000,-0.000000,-0.634923
0.000000,-0.000000,-0.634923
0.000000,-0.000000,-0.634923
0.000000,-0.000000,-0.634923
0.000000,-0.000000,-0.634923
0.000000,-0.000000,-0.634923
0.000000,-0.000000,-0.634923
0.000000,-0.000000,-0.634923
0.000000,-0.000000,-0.634923
0.000000,-0.000000,-0.634923
0.000000,-0.000000,-0.634923
0.000000,-0.000000,-0.634923
0.000000,-0.000000,-0.634923
0.000000,-0.000000,-0.634923
0.000000,-0.000000,-0.634923
0.000000,-0.000000,-0.634923
0.000000,-0.000000,-0.634923
0.000000,-0.000000,-0.634923
0.000000,-0.000000,-0.634923
0.000000,-0.000000,-0.634923
0.000000,-0.000000,-0.634923
0.000000,-0.000000,-0.634923
0.000000,-0.000000,-0.634923
0.000000,-0.000000,-0.634923
0.000000,-0.000000,-0.634923
0.000000,-0.000000,-0.634923
0.000000,-0.000000,-0.634923
0.000000,-0.000000,-0.634923
0.000000,-0.000000,-0.634923
0.000000,-0.000000,-0.634923
0.000000,-0.000000,-0.634923
0.000000,-0.000000,-0.634923
0.000000,-0.000000,-0.634923
0.000000,-0.000000,-0.634923
0.000000,-0.000000,-0.634923
0.000000,-0.000000,-0.634923
0.000000,-0.000000,-0.634923
0.000000,-0.000000,-0.634923
0.000000,-0.000000,-0.634923
0.000000,-0.000000,-0.634923
0.000000,-0.000000,-0.634923
0.000000,-0.000000,-0.634923
0.000000,-0.000000,-0.634923
0.000000,-0.000000,-0.634923
0.000000,-0.000000,-0.634923
0.000000,-0.000000,-0.634923
0.000000,-0.000000,-0.634923
0.000000,-0.000000,-0.634923
0.000000,-0.000000,-0.634923
0.000000,-0.000000,-0.634923
0.000000,-0.000000,-0.634923
0.000000,-0.000000,-0.634923
0.000000,-0.000000,-0.634923
0.000000,-0.000000,-0.634923
0.000000,-0.000000,-0.634923
0.000000,-0.000000,-0.634923
0.000000,-0.000000,-0.634923
0.000000,-0.000000,-0.634923
0.000000,-0.000000,-0.634923
0.000000,-0.000000,-0.634923
0.000000,-0.000000,-0.634923
0.000000,-0.000000,-0.634923
0.000000,-0.000000,-0.634923
0.000000,-0.000000,-0.634923
0.000000,-0.000000,-0.634923
0.000000,-0.000000,-0.634923
0.000000,-0.000000,-0.634923
0.000000,-0.000000,-0.634923
0.000000,-0.000000,-0.634923
0.000000,-0.000000,-0.634923
0.000000,-0.000000,-0.634923
0.000000,-0.000000,-0.634923
0.000000,-0.000000,-0.634923
0.000000,-0.000000,-0.634923
0.000000,-0.000000,-0.634923
0.000000,-0.000000,-0.634923
0.000000,-0.000000,-0.634923
0.000000,-0.000000,-0.634923
0.000000,-0.000000,-0.634923
0.000000,-0.000000,-0.634923
0.000000,-0.000000,-0.634923
0.000000,-0.000000,-0.634923
0.000000,-0.000000,-0.634923
0.000000,-0.000000,-0.634923
0.000000,-0.000000,-0.634923
0.000000,-0.000000,-0.634923
0.000000,-0.000000,-0.634923
0.000000,-0.000000,-0.634923
0.000000,-0.000000,-0.634923
0.000000,-0.000000,-0.634923
0.000000,-0.000000,-0.634923
0.000000,-0.000000,-0.634923
0.000000,-0.000000,-0.634923
0.000000,-0.000000,-0.634923
0.000000,-0.000000,-0.634923
0.000000,-0.000000,-0.634923
0.000000,-0.000000,-0.634923
0.000000,-0.000000,-0.634923
0.000000,-0.000000,-0.634923
0.000000,-0.000000,-0.634923
0.000000,-0.000000,-0.634923
0.000000,-0.000000,-0.634923
0.000000,-0.000000,-0.634923
0.000000,-0.000000,-0.634923
0.000000,-0.000000,-0.634923
0.000000,-0.000000,-0.634923
0.000000,-0.000000,-0.634923
0.000000,-0.000000,-0.634923
0.000000,-0.000000,-0.634923
0.000000,-0.000000,-0.634923
0.000000,-0.000000,-0.634923
0.000000,-0.000000,-0.634923
0.000000,-0.000000,-0.634923
0.000000,-0.000000,-0.634923
0.000000,-0.000000,-0.634923
0.000000,-0.000000,-0.634923
0.000000,-0.000000,-0.634923
0.000000,-0.000000,-0.634923
0.000000,-0.000000,-0.634923
0.000000,-0.000000,-0.634923
0.000000,-0.000000,-0.634923
0.000000,-0.000000,-0.634923
0.000000,-0.000000,-0.634923
0.000000,-0.000000,-0.634923
0.000000,-0.000000,-0.634923
0.000000,-0.000000,-0.634923
0.000000,-0.000000,-0.634923
0.000000,-0.000000,-0.634923
0.000000,-0.000000,-0.634923
0.000000,-0.000000,-0.634923
0.000000,-0.000000,-0.634923
0.000000,-0.000000,-0.634923
0.000000,-0.000000,-0.634923
0.000000,-0.000000,-0.634923
0.000000,-0.000000,-0.634923
0.000000,-0.000000,-0.634923
0.000000,-0.000000,-0.634923
0.000000,-0.000000,-0.634923
0.000000,-0.000000,-0.634923
0.000000,-0.000000,-0.634923
0.000000,-0.000000,-0.634923
0.000000,-0.000000,-0.634923
0.000000,-0.000000,-0.634923
0.000000,-0.000000,-0.634923
0.000000,-0.000000,-0.634923
0.000000,-0.000000,-0.634923
0.000000,-0.000000,-0.634923
0.000000,-0.000000,-0.634923
0.000000,-0.000000,-0.634923
0.000000,-0.000000,-0.634923
0.000000,-0.000000,-0.634923
0.000000,-0.000000,-0.634923
0.000000,-0.000000,-0.634923
0.000000,-0.000000,-0.634923
0.000000,-0.000000,-0.634923
0.000000,-0.000000,-0.634923
0.000000,-0.000000,-0.634923
0.000000,-0.000000,-0.634923
0.000000,-0.000000,-0.634923
0.000000,-0.000000,-0.634923
0.000000,-0.000000,-0.634923
0.000000,-0.000000,-0.634923
0.000000,-0.000000,-0.634923
0.000000,-0.000000,-0.634923
0.000000,-0.000000,-0.634923
0.000000,-0.000000,-0.634923
0.000000,-0.000000,-0.634923
0.000000,-0.000000,-0.634923
0.000000,-0.000000,-0.634923
0.000000,-0.000000,-0.634923
0.000000,-0.000000,-0.634923
0.000000,-0.000000,-0.634923
0.000000,-0.000000,-0.634923
0.000000,-0.000000,-0.634923
0.000000,-0.000000,-0.634923
0.000000,-0.000000,-0.634923
0.000000,-0.000000,-0.634923
0.000000,-0.000000,-0.634923
0.000000,-0.000000,-0.634923
0.000000,-0.000000,-0.634923
0.000000,-0.000000,-0.634923
0.000000,-0.000000,-0.634923
0.000000,-0.000000,-0.634923
0.000000,-0.000000,-0.634923
0.000000,-0.000000,-0.634923
0.000000,-0.000000,-0.634923
0.000000,-0.000000,-0.634923
0.000000,-0.000000,-0.634923
0.000000,-0.000000,-0.634923
0.000000,-0.000000,-0.634923
0.000000,-0.000000,-0.634923
0.000000,-0.000000,-0.634923
0.000000,-0.000000,-0.634923
0.000000,-0.000000,-0.634923
0.000000,-0.000000,-0.634923
0.000000,-0.000000,-0.634923
0.000000,-0.000000,-0.634923
0.000000,-0.000000,-0.634923
0.000000,-0.000000,-0.634923
0.000000,-0.000000,-0.634923
0.000000,-0.000000,-0.634923
0.000000,-0.000000,-0.634923
0.000000,-0.000000,-0.634923
0.000000,-0.000000,-0.634923
0.000000,-0.000000,-0.634923
0.000000,-0.000000,-0.634923
0.000000,-0.000000,-0.634923
0.000000,-0.000000,-0.634923
0.000000,-0.000000,-0.634923
0.000000,-0.000000,-0.634923
0.000000,-0.000000,-0.634923
0.000000,-0.000000,-0.634923
0.000000,-0.000000,-0.634923
0.000000,-0.000000,-0.634923
0.000000,-0.000000,-0.634923
0.000000,-0.000000,-0.634923
0.000000,-0.000000,-0.634923
0.000000,-0.000000,-0.634923
0.000000,-0.000000,-0.634923
0.000000,-0.000000,-0.634923
0.000000,-0.000000,-0.634923
0.000000,-0.000000,-0.634923
0.000000,-0.000000,-0.634923
0.000000,-0.000000,-0.634923
0.000000,-0.000000,-0.634923
0.000000,-0.000000,-0.634923
0.000000,-0.000000,-0.634923
0.000000,-0.000000,-0.634923
0.000000,-0.000000,-0.634923
0.000000,-0.000000,-0.634923
0.000000,-0.000000,-0.634923
0.000000,-0.000000,-0.634923
0.000000,-0.000000,-0.634923
0.000000,-0.000000,-0.634923
0.000000,-0.000000,-0.634923
0.000000,-0.000000,-0.634923
0.000000,-0.000000,-0.634923
0.000000,-0.000000,-0.634923
0.000000,-0.000000,-0.634923
0.000000,-0.000000,-0.634923
0.000000,-0.000000,-0.634923
0.000000,0.000000,-0.634923
0.000000,0.000000,-0.634923
0.000000,0.000000,-0.634923
0.000000,0.000000,-0.634923
0.000000,0.000000,-0.634923
0.000000,0.000000,-0.634923
0.000000,0.000000,-0.634923
0.000000,0.000000,-0.634923
0.000000,0.000000,-0.634923
0.000000,0.000000,-0.634923
0.000000,0.000000,-0.634923
0.000000,0.000000,-0.634923
0.000000,0.000000,-0.634923
0.000000,0.000000,-0.634923
0.000000,0.000000,-0.634923
0.000000,0.000000,-0.634923
0.000000,0.000000,-0.634923
0.000000,0.000000,-0.634923
0.000000,0.000000,-0.634923
0.000000,0.000000,-0.634923
0.000000,0.000000,-0.634923
0.000000,0.000000,-0.634923
0.000000,0.000000,-0.634923
0.000000,0.000000,-0.634923
0.000000,0.000000,-0.634923
0.000000,0.000000,-0.634923
0.000000,0.000000,-0.634923
0.000000,0.000000,-0.634923
0.000000,0.000000,-0.634923
0.000000,0.000000,-0.634923
0.000000,0.000000,-0.634923
0.000000,0.000000,-0.634923
0.000000,0.000000,-0.634923
0.000000,0.000000,-0.634923
0.000000,0.000000,-0.634923
0.000000,0.000000,-0.634923
0.000000,0.000000,-0.634923
0.000000,0.000000,-0.634923
0.000000,0.000000,-0.634923
0.000000,0.000000,-0.634923
0.000000,0.000000,-0.634923
0.000000,0.000000,-0.634923
0.000000,0.000000,-0.634923
0.000000,0.000000,-0.634923
0.000000,0.000000,-0.634923
0.000000,0.000000,-0.634923
0.000000,0.000000,-0.634923
0.000000,0.000000,-0.634923
0.000000,0.000000,-0.634923
0.000000,0.000000,-0.634923
0.000000,0.000000,-0.634923
0.000000,0.000000,-0.634923
0.000000,0.000000,-0.634923
0.000000,0.000000,-0.634923
0.000000,0.000000,-0.634923
0.000000,0.000000,-0.634923
0.000000,0.000000,-0.634923
0.000000,0.000000,-0.634923
0.000000,0.000000,-0.634923
0.000000,0.000000,-0.634923
0.000000,0.000000,-0.634923
0.000000,0.000000,-0.634923
0.000000,0.000000,-0.634923
0.000000,0.000000,-0.634923
0.000000,0.000000,-0.634923
0.000000,0.000000,-0.634923
0.000000,0.000000,-0.634923
0.000000,0.000000,-0.634923
0.000000,0.000000,-0.634923
0.000000,0.000000,-0.634923
0.000000,0.000000,-0.634923
0.000000,0.000000,-0.634923
0.000000,0.000000,-0.634923
0.000000,0.000000,-0.634923
0.000000,0.000000,-0.634923
0.000000,0.000000,-0.634923
0.000000,0.000000,-0.634923
0.000000,0.000000,-0.634923
0.000000,0.000000,-0.634923
0.000000,0.000000,-0.634923
0.000000,0.000000,-0.634923
0.000000,0.000000,-0.634923
0.000000,0.000000,-0.634923
0.000000,0.000000,-0.634923
0.000000,0.000000,-0.634923
0.000000,0.000000,-0.634923
0.000000,0.000000,-0.634923
0.000000,0.000000,-0.634923
0.000000,0.000000,-0.634923
0.000000,0.000000,-0.634923
0.000000,0.000000,-0.634923
0.000000,0.000000,-0.634923
0.000000,0.000000,-0.634923
0.000000,0.000000,-0.634923
0.000000,0.000000,-0.634923
0.000000,0.000000,-0.634923
0.000000,0.000000,-0.634923
0.000000,0.000000,-0.634923
0.000000,0.000000,-0.634923
0.000000,0.000000,-0.634923
0.000000,0.000000,-0.634923
0.000000,0.000000,-0.634923
0.000000,0.000000,-0.634923
0.000000,0.000000,-0.634923
0.000000,0.000000,-0.634923
0.000000,0.000000,-0.634923
0.000000,0.000000,-0.634923
0.000000,0.000000,-0.634923
0.000000,0.000000,-0.634923
0.000000,0.000000,-0.634923
0.000000,0.000000,-0.634923
0.000000,0.000000,-0.634923
0.000000,0.000000,-0.634923
0.000000,0.000000,-0.634923
0.000000,0.000000,-0.634923
0.000000,0.000000,-0.634923
0.000000,0.000000,-0.634923
0.000000,0.000000,-0.634923
0.000000,0.000000,-0.634923
0.000000,0.000000,-0.634923
0.000000,0.000000,-0.634923
0.000000,0.000000,-0.634923
0.000000,0.000000,-0.634923
0.000000,0.000000,-0.634923
0.000000,0.000000,-0.634923
0.000000,0.000000,-0.634923
0.000000,0.000000,-0.634923
0.000000,0.000000,-0.634923
0.000000,0.000000,-0.634923
0.000000,0.000000,-0.634923
0.000000,0.000000,-0.634923
0.000000,0.000000,-0.634923
0.000000,0.000000,-0.634923
0.000000,0.000000,-0.634923
0.000000,0.000000,-0.634923
0.000000,0.000000,-0.634923
0.000000,0.000000,-0.634923
0.000000,0.000000,-0.634923
0.000000,0.000000,-0.634923
0.000000,0.000000,-0.634923
0.000000,0.000000,-0.634923
0.000000,0.000000,-0.634923
0.000000,0.000000,-0.634923
0.000000,0.000000,-0.634923
0.000000,0.000000,-0.634923
0.000000,0.000000,-0.634923
0.000000,0.000000,-0.634923
0.000000,0.000000,-0.634923
0.000000,0.000000,-0.634923
0.000000,0.000000,-0.634923
0.000000,0.000000,-0.634923
0.000000,0.000000,-0.634923
0.000000,0.000000,-0.634923
0.000000,0.000000,-0.634923
0.000000,0.000000,-0.634923
0.000000,0.000000,-0.634923
0.000000,0.000000,-0.634923
0.000000,0.000000,-0.634923
0.000000,0.000000,-0.634923
0.000000,0.000000,-0.634923
0.000000,0.000000,-0.634923
0.000000,0.000000,-0.634923
0.000000,0.000000,-0.634923
0.000000,0.000000,-0.634923
0.000000,0.000000,-0.634923
0.000000,0.000000,-0.634923
0.000000,0.000000,-0.634923
0.000000,0.000000,-0.634923
0.000000,0.000000,-0.634923
0.000000,0.000000,-0.634923
0.000000,0.000000,-0.634923
0.000000,0.000000,-0.634923
0.000000,0.000000,-0.634923
0.000000,0.000000,-0.634923
0.000000,0.000000,-0.634923
0.000000,0.000000,-0.634923
0.000000,0.000000,-0.634923
0.000000,0.000000,-0.634923
0.000000,0.000000,-0.634923
0.000000,0.000000,-0.634923
0.000000,0.000000,-0.634923
0.000000,0.000000,-0.634923
0.000000,0.000000,-0.634923
0.000000,0.000000,-0.634923
0.000000,0.000000,-0.634923
0.000000,0.000000,-0.634923
0.000000,0.000000,-0.634923
0.000000,0.000000,-0.634923
0.000000,0.000000,-0.634923
0.000000,0.000000,-0.634923
0.000000,0.000000,-0.634923
0.000000,0.000000,-0.634923
0.000000,0.000000,-0.634923
0.000000,0.000000,-0.634923
0.000000,0.000000,-0.634923
0.000000,0.000000,-0.634923
0.000000,0.000000,-0.634923
0.000000,0.000000,-0.634923
0.000000,0.000000,-0.634923
0.000000,0.000000,-0.634923
0.000000,0.000000,-0.634923
0.000000,0.000000,-0.634923
0.000000,0.000000,-0.634923
0.000000,0.000000,-0.634923
0.000000,0.000000,-0.634923
0.000000,0.000000,-0.634923
0.000000,0.000000,-0.634923
0.000000,0.000000,-0.634923
0.000000,0.000000,-0.634923
0.000000,0.000000,-0.634923
0.000000,0.000000,-0.634923
0.000000,0.000000,-0.634923
0.000000,0.000000,-0.634923
0.000000,0.000000,-0.634923
0.000000,0.000000,-0.634923
0.000000,0.000000,-0.634923
0.000000,0.000000,-0.634923
0.000000,0.000000,-0.634923
0.000000,0.000000,-0.634923
0.000000,0.000000,-0.634923
0.000000,0.000000,-0.634923
0.000000,0.000000,-0.634923
0.000000,0.000000,-0.634923
0.000000,0.000000,-0.634923
0.000000,0.000000,-0.634923
0.000000,0.000000,-0.634923
0.000000,0.000000,-0.634923
0.000000,0.000000,-0.634923
0.000000,0.000000,-0.634923
0.000000,0.000000,-0.634923
0.000000,0.000000,-0.634923
0.000000,0.000000,-0.634923
0.000000,0.000000,-0.634923
0.000000,0.000000,-0.634923
0.000000,0.000000,-0.634923
0.000000,0.000000,-0.634923
0.000000,0.000000,-0.634923
0.000000,0.000000,-0.634923
0.000000,0.000000,-0.634923
0.000000,0.000000,-0.634923
0.000000,0.000000,-0.634923
0.000000,0.000000,-0.634923
0.000000,0.000000,-0.634923
0.000000,0.000000,-0.634923
0.000000,0.000000,-0.634923
0.000000,0.000000,-0.634923
0.000000,0.000000,-0.634923
0.000000,0.000000,-0.634923
0.000000,0.000000,-0.634923
0.000000,0.000000,-0.634923
0.000000,0.000000,-0.634923
0.000000,0.000000,-0.634923
0.000000,0.000000,-0.634923
0.000000,0.000000,-0.634923
0.000000,0.000000,-0.634923
0.000000,0.000000,-0.634923
0.000000,0.000000,-0.634923
0.000000,0.000000,-0.634923
0.000000,0.000000,-0.634923
0.000000,0.000000,-0.634923
0.000000,0.000000,-0.634923
0.000000,0.000000,-0.634923
0.000000,0.000000,-0.634923
0.000000,0.000000,-0.634923
0.000000,0.000000,-0.634923
0.000000,0.000000,-0.634923
0.000000,0.000000,-0.634923
0.000000,0.000000,-0.634923
0.000000,0.000000,-0.634923
0.000000,0.000000,-0.634923
0.000000,0.000000,-0.634923
0.000000,0.000000,-0.634923
0.000000,0.000000,-0.634923
0.000000,0.000000,-0.634923
0.000000,0.000000,-0.634923
0.000000,0.000000,-0.634923
0.000000,0.000000,-0.634923
0.000000,0.000000,-0.634923
0.000000,0.000000,-0.634923
0.000000,0.000000,-0.634923
0.000000,0.000000,-0.634923
0.000000,0.000000,-0.634923
0.000000,0.000000,-0.634923
0.000000,0.000000,-0.634923
0.000000,0.000000,-0.634923
0.000000,0.000000,-0.634923
0.000000,0.000000,-0.634923
0.000000,0.000000,-0.634923
0.000000,0.000000,-0.634923
0.000000,0.000000,-0.634923
0.000000,0.000000,-0.634923
0.000000,0.000000,-0.634923
0.000000,0.000000,-0.634923
0.000000,0.000000,-0.634923
0.000000,0.000000,-0.634923
0.000000,0.000000,-0.634923
0.000000,0.000000,-0.634923
0.000000,0.000000,-0.634923
0.000000,0.000000,-0.634923
0.000000,0.000000,-0.634923
0.000000,0.000000,-0.634923
0.000000,0.000000,-0.634923
0.000000,0.000000,-0.634923
0.000000,0.000000,-0.634923
0.000000,0.000000,-0.634923
0.000000,0.000000,-0.634923
0.000000,0.000000,-0.634923
0.000000,0.000000,-0.634923
0.000000,0.000000,-0.634923
0.000000,0.000000,-0.634923
0.000000,0.000000,-0.634923
0.000000,0.000000,-0.634923
0.000000,0.000000,-0.634923
0.000000,0.000000,-0.634923
0.000000,0.000000,-0.634923
0.000000,0.000000,-0.634923
0.000000,0.000000,-0.634923
0.000000,0.000000,-0.634923
0.000000,0.000000,-0.634923
0.000000,0.000000,-0.634923
0.000000,0.000000,-0.634923
0.000000,0.000000,-0.634923
0.000000,0.000000,-0.634923
0.000000,0.000000,-0.634923
0.000000,0.000000,-0.634923
0.000000,0.000000,-0.634923
0.000000,0.000000,-0.634923
0.000000,0.000000,-0.634923
0.000000,0.000000,-0.634923
0.000000,0.000000,-0.634923
0.000000,0.000000,-0.634923
0.000000,0.000000,-0.634923
0.000000,0.000000,-0.634923
0.000000,0.000000,-0.634923
0.000000,0.000000,-0.634923
0.000000,0.000000,-0.634923
0.000000,0.000000,-0.634923
0.000000,0.000000,-0.634923
0.000000,0.000000,-0.634923
0.000000,0.000000,-0.634923
0.000000,0.000000,-0.634923
0.000000,0.000000,-0.634923
0.000000,0.000000,-0.634923
0.000000,0.000000,-0.634923
0.000000,0.000000,-0.634923
0.000000,0.000000,-0.634923
0.000000,0.000000,-0.634923
0.000000,0.000000,-0.634923
0.000000,0.000000,-0.634923
0.000000,0.000000,-0.634923
0.000000,0.000000,-0.634923
0.000000,0.000000,-0.634923
0.000000,0.000000,-0.634923
0.000000,0.000000,-0.634923
0.000000,0.000000,-0.634923
0.000000,0.000000,-0.634923
0.000000,0.000000,-0.634923
0.000000,0.000000,-0.634923
0.000000,0.000000,-0.634923
0.000000,0.000000,-0.634923
0.000000,0.000000,-0.634923
0.000000,0.000000,-0.634923
0.000000,0.000000,-0.634923
0.000000,0.000000,-0.634923
0.000000,0.000000,-0.634923
0.000000,0.000000,-0.634923
0.000000,0.000000,-0.634923
0.000000,0.000000,-0.634923
0.000000,0.000000,-0.634923
0.000000,0.000000,-0.634923
0.000000,0.000000,-0.634923
0.000000,0.000000,-0.634923
0.000000,0.000000,-0.634923
0.000000,0.000000,-0.634923
0.000000,0.000000,-0.634923
0.000000,0.000000,-0.634923
0.000000,0.000000,-0.634923
0.000000,0.000000,-0.634923
0.000000,0.000000,-0.634923
0.000000,0.000000,-0.634923
0.000000,0.000000,-0.634923
0.000000,0.000000,-0.634923
0.000000,0.000000,-0.634923
0.000000,0.000000,-0.634923
0.000000,0.000000,-0.634923
0.000000,0.000000,-0.634923
0.000000,0.000000,-0.634923
0.000000,0.000000,-0.634923
0.000000,0.000000,-0.634923
0.000000,0.000000,-0.634923
0.000000,0.000000,-0.634923
0.000000,0.000000,-0.634923
0.000000,0.000000,-0.634923
0.000000,0.000000,-0.634923
0.000000,0.000000,-0.634923
0.000000,0.000000,-0.634923
0.000000,0.000000,-0.634923
0.000000,0.000000,-0.634923
0.000000,0.000000,-0.634923
0.000000,0.000000,-0.634923
0.000000,0.000000,-0.634923
0.000000,0.000000,-0.634923
0.000000,0.000000,-0.634923
0.000000,0.000000,-0.634923
0.000000,0.000000,-0.634923
0.000000,0.000000,-0.634923
0.000000,0.000000,-0.634923
0.000000,0.000000,-0.634923
0.000000,0.000000,-0.634923
0.000000,0.000000,-0.634923
0.000000,0.000000,-0.634923
0.000000,0.000000,-0.634923
0.000000,0.000000,-0.634923
0.000000,0.000000,-0.634923
0.000000,0.000000,-0.634923
0.000000,0.000000,-0.634923
0.000000,0.000000,-0.634923
0.000000,0.000000,-0.634923
0.000000,0.000000,-0.634923
0.000000,0.000000,-0.634923
0.000000,0.000000,-0.634923
0.000000,0.000000,-0.634923
0.000000,0.000000,-0.634923
0.000000,0.000000,-0.634923
0.000000,0.000000,-0.634923
0.000000,0.000000,-0.634923
0.000000,0.000000,-0.634923
0.000000,0.000000,-0.634923
0.000000,0.000000,-0.634923
0.000000,0.000000,-0.634923
0.000000,0.000000,-0.634923
0.000000,0.000000,-0.634923
0.000000,0.000000,-0.634923
0.000000,0.000000,-0.634923
0.000000,0.000000,-0.634923
0.000000,0.000000,-0.634923
0.000000,0.000000,-0.634923
0.000000,0.000000,-0.634923
0.000000,0.000000,-0.634923
0.000000,0.000000,-0.634923
0.000000,0.000000,-0.634923
0.000000,0.000000,-0.634923
0.000000,0.000000,-0.634923
0.000000,0.000000,-0.634923
0.000000,0.000000,-0.634923
0.000000,0.000000,-0.634923
0.000000,0.000000,-0.634923
0.000000,0.000000,-0.634923
0.000000,0.000000,-0.634923
0.000000,0.000000,-0.634923
0.000000,0.000000,-0.634923
0.000000,0.000000,-0.634923
0.000000,0.000000,-0.634923
0.000000,0.000000,-0.634923
0.000000,0.000000,-0.634923
0.000000,0.000000,-0.634923
0.000000,0.000000,-0.634923
0.000000,0.000000,-0.634923
0.000000,0.000000,-0.634923
0.000000,0.000000,-0.634923
0.000000,0.000000,-0.634923
0.000000,0.000000,-0.634923
0.000000,0.000000,-0.634923
0.000000,0.000000,-0.634923
0.000000,0.000000,-0.634923
0.000000,0.000000,-0.634923
0.000000,0.000000,-0.634923
0.000000,0.000000,-0.634923
0.000000,0.000000,-0.634923
0.000000,0.000000,-0.634923
0.000000,0.000000,-0.634923
0.000000,0.000000,-0.634923
0.000000,0.000000,-0.634923
0.000000,0.000000,-0.634923
0.000000,0.000000,-0.634923
0.000000,0.000000,-0.634923
0.000000,0.000000,-0.634923
0.000000,0.000000,-0.634923
0.000000,0.000000,-0.634923
0.000000,0.000000,-0.634923
0.000000,0.000000,-0.634923
0.000000,0.000000,-0.634923
0.000000,0.000000,-0.634923
0.000000,0.000000,-0.634923
0.000000,0.000000,-0.634923
0.000000,0.000000,-0.634923
0.000000,0.000000,-0.634923
0.000000,0.000000,-0.634923
0.000000,0.000000,-0.634923
0.000000,0.000000,-0.634923
0.000000,0.000000,-0.634923
0.000000,0.000000,-0.634923
0.000000,0.000000,-0.634923
0.000000,0.000000,-0.634923
0.000000,0.000000,-0.634923
0.000000,0.000000,-0.634923
0.000000,0.000000,-0.634923
0.000000,0.000000,-0.634923
0.000000,0.000000,-0.634923
0.000000,0.000000,-0.634923
0.000000,0.000000,-0.634923
0.000000,0.000000,-0.634923
0.000000,0.000000,-0.634923
0.000000,0.000000,-0.634923
0.000000,0.000000,-0.634923
0.000000,0.000000,-0.634923
0.000000,0.000000,-0.634923
0.000000,0.000000,-0.634923
0.000000,0.000000,-0.634923
0.000000,0.000000,-0.634923
0.000000,0.000000,-0.634923
0.000000,0.000000,-0.634923
0.000000,0.000000,-0.634923
0.000000,0.000000,-0.634923
0.000000,0.000000,-0.634923
0.000000,0.000000,-0.634923
0.000000,0.000000,-0.634923
0.000000,0.000000,-0.634923
0.000000,0.000000,-0.634923
0.000000,0.000000,-0.634923
0.000000,0.000000,-0.634923
0.000000,0.000000,-0.634923
0.000000,0.000000,-0.634923
0.000000,0.000000,-0.634923
0.000000,0.000000,-0.634923
0.000000,0.000000,-0.634923
0.000000,0.000000,-0.634923
0.000000,0.000000,-0.634923
0.000000,0.000000,-0.634923
0.000000,0.000000,-0.634923
0.000000,0.000000,-0.634923
0.000000,0.000000,-0.634923
0.000000,0.000000,-0.634923
0.000000,0.000000,-0.634923
0.000000,0.000000,-0.634923
0.000000,0.000000,-0.634923
0.000000,0.000000,-0.634923
0.000000,0.000000,-0.634923
0.000000,0.000000,-0.634923
0.000000,0.000000,-0.634923
0.000000,0.000000,-0.634923
0.000000,0.000000,-0.634923
0.000000,0.000000,-0.634923
0.000000,0.000000,-0.634923
0.000000,0.000000,-0.634923
0.000000,0.000000,-0.634923
0.000000,0.000000,-0.634923
0.000000,0.000000,-0.634923
0.000000,0.000000,-0.634923
0.000000,0.000000,-0.634923
0.000000,0.000000,-0.634923
0.000000,0.000000,-0.634923
0.000000,0.000000,-0.634923
0.000000,0.000000,-0.634923
0.000000,0.000000,-0.634923
0.000000,0.000000,-0.634923
0.000000,0.000000,-0.634923
0.000000,0.000000,-0.634923
0.000000,0.000000,-0.634923
