0.000000,0.000000,0.000000,97488.030000,487.440150
0.000000,0.000000,0.000000,97475.630000,779.829840
0.000000,0.000000,0.000000,97475.630000,899.784585
0.000000,0.000000,0.000000,97483.900000,946.141724
0.000000,0.000000,0.000000,97479.760000,963.850411
0.000000,0.000000,0.000000,97479.760000,970.616056
0.000000,0.000000,0.000000,97479.760000,973.200387
0.000000,0.000000,0.000000,97488.030000,974.238630
0.000000,0.000000,0.000000,97483.900000,974.609679
0.000000,0.000000,0.000000,97488.030000,974.776932
0.000000,0.000000,0.000000,97479.760000,974.789706
0.000000,0.000000,0.000000,97483.900000,974.820171
0.000000,0.000000,0.000000,97475.630000,974.780697
0.000000,0.000000,0.000000,97479.760000,974.791143
0.000000,0.000000,0.000000,97471.500000,974.744084
0.000000,0.000000,0.000000,97479.760000,974.777159
0.000000,0.000000,0.000000,97488.030000,974.840904
0.000000,0.000000,0.000000,97471.500000,974.763091
0.000000,0.000000,0.000000,97475.630000,974.758894
0.000000,0.000000,0.000000,97471.500000,974.731766
0.000000,0.000000,0.000000,97479.760000,974.772454
0.000000,0.000000,0.000000,97479.760000,974.787995
0.000000,0.000000,0.000000,97479.760000,974.793931
0.000000,0.000000,0.000000,97475.630000,974.770674
0.000000,0.000000,0.000000,97471.500000,974.736266
0.000000,0.000000,0.000000,97479.760000,974.774172
0.000000,0.000000,0.000000,97479.760000,974.788651
0.000000,0.000000,0.000000,97467.360000,974.717546
0.000000,0.000000,0.000000,97479.760000,974.767022
0.000000,0.000000,0.000000,97479.760000,974.785920
0.000000,0.000000,0.000000,97475.630000,974.767614
0.000000,0.000000,0.000000,97479.760000,974.786146
0.000000,0.000000,0.000000,97479.760000,974.793225
0.000000,0.000000,0.000000,97471.500000,974.744879
0.000000,0.000000,0.000000,97488.030000,974.828574
0.000000,0.000000,0.000000,97483.900000,974.835018
0.000000,0.000000,0.000000,97471.500000,974.760843
0.000000,0.000000,0.000000,97471.500000,974.732510
0.000000,0.000000,0.000000,97471.500000,974.721688
0.000000,0.000000,0.000000,97483.900000,974.794191
0.000000,0.000000,0.000000,97479.760000,974.796298
0.000000,0.000000,0.000000,97479.760000,974.797103
0.000000,0.000000,0.000000,97479.760000,974.797410
0.000000,0.000000,0.000000,97479.760000,974.797527
0.000000,0.000000,0.000000,97475.630000,974.772047
0.000000,0.000000,0.000000,97471.500000,974.736790
0.000000,0.000000,0.000000,97483.900000,974.799959
0.000000,0.000000,0.000000,97475.630000,974.772976
0.000000,0.000000,0.000000,97479.760000,974.788195
0.000000,0.000000,0.000000,97479.760000,974.794007
0.000000,0.000000,0.000000,97467.360000,974.719592
0.000000,0.000000,0.000000,97475.630000,974.742279
0.000000,0.000000,0.000000,97479.760000,974.776469
0.000000,0.000000,0.000000,97479.760000,974.789529
0.000000,0.000000,0.000000,97488.030000,974.845628
0.000000,0.000000,0.000000,97475.630000,974.790420
0.000000,0.000000,0.000000,97467.360000,974.718221
0.000000,0.000000,0.000000,97483.900000,974.792867
0.000000,0.000000,0.000000,97488.030000,974.846903
0.000000,0.000000,0.000000,97475.630000,974.790907
0.000000,0.000000,0.000000,97475.630000,974.769519
0.000000,0.000000,0.000000,97479.760000,974.786874
0.000000,0.000000,0.000000,97471.500000,974.742453
0.000000,0.000000,0.000000,97483.900000,974.802122
0.000000,0.000000,0.000000,97475.630000,974.773803
0.000000,0.000000,0.000000,97475.630000,974.762985
0.000000,0.000000,0.000000,97479.760000,974.784378
0.000000,0.000000,0.000000,97483.900000,974.818136
0.000000,0.000000,0.000000,97492.160000,974.882080
0.000000,0.000000,0.000000,97479.760000,974.829869
0.000000,0.000000,0.000000,97475.630000,974.784401
0.000000,0.000000,0.000000,97488.030000,974.843670
0.000000,0.000000,0.000000,97483.900000,974.840784
0.000000,0.000000,0.000000,97475.630000,974.788570
0.000000,0.000000,0.000000,97483.900000,974.819737
0.000000,0.000000,0.000000,97479.760000,974.806056
0.000000,0.000000,0.000000,97475.630000,974.775305
0.000000,0.000000,0.000000,97479.760000,974.789084
0.000000,0.000000,0.000000,97483.900000,974.819934
0.000000,0.000000,0.000000,97479.760000,974.806131
0.000000,0.000000,0.000000,97479.760000,974.800858
0.000000,0.000000,0.000000,97467.360000,974.722208
0.000000,0.000000,0.000000,97479.760000,974.768803
0.000000,0.000000,0.000000,97475.630000,974.761076
0.000000,0.000000,0.000000,97475.630000,974.758124
0.000000,0.000000,0.000000,97483.900000,974.808108
0.000000,0.000000,0.000000,97479.760000,974.801614
0.000000,0.000000,0.000000,97475.630000,974.773608
0.000000,0.000000,0.000000,97479.760000,974.788436
0.000000,0.000000,0.000000,97479.760000,974.794100
0.000000,0.000000,0.000000,97479.760000,974.796263
0.000000,0.000000,0.000000,97479.760000,974.797089
0.000000,0.000000,0.000000,97488.030000,974.848516
0.000000,0.000000,0.000000,97475.630000,974.791524
0.000000,0.000000,0.000000,97475.630000,974.769754
0.000000,0.000000,0.000000,97475.630000,974.761439
0.000000,0.000000,0.000000,97471.500000,974.732738
0.000000,0.000000,0.000000,97488.030000,974.823936
0.000000,0.000000,0.000000,97479.760000,974.807660
0.000000,0.000000,0.000000,97475.630000,974.775918
0.000000,0.000000,0.000000,97479.760000,974.789318
0.000000,0.000000,0.000000,97483.900000,974.820023
0.000000,0.000000,0.000000,97475.630000,974.780640
0.000000,0.000000,0.000000,97475.630000,974.765597
0.000000,0.000000,0.000000,97479.760000,974.785376
0.000000,0.000000,0.000000,97483.900000,974.818517
0.000000,0.000000,0.000000,97479.760000,974.805590
0.000000,0.000000,0.000000,97496.300000,974.902875
0.000000,0.000000,0.000000,97483.900000,974.863398
0.000000,0.000000,0.000000,97483.900000,974.848319
0.000000,0.000000,0.000000,97479.760000,974.816973
0.000000,0.000000,0.000000,97488.030000,974.856111
0.000000,0.000000,0.000000,97479.760000,974.819949
0.000000,0.000000,0.000000,97479.760000,974.806137
0.000000,0.000000,0.000000,97488.030000,974.851972
0.000000,0.000000,0.000000,97483.900000,974.843955
0.000000,0.000000,0.000000,97475.630000,974.789781
0.000000,0.000000,0.000000,97483.900000,974.820200
0.000000,0.000000,0.000000,97483.900000,974.831819
0.000000,0.000000,0.000000,97479.760000,974.810671
0.000000,0.000000,0.000000,97488.030000,974.853704
0.000000,0.000000,0.000000,97479.760000,974.819030
0.000000,0.000000,0.000000,97488.030000,974.856897
0.000000,0.000000,0.000000,97492.160000,974.896886
0.000000,0.000000,0.000000,97488.030000,974.886635
0.000000,0.000000,0.000000,97479.760000,974.831608
0.000000,0.000000,0.000000,97483.900000,974.836177
0.000000,0.000000,0.000000,97488.030000,974.863446
0.000000,0.000000,0.000000,97479.760000,974.822751
0.000000,0.000000,0.000000,97479.760000,974.807207
0.000000,0.000000,0.000000,97471.500000,974.750220
0.000000,0.000000,0.000000,97479.760000,974.779502
0.000000,0.000000,0.000000,97479.760000,974.790687
0.000000,0.000000,0.000000,97488.030000,974.846071
0.000000,0.000000,0.000000,97471.500000,974.765065
0.000000,0.000000,0.000000,97492.160000,974.861809
0.000000,0.000000,0.000000,97479.760000,974.822126
0.000000,0.000000,0.000000,97488.030000,974.858079
0.000000,0.000000,0.000000,97488.030000,974.871812
0.000000,0.000000,0.000000,97479.760000,974.825947
0.000000,0.000000,0.000000,97488.030000,974.859539
0.000000,0.000000,0.000000,97492.160000,974.897895
0.000000,0.000000,0.000000,97471.500000,974.784860
0.000000,0.000000,0.000000,97483.900000,974.818320
0.000000,0.000000,0.000000,97488.030000,974.856626
0.000000,0.000000,0.000000,97479.760000,974.820146
0.000000,0.000000,0.000000,97483.900000,974.831798
0.000000,0.000000,0.000000,97492.160000,974.887299
0.000000,0.000000,0.000000,97488.030000,974.882973
0.000000,0.000000,0.000000,97483.900000,974.855796
0.000000,0.000000,0.000000,97475.630000,974.794304
0.000000,0.000000,0.000000,97479.760000,974.796341
0.000000,0.000000,0.000000,97492.160000,974.873755
0.000000,0.000000,0.000000,97488.030000,974.877800
0.000000,0.000000,0.000000,97479.760000,974.828234
0.000000,0.000000,0.000000,97483.900000,974.834888
0.000000,0.000000,0.000000,97483.900000,974.837429
0.000000,0.000000,0.000000,97483.900000,974.838400
0.000000,0.000000,0.000000,97479.760000,974.813184
0.000000,0.000000,0.000000,97479.760000,974.803553
0.000000,0.000000,0.000000,97488.030000,974.850985
0.000000,0.000000,0.000000,97479.760000,974.817991
0.000000,0.000000,0.000000,97488.030000,974.856500
0.000000,0.000000,0.000000,97488.030000,974.871209
0.000000,0.000000,0.000000,97479.760000,974.825716
0.000000,0.000000,0.000000,97483.900000,974.833926
0.000000,0.000000,0.000000,97479.760000,974.811475
0.000000,0.000000,0.000000,97488.030000,974.854011
0.000000,0.000000,0.000000,97483.900000,974.844734
0.000000,0.000000,0.000000,97479.760000,974.815604
0.000000,0.000000,0.000000,97475.630000,974.778952
0.000000,0.000000,0.000000,97479.760000,974.790477
0.000000,0.000000,0.000000,97479.760000,974.794879
0.000000,0.000000,0.000000,97483.900000,974.822147
0.000000,0.000000,0.000000,97479.760000,974.806976
0.000000,0.000000,0.000000,97488.030000,974.852293
0.000000,0.000000,0.000000,97479.760000,974.818491
0.000000,0.000000,0.000000,97488.030000,974.856691
0.000000,0.000000,0.000000,97488.030000,974.871282
0.000000,0.000000,0.000000,97488.030000,974.876855
0.000000,0.000000,0.000000,97479.760000,974.827873
0.000000,0.000000,0.000000,97483.900000,974.834750
0.000000,0.000000,0.000000,97479.760000,974.811790
0.000000,0.000000,0.000000,97483.900000,974.828607
0.000000,0.000000,0.000000,97475.630000,974.783919
0.000000,0.000000,0.000000,97483.900000,974.817961
0.000000,0.000000,0.000000,97475.630000,974.779852
0.000000,0.000000,0.000000,97479.760000,974.790821
0.000000,0.000000,0.000000,97492.160000,974.871647
0.000000,0.000000,0.000000,97488.030000,974.876995
0.000000,0.000000,0.000000,97475.630000,974.802401
0.000000,0.000000,0.000000,97475.630000,974.773909
0.000000,0.000000,0.000000,97488.030000,974.839662
0.000000,0.000000,0.000000,97479.760000,974.813666
0.000000,0.000000,0.000000,97488.030000,974.854848
0.000000,0.000000,0.000000,97492.160000,974.896103
0.000000,0.000000,0.000000,97483.900000,974.860811
0.000000,0.000000,0.000000,97483.900000,974.847331
0.000000,0.000000,0.000000,97488.030000,974.867707
0.000000,0.000000,0.000000,97488.030000,974.875490
0.000000,0.000000,0.000000,97479.760000,974.827351
0.000000,0.000000,0.000000,97483.900000,974.834551
0.000000,0.000000,0.000000,97479.760000,974.811714
0.000000,0.000000,0.000000,97488.030000,974.854102
0.000000,0.000000,0.000000,97483.900000,974.844769
0.000000,0.000000,0.000000,97496.300000,974.917840
0.000000,0.000000,0.000000,97488.030000,974.894639
0.000000,0.000000,0.000000,97475.630000,974.809141
0.000000,0.000000,0.000000,97488.030000,974.853120
0.000000,0.000000,0.000000,97483.900000,974.844393
0.000000,0.000000,0.000000,97483.900000,974.841060
0.000000,0.000000,0.000000,97483.900000,974.839787
0.000000,0.000000,0.000000,97479.760000,974.813714
0.000000,0.000000,0.000000,97479.760000,974.803755
0.000000,0.000000,0.000000,97483.900000,974.825538
0.000000,0.000000,0.000000,97492.160000,974.884907
0.000000,0.000000,0.000000,97479.760000,974.830948
0.000000,0.000000,0.000000,97479.760000,974.810338
0.000000,0.000000,0.000000,97479.760000,974.802465
0.000000,0.000000,0.000000,97479.760000,974.799458
0.000000,0.000000,0.000000,97492.160000,974.874946
0.000000,0.000000,0.000000,97483.900000,974.852730
0.000000,0.000000,0.000000,97496.300000,974.920881
0.000000,0.000000,0.000000,97488.030000,974.895800
0.000000,0.000000,0.000000,97488.030000,974.886221
0.000000,0.000000,0.000000,97479.760000,974.831450
0.000000,0.000000,0.000000,97483.900000,974.836116
0.000000,0.000000,0.000000,97483.900000,974.837898
0.000000,0.000000,0.000000,97488.030000,974.864104
0.000000,0.000000,0.000000,97492.160000,974.899639
0.000000,0.000000,0.000000,97488.030000,974.887687
0.000000,0.000000,0.000000,97492.160000,974.908646
0.000000,0.000000,0.000000,97483.900000,974.865603
0.000000,0.000000,0.000000,97488.030000,974.874686
0.000000,0.000000,0.000000,97483.900000,974.852631
0.000000,0.000000,0.000000,97479.760000,974.818620
0.000000,0.000000,0.000000,97492.160000,974.882265
0.000000,0.000000,0.000000,97492.160000,974.906575
0.000000,0.000000,0.000000,97479.760000,974.839225
0.000000,0.000000,0.000000,97475.630000,974.787974
0.000000,0.000000,0.000000,97488.030000,974.845035
0.000000,0.000000,0.000000,97483.900000,974.841305
0.000000,0.000000,0.000000,97488.030000,974.865405
0.000000,0.000000,0.000000,97479.760000,974.823499
0.000000,0.000000,0.000000,97492.160000,974.884129
0.000000,0.000000,0.000000,97488.030000,974.881762
0.000000,0.000000,0.000000,97488.030000,974.880859
0.000000,0.000000,0.000000,97492.160000,974.906038
0.000000,0.000000,0.000000,97479.760000,974.839020
0.000000,0.000000,0.000000,97488.030000,974.864532
0.000000,0.000000,0.000000,97488.030000,974.874277
0.000000,0.000000,0.000000,97483.900000,974.852475
0.000000,0.000000,0.000000,97488.030000,974.869672
0.000000,0.000000,0.000000,97479.760000,974.825129
0.000000,0.000000,0.000000,97479.760000,974.808115
0.000000,0.000000,0.000000,97496.300000,974.903839
0.000000,0.000000,0.000000,97483.900000,974.863766
0.000000,0.000000,0.000000,97496.300000,974.925096
0.000000,0.000000,0.000000,97488.030000,974.897411
0.000000,0.000000,0.000000,97488.030000,974.886836
0.000000,0.000000,0.000000,97483.900000,974.857272
0.000000,0.000000,0.000000,97492.160000,974.897029
0.000000,0.000000,0.000000,97483.900000,974.861165
0.000000,0.000000,0.000000,97488.030000,974.872991
0.000000,0.000000,0.000000,97483.900000,974.851983
0.000000,0.000000,0.000000,97488.030000,974.869484
0.000000,0.000000,0.000000,97492.160000,974.901693
0.000000,0.000000,0.000000,97483.900000,974.862947
0.000000,0.000000,0.000000,97492.160000,974.899196
0.000000,0.000000,0.000000,97479.760000,974.836406
0.000000,0.000000,0.000000,97483.900000,974.838009
0.000000,0.000000,0.000000,97479.760000,974.813035
0.000000,0.000000,0.000000,97492.160000,974.880132
0.000000,0.000000,0.000000,97483.900000,974.854711
0.000000,0.000000,0.000000,97479.760000,974.819414
0.000000,0.000000,0.000000,97488.030000,974.857044
0.000000,0.000000,0.000000,97488.030000,974.871417
0.000000,0.000000,0.000000,97496.300000,974.928018
0.000000,0.000000,0.000000,97492.160000,974.924052
0.000000,0.000000,0.000000,97488.030000,974.897012
0.000000,0.000000,0.000000,97488.030000,974.886683
0.000000,0.000000,0.000000,97488.030000,974.882738
0.000000,0.000000,0.000000,97488.030000,974.881231
0.000000,0.000000,0.000000,97488.030000,974.880656
0.000000,0.000000,0.000000,97488.030000,974.880436
0.000000,0.000000,0.000000,97492.160000,974.905877
0.000000,0.000000,0.000000,97483.900000,974.864545
0.000000,0.000000,0.000000,97492.160000,974.899807
0.000000,0.000000,0.000000,97492.160000,974.913276
0.000000,0.000000,0.000000,97483.900000,974.867371
0.000000,0.000000,0.000000,97479.760000,974.824250
0.000000,0.000000,0.000000,97488.030000,974.858891
0.000000,0.000000,0.000000,97488.030000,974.872122
0.000000,0.000000,0.000000,97488.030000,974.877176
0.000000,0.000000,0.000000,97483.900000,974.853582
0.000000,0.000000,0.000000,97488.030000,974.870095
0.000000,0.000000,0.000000,97492.160000,974.901927
0.000000,0.000000,0.000000,97488.030000,974.888561
0.000000,0.000000,0.000000,97496.300000,974.934567
0.000000,0.000000,0.000000,97496.300000,974.952139
0.000000,0.000000,0.000000,97496.300000,974.958852
0.000000,0.000000,0.000000,97488.030000,974.910304
0.000000,0.000000,0.000000,97488.030000,974.891761
0.000000,0.000000,0.000000,97488.030000,974.884678
0.000000,0.000000,0.000000,97483.900000,974.856447
0.000000,0.000000,0.000000,97488.030000,974.871189
0.000000,0.000000,0.000000,97488.030000,974.876820
0.000000,0.000000,0.000000,97488.030000,974.878971
0.000000,0.000000,0.000000,97479.760000,974.828681
0.000000,0.000000,0.000000,97496.300000,974.911695
0.000000,0.000000,0.000000,97483.900000,974.866767
0.000000,0.000000,0.000000,97483.900000,974.849606
0.000000,0.000000,0.000000,97496.300000,974.919687
0.000000,0.000000,0.000000,97492.160000,974.920869
0.000000,0.000000,0.000000,97483.900000,974.870271
0.000000,0.000000,0.000000,97492.160000,974.901994
0.000000,0.000000,0.000000,97496.300000,974.939698
0.000000,0.000000,0.000000,97488.030000,974.902988
0.000000,0.000000,0.000000,97496.300000,974.940077
0.000000,0.000000,0.000000,97496.300000,974.954244
0.000000,0.000000,0.000000,97492.160000,974.934069
0.000000,0.000000,0.000000,97488.030000,974.900838
0.000000,0.000000,0.000000,97488.030000,974.888145
0.000000,0.000000,0.000000,97488.030000,974.883296
0.000000,0.000000,0.000000,97483.900000,974.855920
0.000000,0.000000,0.000000,97488.030000,974.870988
0.000000,0.000000,0.000000,97483.900000,974.851218
0.000000,0.000000,0.000000,97492.160000,974.894717
0.000000,0.000000,0.000000,97479.760000,974.834695
0.000000,0.000000,0.000000,97496.300000,974.913992
0.000000,0.000000,0.000000,97475.630000,974.816533
0.000000,0.000000,0.000000,97488.030000,974.855943
0.000000,0.000000,0.000000,97496.300000,974.922108
0.000000,0.000000,0.000000,97496.300000,974.947381
0.000000,0.000000,0.000000,97492.160000,974.931447
0.000000,0.000000,0.000000,97488.030000,974.899837
0.000000,0.000000,0.000000,97496.300000,974.938874
0.000000,0.000000,0.000000,97492.160000,974.928198
0.000000,0.000000,0.000000,97496.300000,974.949707
0.000000,0.000000,0.000000,97479.760000,974.855700
0.000000,0.000000,0.000000,97483.900000,974.845379
0.000000,0.000000,0.000000,97492.160000,974.892486
0.000000,0.000000,0.000000,97496.300000,974.936066
0.000000,0.000000,0.000000,97496.300000,974.952712
0.000000,0.000000,0.000000,97496.300000,974.959070
0.000000,0.000000,0.000000,97488.030000,974.910388
0.000000,0.000000,0.000000,97488.030000,974.891792
0.000000,0.000000,0.000000,97483.900000,974.859165
0.000000,0.000000,0.000000,97488.030000,974.872227
0.000000,0.000000,0.000000,97496.300000,974.928328
0.000000,0.000000,0.000000,97488.030000,974.898645
0.000000,0.000000,0.000000,97492.160000,974.912832
0.000000,0.000000,0.000000,97496.300000,974.943838
0.000000,0.000000,0.000000,97500.430000,974.981205
0.000000,0.000000,0.000000,97496.300000,974.969954
0.000000,0.000000,0.000000,97488.030000,974.914545
0.000000,0.000000,0.000000,97488.030000,974.893380
0.000000,0.000000,0.000000,97492.160000,974.910821
0.000000,0.000000,0.000000,97488.030000,974.891958
0.000000,0.000000,0.000000,97492.160000,974.910278
0.000000,0.000000,0.000000,97496.300000,974.942862
0.000000,0.000000,0.000000,97488.030000,974.904197
0.000000,0.000000,0.000000,97492.160000,974.914952
0.000000,0.000000,0.000000,97492.160000,974.919061
0.000000,0.000000,0.000000,97492.160000,974.920630
0.000000,0.000000,0.000000,97492.160000,974.921230
0.000000,0.000000,0.000000,97488.030000,974.895934
0.000000,0.000000,0.000000,97496.300000,974.937383
0.000000,0.000000,0.000000,97488.030000,974.902104
0.000000,0.000000,0.000000,97488.030000,974.888628
0.000000,0.000000,0.000000,97488.030000,974.883481
0.000000,0.000000,0.000000,97488.030000,974.881515
0.000000,0.000000,0.000000,97488.030000,974.880764
0.000000,0.000000,0.000000,97496.300000,974.931589
0.000000,0.000000,0.000000,97496.300000,974.951002
0.000000,0.000000,0.000000,97488.030000,974.907306
0.000000,0.000000,0.000000,97488.030000,974.890615
0.000000,0.000000,0.000000,97483.900000,974.858715
0.000000,0.000000,0.000000,97496.300000,974.923167
0.000000,0.000000,0.000000,97496.300000,974.947785
0.000000,0.000000,0.000000,97488.030000,974.906077
0.000000,0.000000,0.000000,97496.300000,974.941257
0.000000,0.000000,0.000000,97488.030000,974.903584
0.000000,0.000000,0.000000,97483.900000,974.863669
0.000000,0.000000,0.000000,97496.300000,974.925059
0.000000,0.000000,0.000000,97496.300000,974.948508
0.000000,0.000000,0.000000,97488.030000,974.906353
0.000000,0.000000,0.000000,97492.160000,974.915776
0.000000,0.000000,0.000000,97492.160000,974.919375
0.000000,0.000000,0.000000,97492.160000,974.920750
0.000000,0.000000,0.000000,97492.160000,974.921275
0.000000,0.000000,0.000000,97488.030000,974.895951
0.000000,0.000000,0.000000,97479.760000,974.835167
0.000000,0.000000,0.000000,97496.300000,974.914172
0.000000,0.000000,0.000000,97488.030000,974.893238
0.000000,0.000000,0.000000,97492.160000,974.910767
0.000000,0.000000,0.000000,97492.160000,974.917462
0.000000,0.000000,0.000000,97492.160000,974.920019
0.000000,0.000000,0.000000,97488.030000,974.895471
0.000000,0.000000,0.000000,97488.030000,974.886095
0.000000,0.000000,0.000000,97496.300000,974.933625
0.000000,0.000000,0.000000,97500.430000,974.977305
0.000000,0.000000,0.000000,97496.300000,974.968464
0.000000,0.000000,0.000000,97488.030000,974.913976
0.000000,0.000000,0.000000,97488.030000,974.893163
0.000000,0.000000,0.000000,97483.900000,974.859688
0.000000,0.000000,0.000000,97492.160000,974.897952
0.000000,0.000000,0.000000,97496.300000,974.938154
0.000000,0.000000,0.000000,97492.160000,974.927923
0.000000,0.000000,0.000000,97488.030000,974.898490
0.000000,0.000000,0.000000,97492.160000,974.912773
0.000000,0.000000,0.000000,97496.300000,974.943815
0.000000,0.000000,0.000000,97488.030000,974.904561
0.000000,0.000000,0.000000,97496.300000,974.940678
0.000000,0.000000,0.000000,97483.900000,974.877838
0.000000,0.000000,0.000000,97496.300000,974.930471
0.000000,0.000000,0.000000,97496.300000,974.950575
0.000000,0.000000,0.000000,97500.430000,974.983779
0.000000,0.000000,0.000000,97488.030000,974.919825
0.000000,0.000000,0.000000,97496.300000,974.946509
0.000000,0.000000,0.000000,97488.030000,974.905590
0.000000,0.000000,0.000000,97496.300000,974.941071
0.000000,0.000000,0.000000,97492.160000,974.929037
0.000000,0.000000,0.000000,97488.030000,974.898916
0.000000,0.000000,0.000000,97492.160000,974.912935
0.000000,0.000000,0.000000,97488.030000,974.892766
0.000000,0.000000,0.000000,97496.300000,974.936173
0.000000,0.000000,0.000000,97500.430000,974.978278
0.000000,0.000000,0.000000,97496.300000,974.968836
0.000000,0.000000,0.000000,97483.900000,974.888593
0.000000,0.000000,0.000000,97500.430000,974.960104
0.000000,0.000000,0.000000,97496.300000,974.961894
0.000000,0.000000,0.000000,97496.300000,974.962577
0.000000,0.000000,0.000000,97496.300000,974.962839
0.000000,0.000000,0.000000,97488.030000,974.911827
0.000000,0.000000,0.000000,97488.030000,974.892342
0.000000,0.000000,0.000000,97496.300000,974.936011
0.000000,0.000000,0.000000,97492.160000,974.927105
0.000000,0.000000,0.000000,97488.030000,974.898178
0.000000,0.000000,0.000000,97488.030000,974.887129
0.000000,0.000000,0.000000,97496.300000,974.934020
0.000000,0.000000,0.000000,97496.300000,974.951931
0.000000,0.000000,0.000000,97500.430000,974.984297
0.000000,0.000000,0.000000,97496.300000,974.971135
0.000000,0.000000,0.000000,97500.430000,974.991632
0.000000,0.000000,0.000000,97504.560000,975.024986
0.000000,0.000000,0.000000,97500.430000,975.012201
0.000000,0.000000,0.000000,97492.160000,974.956207
0.000000,0.000000,0.000000,97492.160000,974.934819
0.000000,0.000000,0.000000,97488.030000,974.901124
0.000000,0.000000,0.000000,97496.300000,974.939366
0.000000,0.000000,0.000000,97496.300000,974.953972
0.000000,0.000000,0.000000,97492.160000,974.933965
0.000000,0.000000,0.000000,97488.030000,974.900798
0.000000,0.000000,0.000000,97496.300000,974.939241
0.000000,0.000000,0.000000,97500.430000,974.979450
0.000000,0.000000,0.000000,97504.560000,975.020333
0.000000,0.000000,0.000000,97496.300000,974.984899
0.000000,0.000000,0.000000,97496.300000,974.971365
0.000000,0.000000,0.000000,97504.560000,975.017245
0.000000,0.000000,0.000000,97488.030000,974.932608
0.000000,0.000000,0.000000,97492.160000,974.925805
0.000000,0.000000,0.000000,97488.030000,974.897681
0.000000,0.000000,0.000000,97488.030000,974.886939
0.000000,0.000000,0.000000,97496.300000,974.933947
0.000000,0.000000,0.000000,97483.900000,974.875267
0.000000,0.000000,0.000000,97496.300000,974.929489
0.000000,0.000000,0.000000,97496.300000,974.950200
0.000000,0.000000,0.000000,97488.030000,974.906999
0.000000,0.000000,0.000000,97496.300000,974.941610
0.000000,0.000000,0.000000,97492.160000,974.929243
0.000000,0.000000,0.000000,97492.160000,974.924519
0.000000,0.000000,0.000000,97500.430000,974.973827
0.000000,0.000000,0.000000,97496.300000,974.967135
0.000000,0.000000,0.000000,97496.300000,974.964580
0.000000,0.000000,0.000000,97496.300000,974.963603
0.000000,0.000000,0.000000,97496.300000,974.963230
0.000000,0.000000,0.000000,97504.560000,975.014138
0.000000,0.000000,0.000000,97504.560000,975.033582
0.000000,0.000000,0.000000,97496.300000,974.989960
0.000000,0.000000,0.000000,97492.160000,974.947711
0.000000,0.000000,0.000000,97500.430000,974.982685
0.000000,0.000000,0.000000,97496.300000,974.970519
0.000000,0.000000,0.000000,97488.030000,974.914761
0.000000,0.000000,0.000000,97492.160000,974.918988
0.000000,0.000000,0.000000,97488.030000,974.895077
0.000000,0.000000,0.000000,97500.430000,974.962581
0.000000,0.000000,0.000000,97500.430000,974.988365
0.000000,0.000000,0.000000,97488.030000,974.921577
0.000000,0.000000,0.000000,97504.560000,974.998227
0.000000,0.000000,0.000000,97496.300000,974.976456
0.000000,0.000000,0.000000,97496.300000,974.968140
0.000000,0.000000,0.000000,97496.300000,974.964963
0.000000,0.000000,0.000000,97504.560000,975.014799
0.000000,0.000000,0.000000,97496.300000,974.982786
0.000000,0.000000,0.000000,97492.160000,974.944971
0.000000,0.000000,0.000000,97483.900000,974.879477
0.000000,0.000000,0.000000,97496.300000,974.931097
0.000000,0.000000,0.000000,97488.030000,974.899703
0.000000,0.000000,0.000000,97496.300000,974.938823
0.000000,0.000000,0.000000,97492.160000,974.928178
0.000000,0.000000,0.000000,97488.030000,974.898588
0.000000,0.000000,0.000000,97496.300000,974.938397
0.000000,0.000000,0.000000,97496.300000,974.953602
0.000000,0.000000,0.000000,97488.030000,974.908299
0.000000,0.000000,0.000000,97496.300000,974.942106
0.000000,0.000000,0.000000,97488.030000,974.903908
0.000000,0.000000,0.000000,97500.430000,974.965954
0.000000,0.000000,0.000000,97492.160000,974.938542
0.000000,0.000000,0.000000,97504.560000,975.004707
0.000000,0.000000,0.000000,97492.160000,974.953344
0.000000,0.000000,0.000000,97492.160000,974.933725
0.000000,0.000000,0.000000,97500.430000,974.977343
0.000000,0.000000,0.000000,97492.160000,974.942892
0.000000,0.000000,0.000000,97496.300000,974.955319
0.000000,0.000000,0.000000,97492.160000,974.934480
0.000000,0.000000,0.000000,97496.300000,974.952106
0.000000,0.000000,0.000000,97492.160000,974.933252
0.000000,0.000000,0.000000,97496.300000,974.951637
0.000000,0.000000,0.000000,97496.300000,974.958660
0.000000,0.000000,0.000000,97504.560000,975.012392
0.000000,0.000000,0.000000,97488.030000,974.930755
0.000000,0.000000,0.000000,97496.300000,974.950683
0.000000,0.000000,0.000000,97496.300000,974.958295
0.000000,0.000000,0.000000,97488.030000,974.910092
0.000000,0.000000,0.000000,97496.300000,974.942791
0.000000,0.000000,0.000000,97496.300000,974.955281
0.000000,0.000000,0.000000,97508.700000,975.036688
0.000000,0.000000,0.000000,97492.160000,974.965560
0.000000,0.000000,0.000000,97492.160000,974.938391
0.000000,0.000000,0.000000,97492.160000,974.928014
0.000000,0.000000,0.000000,97496.300000,974.949636
0.000000,0.000000,0.000000,97496.300000,974.957896
0.000000,0.000000,0.000000,97500.430000,974.986575
0.000000,0.000000,0.000000,97488.030000,974.920893
0.000000,0.000000,0.000000,97496.300000,974.946917
0.000000,0.000000,0.000000,97492.160000,974.931270
0.000000,0.000000,0.000000,97496.300000,974.950880
0.000000,0.000000,0.000000,97504.560000,975.009420
0.000000,0.000000,0.000000,97492.160000,974.955144
0.000000,0.000000,0.000000,97496.300000,974.959999
0.000000,0.000000,0.000000,97496.300000,974.961854
0.000000,0.000000,0.000000,97504.560000,975.013612
0.000000,0.000000,0.000000,97504.560000,975.033382
0.000000,0.000000,0.000000,97496.300000,974.989883
0.000000,0.000000,0.000000,97496.300000,974.973269
0.000000,0.000000,0.000000,97496.300000,974.966922
0.000000,0.000000,0.000000,97483.900000,974.887862
0.000000,0.000000,0.000000,97504.560000,974.985349
0.000000,0.000000,0.000000,97496.300000,974.971537
0.000000,0.000000,0.000000,97504.560000,975.017310
0.000000,0.000000,0.000000,97508.700000,975.060381
0.000000,0.000000,0.000000,97500.430000,975.025721
0.000000,0.000000,0.000000,97500.430000,975.012482
0.000000,0.000000,0.000000,97500.430000,975.007425
0.000000,0.000000,0.000000,97500.430000,975.005494
0.000000,0.000000,0.000000,97500.430000,975.004756
0.000000,0.000000,0.000000,97504.560000,975.029999
0.000000,0.000000,0.000000,97500.430000,975.014116
0.000000,0.000000,0.000000,97496.300000,974.982525
0.000000,0.000000,0.000000,97488.030000,974.919346
0.000000,0.000000,0.000000,97492.160000,974.920739
0.000000,0.000000,0.000000,97500.430000,974.972383
0.000000,0.000000,0.000000,97496.300000,974.966584
0.000000,0.000000,0.000000,97496.300000,974.964369
0.000000,0.000000,0.000000,97496.300000,974.963523
0.000000,0.000000,0.000000,97504.560000,975.014249
0.000000,0.000000,0.000000,97496.300000,974.982576
0.000000,0.000000,0.000000,97500.430000,974.996002
0.000000,0.000000,0.000000,97500.430000,975.001130
0.000000,0.000000,0.000000,97500.430000,975.003089
0.000000,0.000000,0.000000,97496.300000,974.978313
0.000000,0.000000,0.000000,97492.160000,974.943262
0.000000,0.000000,0.000000,97504.560000,975.006510
0.000000,0.000000,0.000000,97500.430000,975.005144
0.000000,0.000000,0.000000,97504.560000,975.030147
0.000000,0.000000,0.000000,97504.560000,975.039698
0.000000,0.000000,0.000000,97496.300000,974.992296
0.000000,0.000000,0.000000,97500.430000,974.999715
0.000000,0.000000,0.000000,97500.430000,975.002549
0.000000,0.000000,0.000000,97500.430000,975.003631
0.000000,0.000000,0.000000,97492.160000,974.952933
0.000000,0.000000,0.000000,97504.560000,975.010204
0.000000,0.000000,0.000000,97500.430000,975.006555
0.000000,0.000000,0.000000,97504.560000,975.030686
0.000000,0.000000,0.000000,97496.300000,974.988854
0.000000,0.000000,0.000000,97496.300000,974.972875
0.000000,0.000000,0.000000,97500.430000,974.992297
0.000000,0.000000,0.000000,97496.300000,974.974190
0.000000,0.000000,0.000000,97492.160000,974.941688
0.000000,0.000000,0.000000,97504.560000,975.005909
0.000000,0.000000,0.000000,97488.030000,974.928278
0.000000,0.000000,0.000000,97504.560000,975.000787
0.000000,0.000000,0.000000,97492.160000,974.951847
0.000000,0.000000,0.000000,97496.300000,974.958740
0.000000,0.000000,0.000000,97500.430000,974.986898
0.000000,0.000000,0.000000,97496.300000,974.972128
0.000000,0.000000,0.000000,97496.300000,974.966487
0.000000,0.000000,0.000000,97500.430000,974.989857
0.000000,0.000000,0.000000,97496.300000,974.973258
0.000000,0.000000,0.000000,97496.300000,974.966918
0.000000,0.000000,0.000000,97500.430000,974.990021
0.000000,0.000000,0.000000,97500.430000,974.998846
0.000000,0.000000,0.000000,97496.300000,974.976692
0.000000,0.000000,0.000000,97508.700000,975.044866
0.000000,0.000000,0.000000,97504.560000,975.045320
0.000000,0.000000,0.000000,97504.560000,975.045493
0.000000,0.000000,0.000000,97500.430000,975.020034
0.000000,0.000000,0.000000,97496.300000,974.984785
0.000000,0.000000,0.000000,97508.700000,975.047957
0.000000,0.000000,0.000000,97496.300000,974.995451
0.000000,0.000000,0.000000,97496.300000,974.975395
0.000000,0.000000,0.000000,97504.560000,975.018784
0.000000,0.000000,0.000000,97500.430000,975.009832
0.000000,0.000000,0.000000,97496.300000,974.980888
0.000000,0.000000,0.000000,97496.300000,974.969833
0.000000,0.000000,0.000000,97508.700000,975.042246
0.000000,0.000000,0.000000,97496.300000,974.993269
0.000000,0.000000,0.000000,97504.560000,975.025611
0.000000,0.000000,0.000000,97504.560000,975.037965
0.000000,0.000000,0.000000,97496.300000,974.991634
0.000000,0.000000,0.000000,97504.560000,975.024987
0.000000,0.000000,0.000000,97496.300000,974.986677
0.000000,0.000000,0.000000,97496.300000,974.972044
0.000000,0.000000,0.000000,97496.300000,974.966454
0.000000,0.000000,0.000000,97496.300000,974.964319
0.000000,0.000000,0.000000,97496.300000,974.963504
0.000000,0.000000,0.000000,97488.030000,974.912081
0.000000,0.000000,0.000000,97500.430000,974.969076
0.000000,0.000000,0.000000,97488.030000,974.914209
0.000000,0.000000,0.000000,97496.300000,974.944364
0.000000,0.000000,0.000000,97504.560000,975.006931
0.000000,0.000000,0.000000,97496.300000,974.979780
0.000000,0.000000,0.000000,97496.300000,974.969409
0.000000,0.000000,0.000000,97504.560000,975.016498
0.000000,0.000000,0.000000,97496.300000,974.983434
0.000000,0.000000,0.000000,97504.560000,975.021855
0.000000,0.000000,0.000000,97496.300000,974.985481
0.000000,0.000000,0.000000,97496.300000,974.971587
0.000000,0.000000,0.000000,97496.300000,974.966280
0.000000,0.000000,0.000000,97504.560000,975.015302
0.000000,0.000000,0.000000,97500.430000,975.008503
0.000000,0.000000,0.000000,97504.560000,975.031430
0.000000,0.000000,0.000000,97500.430000,975.014663
0.000000,0.000000,0.000000,97504.560000,975.033783
0.000000,0.000000,0.000000,97496.300000,974.990037
0.000000,0.000000,0.000000,97500.430000,974.998852
0.000000,0.000000,0.000000,97508.700000,975.053330
0.000000,0.000000,0.000000,97504.560000,975.048553
0.000000,0.000000,0.000000,97496.300000,974.995678
0.000000,0.000000,0.000000,97504.560000,975.026532
0.000000,0.000000,0.000000,97492.160000,974.961680
0.000000,0.000000,0.000000,97504.560000,975.013546
0.000000,0.000000,0.000000,97504.560000,975.033356
0.000000,0.000000,0.000000,97504.560000,975.040923
0.000000,0.000000,0.000000,97504.560000,975.043814
0.000000,0.000000,0.000000,97504.560000,975.044918
0.000000,0.000000,0.000000,97500.430000,975.019815
0.000000,0.000000,0.000000,97504.560000,975.035751
0.000000,0.000000,0.000000,97488.030000,974.939677
0.000000,0.000000,0.000000,97500.430000,974.979616
0.000000,0.000000,0.000000,97508.700000,975.045983
0.000000,0.000000,0.000000,97500.430000,975.020222
0.000000,0.000000,0.000000,97500.430000,975.010381
0.000000,0.000000,0.000000,97504.560000,975.032148
0.000000,0.000000,0.000000,97496.300000,974.989412
0.000000,0.000000,0.000000,97512.830000,975.075250
0.000000,0.000000,0.000000,97500.430000,975.031400
0.000000,0.000000,0.000000,97496.300000,974.989127
0.000000,0.000000,0.000000,97500.430000,974.998504
0.000000,0.000000,0.000000,97496.300000,974.976561
0.000000,0.000000,0.000000,97504.560000,975.019230
0.000000,0.000000,0.000000,97500.430000,975.010003
0.000000,0.000000,0.000000,97500.430000,975.006478
0.000000,0.000000,0.000000,97512.830000,975.081768
0.000000,0.000000,0.000000,97496.300000,975.008365
0.000000,0.000000,0.000000,97500.430000,975.005853
0.000000,0.000000,0.000000,97500.430000,975.004893
0.000000,0.000000,0.000000,97496.300000,974.979002
0.000000,0.000000,0.000000,97500.430000,974.994637
0.000000,0.000000,0.000000,97500.430000,975.000609
0.000000,0.000000,0.000000,97500.430000,975.002890
0.000000,0.000000,0.000000,97504.560000,975.029286
0.000000,0.000000,0.000000,97496.300000,974.988319
0.000000,0.000000,0.000000,97500.430000,974.998196
0.000000,0.000000,0.000000,97500.430000,975.001968
0.000000,0.000000,0.000000,97508.700000,975.054521
0.000000,0.000000,0.000000,97504.560000,975.049007
0.000000,0.000000,0.000000,97508.700000,975.072488
0.000000,0.000000,0.000000,97508.700000,975.081457
0.000000,0.000000,0.000000,97512.830000,975.110408
0.000000,0.000000,0.000000,97488.030000,974.968193
0.000000,0.000000,0.000000,97504.560000,975.016033
0.000000,0.000000,0.000000,97496.300000,974.983257
0.000000,0.000000,0.000000,97500.430000,974.996262
0.000000,0.000000,0.000000,97504.560000,975.026755
0.000000,0.000000,0.000000,97504.560000,975.038402
0.000000,0.000000,0.000000,97512.830000,975.093962
0.000000,0.000000,0.000000,97504.560000,975.064073
0.000000,0.000000,0.000000,97500.430000,975.027131
0.000000,0.000000,0.000000,97508.700000,975.064132
0.000000,0.000000,0.000000,97496.300000,975.001629
0.000000,0.000000,0.000000,97504.560000,975.028805
0.000000,0.000000,0.000000,97508.700000,975.064771
0.000000,0.000000,0.000000,97504.560000,975.052923
0.000000,0.000000,0.000000,97504.560000,975.048397
0.000000,0.000000,0.000000,97500.430000,975.021144
0.000000,0.000000,0.000000,97496.300000,974.985209
0.000000,0.000000,0.000000,97496.300000,974.971483
0.000000,0.000000,0.000000,97504.560000,975.017290
0.000000,0.000000,0.000000,97508.700000,975.060373
0.000000,0.000000,0.000000,97504.560000,975.051243
0.000000,0.000000,0.000000,97504.560000,975.047755
0.000000,0.000000,0.000000,97500.430000,975.020898
0.000000,0.000000,0.000000,97504.560000,975.036165
0.000000,0.000000,0.000000,97500.430000,975.016471
0.000000,0.000000,0.000000,97508.700000,975.060060
0.000000,0.000000,0.000000,97504.560000,975.051123
0.000000,0.000000,0.000000,97500.430000,975.022185
0.000000,0.000000,0.000000,97500.430000,975.011131
0.000000,0.000000,0.000000,97492.160000,974.955798
0.000000,0.000000,0.000000,97500.430000,974.985774
0.000000,0.000000,0.000000,97504.560000,975.022748
0.000000,0.000000,0.000000,97504.560000,975.036871
0.000000,0.000000,0.000000,97508.700000,975.067853
0.000000,0.000000,0.000000,97500.430000,975.028575
0.000000,0.000000,0.000000,97496.300000,974.988047
0.000000,0.000000,0.000000,97504.560000,975.023617
0.000000,0.000000,0.000000,97496.300000,974.986154
0.000000,0.000000,0.000000,97508.700000,975.048480
0.000000,0.000000,0.000000,97500.430000,975.021175
0.000000,0.000000,0.000000,97500.430000,975.010746
0.000000,0.000000,0.000000,97504.560000,975.032287
0.000000,0.000000,0.000000,97504.560000,975.040515
0.000000,0.000000,0.000000,97512.830000,975.094769
0.000000,0.000000,0.000000,97504.560000,975.064381
0.000000,0.000000,0.000000,97504.560000,975.052774
0.000000,0.000000,0.000000,97504.560000,975.048340
0.000000,0.000000,0.000000,97504.560000,975.046647
0.000000,0.000000,0.000000,97512.830000,975.097111
0.000000,0.000000,0.000000,97500.430000,975.039751
0.000000,0.000000,0.000000,97508.700000,975.068952
0.000000,0.000000,0.000000,97504.560000,975.054520
0.000000,0.000000,0.000000,97504.560000,975.049007
0.000000,0.000000,0.000000,97508.700000,975.072488
0.000000,0.000000,0.000000,97496.300000,975.004821
0.000000,0.000000,0.000000,97496.300000,974.978974
0.000000,0.000000,0.000000,97504.560000,975.020151
0.000000,0.000000,0.000000,97496.300000,974.984830
0.000000,0.000000,0.000000,97512.830000,975.073499
0.000000,0.000000,0.000000,97504.560000,975.056257
0.000000,0.000000,0.000000,97504.560000,975.049670
0.000000,0.000000,0.000000,97500.430000,975.021630
0.000000,0.000000,0.000000,97512.830000,975.087556
0.000000,0.000000,0.000000,97500.430000,975.036101
0.000000,0.000000,0.000000,97508.700000,975.067558
0.000000,0.000000,0.000000,97500.430000,975.028463
0.000000,0.000000,0.000000,97516.960000,975.115690
0.000000,0.000000,0.000000,97496.300000,975.021322
0.000000,0.000000,0.000000,97504.560000,975.036327
0.000000,0.000000,0.000000,97500.430000,975.016533
0.000000,0.000000,0.000000,97512.830000,975.085609
0.000000,0.000000,0.000000,97504.560000,975.060882
0.000000,0.000000,0.000000,97504.560000,975.051437
0.000000,0.000000,0.000000,97500.430000,975.022305
0.000000,0.000000,0.000000,97496.300000,974.985652
0.000000,0.000000,0.000000,97500.430000,974.997177
0.000000,0.000000,0.000000,97504.560000,975.027104
0.000000,0.000000,0.000000,97500.430000,975.013010
0.000000,0.000000,0.000000,97504.560000,975.033152
0.000000,0.000000,0.000000,97496.300000,974.989796
0.000000,0.000000,0.000000,97504.560000,975.024285
0.000000,0.000000,0.000000,97508.700000,975.063045
0.000000,0.000000,0.000000,97508.700000,975.077850
0.000000,0.000000,0.000000,97504.560000,975.057918
0.000000,0.000000,0.000000,97500.430000,975.024780
0.000000,0.000000,0.000000,97500.430000,975.012123
0.000000,0.000000,0.000000,97496.300000,974.981763
0.000000,0.000000,0.000000,97500.430000,974.995692
0.000000,0.000000,0.000000,97504.560000,975.026537
0.000000,0.000000,0.000000,97508.700000,975.063905
0.000000,0.000000,0.000000,97508.700000,975.078179
0.000000,0.000000,0.000000,97508.700000,975.083630
0.000000,0.000000,0.000000,97500.430000,975.034602
0.000000,0.000000,0.000000,97504.560000,975.041399
0.000000,0.000000,0.000000,97496.300000,974.992946
0.000000,0.000000,0.000000,97500.430000,974.999963
0.000000,0.000000,0.000000,97500.430000,975.002643
0.000000,0.000000,0.000000,97504.560000,975.029192
0.000000,0.000000,0.000000,97508.700000,975.064919
0.000000,0.000000,0.000000,97504.560000,975.052979
0.000000,0.000000,0.000000,97504.560000,975.048419
0.000000,0.000000,0.000000,97508.700000,975.072263
0.000000,0.000000,0.000000,97512.830000,975.106896
0.000000,0.000000,0.000000,97504.560000,975.069013
0.000000,0.000000,0.000000,97504.560000,975.054543
0.000000,0.000000,0.000000,97496.300000,974.997966
0.000000,0.000000,0.000000,97504.560000,975.027406
0.000000,0.000000,0.000000,97504.560000,975.038650
0.000000,0.000000,0.000000,97512.830000,975.094057
0.000000,0.000000,0.000000,97512.830000,975.115220
0.000000,0.000000,0.000000,97504.560000,975.072193
0.000000,0.000000,0.000000,97508.700000,975.081344
0.000000,0.000000,0.000000,97496.300000,975.008203
0.000000,0.000000,0.000000,97504.560000,975.031316
0.000000,0.000000,0.000000,97508.700000,975.065731
0.000000,0.000000,0.000000,97512.830000,975.104401
0.000000,0.000000,0.000000,97504.560000,975.068060
0.000000,0.000000,0.000000,97504.560000,975.054179
0.000000,0.000000,0.000000,97512.830000,975.099988
0.000000,0.000000,0.000000,97508.700000,975.091961
0.000000,0.000000,0.000000,97500.430000,975.037784
0.000000,0.000000,0.000000,97504.560000,975.042614
0.000000,0.000000,0.000000,97504.560000,975.044460
0.000000,0.000000,0.000000,97504.560000,975.045164
0.000000,0.000000,0.000000,97504.560000,975.045434
0.000000,0.000000,0.000000,97512.830000,975.096648
0.000000,0.000000,0.000000,97504.560000,975.065099
0.000000,0.000000,0.000000,97508.700000,975.078634
0.000000,0.000000,0.000000,97496.300000,975.007168
0.000000,0.000000,0.000000,97512.830000,975.082032
0.000000,0.000000,0.000000,97504.560000,975.059516
0.000000,0.000000,0.000000,97508.700000,975.076502
0.000000,0.000000,0.000000,97508.700000,975.082990
0.000000,0.000000,0.000000,97516.960000,975.136518
0.000000,0.000000,0.000000,97504.560000,975.080328
0.000000,0.000000,0.000000,97508.700000,975.084451
0.000000,0.000000,0.000000,97504.560000,975.060440
0.000000,0.000000,0.000000,97508.700000,975.076855
0.000000,0.000000,0.000000,97512.830000,975.108650
0.000000,0.000000,0.000000,97512.830000,975.120794
0.000000,0.000000,0.000000,97504.560000,975.074322
0.000000,0.000000,0.000000,97504.560000,975.056571
0.000000,0.000000,0.000000,97512.830000,975.100902
0.000000,0.000000,0.000000,97512.830000,975.117835
0.000000,0.000000,0.000000,97504.560000,975.073191
0.000000,0.000000,0.000000,97496.300000,975.005089
0.000000,0.000000,0.000000,97500.430000,975.004601
0.000000,0.000000,0.000000,97504.560000,975.029940
0.000000,0.000000,0.000000,97508.700000,975.065205
0.000000,0.000000,0.000000,97504.560000,975.053088
0.000000,0.000000,0.000000,97500.430000,975.022936
0.000000,0.000000,0.000000,97508.700000,975.062530
0.000000,0.000000,0.000000,97512.830000,975.103178
0.000000,0.000000,0.000000,97508.700000,975.093179
0.000000,0.000000,0.000000,97504.560000,975.063774
0.000000,0.000000,0.000000,97500.430000,975.027017
0.000000,0.000000,0.000000,97504.560000,975.038502
0.000000,0.000000,0.000000,97508.700000,975.068475
0.000000,0.000000,0.000000,97504.560000,975.054338
0.000000,0.000000,0.000000,97496.300000,974.997888
0.000000,0.000000,0.000000,97496.300000,974.976326
0.000000,0.000000,0.000000,97512.830000,975.070251
0.000000,0.000000,0.000000,97500.430000,975.029491
0.000000,0.000000,0.000000,97508.700000,975.065034
0.000000,0.000000,0.000000,97500.430000,975.027498
0.000000,0.000000,0.000000,97504.560000,975.038686
0.000000,0.000000,0.000000,97512.830000,975.094070
0.000000,0.000000,0.000000,97504.560000,975.064114
0.000000,0.000000,0.000000,97508.700000,975.078258
0.000000,0.000000,0.000000,97504.560000,975.058074
0.000000,0.000000,0.000000,97508.700000,975.075951
0.000000,0.000000,0.000000,97512.830000,975.108305
0.000000,0.000000,0.000000,97496.300000,975.018501
0.000000,0.000000,0.000000,97508.700000,975.060836
0.000000,0.000000,0.000000,97508.700000,975.077006
0.000000,0.000000,0.000000,97508.700000,975.083183
0.000000,0.000000,0.000000,97512.830000,975.111067
0.000000,0.000000,0.000000,97508.700000,975.096193
0.000000,0.000000,0.000000,97508.700000,975.090511
0.000000,0.000000,0.000000,97496.300000,975.011705
0.000000,0.000000,0.000000,97508.700000,975.058240
0.000000,0.000000,0.000000,97504.560000,975.050428
0.000000,0.000000,0.000000,97516.960000,975.124080
0.000000,0.000000,0.000000,97512.830000,975.126688
0.000000,0.000000,0.000000,97512.830000,975.127684
0.000000,0.000000,0.000000,97504.560000,975.076953
0.000000,0.000000,0.000000,97508.700000,975.083163
0.000000,0.000000,0.000000,97508.700000,975.085534
0.000000,0.000000,0.000000,97508.700000,975.086440
0.000000,0.000000,0.000000,97500.430000,975.035675
0.000000,0.000000,0.000000,97504.560000,975.041809
0.000000,0.000000,0.000000,97512.830000,975.095263
0.000000,0.000000,0.000000,97516.960000,975.141206
0.000000,0.000000,0.000000,97500.430000,975.056593
0.000000,0.000000,0.000000,97504.560000,975.049799
0.000000,0.000000,0.000000,97504.560000,975.047204
0.000000,0.000000,0.000000,97504.560000,975.046213
0.000000,0.000000,0.000000,97500.430000,975.020309
0.000000,0.000000,0.000000,97508.700000,975.061526
0.000000,0.000000,0.000000,97508.700000,975.077270
0.000000,0.000000,0.000000,97504.560000,975.057697
0.000000,0.000000,0.000000,97508.700000,975.075807
0.000000,0.000000,0.000000,97504.560000,975.057138
0.000000,0.000000,0.000000,97508.700000,975.075594
0.000000,0.000000,0.000000,97508.700000,975.082643
0.000000,0.000000,0.000000,97504.560000,975.059749
0.000000,0.000000,0.000000,97512.830000,975.102116
0.000000,0.000000,0.000000,97496.300000,975.016138
0.000000,0.000000,0.000000,97496.300000,974.983297
0.000000,0.000000,0.000000,97504.560000,975.021802
0.000000,0.000000,0.000000,97512.830000,975.087621
0.000000,0.000000,0.000000,97500.430000,975.036126
0.000000,0.000000,0.000000,97504.560000,975.041981
0.000000,0.000000,0.000000,97504.560000,975.044218
0.000000,0.000000,0.000000,97504.560000,975.045072
0.000000,0.000000,0.000000,97512.830000,975.096510
0.000000,0.000000,0.000000,97508.700000,975.090632
0.000000,0.000000,0.000000,97512.830000,975.113912
0.000000,0.000000,0.000000,97512.830000,975.122804
0.000000,0.000000,0.000000,97512.830000,975.126201
0.000000,0.000000,0.000000,97508.700000,975.101973
0.000000,0.000000,0.000000,97504.560000,975.067133
0.000000,0.000000,0.000000,97512.830000,975.104936
0.000000,0.000000,0.000000,97512.830000,975.119376
0.000000,0.000000,0.000000,97496.300000,975.022730
0.000000,0.000000,0.000000,97512.830000,975.087976
0.000000,0.000000,0.000000,97512.830000,975.112898
0.000000,0.000000,0.000000,97504.560000,975.071305
0.000000,0.000000,0.000000,97512.830000,975.106530
0.000000,0.000000,0.000000,97512.830000,975.119985
0.000000,0.000000,0.000000,97512.830000,975.125124
0.000000,0.000000,0.000000,97496.300000,975.024926
0.000000,0.000000,0.000000,97508.700000,975.063290
0.000000,0.000000,0.000000,97512.830000,975.103468
0.000000,0.000000,0.000000,97508.700000,975.093290
0.000000,0.000000,0.000000,97512.830000,975.114927
0.000000,0.000000,0.000000,97500.430000,975.046556
0.000000,0.000000,0.000000,97512.830000,975.097077
0.000000,0.000000,0.000000,97512.830000,975.116374
0.000000,0.000000,0.000000,97512.830000,975.123745
0.000000,0.000000,0.000000,97504.560000,975.075449
0.000000,0.000000,0.000000,97508.700000,975.082588
0.000000,0.000000,0.000000,97508.700000,975.085315
0.000000,0.000000,0.000000,97512.830000,975.111881
0.000000,0.000000,0.000000,97504.560000,975.070917
0.000000,0.000000,0.000000,97508.700000,975.080857
0.000000,0.000000,0.000000,97512.830000,975.110178
0.000000,0.000000,0.000000,97504.560000,975.070267
0.000000,0.000000,0.000000,97512.830000,975.106133
0.000000,0.000000,0.000000,97504.560000,975.068722
0.000000,0.000000,0.000000,97512.830000,975.105543
0.000000,0.000000,0.000000,97504.560000,975.068496
0.000000,0.000000,0.000000,97512.830000,975.105457
0.000000,0.000000,0.000000,97508.700000,975.094050
0.000000,0.000000,0.000000,97508.700000,975.089693
0.000000,0.000000,0.000000,97508.700000,975.088029
0.000000,0.000000,0.000000,97508.700000,975.087393
0.000000,0.000000,0.000000,97512.830000,975.112675
0.000000,0.000000,0.000000,97512.830000,975.122332
0.000000,0.000000,0.000000,97512.830000,975.126020
0.000000,0.000000,0.000000,97504.560000,975.076318
0.000000,0.000000,0.000000,97508.700000,975.082920
0.000000,0.000000,0.000000,97504.560000,975.059855
0.000000,0.000000,0.000000,97500.430000,975.025520
0.000000,0.000000,0.000000,97512.830000,975.089042
0.000000,0.000000,0.000000,97508.700000,975.087780
0.000000,0.000000,0.000000,97504.560000,975.061711
0.000000,0.000000,0.000000,97508.700000,975.077341
0.000000,0.000000,0.000000,97516.960000,975.134360
0.000000,0.000000,0.000000,97512.830000,975.130615
0.000000,0.000000,0.000000,97512.830000,975.129184
0.000000,0.000000,0.000000,97508.700000,975.103113
0.000000,0.000000,0.000000,97516.960000,975.144204
0.000000,0.000000,0.000000,97504.560000,975.083263
0.000000,0.000000,0.000000,97512.830000,975.111098
0.000000,0.000000,0.000000,97512.830000,975.121729
0.000000,0.000000,0.000000,97504.560000,975.074679
0.000000,0.000000,0.000000,97508.700000,975.082294
0.000000,0.000000,0.000000,97516.960000,975.136252
0.000000,0.000000,0.000000,97512.830000,975.131337
0.000000,0.000000,0.000000,97508.700000,975.103935
0.000000,0.000000,0.000000,97512.830000,975.118994
0.000000,0.000000,0.000000,97508.700000,975.099220
0.000000,0.000000,0.000000,97508.700000,975.091668
0.000000,0.000000,0.000000,97508.700000,975.088783
0.000000,0.000000,0.000000,97508.700000,975.087681
0.000000,0.000000,0.000000,97512.830000,975.112785
0.000000,0.000000,0.000000,97521.100000,975.173485
0.000000,0.000000,0.000000,97508.700000,975.120034
0.000000,0.000000,0.000000,97512.830000,975.125143
0.000000,0.000000,0.000000,97529.360000,975.229255
0.000000,0.000000,0.000000,97516.960000,975.192386
0.000000,0.000000,0.000000,97508.700000,975.127254
0.000000,0.000000,0.000000,97512.830000,975.127900
0.000000,0.000000,0.000000,97512.830000,975.128147
0.000000,0.000000,0.000000,97504.560000,975.077130
0.000000,0.000000,0.000000,97512.830000,975.108755
0.000000,0.000000,0.000000,97512.830000,975.120834
0.000000,0.000000,0.000000,97512.830000,975.125448
0.000000,0.000000,0.000000,97516.960000,975.152736
0.000000,0.000000,0.000000,97508.700000,975.112109
0.000000,0.000000,0.000000,97512.830000,975.122115
0.000000,0.000000,0.000000,97512.830000,975.125938
0.000000,0.000000,0.000000,97512.830000,975.127398
0.000000,0.000000,0.000000,97504.560000,975.076844
0.000000,0.000000,0.000000,97508.700000,975.083121
0.000000,0.000000,0.000000,97508.700000,975.085518
0.000000,0.000000,0.000000,97508.700000,975.086434
0.000000,0.000000,0.000000,97508.700000,975.086784
0.000000,0.000000,0.000000,97504.560000,975.061331
0.000000,0.000000,0.000000,97525.230000,975.179356
0.000000,0.000000,0.000000,97512.830000,975.147802
0.000000,0.000000,0.000000,97512.830000,975.135749
0.000000,0.000000,0.000000,97512.830000,975.131145
0.000000,0.000000,0.000000,97504.560000,975.078275
0.000000,0.000000,0.000000,97529.360000,975.211353
0.000000,0.000000,0.000000,97500.430000,975.083387
0.000000,0.000000,0.000000,97512.830000,975.111145
0.000000,0.000000,0.000000,97496.300000,975.019586
0.000000,0.000000,0.000000,97512.830000,975.086775
0.000000,0.000000,0.000000,97512.830000,975.112439
0.000000,0.000000,0.000000,97512.830000,975.122242
0.000000,0.000000,0.000000,97512.830000,975.125986
0.000000,0.000000,0.000000,97504.560000,975.076305
0.000000,0.000000,0.000000,97500.430000,975.031803
0.000000,0.000000,0.000000,97512.830000,975.091442
0.000000,0.000000,0.000000,97504.560000,975.063110
0.000000,0.000000,0.000000,97516.960000,975.128924
0.000000,0.000000,0.000000,97512.830000,975.128539
0.000000,0.000000,0.000000,97508.700000,975.102866
0.000000,0.000000,0.000000,97516.960000,975.144110
0.000000,0.000000,0.000000,97512.830000,975.134339
0.000000,0.000000,0.000000,97508.700000,975.105082
0.000000,0.000000,0.000000,97516.960000,975.144956
0.000000,0.000000,0.000000,97516.960000,975.160187
0.000000,0.000000,0.000000,97504.560000,975.089368
0.000000,0.000000,0.000000,97525.230000,975.190066
0.000000,0.000000,0.000000,97521.100000,975.203004
0.000000,0.000000,0.000000,97504.560000,975.105723
0.000000,0.000000,0.000000,97504.560000,975.068565
0.000000,0.000000,0.000000,97512.830000,975.105483
0.000000,0.000000,0.000000,97512.830000,975.119585
0.000000,0.000000,0.000000,97512.830000,975.124971
0.000000,0.000000,0.000000,97512.830000,975.127028
0.000000,0.000000,0.000000,97516.960000,975.153339
0.000000,0.000000,0.000000,97512.830000,975.137864
0.000000,0.000000,0.000000,97512.830000,975.131953
0.000000,0.000000,0.000000,97504.560000,975.078584
0.000000,0.000000,0.000000,97516.960000,975.134835
0.000000,0.000000,0.000000,97516.960000,975.156321
0.000000,0.000000,0.000000,97521.100000,975.190114
0.000000,0.000000,0.000000,97516.960000,975.177436
0.000000,0.000000,0.000000,97512.830000,975.147068
0.000000,0.000000,0.000000,97516.960000,975.160994
0.000000,0.000000,0.000000,97512.830000,975.140788
0.000000,0.000000,0.000000,97500.430000,975.056434
0.000000,0.000000,0.000000,97512.830000,975.100850
0.000000,0.000000,0.000000,97521.100000,975.168926
0.000000,0.000000,0.000000,97521.100000,975.194929
0.000000,0.000000,0.000000,97516.960000,975.179275
0.000000,0.000000,0.000000,97512.830000,975.147771
0.000000,0.000000,0.000000,97512.830000,975.135737
0.000000,0.000000,0.000000,97516.960000,975.156666
0.000000,0.000000,0.000000,97508.700000,975.113610
0.000000,0.000000,0.000000,97512.830000,975.122689
0.000000,0.000000,0.000000,97504.560000,975.075045
0.000000,0.000000,0.000000,97516.960000,975.133483
0.000000,0.000000,0.000000,97504.560000,975.079168
0.000000,0.000000,0.000000,97516.960000,975.135058
0.000000,0.000000,0.000000,97516.960000,975.156406
0.000000,0.000000,0.000000,97512.830000,975.139036
0.000000,0.000000,0.000000,97512.830000,975.132401
0.000000,0.000000,0.000000,97512.830000,975.129866
0.000000,0.000000,0.000000,97508.700000,975.103373
0.000000,0.000000,0.000000,97521.100000,975.169890
0.000000,0.000000,0.000000,97525.230000,975.220822
0.000000,0.000000,0.000000,97521.100000,975.214752
0.000000,0.000000,0.000000,97512.830000,975.161322
0.000000,0.000000,0.000000,97516.960000,975.166438
0.000000,0.000000,0.000000,97512.830000,975.142867
0.000000,0.000000,0.000000,97533.500000,975.261612
0.000000,0.000000,0.000000,97525.230000,975.255857
0.000000,0.000000,0.000000,97512.830000,975.177022
0.000000,0.000000,0.000000,97508.700000,975.121385
0.000000,0.000000,0.000000,97512.830000,975.125659
0.000000,0.000000,0.000000,97508.700000,975.101766
0.000000,0.000000,0.000000,97512.830000,975.118165
0.000000,0.000000,0.000000,97508.700000,975.098904
0.000000,0.000000,0.000000,97516.960000,975.142597
0.000000,0.000000,0.000000,97516.960000,975.159286
0.000000,0.000000,0.000000,97516.960000,975.165660
0.000000,0.000000,0.000000,97516.960000,975.168095
0.000000,0.000000,0.000000,97516.960000,975.169025
0.000000,0.000000,0.000000,97521.100000,975.194967
0.000000,0.000000,0.000000,97516.960000,975.179289
0.000000,0.000000,0.000000,97512.830000,975.147776
0.000000,0.000000,0.000000,97504.560000,975.084628
0.000000,0.000000,0.000000,97516.960000,975.137144
0.000000,0.000000,0.000000,97504.560000,975.080567
0.000000,0.000000,0.000000,97521.100000,975.161179
0.000000,0.000000,0.000000,97512.830000,975.140859
0.000000,0.000000,0.000000,97512.830000,975.133097
0.000000,0.000000,0.000000,97512.830000,975.130132
0.000000,0.000000,0.000000,97512.830000,975.129000
0.000000,0.000000,0.000000,97512.830000,975.128567
0.000000,0.000000,0.000000,97516.960000,975.153927
0.000000,0.000000,0.000000,97521.100000,975.189200
0.000000,0.000000,0.000000,97516.960000,975.177087
0.000000,0.000000,0.000000,97504.560000,975.095823
0.000000,0.000000,0.000000,97516.960000,975.141420
0.000000,0.000000,0.000000,97504.560000,975.082200
0.000000,0.000000,0.000000,97512.830000,975.110691
0.000000,0.000000,0.000000,97516.960000,975.147099
0.000000,0.000000,0.000000,97512.830000,975.135481
0.000000,0.000000,0.000000,97521.100000,975.182154
0.000000,0.000000,0.000000,97512.830000,975.148870
0.000000,0.000000,0.000000,97512.830000,975.136157
0.000000,0.000000,0.000000,97512.830000,975.131301
0.000000,0.000000,0.000000,97512.830000,975.129446
0.000000,0.000000,0.000000,97512.830000,975.128738
0.000000,0.000000,0.000000,97521.100000,975.179579
0.000000,0.000000,0.000000,97516.960000,975.173412
0.000000,0.000000,0.000000,97512.830000,975.145531
0.000000,0.000000,0.000000,97516.960000,975.160406
0.000000,0.000000,0.000000,97521.100000,975.191675
0.000000,0.000000,0.000000,97521.100000,975.203619
0.000000,0.000000,0.000000,97512.830000,975.157069
0.000000,0.000000,0.000000,97521.100000,975.190400
0.000000,0.000000,0.000000,97512.830000,975.152020
0.000000,0.000000,0.000000,97512.830000,975.137360
0.000000,0.000000,0.000000,97516.960000,975.157286
0.000000,0.000000,0.000000,97516.960000,975.164896
0.000000,0.000000,0.000000,97512.830000,975.142279
0.000000,0.000000,0.000000,97512.830000,975.133639
0.000000,0.000000,0.000000,97512.830000,975.130339
0.000000,0.000000,0.000000,97512.830000,975.129079
0.000000,0.000000,0.000000,97512.830000,975.128598
0.000000,0.000000,0.000000,97512.830000,975.128414
0.000000,0.000000,0.000000,97504.560000,975.077232
0.000000,0.000000,0.000000,97516.960000,975.134319
0.000000,0.000000,0.000000,97512.830000,975.130599
0.000000,0.000000,0.000000,97516.960000,975.154703
0.000000,0.000000,0.000000,97521.100000,975.189496
0.000000,0.000000,0.000000,97512.830000,975.151675
0.000000,0.000000,0.000000,97512.830000,975.137228
0.000000,0.000000,0.000000,97512.830000,975.131710
0.000000,0.000000,0.000000,97512.830000,975.129603
0.000000,0.000000,0.000000,97516.960000,975.154322
0.000000,0.000000,0.000000,97516.960000,975.163764
0.000000,0.000000,0.000000,97512.830000,975.141846
0.000000,0.000000,0.000000,97525.230000,975.210110
0.000000,0.000000,0.000000,97512.830000,975.159549
0.000000,0.000000,0.000000,97512.830000,975.140236
0.000000,0.000000,0.000000,97512.830000,975.132859
0.000000,0.000000,0.000000,97512.830000,975.130041
0.000000,0.000000,0.000000,97512.830000,975.128965
0.000000,0.000000,0.000000,97512.830000,975.128554
0.000000,0.000000,0.000000,97521.100000,975.179508
0.000000,0.000000,0.000000,97521.100000,975.198971
0.000000,0.000000,0.000000,97512.830000,975.155294
0.000000,0.000000,0.000000,97512.830000,975.138611
0.000000,0.000000,0.000000,97521.100000,975.183350
0.000000,0.000000,0.000000,97516.960000,975.174852
0.000000,0.000000,0.000000,97516.960000,975.171606
0.000000,0.000000,0.000000,97512.830000,975.144841
0.000000,0.000000,0.000000,97521.100000,975.185730
0.000000,0.000000,0.000000,97521.100000,975.201348
0.000000,0.000000,0.000000,97512.830000,975.156202
0.000000,0.000000,0.000000,97516.960000,975.164482
0.000000,0.000000,0.000000,97512.830000,975.142120
0.000000,0.000000,0.000000,97512.830000,975.133579
0.000000,0.000000,0.000000,97521.100000,975.181428
0.000000,0.000000,0.000000,97516.960000,975.174118
0.000000,0.000000,0.000000,97512.830000,975.145801
0.000000,0.000000,0.000000,97512.830000,975.134985
0.000000,0.000000,0.000000,97521.100000,975.181965
0.000000,0.000000,0.000000,97516.960000,975.174323
0.000000,0.000000,0.000000,97521.100000,975.196991
0.000000,0.000000,0.000000,97512.830000,975.154537
0.000000,0.000000,0.000000,97512.830000,975.138322
0.000000,0.000000,0.000000,97512.830000,975.132128
0.000000,0.000000,0.000000,97521.100000,975.180874
0.000000,0.000000,0.000000,97516.960000,975.173906
0.000000,0.000000,0.000000,97508.700000,975.120195
0.000000,0.000000,0.000000,97512.830000,975.125204
0.000000,0.000000,0.000000,97516.960000,975.152642
0.000000,0.000000,0.000000,97512.830000,975.137598
0.000000,0.000000,0.000000,97521.100000,975.182963
0.000000,0.000000,0.000000,97512.830000,975.149179
0.000000,0.000000,0.000000,97516.960000,975.161800
0.000000,0.000000,0.000000,97512.830000,975.141096
0.000000,0.000000,0.000000,97521.100000,975.184299
0.000000,0.000000,0.000000,97512.830000,975.149690
0.000000,0.000000,0.000000,97516.960000,975.161995
0.000000,0.000000,0.000000,97516.960000,975.166695
0.000000,0.000000,0.000000,97521.100000,975.194077
0.000000,0.000000,0.000000,97516.960000,975.178949
0.000000,0.000000,0.000000,97512.830000,975.147646
0.000000,0.000000,0.000000,97516.960000,975.161214
0.000000,0.000000,0.000000,97521.100000,975.191984
0.000000,0.000000,0.000000,97529.360000,975.254786
0.000000,0.000000,0.000000,97516.960000,975.202138
0.000000,0.000000,0.000000,97512.830000,975.156504
0.000000,0.000000,0.000000,97521.100000,975.190184
0.000000,0.000000,0.000000,97521.100000,975.203049
0.000000,0.000000,0.000000,97512.830000,975.156852
0.000000,0.000000,0.000000,97521.100000,975.190317
0.000000,0.000000,0.000000,97512.830000,975.151988
0.000000,0.000000,0.000000,97512.830000,975.137348
0.000000,0.000000,0.000000,97516.960000,975.157281
0.000000,0.000000,0.000000,97512.830000,975.139370
0.000000,0.000000,0.000000,97512.830000,975.132528
0.000000,0.000000,0.000000,97516.960000,975.155440
0.000000,0.000000,0.000000,97521.100000,975.189778
0.000000,0.000000,0.000000,97516.960000,975.177307
0.000000,0.000000,0.000000,97521.100000,975.198131
0.000000,0.000000,0.000000,97512.830000,975.154973
0.000000,0.000000,0.000000,97512.830000,975.138488
0.000000,0.000000,0.000000,97516.960000,975.157716
0.000000,0.000000,0.000000,97521.100000,975.190647
0.000000,0.000000,0.000000,97521.100000,975.203226
0.000000,0.000000,0.000000,97516.960000,975.182444
0.000000,0.000000,0.000000,97516.960000,975.174506
0.000000,0.000000,0.000000,97521.100000,975.197061
0.000000,0.000000,0.000000,97512.830000,975.154564
0.000000,0.000000,0.000000,97525.230000,975.214968
0.000000,0.000000,0.000000,97521.100000,975.212516
0.000000,0.000000,0.000000,97512.830000,975.160468
0.000000,0.000000,0.000000,97508.700000,975.115062
0.000000,0.000000,0.000000,97508.700000,975.097719
0.000000,0.000000,0.000000,97521.100000,975.167730
0.000000,0.000000,0.000000,97521.100000,975.194472
0.000000,0.000000,0.000000,97512.830000,975.153576
0.000000,0.000000,0.000000,97525.230000,975.214591
0.000000,0.000000,0.000000,97504.560000,975.110149
0.000000,0.000000,0.000000,97521.100000,975.172478
0.000000,0.000000,0.000000,97521.100000,975.196286
0.000000,0.000000,0.000000,97512.830000,975.154268
0.000000,0.000000,0.000000,97521.100000,975.189330
0.000000,0.000000,0.000000,97521.100000,975.202723
0.000000,0.000000,0.000000,97512.830000,975.156727
0.000000,0.000000,0.000000,97512.830000,975.139158
0.000000,0.000000,0.000000,97529.360000,975.234608
0.000000,0.000000,0.000000,97504.560000,975.117795
0.000000,0.000000,0.000000,97516.960000,975.149812
0.000000,0.000000,0.000000,97529.360000,975.238678
0.000000,0.000000,0.000000,97529.360000,975.272622
0.000000,0.000000,0.000000,97516.960000,975.208951
0.000000,0.000000,0.000000,97521.100000,975.210217
0.000000,0.000000,0.000000,97521.100000,975.210701
0.000000,0.000000,0.000000,97521.100000,975.210886
0.000000,0.000000,0.000000,97516.960000,975.185370
0.000000,0.000000,0.000000,97512.830000,975.150099
0.000000,0.000000,0.000000,97521.100000,975.187738
0.000000,0.000000,0.000000,97521.100000,975.202115
0.000000,0.000000,0.000000,97512.830000,975.156495
0.000000,0.000000,0.000000,97512.830000,975.139069
0.000000,0.000000,0.000000,97516.960000,975.157938
0.000000,0.000000,0.000000,97512.830000,975.139621
0.000000,0.000000,0.000000,97516.960000,975.158149
0.000000,0.000000,0.000000,97516.960000,975.165226
0.000000,0.000000,0.000000,97516.960000,975.167929
0.000000,0.000000,0.000000,97512.830000,975.143437
0.000000,0.000000,0.000000,97508.700000,975.108557
0.000000,0.000000,0.000000,97521.100000,975.171870
0.000000,0.000000,0.000000,97512.830000,975.144942
0.000000,0.000000,0.000000,97512.830000,975.134657
0.000000,0.000000,0.000000,97516.960000,975.156253
0.000000,0.000000,0.000000,97516.960000,975.164502
0.000000,0.000000,0.000000,97525.230000,975.218764
0.000000,0.000000,0.000000,97516.960000,975.188379
0.000000,0.000000,0.000000,97525.230000,975.227884
0.000000,0.000000,0.000000,97516.960000,975.191863
0.000000,0.000000,0.000000,97516.960000,975.178104
0.000000,0.000000,0.000000,97521.100000,975.198435
0.000000,0.000000,0.000000,97512.830000,975.155089
0.000000,0.000000,0.000000,97516.960000,975.164057
0.000000,0.000000,0.000000,97516.960000,975.167483
0.000000,0.000000,0.000000,97512.830000,975.143267
0.000000,0.000000,0.000000,97512.830000,975.134017
0.000000,0.000000,0.000000,97533.500000,975.258231
0.000000,0.000000,0.000000,97516.960000,975.203454
0.000000,0.000000,0.000000,97516.960000,975.182531
0.000000,0.000000,0.000000,97529.360000,975.251175
0.000000,0.000000,0.000000,97529.360000,975.277395
0.000000,0.000000,0.000000,97512.830000,975.185249
0.000000,0.000000,0.000000,97516.960000,975.175578
0.000000,0.000000,0.000000,97512.830000,975.146358
0.000000,0.000000,0.000000,97512.830000,975.135198
0.000000,0.000000,0.000000,97521.100000,975.182046
0.000000,0.000000,0.000000,97516.960000,975.174354
0.000000,0.000000,0.000000,97512.830000,975.145891
0.000000,0.000000,0.000000,97525.230000,975.211655
0.000000,0.000000,0.000000,97521.100000,975.211250
0.000000,0.000000,0.000000,97512.830000,975.159984
0.000000,0.000000,0.000000,97521.100000,975.191514
0.000000,0.000000,0.000000,97521.100000,975.203557
0.000000,0.000000,0.000000,97512.830000,975.157046
0.000000,0.000000,0.000000,97533.500000,975.267027
0.000000,0.000000,0.000000,97525.230000,975.257925
0.000000,0.000000,0.000000,97512.830000,975.177812
0.000000,0.000000,0.000000,97516.960000,975.172737
0.000000,0.000000,0.000000,97521.100000,975.196385
0.000000,0.000000,0.000000,97516.960000,975.179831
0.000000,0.000000,0.000000,97521.100000,975.199094
0.000000,0.000000,0.000000,97516.960000,975.180866
0.000000,0.000000,0.000000,97533.500000,975.276126
0.000000,0.000000,0.000000,97529.360000,975.286926
0.000000,0.000000,0.000000,97521.100000,975.240001
0.000000,0.000000,0.000000,97516.960000,975.196491
0.000000,0.000000,0.000000,97521.100000,975.205458
0.000000,0.000000,0.000000,97512.830000,975.157772
0.000000,0.000000,0.000000,97512.830000,975.139557
0.000000,0.000000,0.000000,97516.960000,975.158125
0.000000,0.000000,0.000000,97521.100000,975.190803
0.000000,0.000000,0.000000,97516.960000,975.177699
0.000000,0.000000,0.000000,97512.830000,975.147169
0.000000,0.000000,0.000000,97529.360000,975.237668
0.000000,0.000000,0.000000,97516.960000,975.195600
0.000000,0.000000,0.000000,97521.100000,975.205118
0.000000,0.000000,0.000000,97516.960000,975.183167
0.000000,0.000000,0.000000,97521.100000,975.200369
0.000000,0.000000,0.000000,97521.100000,975.206939
0.000000,0.000000,0.000000,97529.360000,975.260499
0.000000,0.000000,0.000000,97529.360000,975.280956
0.000000,0.000000,0.000000,97516.960000,975.212134
0.000000,0.000000,0.000000,97521.100000,975.211433
0.000000,0.000000,0.000000,97521.100000,975.211165
0.000000,0.000000,0.000000,97521.100000,975.211063
0.000000,0.000000,0.000000,97512.830000,975.159913
0.000000,0.000000,0.000000,97525.230000,975.217011
0.000000,0.000000,0.000000,97525.230000,975.238821
0.000000,0.000000,0.000000,97537.630000,975.323788
0.000000,0.000000,0.000000,97521.100000,975.254081
0.000000,0.000000,0.000000,97529.360000,975.278505
0.000000,0.000000,0.000000,97512.830000,975.185673
0.000000,0.000000,0.000000,97512.830000,975.150215
0.000000,0.000000,0.000000,97516.960000,975.162195
0.000000,0.000000,0.000000,97521.100000,975.192358
0.000000,0.000000,0.000000,97529.360000,975.254929
0.000000,0.000000,0.000000,97512.830000,975.176668
0.000000,0.000000,0.000000,97516.960000,975.172300
0.000000,0.000000,0.000000,97525.230000,975.221743
0.000000,0.000000,0.000000,97529.360000,975.266153
0.000000,0.000000,0.000000,97529.360000,975.283116
0.000000,0.000000,0.000000,97516.960000,975.212959
0.000000,0.000000,0.000000,97516.960000,975.186162
0.000000,0.000000,0.000000,97521.100000,975.201513
0.000000,0.000000,0.000000,97512.830000,975.156265
0.000000,0.000000,0.000000,97508.700000,975.113457
0.000000,0.000000,0.000000,97516.960000,975.148155
0.000000,0.000000,0.000000,97516.960000,975.161409
0.000000,0.000000,0.000000,97512.830000,975.140946
0.000000,0.000000,0.000000,97521.100000,975.184242
0.000000,0.000000,0.000000,97516.960000,975.175193
0.000000,0.000000,0.000000,97521.100000,975.197323
0.000000,0.000000,0.000000,97533.500000,975.282412
0.000000,0.000000,0.000000,97525.230000,975.263802
0.000000,0.000000,0.000000,97529.360000,975.282218
0.000000,0.000000,0.000000,97508.700000,975.161567
0.000000,0.000000,0.000000,97512.830000,975.141007
0.000000,0.000000,0.000000,97521.100000,975.184265
0.000000,0.000000,0.000000,97521.100000,975.200788
0.000000,0.000000,0.000000,97525.230000,975.232624
0.000000,0.000000,0.000000,97516.960000,975.193673
0.000000,0.000000,0.000000,97508.700000,975.127746
0.000000,0.000000,0.000000,97521.100000,975.179200
0.000000,0.000000,0.000000,97521.100000,975.198853
0.000000,0.000000,0.000000,97516.960000,975.180774
0.000000,0.000000,0.000000,97521.100000,975.199455
0.000000,0.000000,0.000000,97525.230000,975.232115
0.000000,0.000000,0.000000,97516.960000,975.193479
0.000000,0.000000,0.000000,97525.230000,975.229832
0.000000,0.000000,0.000000,97521.100000,975.218193
0.000000,0.000000,0.000000,97529.360000,975.264797
0.000000,0.000000,0.000000,97529.360000,975.282598
0.000000,0.000000,0.000000,97516.960000,975.212762
0.000000,0.000000,0.000000,97533.500000,975.288309
0.000000,0.000000,0.000000,97512.830000,975.189418
0.000000,0.000000,0.000000,97529.360000,975.253806
0.000000,0.000000,0.000000,97533.500000,975.303987
0.000000,0.000000,0.000000,97533.500000,975.323154
0.000000,0.000000,0.000000,97529.360000,975.304889
0.000000,0.000000,0.000000,97525.230000,975.272387
0.000000,0.000000,0.000000,97525.230000,975.259973
0.000000,0.000000,0.000000,97516.960000,975.204119
0.000000,0.000000,0.000000,97529.360000,975.259421
0.000000,0.000000,0.000000,97512.830000,975.178384
0.000000,0.000000,0.000000,97537.630000,975.300703
0.000000,0.000000,0.000000,97521.100000,975.245263
0.000000,0.000000,0.000000,97525.230000,975.249612
0.000000,0.000000,0.000000,97525.230000,975.251273
0.000000,0.000000,0.000000,97521.100000,975.226383
0.000000,0.000000,0.000000,97525.230000,975.242401
0.000000,0.000000,0.000000,97525.230000,975.248519
0.000000,0.000000,0.000000,97533.500000,975.301967
0.000000,0.000000,0.000000,97516.960000,975.220160
0.000000,0.000000,0.000000,97529.360000,975.265548
0.000000,0.000000,0.000000,97521.100000,975.231836
0.000000,0.000000,0.000000,97529.360000,975.270008
0.000000,0.000000,0.000000,97533.500000,975.310175
0.000000,0.000000,0.000000,97521.100000,975.248882
0.000000,0.000000,0.000000,97521.100000,975.225469
0.000000,0.000000,0.000000,97521.100000,975.216527
0.000000,0.000000,0.000000,97521.100000,975.213111
0.000000,0.000000,0.000000,97533.500000,975.288443
0.000000,0.000000,0.000000,97521.100000,975.240580
0.000000,0.000000,0.000000,97525.230000,975.247824
0.000000,0.000000,0.000000,97516.960000,975.199479
0.000000,0.000000,0.000000,97516.960000,975.181013
0.000000,0.000000,0.000000,97529.360000,975.250595
0.000000,0.000000,0.000000,97529.360000,975.277174
0.000000,0.000000,0.000000,97529.360000,975.287326
0.000000,0.000000,0.000000,97529.360000,975.291203
0.000000,0.000000,0.000000,97512.830000,975.190524
0.000000,0.000000,0.000000,97533.500000,975.279815
0.000000,0.000000,0.000000,97529.360000,975.288335
0.000000,0.000000,0.000000,97521.100000,975.240539
0.000000,0.000000,0.000000,97521.100000,975.222283
0.000000,0.000000,0.000000,97533.500000,975.291946
0.000000,0.000000,0.000000,97529.360000,975.292968
0.000000,0.000000,0.000000,97521.100000,975.242309
0.000000,0.000000,0.000000,97521.100000,975.222959
0.000000,0.000000,0.000000,97521.100000,975.215568
0.000000,0.000000,0.000000,97533.500000,975.289381
0.000000,0.000000,0.000000,97516.960000,975.215352
0.000000,0.000000,0.000000,97533.500000,975.289299
0.000000,0.000000,0.000000,97525.230000,975.266432
0.000000,0.000000,0.000000,97529.360000,975.283223
0.000000,0.000000,0.000000,97533.500000,975.315223
0.000000,0.000000,0.000000,97521.100000,975.250810
0.000000,0.000000,0.000000,97521.100000,975.226206
0.000000,0.000000,0.000000,97533.500000,975.293444
0.000000,0.000000,0.000000,97529.360000,975.293541
0.000000,0.000000,0.000000,97516.960000,975.216941
0.000000,0.000000,0.000000,97533.500000,975.289906
0.000000,0.000000,0.000000,97529.360000,975.292189
0.000000,0.000000,0.000000,97521.100000,975.242011
0.000000,0.000000,0.000000,97529.360000,975.273895
0.000000,0.000000,0.000000,97516.960000,975.209437
0.000000,0.000000,0.000000,97521.100000,975.210403
0.000000,0.000000,0.000000,97529.360000,975.261822
0.000000,0.000000,0.000000,97521.100000,975.230412
0.000000,0.000000,0.000000,97529.360000,975.269464
0.000000,0.000000,0.000000,97525.230000,975.258856
0.000000,0.000000,0.000000,97516.960000,975.203693
0.000000,0.000000,0.000000,97529.360000,975.259259
0.000000,0.000000,0.000000,97529.360000,975.280483
0.000000,0.000000,0.000000,97529.360000,975.288590
0.000000,0.000000,0.000000,97533.500000,975.317273
0.000000,0.000000,0.000000,97537.630000,975.353754
0.000000,0.000000,0.000000,97529.360000,975.316577
0.000000,0.000000,0.000000,97529.360000,975.302376
0.000000,0.000000,0.000000,97525.230000,975.271427
0.000000,0.000000,0.000000,97529.360000,975.285131
0.000000,0.000000,0.000000,97529.360000,975.290365
0.000000,0.000000,0.000000,97521.100000,975.241315
0.000000,0.000000,0.000000,97529.360000,975.273629
0.000000,0.000000,0.000000,97525.230000,975.260447
0.000000,0.000000,0.000000,97521.100000,975.229887
0.000000,0.000000,0.000000,97525.230000,975.243739
0.000000,0.000000,0.000000,97521.100000,975.223505
0.000000,0.000000,0.000000,97521.100000,975.215777
0.000000,0.000000,0.000000,97525.230000,975.238349
0.000000,0.000000,0.000000,97529.360000,975.272496
0.000000,0.000000,0.000000,97529.360000,975.285539
0.000000,0.000000,0.000000,97529.360000,975.290521
0.000000,0.000000,0.000000,97521.100000,975.241374
0.000000,0.000000,0.000000,97525.230000,975.248127
0.000000,0.000000,0.000000,97533.500000,975.301817
0.000000,0.000000,0.000000,97529.360000,975.296739
0.000000,0.000000,0.000000,97525.230000,975.269274
0.000000,0.000000,0.000000,97529.360000,975.284308
0.000000,0.000000,0.000000,97529.360000,975.290051
0.000000,0.000000,0.000000,97521.100000,975.241195
0.000000,0.000000,0.000000,97516.960000,975.196947
0.000000,0.000000,0.000000,97521.100000,975.205632
0.000000,0.000000,0.000000,97533.500000,975.285586
0.000000,0.000000,0.000000,97516.960000,975.213903
0.000000,0.000000,0.000000,97529.360000,975.263158
0.000000,0.000000,0.000000,97525.230000,975.256448
0.000000,0.000000,0.000000,97529.360000,975.279409
0.000000,0.000000,0.000000,97533.500000,975.313766
0.000000,0.000000,0.000000,97521.100000,975.250253
0.000000,0.000000,0.000000,97529.360000,975.277043
0.000000,0.000000,0.000000,97521.100000,975.236226
0.000000,0.000000,0.000000,97521.100000,975.220636
0.000000,0.000000,0.000000,97533.500000,975.291317
0.000000,0.000000,0.000000,97529.360000,975.292728
0.000000,0.000000,0.000000,97537.630000,975.344378
0.000000,0.000000,0.000000,97521.100000,975.261946
0.000000,0.000000,0.000000,97529.360000,975.281509
0.000000,0.000000,0.000000,97529.360000,975.288982
0.000000,0.000000,0.000000,97516.960000,975.215200
0.000000,0.000000,0.000000,97533.500000,975.289240
0.000000,0.000000,0.000000,97529.360000,975.291935
0.000000,0.000000,0.000000,97529.360000,975.292964
0.000000,0.000000,0.000000,97533.500000,975.318944
0.000000,0.000000,0.000000,97521.100000,975.252231
0.000000,0.000000,0.000000,97521.100000,975.226749
0.000000,0.000000,0.000000,97525.230000,975.242540
0.000000,0.000000,0.000000,97529.360000,975.274097
0.000000,0.000000,0.000000,97529.360000,975.286150
0.000000,0.000000,0.000000,97529.360000,975.290755
0.000000,0.000000,0.000000,97545.900000,975.394736
0.000000,0.000000,0.000000,97529.360000,975.332230
0.000000,0.000000,0.000000,97529.360000,975.308356
0.000000,0.000000,0.000000,97537.630000,975.350348
0.000000,0.000000,0.000000,97521.100000,975.264226
0.000000,0.000000,0.000000,97525.230000,975.256855
0.000000,0.000000,0.000000,97533.500000,975.305151
0.000000,0.000000,0.000000,97529.360000,975.298012
0.000000,0.000000,0.000000,97529.360000,975.295285
0.000000,0.000000,0.000000,97537.630000,975.345355
0.000000,0.000000,0.000000,97529.360000,975.313369
0.000000,0.000000,0.000000,97521.100000,975.250101
0.000000,0.000000,0.000000,97521.100000,975.225935
0.000000,0.000000,0.000000,97537.630000,975.318866
0.000000,0.000000,0.000000,97533.500000,975.328837
0.000000,0.000000,0.000000,97521.100000,975.256010
0.000000,0.000000,0.000000,97525.230000,975.253717
0.000000,0.000000,0.000000,97533.500000,975.303953
0.000000,0.000000,0.000000,97521.100000,975.246505
0.000000,0.000000,0.000000,97533.500000,975.301198
0.000000,0.000000,0.000000,97521.100000,975.245453
0.000000,0.000000,0.000000,97516.960000,975.198573
0.000000,0.000000,0.000000,97529.360000,975.257303
0.000000,0.000000,0.000000,97537.630000,975.330847
0.000000,0.000000,0.000000,97521.100000,975.256778
0.000000,0.000000,0.000000,97529.360000,975.279535
0.000000,0.000000,0.000000,97529.360000,975.288228
0.000000,0.000000,0.000000,97529.360000,975.291548
0.000000,0.000000,0.000000,97529.360000,975.292816
0.000000,0.000000,0.000000,97541.760000,975.369937
0.000000,0.000000,0.000000,97533.500000,975.348345
0.000000,0.000000,0.000000,97537.630000,975.365622
0.000000,0.000000,0.000000,97529.360000,975.321110
0.000000,0.000000,0.000000,97533.500000,975.329694
0.000000,0.000000,0.000000,97529.360000,975.307387
0.000000,0.000000,0.000000,97533.500000,975.324453
0.000000,0.000000,0.000000,97537.630000,975.356496
0.000000,0.000000,0.000000,97525.230000,975.292099
0.000000,0.000000,0.000000,97533.500000,975.318613
0.000000,0.000000,0.000000,97529.360000,975.303154
0.000000,0.000000,0.000000,97533.500000,975.322836
0.000000,0.000000,0.000000,97537.630000,975.355879
0.000000,0.000000,0.000000,97521.100000,975.266339
0.000000,0.000000,0.000000,97533.500000,975.308774
0.000000,0.000000,0.000000,97537.630000,975.350507
0.000000,0.000000,0.000000,97537.630000,975.366448
0.000000,0.000000,0.000000,97541.760000,975.398062
0.000000,0.000000,0.000000,97537.630000,975.384612
0.000000,0.000000,0.000000,97533.500000,975.353950
0.000000,0.000000,0.000000,97529.360000,975.316652
0.000000,0.000000,0.000000,97533.500000,975.327992
0.000000,0.000000,0.000000,97537.630000,975.357848
0.000000,0.000000,0.000000,97533.500000,975.343727
0.000000,0.000000,0.000000,97521.100000,975.261697
0.000000,0.000000,0.000000,97537.630000,975.332526
0.000000,0.000000,0.000000,97537.630000,975.359580
0.000000,0.000000,0.000000,97533.500000,975.344389
0.000000,0.000000,0.000000,97533.500000,975.338586
0.000000,0.000000,0.000000,97529.360000,975.310783
0.000000,0.000000,0.000000,97529.360000,975.300163
0.000000,0.000000,0.000000,97529.360000,975.296107
0.000000,0.000000,0.000000,97533.500000,975.320144
0.000000,0.000000,0.000000,97529.360000,975.303739
0.000000,0.000000,0.000000,97537.630000,975.348584
0.000000,0.000000,0.000000,97537.630000,975.365713
0.000000,0.000000,0.000000,97521.100000,975.270095
0.000000,0.000000,0.000000,97521.100000,975.233572
0.000000,0.000000,0.000000,97529.360000,975.270671
0.000000,0.000000,0.000000,97529.360000,975.284842
0.000000,0.000000,0.000000,97529.360000,975.290255
0.000000,0.000000,0.000000,97537.630000,975.343434
0.000000,0.000000,0.000000,97529.360000,975.312635
0.000000,0.000000,0.000000,97529.360000,975.300871
0.000000,0.000000,0.000000,97533.500000,975.321964
0.000000,0.000000,0.000000,97533.500000,975.330021
0.000000,0.000000,0.000000,97529.360000,975.307511
0.000000,0.000000,0.000000,97529.360000,975.298914
0.000000,0.000000,0.000000,97525.230000,975.270105
0.000000,0.000000,0.000000,97529.360000,975.284626
0.000000,0.000000,0.000000,97529.360000,975.290172
0.000000,0.000000,0.000000,97537.630000,975.343402
0.000000,0.000000,0.000000,97529.360000,975.312623
0.000000,0.000000,0.000000,97529.360000,975.300866
0.000000,0.000000,0.000000,97537.630000,975.347487
0.000000,0.000000,0.000000,97533.500000,975.339770
0.000000,0.000000,0.000000,97537.630000,975.362347
0.000000,0.000000,0.000000,97525.230000,975.294334
0.000000,0.000000,0.000000,97537.630000,975.344992
0.000000,0.000000,0.000000,97537.630000,975.364341
0.000000,0.000000,0.000000,97537.630000,975.371732
0.000000,0.000000,0.000000,97516.960000,975.246808
0.000000,0.000000,0.000000,97537.630000,975.326838
0.000000,0.000000,0.000000,97541.760000,975.382932
0.000000,0.000000,0.000000,97529.360000,975.327722
0.000000,0.000000,0.000000,97525.230000,975.281109
0.000000,0.000000,0.000000,97537.630000,975.339940
0.000000,0.000000,0.000000,97529.360000,975.311300
0.000000,0.000000,0.000000,97529.360000,975.300361
0.000000,0.000000,0.000000,97533.500000,975.321769
0.000000,0.000000,0.000000,97537.630000,975.355471
0.000000,0.000000,0.000000,97529.360000,975.317233
0.000000,0.000000,0.000000,97533.500000,975.328213
0.000000,0.000000,0.000000,97537.630000,975.357933
0.000000,0.000000,0.000000,97529.360000,975.318173
0.000000,0.000000,0.000000,97529.360000,975.302986
0.000000,0.000000,0.000000,97529.360000,975.297185
0.000000,0.000000,0.000000,97533.500000,975.320556
0.000000,0.000000,0.000000,97521.100000,975.252847
0.000000,0.000000,0.000000,97537.630000,975.329145
0.000000,0.000000,0.000000,97529.360000,975.307177
0.000000,0.000000,0.000000,97529.360000,975.298786
0.000000,0.000000,0.000000,97537.630000,975.346692
0.000000,0.000000,0.000000,97541.760000,975.390516
0.000000,0.000000,0.000000,97533.500000,975.356205
0.000000,0.000000,0.000000,97525.230000,975.291988
0.000000,0.000000,0.000000,97537.630000,975.344096
0.000000,0.000000,0.000000,97529.360000,975.312888
0.000000,0.000000,0.000000,97541.760000,975.377603
0.000000,0.000000,0.000000,97516.960000,975.249050
0.000000,0.000000,0.000000,97529.360000,975.276584
0.000000,0.000000,0.000000,97521.100000,975.236051
0.000000,0.000000,0.000000,97537.630000,975.322730
0.000000,0.000000,0.000000,97537.630000,975.355838
0.000000,0.000000,0.000000,97533.500000,975.342959
0.000000,0.000000,0.000000,97541.760000,975.389090
0.000000,0.000000,0.000000,97529.360000,975.330074
0.000000,0.000000,0.000000,97541.760000,975.384168
0.000000,0.000000,0.000000,97537.630000,975.379305
0.000000,0.000000,0.000000,97537.630000,975.377448
0.000000,0.000000,0.000000,97529.360000,975.325627
0.000000,0.000000,0.000000,97533.500000,975.331420
0.000000,0.000000,0.000000,97537.630000,975.359157
0.000000,0.000000,0.000000,97533.500000,975.344227
0.000000,0.000000,0.000000,97533.500000,975.338525
0.000000,0.000000,0.000000,97529.360000,975.310760
0.000000,0.000000,0.000000,97533.500000,975.325741
0.000000,0.000000,0.000000,97537.630000,975.356988
0.000000,0.000000,0.000000,97529.360000,975.317812
0.000000,0.000000,0.000000,97537.630000,975.353960
0.000000,0.000000,0.000000,97525.230000,975.291131
0.000000,0.000000,0.000000,97533.500000,975.318243
0.000000,0.000000,0.000000,97525.230000,975.277488
0.000000,0.000000,0.000000,97529.360000,975.287446
0.000000,0.000000,0.000000,97533.500000,975.316836
0.000000,0.000000,0.000000,97533.500000,975.328062
0.000000,0.000000,0.000000,97512.830000,975.204602
0.000000,0.000000,0.000000,97529.360000,975.259606
0.000000,0.000000,0.000000,97545.900000,975.382838
0.000000,0.000000,0.000000,97529.360000,975.327686
0.000000,0.000000,0.000000,97533.500000,975.332206
0.000000,0.000000,0.000000,97541.760000,975.384983
0.000000,0.000000,0.000000,97541.760000,975.405141
0.000000,0.000000,0.000000,97533.500000,975.361792
0.000000,0.000000,0.000000,97533.500000,975.345233
0.000000,0.000000,0.000000,97529.360000,975.313322
0.000000,0.000000,0.000000,97525.230000,975.275608
0.000000,0.000000,0.000000,97537.630000,975.337839
0.000000,0.000000,0.000000,97537.630000,975.361609
0.000000,0.000000,0.000000,97541.760000,975.396213
0.000000,0.000000,0.000000,97529.360000,975.332795
0.000000,0.000000,0.000000,97537.630000,975.359683
0.000000,0.000000,0.000000,97533.500000,975.344428
0.000000,0.000000,0.000000,97537.630000,975.364126
0.000000,0.000000,0.000000,97529.360000,975.320539
0.000000,0.000000,0.000000,97529.360000,975.303890
0.000000,0.000000,0.000000,97529.360000,975.297530
0.000000,0.000000,0.000000,97541.760000,975.371737
0.000000,0.000000,0.000000,97533.500000,975.349032
0.000000,0.000000,0.000000,97533.500000,975.340360
0.000000,0.000000,0.000000,97541.760000,975.388097
0.000000,0.000000,0.000000,97537.630000,975.380806
0.000000,0.000000,0.000000,97537.630000,975.378021
0.000000,0.000000,0.000000,97529.360000,975.325846
0.000000,0.000000,0.000000,97529.360000,975.305917
0.000000,0.000000,0.000000,97537.630000,975.349416
0.000000,0.000000,0.000000,97525.230000,975.289395
0.000000,0.000000,0.000000,97545.900000,975.394217
0.000000,0.000000,0.000000,97537.630000,975.383144
0.000000,0.000000,0.000000,97537.630000,975.378914
0.000000,0.000000,0.000000,97541.760000,975.402823
0.000000,0.000000,0.000000,97537.630000,975.386431
0.000000,0.000000,0.000000,97537.630000,975.380170
0.000000,0.000000,0.000000,97533.500000,975.352253
0.000000,0.000000,0.000000,97537.630000,975.367115
0.000000,0.000000,0.000000,97533.500000,975.347267
0.000000,0.000000,0.000000,97529.360000,975.314099
0.000000,0.000000,0.000000,97533.500000,975.327016
0.000000,0.000000,0.000000,97541.760000,975.383000
0.000000,0.000000,0.000000,97533.500000,975.353334
0.000000,0.000000,0.000000,97537.630000,975.367528
0.000000,0.000000,0.000000,97545.900000,975.424061
0.000000,0.000000,0.000000,97537.630000,975.394543
0.000000,0.000000,0.000000,97533.500000,975.357743
0.000000,0.000000,0.000000,97529.360000,975.318101
0.000000,0.000000,0.000000,97537.630000,975.354070
0.000000,0.000000,0.000000,97529.360000,975.316697
0.000000,0.000000,0.000000,97537.630000,975.353534
0.000000,0.000000,0.000000,97537.630000,975.367604
0.000000,0.000000,0.000000,97533.500000,975.347454
0.000000,0.000000,0.000000,97529.360000,975.314170
0.000000,0.000000,0.000000,97537.630000,975.352569
0.000000,0.000000,0.000000,97537.630000,975.367235
0.000000,0.000000,0.000000,97537.630000,975.372838
0.000000,0.000000,0.000000,97541.760000,975.400502
0.000000,0.000000,0.000000,97541.760000,975.411069
0.000000,0.000000,0.000000,97533.500000,975.364056
0.000000,0.000000,0.000000,97537.630000,975.371623
0.000000,0.000000,0.000000,97529.360000,975.323402
0.000000,0.000000,0.000000,97537.630000,975.356095
0.000000,0.000000,0.000000,97521.100000,975.266421
0.000000,0.000000,0.000000,97537.630000,975.334330
0.000000,0.000000,0.000000,97537.630000,975.360269
0.000000,0.000000,0.000000,97533.500000,975.344652
0.000000,0.000000,0.000000,97541.760000,975.389736
0.000000,0.000000,0.000000,97537.630000,975.381432
0.000000,0.000000,0.000000,97533.500000,975.352736
0.000000,0.000000,0.000000,97525.230000,975.290663
0.000000,0.000000,0.000000,97537.630000,975.343590
0.000000,0.000000,0.000000,97525.230000,975.287170
0.000000,0.000000,0.000000,97541.760000,975.367780
0.000000,0.000000,0.000000,97533.500000,975.347521
0.000000,0.000000,0.000000,97537.630000,975.365307
0.000000,0.000000,0.000000,97537.630000,975.372101
0.000000,0.000000,0.000000,97537.630000,975.374696
0.000000,0.000000,0.000000,97537.630000,975.375687
0.000000,0.000000,0.000000,97533.500000,975.350541
0.000000,0.000000,0.000000,97529.360000,975.315350
0.000000,0.000000,0.000000,97537.630000,975.353019
0.000000,0.000000,0.000000,97533.500000,975.341883
0.000000,0.000000,0.000000,97537.630000,975.363154
0.000000,0.000000,0.000000,97545.900000,975.422390
0.000000,0.000000,0.000000,97529.360000,975.342793
0.000000,0.000000,0.000000,97529.360000,975.312390
0.000000,0.000000,0.000000,97537.630000,975.351889
0.000000,0.000000,0.000000,97533.500000,975.341451
0.000000,0.000000,0.000000,97533.500000,975.337464
0.000000,0.000000,0.000000,97537.630000,975.361466
0.000000,0.000000,0.000000,97533.500000,975.345109
0.000000,0.000000,0.000000,97537.630000,975.364386
0.000000,0.000000,0.000000,97537.630000,975.371749
0.000000,0.000000,0.000000,97537.630000,975.374562
0.000000,0.000000,0.000000,97537.630000,975.375636
0.000000,0.000000,0.000000,97533.500000,975.350522
0.000000,0.000000,0.000000,97541.760000,975.391978
0.000000,0.000000,0.000000,97533.500000,975.356764
0.000000,0.000000,0.000000,97537.630000,975.368838
0.000000,0.000000,0.000000,97533.500000,975.347925
0.000000,0.000000,0.000000,97541.760000,975.390986
0.000000,0.000000,0.000000,97541.760000,975.407435
0.000000,0.000000,0.000000,97533.500000,975.362668
0.000000,0.000000,0.000000,97537.630000,975.371093
0.000000,0.000000,0.000000,97537.630000,975.374311
0.000000,0.000000,0.000000,97533.500000,975.350015
0.000000,0.000000,0.000000,97541.760000,975.391785
0.000000,0.000000,0.000000,97541.760000,975.407740
0.000000,0.000000,0.000000,97533.500000,975.362784
0.000000,0.000000,0.000000,97541.760000,975.396662
0.000000,0.000000,0.000000,97541.760000,975.409602
0.000000,0.000000,0.000000,97533.500000,975.363496
0.000000,0.000000,0.000000,97537.630000,975.371409
0.000000,0.000000,0.000000,97537.630000,975.374432
0.000000,0.000000,0.000000,97541.760000,975.401111
0.000000,0.000000,0.000000,97529.360000,975.334666
0.000000,0.000000,0.000000,97537.630000,975.360397
0.000000,0.000000,0.000000,97537.630000,975.370226
0.000000,0.000000,0.000000,97533.500000,975.348455
0.000000,0.000000,0.000000,97541.760000,975.391189
0.000000,0.000000,0.000000,97541.760000,975.407512
0.000000,0.000000,0.000000,97537.630000,975.388222
0.000000,0.000000,0.000000,97545.900000,975.431965
0.000000,0.000000,0.000000,97545.900000,975.448674
0.000000,0.000000,0.000000,97521.100000,975.301783
0.000000,0.000000,0.000000,97541.760000,975.373362
0.000000,0.000000,0.000000,97537.630000,975.375178
0.000000,0.000000,0.000000,97545.900000,975.426983
0.000000,0.000000,0.000000,97537.630000,975.395659
0.000000,0.000000,0.000000,97537.630000,975.383695
0.000000,0.000000,0.000000,97537.630000,975.379124
0.000000,0.000000,0.000000,97529.360000,975.326267
0.000000,0.000000,0.000000,97541.760000,975.382714
0.000000,0.000000,0.000000,97545.900000,975.429861
0.000000,0.000000,0.000000,97537.630000,975.396759
0.000000,0.000000,0.000000,97533.500000,975.358590
0.000000,0.000000,0.000000,97537.630000,975.369535
0.000000,0.000000,0.000000,97537.630000,975.373716
0.000000,0.000000,0.000000,97529.360000,975.324202
0.000000,0.000000,0.000000,97529.360000,975.305289
0.000000,0.000000,0.000000,97525.230000,975.272540
0.000000,0.000000,0.000000,97525.230000,975.260031
0.000000,0.000000,0.000000,97545.900000,975.383001
0.000000,0.000000,0.000000,97529.360000,975.327748
0.000000,0.000000,0.000000,97537.630000,975.357755
0.000000,0.000000,0.000000,97545.900000,975.420328
0.000000,0.000000,0.000000,97533.500000,975.367592
0.000000,0.000000,0.000000,97541.760000,975.398499
0.000000,0.000000,0.000000,97533.500000,975.359254
0.000000,0.000000,0.000000,97533.500000,975.344264
0.000000,0.000000,0.000000,97529.360000,975.312952
0.000000,0.000000,0.000000,97529.360000,975.300992
0.000000,0.000000,0.000000,97541.760000,975.373060
0.000000,0.000000,0.000000,97541.760000,975.400587
0.000000,0.000000,0.000000,97537.630000,975.385577
0.000000,0.000000,0.000000,97545.900000,975.430955
0.000000,0.000000,0.000000,97537.630000,975.397176
0.000000,0.000000,0.000000,97537.630000,975.384274
0.000000,0.000000,0.000000,97533.500000,975.353821
0.000000,0.000000,0.000000,97537.630000,975.367714
0.000000,0.000000,0.000000,97533.500000,975.347496
0.000000,0.000000,0.000000,97537.630000,975.365298
0.000000,0.000000,0.000000,97537.630000,975.372097
0.000000,0.000000,0.000000,97537.630000,975.374695
0.000000,0.000000,0.000000,97533.500000,975.350162
0.000000,0.000000,0.000000,97541.760000,975.391841
0.000000,0.000000,0.000000,97537.630000,975.382236
0.000000,0.000000,0.000000,97533.500000,975.353043
0.000000,0.000000,0.000000,97533.500000,975.341892
0.000000,0.000000,0.000000,97533.500000,975.337632
0.000000,0.000000,0.000000,97533.500000,975.336005
0.000000,0.000000,0.000000,97545.900000,975.412020
0.000000,0.000000,0.000000,97545.900000,975.441055
0.000000,0.000000,0.000000,97533.500000,975.375510
0.000000,0.000000,0.000000,97537.630000,975.375998
0.000000,0.000000,0.000000,97537.630000,975.376185
0.000000,0.000000,0.000000,97541.760000,975.401781
0.000000,0.000000,0.000000,97541.760000,975.411558
0.000000,0.000000,0.000000,97545.900000,975.440879
0.000000,0.000000,0.000000,97541.760000,975.426492
0.000000,0.000000,0.000000,97537.630000,975.395471
0.000000,0.000000,0.000000,97537.630000,975.383623
0.000000,0.000000,0.000000,97537.630000,975.379097
0.000000,0.000000,0.000000,97537.630000,975.377368
0.000000,0.000000,0.000000,97533.500000,975.351183
0.000000,0.000000,0.000000,97521.100000,975.264545
0.000000,0.000000,0.000000,97541.760000,975.359138
0.000000,0.000000,0.000000,97545.900000,975.420856
0.000000,0.000000,0.000000,97545.900000,975.444430
0.000000,0.000000,0.000000,97533.500000,975.376799
0.000000,0.000000,0.000000,97545.900000,975.427602
0.000000,0.000000,0.000000,97541.760000,975.421420
0.000000,0.000000,0.000000,97533.500000,975.368010
0.000000,0.000000,0.000000,97537.630000,975.373133
0.000000,0.000000,0.000000,97537.630000,975.375090
0.000000,0.000000,0.000000,97541.760000,975.401363
0.000000,0.000000,0.000000,97537.630000,975.385873
0.000000,0.000000,0.000000,97541.760000,975.405481
0.000000,0.000000,0.000000,97541.760000,975.412971
0.000000,0.000000,0.000000,97533.500000,975.364782
0.000000,0.000000,0.000000,97541.760000,975.397425
0.000000,0.000000,0.000000,97541.760000,975.409894
0.000000,0.000000,0.000000,97541.760000,975.414657
0.000000,0.000000,0.000000,97537.630000,975.390951
0.000000,0.000000,0.000000,97537.630000,975.381896
0.000000,0.000000,0.000000,97545.900000,975.429549
0.000000,0.000000,0.000000,97537.630000,975.396639
0.000000,0.000000,0.000000,97537.630000,975.384069
0.000000,0.000000,0.000000,97545.900000,975.430379
0.000000,0.000000,0.000000,97541.760000,975.422481
0.000000,0.000000,0.000000,97537.630000,975.393940
0.000000,0.000000,0.000000,97537.630000,975.383038
0.000000,0.000000,0.000000,97541.760000,975.404398
0.000000,0.000000,0.000000,97537.630000,975.387033
0.000000,0.000000,0.000000,97537.630000,975.380399
0.000000,0.000000,0.000000,97537.630000,975.377866
0.000000,0.000000,0.000000,97545.900000,975.428010
0.000000,0.000000,0.000000,97537.630000,975.396051
0.000000,0.000000,0.000000,97545.900000,975.434956
0.000000,0.000000,0.000000,97537.630000,975.398704
0.000000,0.000000,0.000000,97541.760000,975.410383
0.000000,0.000000,0.000000,97529.360000,975.338207
0.000000,0.000000,0.000000,97537.630000,975.361750
0.000000,0.000000,0.000000,97541.760000,975.396267
0.000000,0.000000,0.000000,97545.900000,975.435038
0.000000,0.000000,0.000000,97537.630000,975.398736
0.000000,0.000000,0.000000,97541.760000,975.410395
0.000000,0.000000,0.000000,97545.900000,975.440434
0.000000,0.000000,0.000000,97545.900000,975.451909
0.000000,0.000000,0.000000,97545.900000,975.456291
0.000000,0.000000,0.000000,97537.630000,975.406854
0.000000,0.000000,0.000000,97533.500000,975.362446
0.000000,0.000000,0.000000,97545.900000,975.422120
0.000000,0.000000,0.000000,97545.900000,975.444913
0.000000,0.000000,0.000000,97545.900000,975.453619
0.000000,0.000000,0.000000,97541.760000,975.431358
0.000000,0.000000,0.000000,97537.630000,975.397330
0.000000,0.000000,0.000000,97541.760000,975.409858
0.000000,0.000000,0.000000,97537.630000,975.389118
0.000000,0.000000,0.000000,97537.630000,975.381196
0.000000,0.000000,0.000000,97533.500000,975.352645
0.000000,0.000000,0.000000,97537.630000,975.367265
0.000000,0.000000,0.000000,97537.630000,975.372849
0.000000,0.000000,0.000000,97545.900000,975.426093
0.000000,0.000000,0.000000,97533.500000,975.369794
0.000000,0.000000,0.000000,97545.900000,975.424927
0.000000,0.000000,0.000000,97545.900000,975.445985
0.000000,0.000000,0.000000,97541.760000,975.428442
0.000000,0.000000,0.000000,97537.630000,975.396217
0.000000,0.000000,0.000000,97545.900000,975.435019
0.000000,0.000000,0.000000,97545.900000,975.449840
0.000000,0.000000,0.000000,97545.900000,975.455501
0.000000,0.000000,0.000000,97545.900000,975.457664
0.000000,0.000000,0.000000,97537.630000,975.407378
0.000000,0.000000,0.000000,97537.630000,975.388171
0.000000,0.000000,0.000000,97537.630000,975.380834
0.000000,0.000000,0.000000,97537.630000,975.378032
0.000000,0.000000,0.000000,97550.030000,975.453598
0.000000,0.000000,0.000000,97545.900000,975.456937
0.000000,0.000000,0.000000,97541.760000,975.432625
0.000000,0.000000,0.000000,97545.900000,975.448926
0.000000,0.000000,0.000000,97537.630000,975.404041
0.000000,0.000000,0.000000,97545.900000,975.438007
0.000000,0.000000,0.000000,97537.630000,975.399870
0.000000,0.000000,0.000000,97545.900000,975.436414
0.000000,0.000000,0.000000,97550.030000,975.475898
0.000000,0.000000,0.000000,97537.630000,975.414343
0.000000,0.000000,0.000000,97537.630000,975.390831
0.000000,0.000000,0.000000,97533.500000,975.356326
0.000000,0.000000,0.000000,97533.500000,975.343146
0.000000,0.000000,0.000000,97554.160000,975.465797
0.000000,0.000000,0.000000,97537.630000,975.410485
0.000000,0.000000,0.000000,97545.900000,975.440469
0.000000,0.000000,0.000000,97541.760000,975.426335
0.000000,0.000000,0.000000,97541.760000,975.420937
0.000000,0.000000,0.000000,97550.030000,975.469986
0.000000,0.000000,0.000000,97541.760000,975.437610
0.000000,0.000000,0.000000,97537.630000,975.399718
0.000000,0.000000,0.000000,97545.900000,975.436356
0.000000,0.000000,0.000000,97537.630000,975.399239
0.000000,0.000000,0.000000,97541.760000,975.410587
0.000000,0.000000,0.000000,97537.630000,975.389396
0.000000,0.000000,0.000000,97545.900000,975.432414
0.000000,0.000000,0.000000,97545.900000,975.448845
0.000000,0.000000,0.000000,97545.900000,975.455121
0.000000,0.000000,0.000000,97545.900000,975.457518
0.000000,0.000000,0.000000,97537.630000,975.407323
0.000000,0.000000,0.000000,97545.900000,975.439261
0.000000,0.000000,0.000000,97541.760000,975.425874
0.000000,0.000000,0.000000,97537.630000,975.395235
0.000000,0.000000,0.000000,97545.900000,975.434644
0.000000,0.000000,0.000000,97541.760000,975.424110
0.000000,0.000000,0.000000,97541.760000,975.420087
0.000000,0.000000,0.000000,97541.760000,975.418550
0.000000,0.000000,0.000000,97541.760000,975.417963
0.000000,0.000000,0.000000,97537.630000,975.392214
0.000000,0.000000,0.000000,97537.630000,975.382379
0.000000,0.000000,0.000000,97537.630000,975.378622
0.000000,0.000000,0.000000,97529.360000,975.326075
0.000000,0.000000,0.000000,97545.900000,975.408227
0.000000,0.000000,0.000000,97533.500000,975.362970
0.000000,0.000000,0.000000,97545.900000,975.422320
0.000000,0.000000,0.000000,97545.900000,975.444989
0.000000,0.000000,0.000000,97537.630000,975.402537
0.000000,0.000000,0.000000,97545.900000,975.437433
0.000000,0.000000,0.000000,97537.630000,975.399651
0.000000,0.000000,0.000000,97541.760000,975.410744
0.000000,0.000000,0.000000,97537.630000,975.389456
0.000000,0.000000,0.000000,97545.900000,975.432437
0.000000,0.000000,0.000000,97537.630000,975.397742
0.000000,0.000000,0.000000,97545.900000,975.435602
0.000000,0.000000,0.000000,97541.760000,975.424476
0.000000,0.000000,0.000000,97545.900000,975.445813
0.000000,0.000000,0.000000,97550.030000,975.479488
0.000000,0.000000,0.000000,97545.900000,975.466826
0.000000,0.000000,0.000000,97545.900000,975.461989
0.000000,0.000000,0.000000,97550.030000,975.485667
0.000000,0.000000,0.000000,97545.900000,975.469186
0.000000,0.000000,0.000000,97541.760000,975.437304
0.000000,0.000000,0.000000,97550.030000,975.476238
0.000000,0.000000,0.000000,97541.760000,975.439998
0.000000,0.000000,0.000000,97541.760000,975.426155
0.000000,0.000000,0.000000,97545.900000,975.446454
0.000000,0.000000,0.000000,97545.900000,975.454208
0.000000,0.000000,0.000000,97545.900000,975.457170
0.000000,0.000000,0.000000,97545.900000,975.458301
0.000000,0.000000,0.000000,97537.630000,975.407622
0.000000,0.000000,0.000000,97550.030000,975.464900
0.000000,0.000000,0.000000,97545.900000,975.461254
0.000000,0.000000,0.000000,97537.630000,975.408749
0.000000,0.000000,0.000000,97545.900000,975.439806
0.000000,0.000000,0.000000,97537.630000,975.400557
0.000000,0.000000,0.000000,97529.360000,975.334454
0.000000,0.000000,0.000000,97554.160000,975.462477
0.000000,0.000000,0.000000,97541.760000,975.434742
0.000000,0.000000,0.000000,97545.900000,975.449734
0.000000,0.000000,0.000000,97537.630000,975.404349
0.000000,0.000000,0.000000,97545.900000,975.438125
0.000000,0.000000,0.000000,97550.030000,975.476551
0.000000,0.000000,0.000000,97545.900000,975.465704
0.000000,0.000000,0.000000,97545.900000,975.461561
0.000000,0.000000,0.000000,97545.900000,975.459978
0.000000,0.000000,0.000000,97537.630000,975.408262
0.000000,0.000000,0.000000,97537.630000,975.388508
0.000000,0.000000,0.000000,97545.900000,975.432075
0.000000,0.000000,0.000000,97537.630000,975.397604
0.000000,0.000000,0.000000,97554.160000,975.486598
0.000000,0.000000,0.000000,97537.630000,975.418430
0.000000,0.000000,0.000000,97537.630000,975.392392
0.000000,0.000000,0.000000,97545.900000,975.433558
0.000000,0.000000,0.000000,97550.030000,975.474807
0.000000,0.000000,0.000000,97533.500000,975.388401
0.000000,0.000000,0.000000,97545.900000,975.432034
0.000000,0.000000,0.000000,97545.900000,975.448700
0.000000,0.000000,0.000000,97537.630000,975.403954
0.000000,0.000000,0.000000,97541.760000,975.412388
0.000000,0.000000,0.000000,97537.630000,975.390084
0.000000,0.000000,0.000000,97545.900000,975.432677
0.000000,0.000000,0.000000,97545.900000,975.448945
0.000000,0.000000,0.000000,97545.900000,975.455159
0.000000,0.000000,0.000000,97545.900000,975.457533
0.000000,0.000000,0.000000,97545.900000,975.458440
0.000000,0.000000,0.000000,97550.030000,975.484311
0.000000,0.000000,0.000000,97537.630000,975.417556
0.000000,0.000000,0.000000,97541.760000,975.417583
0.000000,0.000000,0.000000,97533.500000,975.366544
0.000000,0.000000,0.000000,97545.900000,975.423685
0.000000,0.000000,0.000000,97545.900000,975.445511
0.000000,0.000000,0.000000,97541.760000,975.428261
0.000000,0.000000,0.000000,97545.900000,975.447259
0.000000,0.000000,0.000000,97545.900000,975.454515
0.000000,0.000000,0.000000,97554.160000,975.508337
0.000000,0.000000,0.000000,97537.630000,975.426733
0.000000,0.000000,0.000000,97545.900000,975.446675
0.000000,0.000000,0.000000,97533.500000,975.377656
0.000000,0.000000,0.000000,97545.900000,975.427929
0.000000,0.000000,0.000000,97541.760000,975.421545
0.000000,0.000000,0.000000,97545.900000,975.444694
0.000000,0.000000,0.000000,97541.760000,975.427949
0.000000,0.000000,0.000000,97541.760000,975.421553
0.000000,0.000000,0.000000,97545.900000,975.444696
0.000000,0.000000,0.000000,97537.630000,975.402425
0.000000,0.000000,0.000000,97541.760000,975.411804
0.000000,0.000000,0.000000,97550.030000,975.466497
0.000000,0.000000,0.000000,97550.030000,975.487389
0.000000,0.000000,0.000000,97537.630000,975.418732
0.000000,0.000000,0.000000,97545.900000,975.443619
0.000000,0.000000,0.000000,97541.760000,975.427538
0.000000,0.000000,0.000000,97545.900000,975.446983
0.000000,0.000000,0.000000,97541.760000,975.428823
0.000000,0.000000,0.000000,97541.760000,975.421887
0.000000,0.000000,0.000000,97554.160000,975.495874
0.000000,0.000000,0.000000,97541.760000,975.447498
0.000000,0.000000,0.000000,97550.030000,975.480131
0.000000,0.000000,0.000000,97554.160000,975.518121
0.000000,0.000000,0.000000,97537.630000,975.430471
0.000000,0.000000,0.000000,97545.900000,975.448103
0.000000,0.000000,0.000000,97550.030000,975.480362
0.000000,0.000000,0.000000,97545.900000,975.467160
0.000000,0.000000,0.000000,97541.760000,975.436530
0.000000,0.000000,0.000000,97541.760000,975.424831
0.000000,0.000000,0.000000,97545.900000,975.445948
0.000000,0.000000,0.000000,97545.900000,975.454015
0.000000,0.000000,0.000000,97554.160000,975.508145
0.000000,0.000000,0.000000,97545.900000,975.477772
0.000000,0.000000,0.000000,97550.030000,975.491695
0.000000,0.000000,0.000000,97550.030000,975.497013
0.000000,0.000000,0.000000,97554.160000,975.524569
0.000000,0.000000,0.000000,97550.030000,975.509570
0.000000,0.000000,0.000000,97537.630000,975.427205
0.000000,0.000000,0.000000,97545.900000,975.446855
0.000000,0.000000,0.000000,97554.160000,975.505411
0.000000,0.000000,0.000000,97545.900000,975.476727
0.000000,0.000000,0.000000,97550.030000,975.491296
0.000000,0.000000,0.000000,97545.900000,975.471336
0.000000,0.000000,0.000000,97550.030000,975.489237
0.000000,0.000000,0.000000,97545.900000,975.470549
0.000000,0.000000,0.000000,97537.630000,975.412300
0.000000,0.000000,0.000000,97545.900000,975.441162
0.000000,0.000000,0.000000,97550.030000,975.477711
0.000000,0.000000,0.000000,97550.030000,975.491672
0.000000,0.000000,0.000000,97545.900000,975.471480
0.000000,0.000000,0.000000,97537.630000,975.412655
0.000000,0.000000,0.000000,97545.900000,975.441298
0.000000,0.000000,0.000000,97554.160000,975.503288
0.000000,0.000000,0.000000,97545.900000,975.475917
0.000000,0.000000,0.000000,97554.160000,975.516511
0.000000,0.000000,0.000000,97541.760000,975.455381
0.000000,0.000000,0.000000,97554.160000,975.508667
0.000000,0.000000,0.000000,97545.900000,975.477971
0.000000,0.000000,0.000000,97541.760000,975.440660
0.000000,0.000000,0.000000,97554.160000,975.503044
0.000000,0.000000,0.000000,97545.900000,975.475823
0.000000,0.000000,0.000000,97537.630000,975.414315
0.000000,0.000000,0.000000,97541.760000,975.416345
0.000000,0.000000,0.000000,97537.630000,975.391596
0.000000,0.000000,0.000000,97545.900000,975.433254
0.000000,0.000000,0.000000,97554.160000,975.500215
0.000000,0.000000,0.000000,97545.900000,975.474743
0.000000,0.000000,0.000000,97541.760000,975.439427
0.000000,0.000000,0.000000,97545.900000,975.451524
0.000000,0.000000,0.000000,97545.900000,975.456144
0.000000,0.000000,0.000000,97554.160000,975.508959
0.000000,0.000000,0.000000,97545.900000,975.478083
0.000000,0.000000,0.000000,97550.030000,975.491814
0.000000,0.000000,0.000000,97545.900000,975.471534
0.000000,0.000000,0.000000,97541.760000,975.438201
0.000000,0.000000,0.000000,97554.160000,975.502105
0.000000,0.000000,0.000000,97545.900000,975.475465
0.000000,0.000000,0.000000,97545.900000,975.465289
0.000000,0.000000,0.000000,97541.760000,975.435816
0.000000,0.000000,0.000000,97550.030000,975.475669
0.000000,0.000000,0.000000,97541.760000,975.439780
0.000000,0.000000,0.000000,97554.160000,975.502708
0.000000,0.000000,0.000000,97545.900000,975.475695
0.000000,0.000000,0.000000,97545.900000,975.465377
0.000000,0.000000,0.000000,97550.030000,975.486961
0.000000,0.000000,0.000000,97545.900000,975.469680
0.000000,0.000000,0.000000,97550.030000,975.488604
0.000000,0.000000,0.000000,97550.030000,975.495833
0.000000,0.000000,0.000000,97537.630000,975.421957
0.000000,0.000000,0.000000,97545.900000,975.444851
0.000000,0.000000,0.000000,97550.030000,975.479120
0.000000,0.000000,0.000000,97550.030000,975.492210
0.000000,0.000000,0.000000,97550.030000,975.497210
0.000000,0.000000,0.000000,97550.030000,975.499120
0.000000,0.000000,0.000000,97545.900000,975.474324
0.000000,0.000000,0.000000,97550.030000,975.490378
0.000000,0.000000,0.000000,97558.300000,975.547622
0.000000,0.000000,0.000000,97545.900000,975.492850
0.000000,0.000000,0.000000,97545.900000,975.471930
0.000000,0.000000,0.000000,97558.300000,975.540575
0.000000,0.000000,0.000000,97550.030000,975.515684
0.000000,0.000000,0.000000,97545.900000,975.480651
0.000000,0.000000,0.000000,97550.030000,975.492795
0.000000,0.000000,0.000000,97554.160000,975.522958
0.000000,0.000000,0.000000,97541.760000,975.457843
0.000000,0.000000,0.000000,97537.630000,975.407447
0.000000,0.000000,0.000000,97541.760000,975.413722
0.000000,0.000000,0.000000,97554.160000,975.492755
0.000000,0.000000,0.000000,97554.160000,975.522943
0.000000,0.000000,0.000000,97545.900000,975.483424
0.000000,0.000000,0.000000,97554.160000,975.519379
0.000000,0.000000,0.000000,97545.900000,975.482063
0.000000,0.000000,0.000000,97550.030000,975.493334
0.000000,0.000000,0.000000,97545.900000,975.472114
0.000000,0.000000,0.000000,97550.030000,975.489534
0.000000,0.000000,0.000000,97541.760000,975.445076
0.000000,0.000000,0.000000,97541.760000,975.428095
0.000000,0.000000,0.000000,97541.760000,975.421609
0.000000,0.000000,0.000000,97550.030000,975.470243
0.000000,0.000000,0.000000,97537.630000,975.412183
0.000000,0.000000,0.000000,97545.900000,975.441117
0.000000,0.000000,0.000000,97545.900000,975.452169
0.000000,0.000000,0.000000,97545.900000,975.456391
0.000000,0.000000,0.000000,97545.900000,975.458003
0.000000,0.000000,0.000000,97545.900000,975.458619
0.000000,0.000000,0.000000,97545.900000,975.458855
0.000000,0.000000,0.000000,97550.030000,975.484469
0.000000,0.000000,0.000000,97550.030000,975.494253
0.000000,0.000000,0.000000,97545.900000,975.472466
0.000000,0.000000,0.000000,97554.160000,975.515193
0.000000,0.000000,0.000000,97554.160000,975.531513
0.000000,0.000000,0.000000,97545.900000,975.486698
0.000000,0.000000,0.000000,97545.900000,975.469580
0.000000,0.000000,0.000000,97545.900000,975.463041
0.000000,0.000000,0.000000,97541.760000,975.434957
0.000000,0.000000,0.000000,97550.030000,975.475341
0.000000,0.000000,0.000000,97545.900000,975.465242
0.000000,0.000000,0.000000,97550.030000,975.486909
0.000000,0.000000,0.000000,97554.160000,975.520710
0.000000,0.000000,0.000000,97545.900000,975.482571
0.000000,0.000000,0.000000,97554.160000,975.519053
0.000000,0.000000,0.000000,97550.030000,975.507463
0.000000,0.000000,0.000000,97545.900000,975.477511
0.000000,0.000000,0.000000,97537.630000,975.414959
0.000000,0.000000,0.000000,97545.900000,975.442178
0.000000,0.000000,0.000000,97541.760000,975.426988
0.000000,0.000000,0.000000,97554.160000,975.497822
0.000000,0.000000,0.000000,97554.160000,975.524878
0.000000,0.000000,0.000000,97545.900000,975.484163
0.000000,0.000000,0.000000,97550.030000,975.494136
0.000000,0.000000,0.000000,97545.900000,975.472421
0.000000,0.000000,0.000000,97550.030000,975.489651
0.000000,0.000000,0.000000,97550.030000,975.496232
0.000000,0.000000,0.000000,97545.900000,975.473222
0.000000,0.000000,0.000000,97550.030000,975.489957
0.000000,0.000000,0.000000,97554.160000,975.521874
0.000000,0.000000,0.000000,97550.030000,975.508541
0.000000,0.000000,0.000000,97545.900000,975.477923
0.000000,0.000000,0.000000,97545.900000,975.466228
0.000000,0.000000,0.000000,97545.900000,975.461761
0.000000,0.000000,0.000000,97550.030000,975.485579
0.000000,0.000000,0.000000,97554.160000,975.520202
0.000000,0.000000,0.000000,97545.900000,975.482377
0.000000,0.000000,0.000000,97541.760000,975.442343
0.000000,0.000000,0.000000,97541.760000,975.427051
0.000000,0.000000,0.000000,97541.760000,975.421210
0.000000,0.000000,0.000000,97545.900000,975.444565
0.000000,0.000000,0.000000,97545.900000,975.453486
0.000000,0.000000,0.000000,97550.030000,975.482419
0.000000,0.000000,0.000000,97554.160000,975.518995
0.000000,0.000000,0.000000,97554.160000,975.532966
0.000000,0.000000,0.000000,97545.900000,975.487252
0.000000,0.000000,0.000000,97545.900000,975.469791
0.000000,0.000000,0.000000,97554.160000,975.514172
0.000000,0.000000,0.000000,97541.760000,975.454487
0.000000,0.000000,0.000000,97545.900000,975.457276
0.000000,0.000000,0.000000,97545.900000,975.458342
0.000000,0.000000,0.000000,97545.900000,975.458749
0.000000,0.000000,0.000000,97550.030000,975.484429
0.000000,0.000000,0.000000,97554.160000,975.519763
0.000000,0.000000,0.000000,97545.900000,975.482209
0.000000,0.000000,0.000000,97550.030000,975.493390
0.000000,0.000000,0.000000,97554.160000,975.523185
0.000000,0.000000,0.000000,97541.760000,975.457930
0.000000,0.000000,0.000000,97545.900000,975.458591
0.000000,0.000000,0.000000,97554.160000,975.509894
0.000000,0.000000,0.000000,97550.030000,975.503964
0.000000,0.000000,0.000000,97554.160000,975.527224
0.000000,0.000000,0.000000,97554.160000,975.536109
0.000000,0.000000,0.000000,97545.900000,975.488453
0.000000,0.000000,0.000000,97545.900000,975.470250
0.000000,0.000000,0.000000,97545.900000,975.463297
0.000000,0.000000,0.000000,97554.160000,975.511691
0.000000,0.000000,0.000000,97545.900000,975.479126
0.000000,0.000000,0.000000,97554.160000,975.517737
0.000000,0.000000,0.000000,97550.030000,975.506960
0.000000,0.000000,0.000000,97550.030000,975.502844
0.000000,0.000000,0.000000,97558.300000,975.552383
0.000000,0.000000,0.000000,97541.760000,975.469083
0.000000,0.000000,0.000000,97554.160000,975.513901
0.000000,0.000000,0.000000,97550.030000,975.505495
0.000000,0.000000,0.000000,97554.160000,975.527809
0.000000,0.000000,0.000000,97550.030000,975.510808
0.000000,0.000000,0.000000,97562.430000,975.580950
0.000000,0.000000,0.000000,97545.900000,975.505581
0.000000,0.000000,0.000000,97550.030000,975.502317
0.000000,0.000000,0.000000,97550.030000,975.501070
0.000000,0.000000,0.000000,97550.030000,975.500594
0.000000,0.000000,0.000000,97550.030000,975.500412
0.000000,0.000000,0.000000,97550.030000,975.500343
0.000000,0.000000,0.000000,97550.030000,975.500316
0.000000,0.000000,0.000000,97541.760000,975.449195
0.000000,0.000000,0.000000,97554.160000,975.506304
0.000000,0.000000,0.000000,97550.030000,975.502593
0.000000,0.000000,0.000000,97545.900000,975.475651
0.000000,0.000000,0.000000,97550.030000,975.490885
0.000000,0.000000,0.000000,97554.160000,975.522229
0.000000,0.000000,0.000000,97545.900000,975.483151
0.000000,0.000000,0.000000,97554.160000,975.519275
0.000000,0.000000,0.000000,97554.160000,975.533072
0.000000,0.000000,0.000000,97545.900000,975.487293
0.000000,0.000000,0.000000,97554.160000,975.520857
0.000000,0.000000,0.000000,97550.030000,975.508152
0.000000,0.000000,0.000000,97558.300000,975.554411
0.000000,0.000000,0.000000,97545.900000,975.495444
0.000000,0.000000,0.000000,97554.160000,975.523970
0.000000,0.000000,0.000000,97554.160000,975.534866
0.000000,0.000000,0.000000,97554.160000,975.539028
0.000000,0.000000,0.000000,97550.030000,975.515093
0.000000,0.000000,0.000000,97550.030000,975.505950
0.000000,0.000000,0.000000,97550.030000,975.502458
0.000000,0.000000,0.000000,97550.030000,975.501124
0.000000,0.000000,0.000000,97554.160000,975.526140
0.000000,0.000000,0.000000,97554.160000,975.535695
0.000000,0.000000,0.000000,97554.160000,975.539344
0.000000,0.000000,0.000000,97550.030000,975.515214
0.000000,0.000000,0.000000,97550.030000,975.505996
0.000000,0.000000,0.000000,97554.160000,975.528001
0.000000,0.000000,0.000000,97554.160000,975.536406
0.000000,0.000000,0.000000,97550.030000,975.514091
0.000000,0.000000,0.000000,97554.160000,975.531093
0.000000,0.000000,0.000000,97554.160000,975.537587
0.000000,0.000000,0.000000,97545.900000,975.489017
0.000000,0.000000,0.000000,97541.760000,975.444879
0.000000,0.000000,0.000000,97554.160000,975.504656
0.000000,0.000000,0.000000,97550.030000,975.501964
0.000000,0.000000,0.000000,97541.760000,975.449824
0.000000,0.000000,0.000000,97550.030000,975.481020
0.000000,0.000000,0.000000,97550.030000,975.492936
0.000000,0.000000,0.000000,97550.030000,975.497487
0.000000,0.000000,0.000000,97558.300000,975.550337
0.000000,0.000000,0.000000,97545.900000,975.493888
0.000000,0.000000,0.000000,97554.160000,975.523375
0.000000,0.000000,0.000000,97550.030000,975.509114
0.000000,0.000000,0.000000,97562.430000,975.580303
0.000000,0.000000,0.000000,97554.160000,975.556383
0.000000,0.000000,0.000000,97554.160000,975.547247
0.000000,0.000000,0.000000,97554.160000,975.543757
0.000000,0.000000,0.000000,97541.760000,975.465788
0.000000,0.000000,0.000000,97566.570000,975.589340
0.000000,0.000000,0.000000,97550.030000,975.534310
0.000000,0.000000,0.000000,97550.030000,975.513291
0.000000,0.000000,0.000000,97562.430000,975.581898
0.000000,0.000000,0.000000,97554.160000,975.556993
0.000000,0.000000,0.000000,97554.160000,975.547479
0.000000,0.000000,0.000000,97550.030000,975.518321
0.000000,0.000000,0.000000,97558.300000,975.558295
0.000000,0.000000,0.000000,97545.900000,975.496927
0.000000,0.000000,0.000000,97554.160000,975.524537
0.000000,0.000000,0.000000,97550.030000,975.509558
0.000000,0.000000,0.000000,97554.160000,975.529361
0.000000,0.000000,0.000000,97554.160000,975.536925
0.000000,0.000000,0.000000,97558.300000,975.565401
0.000000,0.000000,0.000000,97541.760000,975.474055
0.000000,0.000000,0.000000,97554.160000,975.515800
0.000000,0.000000,0.000000,97550.030000,975.506221
0.000000,0.000000,0.000000,97550.030000,975.502561
0.000000,0.000000,0.000000,97554.160000,975.526689
0.000000,0.000000,0.000000,97550.030000,975.510380
0.000000,0.000000,0.000000,97554.160000,975.529675
0.000000,0.000000,0.000000,97554.160000,975.537045
0.000000,0.000000,0.000000,97550.030000,975.514335
0.000000,0.000000,0.000000,97558.300000,975.556772
0.000000,0.000000,0.000000,97558.300000,975.572982
0.000000,0.000000,0.000000,97545.900000,975.502537
0.000000,0.000000,0.000000,97554.160000,975.526679
0.000000,0.000000,0.000000,97545.900000,975.484851
0.000000,0.000000,0.000000,97545.900000,975.468874
0.000000,0.000000,0.000000,97550.030000,975.488296
0.000000,0.000000,0.000000,97554.160000,975.521240
0.000000,0.000000,0.000000,97550.030000,975.508298
0.000000,0.000000,0.000000,97562.430000,975.579991
0.000000,0.000000,0.000000,97550.030000,975.530739
0.000000,0.000000,0.000000,97554.160000,975.537452
0.000000,0.000000,0.000000,97554.160000,975.540015
0.000000,0.000000,0.000000,97554.160000,975.540995
0.000000,0.000000,0.000000,97554.160000,975.541369
0.000000,0.000000,0.000000,97550.030000,975.515987
0.000000,0.000000,0.000000,97554.160000,975.531817
0.000000,0.000000,0.000000,97554.160000,975.537863
0.000000,0.000000,0.000000,97554.160000,975.540173
0.000000,0.000000,0.000000,97558.300000,975.566641
0.000000,0.000000,0.000000,97554.160000,975.551165
0.000000,0.000000,0.000000,97554.160000,975.545253
0.000000,0.000000,0.000000,97554.160000,975.542996
0.000000,0.000000,0.000000,97550.030000,975.516608
0.000000,0.000000,0.000000,97554.160000,975.532054
0.000000,0.000000,0.000000,97550.030000,975.512429
0.000000,0.000000,0.000000,97550.030000,975.504933
0.000000,0.000000,0.000000,97554.160000,975.527594
0.000000,0.000000,0.000000,97550.030000,975.510726
0.000000,0.000000,0.000000,97554.160000,975.529807
0.000000,0.000000,0.000000,97554.160000,975.537095
0.000000,0.000000,0.000000,97550.030000,975.514355
0.000000,0.000000,0.000000,97558.300000,975.556780
0.000000,0.000000,0.000000,97558.300000,975.572985
0.000000,0.000000,0.000000,97558.300000,975.579175
0.000000,0.000000,0.000000,97562.430000,975.607064
0.000000,0.000000,0.000000,97545.900000,975.515555
0.000000,0.000000,0.000000,97554.160000,975.531652
0.000000,0.000000,0.000000,97550.030000,975.512275
0.000000,0.000000,0.000000,97550.030000,975.504874
0.000000,0.000000,0.000000,97554.160000,975.527572
0.000000,0.000000,0.000000,97558.300000,975.561828
0.000000,0.000000,0.000000,97562.430000,975.600438
0.000000,0.000000,0.000000,97545.900000,975.513024
0.000000,0.000000,0.000000,97550.030000,975.505160
0.000000,0.000000,0.000000,97554.160000,975.527681
0.000000,0.000000,0.000000,97545.900000,975.485234
0.000000,0.000000,0.000000,97545.900000,975.469020
0.000000,0.000000,0.000000,97554.160000,975.513877
0.000000,0.000000,0.000000,97550.030000,975.505486
0.000000,0.000000,0.000000,97562.430000,975.578917
0.000000,0.000000,0.000000,97550.030000,975.530329
0.000000,0.000000,0.000000,97558.300000,975.562881
0.000000,0.000000,0.000000,97558.300000,975.575315
0.000000,0.000000,0.000000,97562.430000,975.605590
0.000000,0.000000,0.000000,97554.160000,975.566042
0.000000,0.000000,0.000000,97550.030000,975.525411
0.000000,0.000000,0.000000,97558.300000,975.561003
0.000000,0.000000,0.000000,97558.300000,975.574598
0.000000,0.000000,0.000000,97554.160000,975.554204
0.000000,0.000000,0.000000,97554.160000,975.546414
0.000000,0.000000,0.000000,97554.160000,975.543439
0.000000,0.000000,0.000000,97545.900000,975.491253
0.000000,0.000000,0.000000,97562.430000,975.573480
0.000000,0.000000,0.000000,97554.160000,975.553777
0.000000,0.000000,0.000000,97554.160000,975.546251
0.000000,0.000000,0.000000,97554.160000,975.543377
0.000000,0.000000,0.000000,97554.160000,975.542279
0.000000,0.000000,0.000000,97554.160000,975.541859
0.000000,0.000000,0.000000,97554.160000,975.541699
0.000000,0.000000,0.000000,97554.160000,975.541638
0.000000,0.000000,0.000000,97562.430000,975.592726
0.000000,0.000000,0.000000,97550.030000,975.535604
0.000000,0.000000,0.000000,97554.160000,975.539310
0.000000,0.000000,0.000000,97562.430000,975.591837
0.000000,0.000000,0.000000,97554.160000,975.560789
0.000000,0.000000,0.000000,97554.160000,975.548929
0.000000,0.000000,0.000000,97558.300000,975.569986
0.000000,0.000000,0.000000,97554.160000,975.552443
0.000000,0.000000,0.000000,97554.160000,975.545741
0.000000,0.000000,0.000000,97545.900000,975.492132
0.000000,0.000000,0.000000,97550.030000,975.497180
0.000000,0.000000,0.000000,97541.760000,975.447997
0.000000,0.000000,0.000000,97545.900000,975.454797
0.000000,0.000000,0.000000,97554.160000,975.508444
0.000000,0.000000,0.000000,97554.160000,975.528936
0.000000,0.000000,0.000000,97554.160000,975.536763
0.000000,0.000000,0.000000,97554.160000,975.539752
0.000000,0.000000,0.000000,97554.160000,975.540894
0.000000,0.000000,0.000000,97558.300000,975.566917
0.000000,0.000000,0.000000,97554.160000,975.551270
0.000000,0.000000,0.000000,97554.160000,975.545294
0.000000,0.000000,0.000000,97545.900000,975.491961
0.000000,0.000000,0.000000,97558.300000,975.548226
0.000000,0.000000,0.000000,97558.300000,975.569718
0.000000,0.000000,0.000000,97554.160000,975.552340
0.000000,0.000000,0.000000,97550.030000,975.520178
0.000000,0.000000,0.000000,97550.030000,975.507893
0.000000,0.000000,0.000000,97554.160000,975.528725
0.000000,0.000000,0.000000,97554.160000,975.536682
0.000000,0.000000,0.000000,97554.160000,975.539722
0.000000,0.000000,0.000000,97554.160000,975.540882
0.000000,0.000000,0.000000,97550.030000,975.515801
0.000000,0.000000,0.000000,97558.300000,975.557332
0.000000,0.000000,0.000000,97545.900000,975.496560
0.000000,0.000000,0.000000,97545.900000,975.473346
0.000000,0.000000,0.000000,97558.300000,975.541116
0.000000,0.000000,0.000000,97545.900000,975.490366
0.000000,0.000000,0.000000,97545.900000,975.470981
0.000000,0.000000,0.000000,97562.430000,975.565737
0.000000,0.000000,0.000000,97554.160000,975.550820
0.000000,0.000000,0.000000,97558.300000,975.570708
0.000000,0.000000,0.000000,97558.300000,975.578305
0.000000,0.000000,0.000000,97550.030000,975.530095
0.000000,0.000000,0.000000,97554.160000,975.537206
0.000000,0.000000,0.000000,97554.160000,975.539921
0.000000,0.000000,0.000000,97554.160000,975.540959
0.000000,0.000000,0.000000,97554.160000,975.541355
0.000000,0.000000,0.000000,97554.160000,975.541506
0.000000,0.000000,0.000000,97554.160000,975.541564
0.000000,0.000000,0.000000,97562.430000,975.592698
0.000000,0.000000,0.000000,97550.030000,975.535593
0.000000,0.000000,0.000000,97550.030000,975.513781
0.000000,0.000000,0.000000,97554.160000,975.530974
0.000000,0.000000,0.000000,97554.160000,975.537541
0.000000,0.000000,0.000000,97558.300000,975.565636
0.000000,0.000000,0.000000,97558.300000,975.576368
0.000000,0.000000,0.000000,97554.160000,975.554880
0.000000,0.000000,0.000000,97554.160000,975.546673
0.000000,0.000000,0.000000,97550.030000,975.518013
0.000000,0.000000,0.000000,97562.430000,975.583702
0.000000,0.000000,0.000000,97558.300000,975.583268
0.000000,0.000000,0.000000,97554.160000,975.557516
0.000000,0.000000,0.000000,97554.160000,975.547679
0.000000,0.000000,0.000000,97558.300000,975.569509
0.000000,0.000000,0.000000,97550.030000,975.526735
0.000000,0.000000,0.000000,97558.300000,975.561509
0.000000,0.000000,0.000000,97554.160000,975.549204
0.000000,0.000000,0.000000,97558.300000,975.570091
0.000000,0.000000,0.000000,97554.160000,975.552483
0.000000,0.000000,0.000000,97558.300000,975.571343
0.000000,0.000000,0.000000,97554.160000,975.552961
0.000000,0.000000,0.000000,97554.160000,975.545940
0.000000,0.000000,0.000000,97550.030000,975.517733
0.000000,0.000000,0.000000,97562.430000,975.583595
0.000000,0.000000,0.000000,97550.030000,975.532116
0.000000,0.000000,0.000000,97545.900000,975.486928
0.000000,0.000000,0.000000,97558.300000,975.546304
0.000000,0.000000,0.000000,97550.030000,975.517872
0.000000,0.000000,0.000000,97550.030000,975.507012
0.000000,0.000000,0.000000,97558.300000,975.553975
0.000000,0.000000,0.000000,97554.160000,975.546327
0.000000,0.000000,0.000000,97562.430000,975.594517
0.000000,0.000000,0.000000,97558.300000,975.587399
0.000000,0.000000,0.000000,97562.430000,975.610205
0.000000,0.000000,0.000000,97550.030000,975.542280
0.000000,0.000000,0.000000,97558.300000,975.567446
0.000000,0.000000,0.000000,97550.030000,975.525948
0.000000,0.000000,0.000000,97550.030000,975.510097
0.000000,0.000000,0.000000,97554.160000,975.529567
0.000000,0.000000,0.000000,97554.160000,975.537004
0.000000,0.000000,0.000000,97562.430000,975.590956
0.000000,0.000000,0.000000,97554.160000,975.560452
0.000000,0.000000,0.000000,97554.160000,975.548801
0.000000,0.000000,0.000000,97558.300000,975.569937
0.000000,0.000000,0.000000,97570.700000,975.654647
0.000000,0.000000,0.000000,97558.300000,975.610367
0.000000,0.000000,0.000000,97554.160000,975.567866
0.000000,0.000000,0.000000,97554.160000,975.551633
0.000000,0.000000,0.000000,97554.160000,975.545432
0.000000,0.000000,0.000000,97562.430000,975.594175
0.000000,0.000000,0.000000,97562.430000,975.612793
0.000000,0.000000,0.000000,97554.160000,975.568793
0.000000,0.000000,0.000000,97558.300000,975.577574
0.000000,0.000000,0.000000,97566.570000,975.632039
0.000000,0.000000,0.000000,97554.160000,975.576145
0.000000,0.000000,0.000000,97562.430000,975.605906
0.000000,0.000000,0.000000,97545.900000,975.515113
0.000000,0.000000,0.000000,97550.030000,975.505958
0.000000,0.000000,0.000000,97562.430000,975.579097
0.000000,0.000000,0.000000,97562.430000,975.607034
0.000000,0.000000,0.000000,97554.160000,975.566594
0.000000,0.000000,0.000000,97554.160000,975.551147
0.000000,0.000000,0.000000,97554.160000,975.545247
0.000000,0.000000,0.000000,97566.570000,975.619691
0.000000,0.000000,0.000000,97554.160000,975.571428
0.000000,0.000000,0.000000,97558.300000,975.578580
0.000000,0.000000,0.000000,97554.160000,975.555725
0.000000,0.000000,0.000000,97562.430000,975.598107
0.000000,0.000000,0.000000,97558.300000,975.588770
0.000000,0.000000,0.000000,97554.160000,975.559617
0.000000,0.000000,0.000000,97554.160000,975.548482
0.000000,0.000000,0.000000,97550.030000,975.518704
0.000000,0.000000,0.000000,97562.430000,975.583966
0.000000,0.000000,0.000000,97554.160000,975.557782
0.000000,0.000000,0.000000,97554.160000,975.547781
0.000000,0.000000,0.000000,97562.430000,975.595072
0.000000,0.000000,0.000000,97562.430000,975.613136
0.000000,0.000000,0.000000,97562.430000,975.620036
0.000000,0.000000,0.000000,97558.300000,975.597146
0.000000,0.000000,0.000000,97558.300000,975.588403
0.000000,0.000000,0.000000,97554.160000,975.559477
0.000000,0.000000,0.000000,97566.570000,975.625127
0.000000,0.000000,0.000000,97554.160000,975.573504
0.000000,0.000000,0.000000,97558.300000,975.579373
0.000000,0.000000,0.000000,97550.030000,975.530503
0.000000,0.000000,0.000000,97554.160000,975.537361
0.000000,0.000000,0.000000,97562.430000,975.591092
0.000000,0.000000,0.000000,97562.430000,975.611616
0.000000,0.000000,0.000000,97562.430000,975.619455
0.000000,0.000000,0.000000,97554.160000,975.571338
0.000000,0.000000,0.000000,97562.430000,975.604070
0.000000,0.000000,0.000000,97558.300000,975.591048
0.000000,0.000000,0.000000,97558.300000,975.586074
0.000000,0.000000,0.000000,97562.430000,975.609699
0.000000,0.000000,0.000000,97562.430000,975.618723
0.000000,0.000000,0.000000,97558.300000,975.596645
0.000000,0.000000,0.000000,97550.030000,975.537100
0.000000,0.000000,0.000000,97554.160000,975.539881
0.000000,0.000000,0.000000,97554.160000,975.540944
0.000000,0.000000,0.000000,97562.430000,975.592461
0.000000,0.000000,0.000000,97554.160000,975.561027
0.000000,0.000000,0.000000,97562.430000,975.600132
0.000000,0.000000,0.000000,97554.160000,975.563957
0.000000,0.000000,0.000000,97558.300000,975.575726
0.000000,0.000000,0.000000,97562.430000,975.605746
0.000000,0.000000,0.000000,97558.300000,975.591688
0.000000,0.000000,0.000000,97562.430000,975.611843
0.000000,0.000000,0.000000,97558.300000,975.594017
0.000000,0.000000,0.000000,97550.030000,975.536097
0.000000,0.000000,0.000000,97554.160000,975.539498
0.000000,0.000000,0.000000,97550.030000,975.515272
0.000000,0.000000,0.000000,97562.430000,975.582655
0.000000,0.000000,0.000000,97554.160000,975.557282
0.000000,0.000000,0.000000,97558.300000,975.573176
0.000000,0.000000,0.000000,97562.430000,975.604773
0.000000,0.000000,0.000000,97558.300000,975.591316
0.000000,0.000000,0.000000,97562.430000,975.611701
0.000000,0.000000,0.000000,97554.160000,975.568376
0.000000,0.000000,0.000000,97554.160000,975.551828
0.000000,0.000000,0.000000,97550.030000,975.519982
0.000000,0.000000,0.000000,97558.300000,975.558929
0.000000,0.000000,0.000000,97545.900000,975.497170
0.000000,0.000000,0.000000,97558.300000,975.550216
0.000000,0.000000,0.000000,97558.300000,975.570478
0.000000,0.000000,0.000000,97562.430000,975.603742
0.000000,0.000000,0.000000,97554.160000,975.565336
0.000000,0.000000,0.000000,97554.160000,975.550666
0.000000,0.000000,0.000000,97558.300000,975.570650
0.000000,0.000000,0.000000,97562.430000,975.603807
0.000000,0.000000,0.000000,97562.430000,975.616473
0.000000,0.000000,0.000000,97558.300000,975.595785
0.000000,0.000000,0.000000,97554.160000,975.562297
0.000000,0.000000,0.000000,97562.430000,975.600617
0.000000,0.000000,0.000000,97570.700000,975.666365
0.000000,0.000000,0.000000,97558.300000,975.614843
0.000000,0.000000,0.000000,97558.300000,975.595163
0.000000,0.000000,0.000000,97554.160000,975.562059
0.000000,0.000000,0.000000,97558.300000,975.575001
0.000000,0.000000,0.000000,97554.160000,975.554358
0.000000,0.000000,0.000000,97558.300000,975.572060
0.000000,0.000000,0.000000,97554.160000,975.553235
0.000000,0.000000,0.000000,97562.430000,975.597155
0.000000,0.000000,0.000000,97550.030000,975.537295
0.000000,0.000000,0.000000,97562.430000,975.591067
0.000000,0.000000,0.000000,97562.430000,975.611606
0.000000,0.000000,0.000000,97558.300000,975.593927
0.000000,0.000000,0.000000,97570.700000,975.663810
0.000000,0.000000,0.000000,97550.030000,975.562755
0.000000,0.000000,0.000000,97562.430000,975.600792
0.000000,0.000000,0.000000,97554.160000,975.564209
0.000000,0.000000,0.000000,97566.570000,975.626934
0.000000,0.000000,0.000000,97558.300000,975.599781
0.000000,0.000000,0.000000,97554.160000,975.563823
0.000000,0.000000,0.000000,97554.160000,975.550089
0.000000,0.000000,0.000000,97562.430000,975.595954
0.000000,0.000000,0.000000,97554.160000,975.562361
0.000000,0.000000,0.000000,97562.430000,975.600642
0.000000,0.000000,0.000000,97562.430000,975.615263
0.000000,0.000000,0.000000,97554.160000,975.569737
0.000000,0.000000,0.000000,97562.430000,975.603459
0.000000,0.000000,0.000000,97562.430000,975.616339
0.000000,0.000000,0.000000,97558.300000,975.595734
0.000000,0.000000,0.000000,97562.430000,975.613389
0.000000,0.000000,0.000000,97558.300000,975.594608
0.000000,0.000000,0.000000,97562.430000,975.612958
0.000000,0.000000,0.000000,97562.430000,975.619968
0.000000,0.000000,0.000000,97558.300000,975.597120
0.000000,0.000000,0.000000,97562.430000,975.613918
0.000000,0.000000,0.000000,97562.430000,975.620335
0.000000,0.000000,0.000000,97554.160000,975.571674
0.000000,0.000000,0.000000,97562.430000,975.604199
0.000000,0.000000,0.000000,97545.900000,975.514461
0.000000,0.000000,0.000000,97554.160000,975.531234
0.000000,0.000000,0.000000,97558.300000,975.563227
0.000000,0.000000,0.000000,97554.160000,975.549861
0.000000,0.000000,0.000000,97558.300000,975.570342
0.000000,0.000000,0.000000,97562.430000,975.603690
0.000000,0.000000,0.000000,97558.300000,975.590903
0.000000,0.000000,0.000000,97554.160000,975.560432
0.000000,0.000000,0.000000,97558.300000,975.574380
0.000000,0.000000,0.000000,97570.700000,975.656344
0.000000,0.000000,0.000000,97558.300000,975.611015
0.000000,0.000000,0.000000,97562.430000,975.619225
0.000000,0.000000,0.000000,97554.160000,975.571250
0.000000,0.000000,0.000000,97558.300000,975.578512
0.000000,0.000000,0.000000,97562.430000,975.606811
0.000000,0.000000,0.000000,97554.160000,975.566508
0.000000,0.000000,0.000000,97562.430000,975.602226
0.000000,0.000000,0.000000,97562.430000,975.615868
0.000000,0.000000,0.000000,97554.160000,975.569968
0.000000,0.000000,0.000000,97554.160000,975.552436
0.000000,0.000000,0.000000,97554.160000,975.545739
0.000000,0.000000,0.000000,97570.700000,975.645404
0.000000,0.000000,0.000000,97562.430000,975.632361
0.000000,0.000000,0.000000,97562.430000,975.627379
0.000000,0.000000,0.000000,97554.160000,975.574365
0.000000,0.000000,0.000000,97562.430000,975.605226
0.000000,0.000000,0.000000,97566.570000,975.642601
0.000000,0.000000,0.000000,97554.160000,975.580179
0.000000,0.000000,0.000000,97558.300000,975.581922
0.000000,0.000000,0.000000,97562.430000,975.608113
0.000000,0.000000,0.000000,97554.160000,975.567006
0.000000,0.000000,0.000000,97558.300000,975.576891
0.000000,0.000000,0.000000,97558.300000,975.580666
0.000000,0.000000,0.000000,97562.430000,975.607633
0.000000,0.000000,0.000000,97554.160000,975.566823
0.000000,0.000000,0.000000,97558.300000,975.576821
0.000000,0.000000,0.000000,97558.300000,975.580640
0.000000,0.000000,0.000000,97558.300000,975.582098
0.000000,0.000000,0.000000,97562.430000,975.608180
0.000000,0.000000,0.000000,97554.160000,975.567031
0.000000,0.000000,0.000000,97558.300000,975.576901
0.000000,0.000000,0.000000,97562.430000,975.606195
0.000000,0.000000,0.000000,97562.430000,975.617385
0.000000,0.000000,0.000000,97550.030000,975.545022
0.000000,0.000000,0.000000,97562.430000,975.594019
0.000000,0.000000,0.000000,97570.700000,975.663845
0.000000,0.000000,0.000000,97566.570000,975.664991
0.000000,0.000000,0.000000,97570.700000,975.690954
0.000000,0.000000,0.000000,97558.300000,975.624235
0.000000,0.000000,0.000000,97562.430000,975.624275
0.000000,0.000000,0.000000,97570.700000,975.675402
0.000000,0.000000,0.000000,97562.430000,975.643819
0.000000,0.000000,0.000000,97550.030000,975.555119
0.000000,0.000000,0.000000,97562.430000,975.597875
0.000000,0.000000,0.000000,97554.160000,975.563095
0.000000,0.000000,0.000000,97570.700000,975.652033
0.000000,0.000000,0.000000,97566.570000,975.660480
0.000000,0.000000,0.000000,97562.430000,975.638119
0.000000,0.000000,0.000000,97554.160000,975.578467
0.000000,0.000000,0.000000,97566.570000,975.632380
0.000000,0.000000,0.000000,97562.430000,975.627386
0.000000,0.000000,0.000000,97562.430000,975.625479
0.000000,0.000000,0.000000,97562.430000,975.624750
0.000000,0.000000,0.000000,97562.430000,975.624472
0.000000,0.000000,0.000000,97550.030000,975.547729
0.000000,0.000000,0.000000,97558.300000,975.569528
0.000000,0.000000,0.000000,97562.430000,975.603379
0.000000,0.000000,0.000000,97566.570000,975.641895
0.000000,0.000000,0.000000,97558.300000,975.605496
0.000000,0.000000,0.000000,97558.300000,975.591593
0.000000,0.000000,0.000000,97554.160000,975.560696
0.000000,0.000000,0.000000,97566.570000,975.625592
0.000000,0.000000,0.000000,97570.700000,975.675905
0.000000,0.000000,0.000000,97562.430000,975.644011
0.000000,0.000000,0.000000,97562.430000,975.631829
0.000000,0.000000,0.000000,97570.700000,975.678287
0.000000,0.000000,0.000000,97562.430000,975.644921
0.000000,0.000000,0.000000,97558.300000,975.606652
0.000000,0.000000,0.000000,97566.570000,975.643146
0.000000,0.000000,0.000000,97570.700000,975.682610
0.000000,0.000000,0.000000,97562.430000,975.646572
0.000000,0.000000,0.000000,97558.300000,975.607282
0.000000,0.000000,0.000000,97566.570000,975.643386
0.000000,0.000000,0.000000,97566.570000,975.657177
0.000000,0.000000,0.000000,97558.300000,975.611333
0.000000,0.000000,0.000000,97562.430000,975.619347
0.000000,0.000000,0.000000,97558.300000,975.596883
0.000000,0.000000,0.000000,97566.570000,975.639414
0.000000,0.000000,0.000000,97562.430000,975.630073
0.000000,0.000000,0.000000,97562.430000,975.626505
0.000000,0.000000,0.000000,97562.430000,975.625142
0.000000,0.000000,0.000000,97558.300000,975.599097
0.000000,0.000000,0.000000,97562.430000,975.614673
0.000000,0.000000,0.000000,97562.430000,975.620623
0.000000,0.000000,0.000000,97570.700000,975.674007
0.000000,0.000000,0.000000,97570.700000,975.694398
0.000000,0.000000,0.000000,97570.700000,975.702186
0.000000,0.000000,0.000000,97562.430000,975.654050
0.000000,0.000000,0.000000,97562.430000,975.635663
0.000000,0.000000,0.000000,97558.300000,975.603116
0.000000,0.000000,0.000000,97558.300000,975.590683
0.000000,0.000000,0.000000,97558.300000,975.585935
0.000000,0.000000,0.000000,97574.830000,975.686282
0.000000,0.000000,0.000000,97554.160000,975.596864
0.000000,0.000000,0.000000,97558.300000,975.588295
0.000000,0.000000,0.000000,97574.830000,975.687184
0.000000,0.000000,0.000000,97554.160000,975.597208
0.000000,0.000000,0.000000,97566.570000,975.639538
0.000000,0.000000,0.000000,97558.300000,975.604596
0.000000,0.000000,0.000000,97562.430000,975.616774
0.000000,0.000000,0.000000,97562.430000,975.621425
0.000000,0.000000,0.000000,97558.300000,975.597677
0.000000,0.000000,0.000000,97566.570000,975.639718
0.000000,0.000000,0.000000,97562.430000,975.630189
0.000000,0.000000,0.000000,97570.700000,975.677661
0.000000,0.000000,0.000000,97558.300000,975.619157
0.000000,0.000000,0.000000,97562.430000,975.622336
0.000000,0.000000,0.000000,97554.160000,975.572438
0.000000,0.000000,0.000000,97562.430000,975.604491
0.000000,0.000000,0.000000,97566.570000,975.642320
0.000000,0.000000,0.000000,97562.430000,975.631183
0.000000,0.000000,0.000000,97558.300000,975.601404
0.000000,0.000000,0.000000,97562.430000,975.615555
0.000000,0.000000,0.000000,97570.700000,975.672071
0.000000,0.000000,0.000000,97558.300000,975.617022
0.000000,0.000000,0.000000,97562.430000,975.621520
0.000000,0.000000,0.000000,97566.570000,975.648825
0.000000,0.000000,0.000000,97566.570000,975.659254
0.000000,0.000000,0.000000,97562.430000,975.637651
0.000000,0.000000,0.000000,97558.300000,975.603875
0.000000,0.000000,0.000000,97562.430000,975.616498
0.000000,0.000000,0.000000,97558.300000,975.595795
0.000000,0.000000,0.000000,97558.300000,975.587887
0.000000,0.000000,0.000000,97562.430000,975.610392
0.000000,0.000000,0.000000,97566.570000,975.644574
0.000000,0.000000,0.000000,97558.300000,975.606519
0.000000,0.000000,0.000000,97566.570000,975.643095
0.000000,0.000000,0.000000,97562.430000,975.631479
0.000000,0.000000,0.000000,97562.430000,975.627042
0.000000,0.000000,0.000000,97566.570000,975.650934
0.000000,0.000000,0.000000,97558.300000,975.608948
0.000000,0.000000,0.000000,97562.430000,975.618436
0.000000,0.000000,0.000000,97562.430000,975.622060
0.000000,0.000000,0.000000,97566.570000,975.649031
0.000000,0.000000,0.000000,97566.570000,975.659333
0.000000,0.000000,0.000000,97562.430000,975.637681
0.000000,0.000000,0.000000,97562.430000,975.629411
0.000000,0.000000,0.000000,97558.300000,975.600728
0.000000,0.000000,0.000000,97562.430000,975.615296
0.000000,0.000000,0.000000,97554.160000,975.569749
0.000000,0.000000,0.000000,97566.570000,975.629050
0.000000,0.000000,0.000000,97566.570000,975.651701
0.000000,0.000000,0.000000,97566.570000,975.660353
0.000000,0.000000,0.000000,97562.430000,975.638071
0.000000,0.000000,0.000000,97558.300000,975.604035
0.000000,0.000000,0.000000,97562.430000,975.616560
0.000000,0.000000,0.000000,97562.430000,975.621343
0.000000,0.000000,0.000000,97570.700000,975.674282
0.000000,0.000000,0.000000,97570.700000,975.694503
0.000000,0.000000,0.000000,97570.700000,975.702227
0.000000,0.000000,0.000000,97562.430000,975.654065
0.000000,0.000000,0.000000,97562.430000,975.635669
0.000000,0.000000,0.000000,97562.430000,975.628643
0.000000,0.000000,0.000000,97570.700000,975.677070
0.000000,0.000000,0.000000,97566.570000,975.670043
0.000000,0.000000,0.000000,97566.570000,975.667359
0.000000,0.000000,0.000000,97558.300000,975.615222
0.000000,0.000000,0.000000,97562.430000,975.620833
0.000000,0.000000,0.000000,97566.570000,975.648562
0.000000,0.000000,0.000000,97562.430000,975.633567
0.000000,0.000000,0.000000,97554.160000,975.576728
0.000000,0.000000,0.000000,97558.300000,975.580604
0.000000,0.000000,0.000000,97570.700000,975.658721
0.000000,0.000000,0.000000,97566.570000,975.663034
0.000000,0.000000,0.000000,97566.570000,975.664682
0.000000,0.000000,0.000000,97566.570000,975.665311
0.000000,0.000000,0.000000,97562.430000,975.639965
0.000000,0.000000,0.000000,97570.700000,975.681395
0.000000,0.000000,0.000000,97562.430000,975.646108
0.000000,0.000000,0.000000,97570.700000,975.683741
0.000000,0.000000,0.000000,97570.700000,975.698116
0.000000,0.000000,0.000000,97562.430000,975.652495
0.000000,0.000000,0.000000,97578.970000,975.737292
0.000000,0.000000,0.000000,97566.570000,975.693046
0.000000,0.000000,0.000000,97562.430000,975.650559
0.000000,0.000000,0.000000,97558.300000,975.608805
0.000000,0.000000,0.000000,97562.430000,975.618381
0.000000,0.000000,0.000000,97558.300000,975.596515
0.000000,0.000000,0.000000,97562.430000,975.613687
0.000000,0.000000,0.000000,97562.430000,975.620246
0.000000,0.000000,0.000000,97566.570000,975.648338
0.000000,0.000000,0.000000,97566.570000,975.659068
0.000000,0.000000,0.000000,97570.700000,975.688692
0.000000,0.000000,0.000000,97574.830000,975.725532
0.000000,0.000000,0.000000,97566.570000,975.688554
0.000000,0.000000,0.000000,97562.430000,975.648843
0.000000,0.000000,0.000000,97562.430000,975.633674
0.000000,0.000000,0.000000,97562.430000,975.627881
0.000000,0.000000,0.000000,97562.430000,975.625668
0.000000,0.000000,0.000000,97562.430000,975.624822
0.000000,0.000000,0.000000,97554.160000,975.573388
0.000000,0.000000,0.000000,97566.570000,975.630440
0.000000,0.000000,0.000000,97558.300000,975.601120
0.000000,0.000000,0.000000,97570.700000,975.666558
0.000000,0.000000,0.000000,97570.700000,975.691552
0.000000,0.000000,0.000000,97562.430000,975.649988
0.000000,0.000000,0.000000,97570.700000,975.685223
0.000000,0.000000,0.000000,97554.160000,975.596459
0.000000,0.000000,0.000000,97562.430000,975.613666
0.000000,0.000000,0.000000,97570.700000,975.671350
0.000000,0.000000,0.000000,97566.570000,975.667858
0.000000,0.000000,0.000000,97566.570000,975.666524
0.000000,0.000000,0.000000,97566.570000,975.666015
0.000000,0.000000,0.000000,97558.300000,975.614709
0.000000,0.000000,0.000000,97554.160000,975.569525
0.000000,0.000000,0.000000,97570.700000,975.654489
0.000000,0.000000,0.000000,97566.570000,975.661418
0.000000,0.000000,0.000000,97562.430000,975.638478
0.000000,0.000000,0.000000,97566.570000,975.655302
0.000000,0.000000,0.000000,97566.570000,975.661728
0.000000,0.000000,0.000000,97562.430000,975.638596
0.000000,0.000000,0.000000,97562.430000,975.629761
0.000000,0.000000,0.000000,97570.700000,975.677497
0.000000,0.000000,0.000000,97558.300000,975.619095
0.000000,0.000000,0.000000,97562.430000,975.622312
0.000000,0.000000,0.000000,97570.700000,975.674652
0.000000,0.000000,0.000000,97570.700000,975.694644
0.000000,0.000000,0.000000,97566.570000,975.676756
0.000000,0.000000,0.000000,97566.570000,975.669923
0.000000,0.000000,0.000000,97562.430000,975.641726
0.000000,0.000000,0.000000,97562.430000,975.630956
0.000000,0.000000,0.000000,97566.570000,975.652429
0.000000,0.000000,0.000000,97570.700000,975.686156
0.000000,0.000000,0.000000,97562.430000,975.647927
0.000000,0.000000,0.000000,97566.570000,975.658911
0.000000,0.000000,0.000000,97562.430000,975.637520
0.000000,0.000000,0.000000,97562.430000,975.629350
0.000000,0.000000,0.000000,97566.570000,975.651815
0.000000,0.000000,0.000000,97570.700000,975.685921
0.000000,0.000000,0.000000,97566.570000,975.673424
0.000000,0.000000,0.000000,97554.160000,975.591952
0.000000,0.000000,0.000000,97566.570000,975.637531
0.000000,0.000000,0.000000,97562.430000,975.629354
0.000000,0.000000,0.000000,97562.430000,975.626230
0.000000,0.000000,0.000000,97566.570000,975.650624
0.000000,0.000000,0.000000,97566.570000,975.659941
0.000000,0.000000,0.000000,97574.830000,975.714550
0.000000,0.000000,0.000000,97578.970000,975.760995
0.000000,0.000000,0.000000,97562.430000,975.676513
0.000000,0.000000,0.000000,97574.830000,975.720880
0.000000,0.000000,0.000000,97570.700000,975.712302
0.000000,0.000000,0.000000,97566.570000,975.683500
0.000000,0.000000,0.000000,97562.430000,975.646912
0.000000,0.000000,0.000000,97566.570000,975.658524
0.000000,0.000000,0.000000,97558.300000,975.611848
0.000000,0.000000,0.000000,97566.570000,975.645130
0.000000,0.000000,0.000000,97570.700000,975.683368
0.000000,0.000000,0.000000,97566.570000,975.672449
0.000000,0.000000,0.000000,97558.300000,975.617166
0.000000,0.000000,0.000000,97562.430000,975.621575
0.000000,0.000000,0.000000,97566.570000,975.648846
0.000000,0.000000,0.000000,97566.570000,975.659262
0.000000,0.000000,0.000000,97562.430000,975.637654
0.000000,0.000000,0.000000,97562.430000,975.629401
0.000000,0.000000,0.000000,97570.700000,975.677360
0.000000,0.000000,0.000000,97566.570000,975.670154
0.000000,0.000000,0.000000,97574.830000,975.718451
0.000000,0.000000,0.000000,97562.430000,975.660262
0.000000,0.000000,0.000000,97578.970000,975.740259
0.000000,0.000000,0.000000,97570.700000,975.719704
0.000000,0.000000,0.000000,97566.570000,975.686328
0.000000,0.000000,0.000000,97562.430000,975.647992
0.000000,0.000000,0.000000,97570.700000,975.684461
0.000000,0.000000,0.000000,97562.430000,975.647280
0.000000,0.000000,0.000000,97562.430000,975.633077
0.000000,0.000000,0.000000,97566.570000,975.653239
0.000000,0.000000,0.000000,97566.570000,975.660940
0.000000,0.000000,0.000000,97570.700000,975.689407
0.000000,0.000000,0.000000,97570.700000,975.700280
0.000000,0.000000,0.000000,97570.700000,975.704433
0.000000,0.000000,0.000000,97566.570000,975.680495
0.000000,0.000000,0.000000,97562.430000,975.645764
0.000000,0.000000,0.000000,97566.570000,975.658085
0.000000,0.000000,0.000000,97574.830000,975.713841
0.000000,0.000000,0.000000,97566.570000,975.684088
0.000000,0.000000,0.000000,97566.570000,975.672724
0.000000,0.000000,0.000000,97562.430000,975.642796
0.000000,0.000000,0.000000,97570.700000,975.682476
0.000000,0.000000,0.000000,97566.570000,975.672108
0.000000,0.000000,0.000000,97566.570000,975.668148
0.000000,0.000000,0.000000,97566.570000,975.666635
0.000000,0.000000,0.000000,97566.570000,975.666057
0.000000,0.000000,0.000000,97570.700000,975.691361
0.000000,0.000000,0.000000,97562.430000,975.649915
0.000000,0.000000,0.000000,97570.700000,975.685196
0.000000,0.000000,0.000000,97570.700000,975.698671
0.000000,0.000000,0.000000,97566.570000,975.678294
0.000000,0.000000,0.000000,97574.830000,975.721560
0.000000,0.000000,0.000000,97566.570000,975.687037
0.000000,0.000000,0.000000,97566.570000,975.673850
0.000000,0.000000,0.000000,97562.430000,975.643226
0.000000,0.000000,0.000000,97578.970000,975.733752
0.000000,0.000000,0.000000,97562.430000,975.666107
0.000000,0.000000,0.000000,97558.300000,975.614744
0.000000,0.000000,0.000000,97562.430000,975.620650
0.000000,0.000000,0.000000,97570.700000,975.674017
0.000000,0.000000,0.000000,97566.570000,975.668877
0.000000,0.000000,0.000000,97562.430000,975.641327
0.000000,0.000000,0.000000,97566.570000,975.656390
0.000000,0.000000,0.000000,97566.570000,975.662144
0.000000,0.000000,0.000000,97570.700000,975.689867
0.000000,0.000000,0.000000,97558.300000,975.623819
0.000000,0.000000,0.000000,97562.430000,975.624116
0.000000,0.000000,0.000000,97566.570000,975.649816
0.000000,0.000000,0.000000,97578.970000,975.736269
0.000000,0.000000,0.000000,97570.700000,975.718180
0.000000,0.000000,0.000000,97578.970000,975.762382
0.000000,0.000000,0.000000,97562.430000,975.677043
0.000000,0.000000,0.000000,97570.700000,975.695557
0.000000,0.000000,0.000000,97566.570000,975.677104
0.000000,0.000000,0.000000,97570.700000,975.695581
0.000000,0.000000,0.000000,97566.570000,975.677113
0.000000,0.000000,0.000000,97558.300000,975.618948
0.000000,0.000000,0.000000,97566.570000,975.647842
0.000000,0.000000,0.000000,97570.700000,975.684404
0.000000,0.000000,0.000000,97570.700000,975.698369
0.000000,0.000000,0.000000,97570.700000,975.703703
0.000000,0.000000,0.000000,97574.830000,975.731266
0.000000,0.000000,0.000000,97570.700000,975.716269
0.000000,0.000000,0.000000,97558.300000,975.633904
0.000000,0.000000,0.000000,97562.430000,975.627968
0.000000,0.000000,0.000000,97570.700000,975.676813
0.000000,0.000000,0.000000,97566.570000,975.669945
0.000000,0.000000,0.000000,97570.700000,975.692846
0.000000,0.000000,0.000000,97574.830000,975.727119
0.000000,0.000000,0.000000,97570.700000,975.714685
0.000000,0.000000,0.000000,97566.570000,975.684410
0.000000,0.000000,0.000000,97574.830000,975.723896
0.000000,0.000000,0.000000,97570.700000,975.713454
0.000000,0.000000,0.000000,97570.700000,975.709465
0.000000,0.000000,0.000000,97566.570000,975.682417
0.000000,0.000000,0.000000,97570.700000,975.697610
0.000000,0.000000,0.000000,97578.970000,975.754525
0.000000,0.000000,0.000000,97578.970000,975.776264
0.000000,0.000000,0.000000,97574.830000,975.758981
0.000000,0.000000,0.000000,97574.830000,975.752380
0.000000,0.000000,0.000000,97562.430000,975.673222
0.000000,0.000000,0.000000,97574.830000,975.719623
0.000000,0.000000,0.000000,97578.970000,975.762933
0.000000,0.000000,0.000000,97570.700000,975.728364
0.000000,0.000000,0.000000,97570.700000,975.715161
0.000000,0.000000,0.000000,97570.700000,975.710117
0.000000,0.000000,0.000000,97570.700000,975.708191
0.000000,0.000000,0.000000,97570.700000,975.707455
0.000000,0.000000,0.000000,97566.570000,975.681649
0.000000,0.000000,0.000000,97566.570000,975.671792
0.000000,0.000000,0.000000,97574.830000,975.719077
0.000000,0.000000,0.000000,97574.830000,975.737138
0.000000,0.000000,0.000000,97574.830000,975.744036
0.000000,0.000000,0.000000,97558.300000,975.644510
0.000000,0.000000,0.000000,97574.830000,975.708656
0.000000,0.000000,0.000000,97570.700000,975.707632
0.000000,0.000000,0.000000,97570.700000,975.707242
0.000000,0.000000,0.000000,97578.970000,975.758204
0.000000,0.000000,0.000000,97562.430000,975.675447
0.000000,0.000000,0.000000,97578.970000,975.746059
0.000000,0.000000,0.000000,97574.830000,975.747444
0.000000,0.000000,0.000000,97570.700000,975.722448
0.000000,0.000000,0.000000,97570.700000,975.712901
0.000000,0.000000,0.000000,97562.430000,975.658142
0.000000,0.000000,0.000000,97558.300000,975.611702
0.000000,0.000000,0.000000,97578.970000,975.721711
0.000000,0.000000,0.000000,97570.700000,975.712619
0.000000,0.000000,0.000000,97562.430000,975.658035
0.000000,0.000000,0.000000,97566.570000,975.662772
0.000000,0.000000,0.000000,97570.700000,975.690106
0.000000,0.000000,0.000000,97566.570000,975.675022
0.000000,0.000000,0.000000,97562.430000,975.643674
0.000000,0.000000,0.000000,97570.700000,975.682812
0.000000,0.000000,0.000000,97570.700000,975.697761
0.000000,0.000000,0.000000,97570.700000,975.703471
0.000000,0.000000,0.000000,97578.970000,975.756763
0.000000,0.000000,0.000000,97570.700000,975.726008
0.000000,0.000000,0.000000,97578.970000,975.765372
0.000000,0.000000,0.000000,97570.700000,975.729296
0.000000,0.000000,0.000000,97570.700000,975.715516
0.000000,0.000000,0.000000,97562.430000,975.659142
0.072726,0.003103,0.000238,97570.700000,975.688720
0.027779,-0.001970,0.000497,97566.570000,975.674493
0.010611,-0.000730,0.000370,97574.830000,975.720108
0.004053,-0.000275,0.000324,97566.570000,975.686482
0.001548,-0.000104,0.000307,97578.970000,975.750274
0.000591,-0.000040,0.000300,97578.970000,975.774641
0.000226,-0.000015,0.000298,97570.700000,975.732836
0.000086,-0.000006,0.000297,97578.970000,975.767980
0.000033,-0.000002,0.000297,97562.430000,975.679181
0.000013,-0.000001,0.000296,97570.700000,975.696374
0.000005,-0.000000,0.000296,97570.700000,975.702941
0.000002,-0.000000,0.000296,97574.830000,975.730974
0.000001,-0.000000,0.000296,97574.830000,975.741682
0.000000,-0.000000,0.000296,97570.700000,975.720247
0.000000,-0.000000,0.000296,97570.700000,975.712060
0.000000,-0.000000,0.000296,97570.700000,975.708933
0.000000,-0.000000,0.000296,97583.100000,975.784374
0.000000,-0.000000,0.000296,97570.700000,975.736554
0.000000,-0.000000,0.000296,97574.830000,975.743814
0.000000,-0.000000,0.000296,97570.700000,975.721062
0.000000,-0.000000,0.000296,97574.830000,975.737896
0.000000,-0.000000,0.000296,97574.830000,975.744326
0.000000,-0.000000,0.000296,97570.700000,975.721257
0.000000,-0.000000,0.000296,97562.430000,975.661334
0.000000,-0.000000,0.000296,97570.700000,975.689557
0.000000,-0.000000,0.000296,97570.700000,975.700337
0.000000,-0.000000,0.000296,97562.430000,975.653344
0.000000,-0.000000,0.000296,97562.430000,975.635394
0.000000,-0.000000,0.000296,97570.700000,975.679649
0.000000,-0.000000,0.000296,97570.700000,975.696553
0.000000,-0.000000,0.000296,97574.830000,975.728534
-0.066910,-0.002781,0.000087,97558.300000,975.638589
-0.025557,0.001727,-0.000125,97566.570000,975.655345
-0.104167,-0.003252,-0.000312,97566.570000,975.661745
-0.039788,0.002666,-0.000562,97562.430000,975.638603
-0.015198,0.001015,-0.000397,97562.430000,975.629763
-0.005805,0.000387,-0.000334,97570.700000,975.677498
-0.002217,0.000149,-0.000310,97570.700000,975.695731
-0.000847,0.000057,-0.000301,97574.830000,975.728221
0.074698,0.003129,-0.000064,97570.700000,975.715106
0.028532,0.006226,0.000170,97566.570000,975.684571
0.010898,-0.000736,0.000603,97574.830000,975.723958
0.004163,-0.000290,0.000556,97570.700000,975.713477
0.001590,-0.000112,0.000537,97566.570000,975.683949
0.000607,-0.000043,0.000530,97566.570000,975.672671
0.000232,-0.000016,0.000527,97574.830000,975.719412
0.000089,-0.000006,0.000526,97562.430000,975.660630
0.000034,-0.000002,0.000526,97562.430000,975.638177
0.000013,-0.000001,0.000525,97562.430000,975.629600
0.000005,-0.000000,0.000525,97570.700000,975.677436
-0.095645,-0.003971,0.000226,97566.570000,975.670183
0.076495,-0.003233,0.000283,97562.430000,975.641826
-0.078956,-0.004538,-0.000244,97574.830000,975.707630
0.041456,-0.004836,-0.000351,97578.970000,975.758352
0.015835,-0.001057,-0.000660,97578.970000,975.777726
0.006048,-0.000406,-0.000726,97570.700000,975.734015
0.002310,-0.000154,-0.000751,97574.830000,975.742844
0.000882,-0.000059,-0.000761,97570.700000,975.720691
0.068982,0.002827,-0.000550,97570.700000,975.712230
0.026349,-0.001772,-0.000337,97566.570000,975.683473
0.010064,-0.000674,-0.000447,97562.430000,975.646902
0.003844,-0.000258,-0.000489,97570.700000,975.684045
0.001468,-0.000099,-0.000505,97566.570000,975.672707
0.000561,-0.000038,-0.000511,97570.700000,975.693901
0.000214,-0.000014,-0.000514,97570.700000,975.701997
0.000082,-0.000005,-0.000514,97570.700000,975.705089
0.000031,-0.000002,-0.000515,97562.430000,975.655159
0.000012,-0.000001,-0.000515,97574.830000,975.712723
0.000005,-0.000000,-0.000515,97570.700000,975.709186
0.000002,-0.000000,-0.000515,97578.970000,975.758946
0.000001,-0.000000,-0.000515,97570.700000,975.726842
0.000000,-0.000000,-0.000515,97570.700000,975.714579
0.000000,-0.000000,-0.000515,97574.830000,975.735420
0.000000,-0.000000,-0.000515,97574.830000,975.743380
0.000000,-0.000000,-0.000515,97574.830000,975.746421
0.000000,-0.000000,-0.000515,97570.700000,975.722057
0.000000,-0.000000,-0.000515,97578.970000,975.763863
0.000000,-0.000000,-0.000515,97562.430000,975.677608
0.000000,-0.000000,-0.000515,97574.830000,975.721298
0.000000,-0.000000,-0.000515,97570.700000,975.712461
0.000000,-0.000000,-0.000515,97562.430000,975.657975
0.000000,-0.000000,-0.000515,97570.700000,975.688274
0.000000,-0.000000,-0.000515,97574.830000,975.725372
0.000000,-0.000000,-0.000515,97578.970000,975.765129
0.000000,-0.000000,-0.000515,97570.700000,975.729203
0.000000,-0.000000,-0.000515,97574.830000,975.741006
0.000000,-0.000000,-0.000515,97578.970000,975.771100
0.000000,-0.000000,-0.000515,97578.970000,975.782596
0.000000,-0.000000,-0.000515,97562.430000,975.684764
0.000000,-0.000000,-0.000515,97574.830000,975.724031
0.000000,-0.000000,-0.000515,97574.830000,975.739030
0.000000,-0.000000,-0.000515,97574.830000,975.744759
0.000000,-0.000000,-0.000515,97574.830000,975.746948
0.000000,-0.000000,-0.000515,97566.570000,975.696734
0.000000,-0.000000,-0.000515,97562.430000,975.651967
0.000000,-0.000000,-0.000515,97578.970000,975.737091
0.000000,-0.000000,-0.000515,97578.970000,975.769605
0.000000,-0.000000,-0.000515,97570.700000,975.730913
0.000000,-0.000000,-0.000515,97574.830000,975.741659
0.000000,-0.000000,-0.000515,97570.700000,975.720238
0.000000,-0.000000,-0.000515,97570.700000,975.712057
0.000000,-0.000000,-0.000515,97574.830000,975.734456
0.000000,-0.000000,-0.000515,97574.830000,975.743012
0.000000,-0.000000,-0.000515,97583.100000,975.797392
0.000000,-0.000000,-0.000515,97578.970000,975.792638
0.000000,-0.000000,-0.000515,97583.100000,975.816347
0.000000,-0.000000,-0.000515,97574.830000,975.774292
0.000000,-0.000000,-0.000515,97574.830000,975.758228
0.000000,-0.000000,-0.000515,97574.830000,975.752092
0.000000,-0.000000,-0.000515,97570.700000,975.724224
0.000000,-0.000000,-0.000515,97570.700000,975.713579
0.000000,-0.000000,-0.000515,97566.570000,975.683988
0.000000,-0.000000,-0.000515,97578.970000,975.749322
0.000000,-0.000000,-0.000515,97574.830000,975.748690
0.000000,-0.000000,-0.000515,97570.700000,975.722924
0.000000,-0.000000,-0.000515,97570.700000,975.713083
0.000000,-0.000000,-0.000515,97570.700000,975.709323
0.000000,-0.000000,-0.000515,97578.970000,975.758999
0.000000,-0.000000,-0.000515,97570.700000,975.726862
0.000000,-0.000000,-0.000515,97574.830000,975.740111
0.000000,-0.000000,-0.000515,97570.700000,975.719647
0.000000,-0.000000,-0.000515,97566.570000,975.686306
0.000000,-0.000000,-0.000515,97578.970000,975.750207
0.000000,-0.000000,-0.000515,97578.970000,975.774615
0.000000,-0.000000,-0.000515,97566.570000,975.707302
0.000000,-0.000000,-0.000515,97574.830000,975.732640
0.000000,-0.000000,-0.000515,97570.700000,975.716794
0.000000,-0.000000,-0.000515,97583.100000,975.787377
0.000000,-0.000000,-0.000515,97574.830000,975.763226
0.000000,-0.000000,-0.000515,97570.700000,975.728476
0.000000,-0.000000,-0.000515,97570.700000,975.715203
0.000000,-0.000000,-0.000515,97578.970000,975.761245
0.000000,-0.000000,-0.000515,97574.830000,975.753244
0.000000,-0.000000,-0.000515,97566.570000,975.699139
0.000000,-0.000000,-0.000515,97578.970000,975.755109
0.000000,-0.000000,-0.000515,97570.700000,975.725376
0.000000,-0.000000,-0.000515,97570.700000,975.714019
0.000000,-0.000000,-0.000515,97574.830000,975.735206
0.000000,-0.000000,-0.000515,97574.830000,975.743298
0.000000,-0.000000,-0.000515,97570.700000,975.720865
0.000000,-0.000000,-0.000515,97574.830000,975.737821
0.000000,-0.000000,-0.000515,97570.700000,975.718772
0.000000,-0.000000,-0.000515,97574.830000,975.737021
0.000000,-0.000000,-0.000515,97570.700000,975.718467
0.000000,-0.000000,-0.000515,97574.830000,975.736905
0.000000,-0.000000,-0.000515,97570.700000,975.718423
0.000000,-0.000000,-0.000515,97570.700000,975.711363
0.000000,-0.000000,-0.000515,97578.970000,975.759778
0.000000,-0.000000,-0.000515,97566.570000,975.701635
0.000000,-0.000000,-0.000515,97566.570000,975.679426
0.000000,-0.000000,-0.000515,97574.830000,975.721992
0.000000,-0.000000,-0.000515,97566.570000,975.687202
0.000000,-0.000000,-0.000515,97583.100000,975.776074
0.000000,-0.000000,-0.000515,97574.830000,975.758909
0.000000,-0.000000,-0.000515,97574.830000,975.752352
0.000000,-0.000000,-0.000515,97583.100000,975.800959
0.000000,-0.000000,-0.000515,97578.970000,975.794001
0.000000,-0.000000,-0.000515,97574.830000,975.765756
0.000000,-0.000000,-0.000515,97566.570000,975.703918
0.000000,-0.000000,-0.000515,97578.970000,975.756934
0.000000,-0.000000,-0.000515,97578.970000,975.777185
0.000000,-0.000000,-0.000515,97574.830000,975.759333
0.000000,-0.000000,-0.000515,97578.970000,975.778101
0.000000,-0.000000,-0.000515,97578.970000,975.785270
0.000000,-0.000000,-0.000515,97570.700000,975.736896
0.000000,-0.000000,-0.000515,97570.700000,975.718419
0.000000,-0.000000,-0.000515,97574.830000,975.736887
0.000000,-0.000000,-0.000515,97578.970000,975.769527
0.000000,-0.000000,-0.000515,97578.970000,975.781995
0.067565,0.002807,-0.000303,97570.700000,975.735645
0.116939,0.009373,0.000190,97574.830000,975.743466
0.175732,0.019704,0.001272,97578.970000,975.772040
0.207384,0.032839,0.003094,97578.970000,975.782955
0.244865,0.048355,0.005891,97570.700000,975.736012
0.273317,0.065937,0.009768,97578.970000,975.769193
0.294644,0.085167,0.014876,97574.830000,975.756280
0.353231,0.107147,0.021362,97578.970000,975.776935
0.370889,0.131804,0.029483,97566.570000,975.708188
0.398448,0.158156,0.039381,97574.830000,975.732979
0.418559,0.186534,0.051323,97570.700000,975.716923
0.472542,0.217909,0.065464,97570.700000,975.710790
0.489250,0.252590,0.082396,97570.700000,975.708448
0.478665,0.285146,0.100514,97570.700000,975.707553
0.474446,0.317177,0.120771,97578.970000,975.758323
0.487525,0.349536,0.143148,97583.100000,975.803240
0.476054,0.381794,0.167680,97570.700000,975.743760
0.481765,0.414343,0.194707,97583.100000,975.797677
0.486559,0.446643,0.223401,97574.830000,975.767160
0.487159,0.479367,0.254518,97578.970000,975.781091
0.501282,0.512824,0.288014,97578.970000,975.786412
0.496757,0.546091,0.323341,97578.970000,975.788444
0.490667,0.579163,0.361075,97578.970000,975.789220
0.484343,0.611641,0.400791,97578.970000,975.789517
0.468518,0.643446,0.442821,97587.230000,975.840680
0.491390,0.675919,0.487246,97578.970000,975.809172
0.492318,0.708918,0.533692,97574.830000,975.771551
0.492519,0.741720,0.582007,97574.830000,975.757181
0.506369,0.775881,0.633768,97578.970000,975.777279
0.496946,0.809463,0.686935,97574.830000,975.759369
0.483352,0.842422,0.742631,97587.230000,975.829164
0.493501,0.875387,0.800476,97578.970000,975.804774
0.492880,0.908500,0.860371,97578.970000,975.795458
0.523449,0.942549,0.921990,97578.970000,975.791899
0.508480,0.976928,0.986132,97578.970000,975.790540
0.508073,1.010659,1.052088,97587.230000,975.841070
0.492111,1.044217,1.121260,97583.100000,975.834847
0.465790,1.076246,1.192576,97583.100000,975.832469
0.486047,1.108216,1.265612,97578.970000,975.806036
0.514964,1.142560,1.342380,97583.100000,975.821465
0.499267,1.176535,1.420325,97583.100000,975.827358
0.503556,1.210205,1.500386,97587.230000,975.855134
0.497252,1.243451,1.582008,97595.500000,975.916854
0.503324,1.277393,1.667414,97599.630000,975.965954
0.509335,1.311016,1.753243,97587.230000,975.908073
0.480166,1.343954,1.842183,97599.630000,975.962600
0.491549,1.377167,1.934962,97595.500000,975.957903
0.504492,1.410372,2.027617,97587.230000,975.904997
0.510016,1.444697,2.124105,97595.500000,975.935901
0.515043,1.478552,2.220544,97595.500000,975.947705
0.515889,1.513095,2.320767,97595.500000,975.952213
0.503666,1.547910,2.425552,97603.770000,976.005047
0.520004,1.584052,2.535775,97603.770000,976.025228
0.517614,1.622422,2.654400,97603.770000,976.032936
0.510764,1.657285,2.765767,97612.030000,976.086930
0.526549,1.692857,2.880254,97603.770000,976.056504
0.526115,1.727861,2.994016,97607.900000,976.070407
0.519658,1.762693,3.110438,97612.030000,976.101243
0.499306,1.796870,3.230354,97607.900000,976.087496
0.509872,1.830657,3.351518,97607.900000,976.082245
0.495315,1.864174,3.475116,97612.030000,976.105764
0.461787,1.895800,3.600347,97620.300000,976.165859
0.451564,1.926159,3.727704,97612.030000,976.137702
0.508934,1.958572,3.857064,97620.300000,976.178058
0.493034,1.992064,3.989580,97612.030000,976.142362
0.493396,2.025007,4.123727,97616.170000,976.154313
0.492639,2.058048,4.260567,97616.170000,976.158879
0.481219,2.091394,4.403004,97624.440000,976.211734
0.493115,2.124360,4.545246,97616.170000,976.180811
0.512463,2.159963,4.696341,97628.570000,976.245636
0.501336,2.197441,4.857766,97616.170000,976.193761
0.508921,2.231905,5.008587,97632.700000,976.276107
0.476883,2.266416,5.167189,97628.570000,976.282036
0.507841,2.303424,5.337877,97620.300000,976.233189
0.529420,2.340228,5.501827,97636.840000,976.316754
0.512871,2.378240,5.674495,97628.570000,976.297562
0.501263,2.412727,5.837890,97636.840000,976.341342
0.491355,2.446046,6.001381,97645.100000,976.409114
0.509572,2.479780,6.166693,97636.840000,976.383952
0.491788,2.513069,6.333358,97636.840000,976.374340
0.480931,2.545388,6.501859,97653.370000,976.472830
0.495306,2.578188,6.673436,97653.370000,976.510450
0.468997,2.610493,6.848325,97653.370000,976.524819
0.484201,2.642645,7.024878,97653.370000,976.530308
0.501944,2.676161,7.204923,97657.500000,976.557929
0.505998,2.709966,7.385401,97653.370000,976.542955
0.506288,2.743592,7.566541,97661.640000,976.588346
0.465919,2.775958,7.752020,97661.640000,976.605684
0.434382,2.806224,7.941154,97669.900000,976.663357
0.412675,2.834209,8.128630,97669.900000,976.685385
0.333998,2.858786,8.320577,97665.770000,976.668275
0.308280,2.880160,8.513346,97674.040000,976.712851
0.290579,2.901315,8.718827,97674.040000,976.729877
0.245760,2.920770,8.933686,97678.170000,976.761905
0.212840,2.935882,9.130444,97674.040000,976.748614
0.175820,2.948682,9.328851,97669.900000,976.717951
0.135179,2.958879,9.528723,97674.040000,976.731825
0.119919,2.967797,9.738595,97674.040000,976.737125
0.045805,2.973254,9.954937,97686.440000,976.815785
0.017496,2.975145,10.156367,97686.440000,976.845831
0.006683,2.975867,10.356328,97686.440000,976.857307
0.002553,2.976145,10.557293,97694.710000,976.912802
0.000975,2.976250,10.755154,97698.840000,976.959524
0.000372,2.976290,10.954286,97711.240000,977.054007
0.000142,2.976305,11.154609,97711.240000,977.090096
0.000054,2.976311,11.355432,97715.370000,977.129405
0.000021,2.976314,11.552898,97698.840000,977.042259
0.000008,2.976314,11.752609,97711.240000,977.085609
0.000003,2.976315,11.952936,97711.240000,977.102167
0.000001,2.976315,12.155530,97715.370000,977.134016
0.000000,2.976315,12.356194,97715.370000,977.146181
0.000000,2.976315,12.564902,97715.370000,977.150828
0.000000,2.976315,12.787262,97727.780000,977.229301
0.000000,2.976315,13.000295,97715.370000,977.182577
0.000000,2.976315,13.216024,97736.040000,977.292478
0.000000,2.976315,13.415012,97744.310000,977.385567
0.000000,2.976315,13.615288,97744.310000,977.421124
0.000000,2.976315,13.814889,97736.040000,977.383595
0.000000,2.976315,14.014635,97744.310000,977.420371
0.000000,2.976315,14.214745,97740.180000,977.408893
0.000000,2.976315,14.416342,97744.310000,977.430034
0.000000,2.976315,14.616199,97748.440000,977.463634
0.000000,2.976315,14.815130,97748.440000,977.476468
0.000000,2.976315,15.014180,97752.580000,977.506957
0.000000,2.976315,15.213337,97752.580000,977.518603
0.000000,2.976315,15.413006,97740.180000,977.446415
0.000000,2.976315,15.612982,97756.710000,977.521002
0.000000,2.976315,15.812567,97760.850000,977.575079
0.000000,2.976315,16.012814,97764.980000,977.621259
0.000000,2.976315,16.211590,97760.850000,977.613374
0.000000,2.976315,16.414470,97752.580000,977.559250
0.000000,2.976315,16.615875,97764.980000,977.615213
0.000000,2.976315,16.815294,97773.250000,977.687700
0.000000,2.976315,17.015891,97769.110000,977.689801
0.000000,2.976315,17.215096,97773.250000,977.716191
0.000000,2.976315,17.414453,97777.380000,977.751795
0.000000,2.976315,17.612669,97777.380000,977.765395
0.000000,2.976315,17.812571,97773.250000,977.745065
-0.062371,2.973727,18.012465,97785.650000,977.813936
-0.023824,2.971132,18.212523,97785.650000,977.840242
-0.009100,2.970088,18.421029,97785.650000,977.850290
-0.003476,2.969694,18.628732,97789.780000,977.879653
-0.001328,2.969538,18.842347,97789.780000,977.890868
-0.000507,2.969484,19.041626,97802.180000,977.971789
-0.000194,2.969463,19.243064,97793.910000,977.951586
-0.000074,2.969455,19.440872,97806.320000,978.020567
-0.000028,2.969452,19.640966,97802.180000,978.021329
-0.000011,2.969451,19.840691,97810.450000,978.072732
-0.000004,2.969450,20.036951,97806.320000,978.066841
-0.000002,2.969450,20.238867,97814.580000,978.115640
-0.000001,2.969450,20.437773,97810.450000,978.108755
-0.000000,2.969450,20.636780,97810.450000,978.106125
-0.000000,2.969450,20.836852,97810.450000,978.105121
-0.000000,2.969450,21.036750,97818.720000,978.155849
-0.000000,2.969450,21.246844,97818.720000,978.175225
-0.000000,2.969450,21.467952,97835.250000,978.284787
-0.000000,2.969450,21.666623,97835.250000,978.326636
-0.000000,2.969450,21.866429,97826.980000,978.291509
-0.000000,2.969450,22.065688,97831.120000,978.303679
-0.000000,2.969450,22.265152,97835.250000,978.333852
-0.000000,2.969450,22.473010,97843.520000,978.396489
-0.000000,2.969450,22.681421,97835.250000,978.369302
-0.000000,2.969450,22.893069,97835.250000,978.358918
-0.000000,2.969450,23.092889,97847.650000,978.431588
-0.000000,2.969450,23.291732,97839.390000,978.408295
-0.000000,2.969450,23.491716,97847.650000,978.450448
-0.000000,2.969450,23.693926,97851.790000,978.492136
-0.000000,2.969450,23.893262,97851.790000,978.508059
-0.000000,2.969450,24.092970,97860.050000,978.565191
-0.000000,2.969450,24.291546,97868.320000,978.638124
-0.000000,2.969450,24.490597,97855.920000,978.589346
-0.000000,2.969450,24.690981,97864.190000,978.621826
-0.000000,2.969450,24.890124,97860.050000,978.608646
-0.000000,2.969450,25.100952,97868.320000,978.654723
-0.000000,2.969450,25.306412,97872.460000,978.697909
-0.000000,2.969450,25.516851,97872.460000,978.714405
-0.000000,2.969450,25.731280,97872.460000,978.720706
-0.000000,2.969450,25.936075,97876.590000,978.748637
-0.000000,2.969450,26.151089,97868.320000,978.708195
-0.000000,2.969450,26.351548,97872.460000,978.718334
-0.000000,2.969450,26.550317,97876.590000,978.747731
-0.000000,2.969450,26.749505,97884.860000,978.810072
-0.000000,2.969450,26.949744,97884.860000,978.833883
-0.000000,2.969450,27.158927,97888.990000,978.868504
-0.000000,2.969450,27.374111,97884.860000,978.856202
-0.000000,2.969450,27.573058,97884.860000,978.851504
-0.000000,2.969450,27.772727,97888.990000,978.875234
-0.000000,2.969450,27.974174,97897.260000,978.935409
-0.000000,2.969450,28.173626,97897.260000,978.958394
-0.000000,2.969450,28.372131,97909.660000,979.043810
-0.000000,2.969450,28.571565,97901.390000,979.025325
-0.000000,2.969450,28.770815,97901.390000,979.018264
-0.000000,2.969450,28.968999,97901.390000,979.015567
-0.000000,2.969450,29.169737,97909.660000,979.065648
-0.000000,2.969450,29.370888,97909.660000,979.084777
-0.000000,2.969450,29.580385,97913.790000,979.117609
-0.000000,2.969450,29.786655,97917.930000,979.155736
-0.000000,2.969450,30.002305,97913.790000,979.144713
-0.000000,2.969450,30.204463,97922.060000,979.191614
-0.000000,2.969450,30.403285,97926.200000,979.235115
-0.000000,2.969450,30.601303,97913.790000,979.175033
-0.000000,2.969450,30.798382,97922.060000,979.203195
-0.000000,2.969450,30.998704,97934.460000,979.290588
-0.000000,2.969450,31.199549,97934.460000,979.323969
-0.000000,2.969450,31.398909,97934.460000,979.336720
-0.000000,2.969450,31.599498,97946.860000,979.418226
-0.000000,2.969450,31.795856,97934.460000,979.372723
-0.000000,2.969450,31.995593,97951.000000,979.457565
-0.000000,2.969450,32.195785,97938.600000,979.413335
-0.000000,2.969450,32.393523,97934.460000,979.370855
-0.000000,2.969450,32.591995,97951.000000,979.456851
-0.000000,2.969450,32.791236,97942.730000,979.438588
-0.000000,2.969450,32.990617,97951.000000,979.482723
-0.000000,2.969450,33.189968,97959.270000,979.550692
-0.000000,2.969450,33.390421,97959.270000,979.576655
-0.000000,2.969450,33.588056,97959.270000,979.586571
-0.000000,2.969450,33.789200,97975.800000,979.692520
-0.000000,2.969450,33.986381,97967.530000,979.681877
-0.000000,2.969450,34.199186,97971.670000,979.703399
-0.000000,2.969450,34.410477,97967.530000,979.686033
-0.000000,2.969450,34.619301,97975.800000,979.730511
-0.000000,2.969450,34.821057,97975.800000,979.747500
-0.000000,2.969450,35.019705,97984.070000,979.805101
-0.000000,2.969450,35.218093,97984.070000,979.827102
-0.000000,2.969450,35.417347,97992.340000,979.886618
-0.000000,2.969450,35.617577,97984.070000,979.858239
-0.000000,2.969450,35.815672,97984.070000,979.847399
-0.000000,2.969450,36.012834,97992.340000,979.894370
-0.000000,2.969450,36.212176,97996.470000,979.937836
-0.000000,2.969450,36.411551,98000.600000,979.979964
-0.000000,2.969450,36.609925,97996.470000,979.970530
-0.000000,2.969450,36.808192,98000.600000,979.992452
-0.000000,2.969450,37.007543,98004.740000,980.026412
-0.000000,2.969450,37.208041,98008.870000,980.064908
-0.000000,2.969450,37.409824,97996.470000,980.002976
-0.000000,2.969450,37.609540,98000.600000,980.004845
-0.000000,2.969450,37.810242,98013.010000,980.082257
-0.000000,2.969450,38.007981,98017.140000,980.137350
-0.000000,2.969450,38.216166,98017.140000,980.158394
-0.000000,2.969450,38.434952,98013.010000,980.140907
-0.000000,2.969450,38.638297,98017.140000,980.159753
-0.000000,2.969450,38.848495,98021.270000,980.192476
-0.000000,2.969450,39.068235,98025.410000,980.230562
-0.000000,2.969450,39.271410,98029.540000,980.270634
-0.000000,2.969450,39.469173,98033.680000,980.311527
-0.000000,2.969450,39.666810,98025.410000,980.276035
-0.065305,2.966742,39.865823,98029.540000,980.288003
-0.135499,2.959462,40.064118,98033.680000,980.318161
-0.186969,2.948220,40.262563,98037.810000,980.355205
-0.185347,2.935827,40.458625,98046.080000,980.420466
-0.214556,2.922129,40.655879,98041.940000,980.419807
-0.233747,2.906886,40.852063,98046.080000,980.445142
-0.275401,2.889539,41.045690,98050.210000,980.480344
-0.312002,2.869417,41.240098,98046.080000,980.468265
-0.353076,2.845674,41.441378,98058.480000,980.540288
-0.362480,2.820315,41.641560,98062.610000,980.593323
-0.401629,2.792469,41.843720,98054.350000,980.562531
-0.454468,2.763468,42.028753,98066.750000,980.627405
-0.503894,2.731207,42.211274,98058.480000,980.601074
-0.519242,2.696708,42.393628,98075.020000,980.693239
-0.465459,2.663529,42.576616,98066.750000,980.677331
-0.427252,2.633972,42.753921,98075.020000,980.722367
-0.522632,2.600102,42.936365,98066.750000,980.688457
-0.519923,2.564285,43.113904,98075.020000,980.726616
-0.492259,2.527525,43.299936,98079.150000,980.766717
-0.507693,2.493629,43.469426,98075.020000,980.756509
-0.506656,2.459740,43.634957,98075.020000,980.752610
-0.454465,2.427775,43.799726,98087.420000,980.827757
-0.472341,2.396361,43.962466,98083.280000,980.830874
-0.519391,2.362774,44.121754,98079.150000,980.806539
-0.531660,2.327666,44.277969,98091.550000,980.873881
-0.532331,2.291863,44.433389,98083.280000,980.848491
-0.501008,2.257592,44.585422,98099.820000,980.941016
-0.498473,2.224001,44.736136,98099.820000,980.976358
-0.518204,2.189630,44.884640,98095.680000,980.964270
-0.514287,2.155096,45.030095,98103.950000,981.010765
-0.513089,2.118778,45.181217,98103.950000,981.028524
-0.518722,2.082228,45.329837,98103.950000,981.035308
-0.496377,2.046726,45.475038,98112.220000,981.089010
-0.497076,2.012841,45.613476,98103.950000,981.058411
-0.493683,1.977761,45.754885,98108.090000,981.072310
-0.535921,1.941627,45.891015,98108.090000,981.077619
-0.511861,1.904072,46.029601,98112.220000,981.105172
-0.510626,1.868190,46.162022,98112.220000,981.115696
-0.519931,1.831858,46.292170,98112.220000,981.119716
-0.481002,1.796319,46.422218,98108.090000,981.095726
-0.501285,1.763121,46.541825,98108.090000,981.086563
-0.510410,1.729051,46.659150,98124.620000,981.185224
-0.523070,1.694461,46.773371,98116.350000,981.171798
-0.522470,1.659319,46.886112,98120.490000,981.192256
-0.490725,1.625422,46.996873,98124.620000,981.225595
-0.491730,1.592634,47.104243,98116.350000,981.187218
-0.541162,1.557836,47.209099,98124.620000,981.223671
-0.525998,1.521947,47.313040,98120.490000,981.212070
-0.527126,1.486256,47.414964,98128.760000,981.258750
-0.533383,1.450699,47.513285,98128.760000,981.276580
-0.527650,1.413523,47.613766,98132.890000,981.308916
-0.539807,1.375930,47.711729,98128.760000,981.295742
-0.517949,1.336011,47.814538,98124.620000,981.265123
-0.522792,1.297420,47.912071,98132.890000,981.304539
-0.538023,1.261083,47.999335,98132.890000,981.319595
-0.502315,1.224711,48.087019,98132.890000,981.325346
-0.516562,1.187067,48.175829,98137.020000,981.353067
-0.523597,1.151838,48.254888,98141.160000,981.389242
-0.487029,1.118025,48.331592,98145.290000,981.428585
-0.495039,1.085272,48.404912,98141.160000,981.418088
-0.503917,1.051737,48.476486,98145.290000,981.439603
-0.526640,1.016988,48.545840,98141.160000,981.422296
-0.522205,0.981805,48.612962,98141.160000,981.415686
-0.516057,0.947061,48.677610,98132.890000,981.362049
-0.522215,0.911973,48.740338,98153.560000,981.469309
-0.512851,0.877441,48.800182,98153.560000,981.510279
-0.523535,0.842743,48.857614,98132.890000,981.398181
-0.538777,0.806466,48.913724,98149.430000,981.457586
-0.510769,0.771670,48.966433,98141.160000,981.429165
-0.503044,0.737969,49.016721,98145.290000,981.443834
-0.509824,0.703865,49.065181,98145.290000,981.449437
-0.506139,0.669624,49.111518,98145.290000,981.451577
-0.498730,0.635937,49.155375,98145.290000,981.452395
-0.494372,0.602698,49.196883,98153.560000,981.503818
-0.524769,0.568367,49.236002,98161.830000,981.574572
-0.523752,0.530920,49.275271,98145.290000,981.499375
-0.532255,0.492187,49.312718,98157.690000,981.547288
-0.496092,0.455346,49.347015,98157.690000,981.565589
-0.520249,0.417695,49.379137,98153.560000,981.547055
-0.512176,0.383447,49.405788,98157.690000,981.565500
-0.503549,0.349175,49.430575,98153.560000,981.547021
-0.500823,0.315579,49.452830,98153.560000,981.539962
-0.519145,0.281206,49.472824,98149.430000,981.511741
-0.507733,0.246782,49.490590,98153.560000,981.526487
-0.509750,0.212417,49.506089,98149.430000,981.506594
-0.503771,0.178507,49.519197,98153.560000,981.524521
-0.518260,0.144124,49.529990,98157.690000,981.556893
-0.505938,0.109829,49.538539,98153.560000,981.543733
-0.452318,0.078010,49.544951,98149.430000,981.513182
-0.394318,0.050097,49.549345,98157.690000,981.552562
-0.356501,0.024989,49.551951,98157.690000,981.567604
-0.320477,0.002400,49.552939,98149.430000,981.522299
-0.308544,-0.020283,49.552313,98153.560000,981.530520
-0.255542,-0.040020,49.550256,98149.430000,981.508135
-0.209776,-0.055240,49.547143,98153.560000,981.525109
-0.208134,-0.069268,49.542962,98153.560000,981.531593
-0.156313,-0.081013,49.538037,98149.430000,981.508545
-0.059706,-0.087488,49.532556,98149.430000,981.499741
-0.022806,0.001538,49.526616,98145.290000,981.470792
-0.008711,0.000587,49.526713,98153.560000,981.510845
-0.003327,0.000225,49.526749,98153.560000,981.526145
-0.001271,0.000088,49.526764,98149.430000,981.506464
-0.000485,0.000035,49.526769,98157.690000,981.549996
-0.000185,0.000013,49.526772,98157.690000,981.566623
-0.064717,-0.002737,49.526560,98153.560000,981.547450
-0.024720,0.001663,49.526362,98145.290000,981.489015
-0.009442,0.000635,49.526466,98153.560000,981.517806
-0.003607,0.000242,49.526506,98161.830000,981.579915
-0.001378,0.000092,49.526521,98157.690000,981.578052
-0.000526,0.000035,49.526526,98153.560000,981.551815
-0.000201,0.000013,49.526529,98157.690000,981.567318
-0.000077,0.000005,49.526529,98157.690000,981.573240
-0.000029,0.000002,49.526530,98149.430000,981.524452
-0.000011,0.000001,49.526530,98153.560000,981.531342
-0.000004,0.000000,49.526530,98149.430000,981.508449
-0.000002,0.000000,49.526530,98157.690000,981.550754
-0.000001,0.000000,49.526530,98153.560000,981.541388
-0.000000,0.000000,49.526530,98149.430000,981.512286
-0.000000,0.000000,49.526530,98149.430000,981.501170
-0.000000,0.000000,49.526530,98145.290000,981.471338
-0.000000,0.000000,49.526530,98157.690000,981.536579
-0.000000,0.000000,49.526530,98157.690000,981.561499
-0.000000,0.000000,49.526530,98149.430000,981.519968
-0.000000,0.000000,49.526530,98145.290000,981.478518
-0.000000,0.000000,49.526530,98145.290000,981.462685
-0.000000,0.000000,49.526530,98149.430000,981.482224
-0.000000,0.000000,49.526530,98141.160000,981.438576
-0.000000,0.000000,49.526530,98149.430000,981.473015
-0.000000,0.000000,49.526530,98149.430000,981.486170
-0.000000,0.000000,49.526530,98157.690000,981.542244
-0.000000,0.000000,49.526530,98157.690000,981.563663
-0.000000,0.000000,49.526530,98153.560000,981.546319
-0.000000,0.000000,49.526530,98157.690000,981.565219
-0.000000,0.000000,49.526530,98149.430000,981.521389
0.097116,0.004252,49.526863,98153.560000,981.530172
0.037095,-0.002542,49.527169,98149.430000,981.508002
0.014169,-0.000997,49.527005,98157.690000,981.550583
-0.097014,-0.004957,49.526570,98157.690000,981.566848
-0.037056,0.002630,49.526199,98153.560000,981.547536
-0.014154,0.001003,49.526372,98149.430000,981.514634
-0.005406,0.000382,49.526438,98157.690000,981.553117
-0.002065,0.000142,49.526462,98157.690000,981.567816
-0.000789,0.000053,49.526471,98153.560000,981.547905
-0.000301,0.000020,49.526475,98157.690000,981.565825
-0.000115,0.000008,49.526476,98145.290000,981.496034
-0.000044,0.000003,49.526476,98149.430000,981.494962
-0.118933,-0.004950,49.526104,98153.560000,981.520078
-0.045428,0.003043,49.525737,98157.690000,981.555196
0.106968,0.006303,49.526310,98153.560000,981.543085
0.119576,0.014036,49.527016,98157.690000,981.563984
-0.031270,0.015823,49.527763,98165.960000,981.623078
-0.115356,0.010258,49.528488,98157.690000,981.594538
-0.044062,0.002952,49.529138,98153.560000,981.558112
-0.016830,0.001130,49.529322,98149.430000,981.518674
-0.006429,0.000435,49.529392,98157.690000,981.554660
-0.002455,0.000166,49.529420,98157.690000,981.568405
-0.000938,0.000063,49.529430,98157.690000,981.573655
-0.000358,0.000024,49.529434,98153.560000,981.550136
-0.000137,0.000010,49.529435,98153.560000,981.541152
-0.000052,0.000004,49.529436,98157.690000,981.563246
-0.000020,0.000001,49.529436,98153.560000,981.546160
-0.000008,0.000001,49.529436,98157.690000,981.565158
-0.063876,-0.002893,49.529204,98153.560000,981.546890
-0.024399,0.001703,49.528998,98145.290000,981.488801
0.073329,0.004214,49.529388,98149.430000,981.492200
0.028009,-0.001955,49.529708,98157.690000,981.544547
-0.058875,-0.003755,49.529342,98157.690000,981.564542
-0.089571,-0.009010,49.528856,98157.690000,981.572180
-0.034213,0.002320,49.528223,98153.560000,981.549572
-0.013068,0.000908,49.528369,98161.830000,981.592048
-0.004992,0.000337,49.528426,98149.430000,981.531637
-0.063922,-0.002467,49.528251,98161.830000,981.585198
-0.024416,0.001642,49.528066,98149.430000,981.529020
-0.009326,0.000629,49.528169,98153.560000,981.533087
-0.003562,0.000245,49.528209,98157.690000,981.560165
-0.001361,0.000094,49.528224,98149.430000,981.519458
-0.000520,0.000034,49.528230,98157.690000,981.554959
-0.000199,0.000014,49.528233,98153.560000,981.542995
-0.000076,0.000005,49.528233,98161.830000,981.589536
-0.000029,0.000002,49.528234,98157.690000,981.581726
-0.000011,0.000001,49.528234,98157.690000,981.578744
-0.080759,-0.003464,49.527969,98149.430000,981.526555
-0.030847,0.002152,49.527695,98165.960000,981.608781
-0.011783,0.000831,49.527835,98157.690000,981.589078
-0.004501,0.000306,49.527888,98161.830000,981.607138
-0.001719,0.000117,49.527907,98157.690000,981.588450
-0.000657,0.000044,49.527915,98149.430000,981.530262
-0.000251,0.000017,49.527917,98157.690000,981.559086
0.072016,0.002997,49.528143,98157.690000,981.570096
0.027508,-0.001846,49.528368,98153.560000,981.548776
-0.053454,-0.003360,49.528051,98153.560000,981.540633
-0.020417,0.001374,49.527809,98149.430000,981.511998
-0.007799,0.000521,49.527894,98153.560000,981.526585
-0.002979,0.000201,49.527927,98149.430000,981.506632
-0.001138,0.000077,49.527939,98165.960000,981.601171
-0.062630,-0.002614,49.527744,98149.430000,981.535121
-0.023922,-0.005331,49.527536,98157.690000,981.560942
-0.009138,-0.006394,49.527144,98141.160000,981.468644
-0.003490,0.000242,49.526702,98149.430000,981.484500
-0.001333,0.000093,49.526718,98157.690000,981.541606
-0.081546,-0.003468,49.526450,98149.430000,981.512369
-0.031148,0.002198,49.526171,98157.690000,981.552252
0.070734,0.004418,49.526584,98157.690000,981.567485
0.027018,-0.001830,49.526901,98153.560000,981.547779
-0.060212,-0.003646,49.526565,98149.430000,981.514727
-0.022999,0.001546,49.526300,98153.560000,981.527627
-0.008785,0.000595,49.526397,98170.100000,981.634778
-0.003355,0.000225,49.526434,98157.690000,981.599007
-0.001282,0.000086,49.526448,98161.830000,981.610931
-0.000490,0.000031,49.526453,98161.830000,981.615485
-0.000187,0.000013,49.526455,98149.430000,981.540589
-0.000071,0.000005,49.526456,98157.690000,981.563030
-0.000027,0.000002,49.526456,98157.690000,981.571602
-0.000010,0.000001,49.526456,98149.430000,981.523827
-0.000004,0.000000,49.526456,98157.690000,981.556628
-0.000002,0.000000,49.526456,98178.360000,981.696904
-0.000001,0.000000,49.526456,98165.960000,981.673849
-0.000000,0.000000,49.526456,98165.960000,981.665043
