time,dt,accel_x,accel_y,accel_z,union_g,gyro_x,gyro_y,gyro_z,pressure,temp,ag
378.8708,0.020087,-0.05985,0.002394,-9.870462,-9.870644,0,-0.003195,0.00213,99127.86,30.45,-0.046644
378.890883,0.020083,-0.026334,-0.028728,-9.865674,-9.865751,0.003195,-0.005325,0.003195,99127.86,30.45,-0.041751
378.911007,0.020125,-0.040698,0.050274,-9.83934,-9.839553,0,-0.00852,0.003195,99127.86,30.45,-0.015553
378.931237,0.020229,-0.043092,-0.033516,-9.793854,-9.794006,0.001065,-0.00852,0.001065,99127.86,30.45,0.029994
378.951392,0.020155,-0.067032,0.055062,-9.848916,-9.849298,0.00213,-0.007455,0.003195,99127.86,30.45,-0.025298
378.971519,0.020127,-0.100548,0.009576,-9.834552,-9.835071,-0.001065,-0.00426,0.001065,99127.86,30.45,-0.011071
378.99162,0.020101,-0.076608,-0.03591,-9.824976,-9.82534,0.003195,-0.00426,0.00213,99127.86,30.45,-0.00134
379.011722,0.020102,-0.090972,0.038304,-9.87525,-9.875743,0.001065,-0.005325,0.001065,99127.89,30.45,-0.051743
379.031814,0.020092,-0.062244,-0.040698,-9.793854,-9.794136,0,-0.00426,0.003195,99127.89,30.45,0.029864
379.051894,0.02008,-0.052668,-0.04788,-9.877644,-9.8779,0.001065,-0.00852,0.003195,99127.89,30.45,-0.0539
379.071999,0.020105,-0.07182,0.016758,-9.865674,-9.86595,0.001065,-0.005325,0.005325,99127.89,30.45,-0.04195
379.092095,0.020096,-0.086184,-0.019152,-9.82737,-9.827767,0,-0.00426,0.003195,99127.89,30.45,-0.003767
379.112397,0.020302,-0.069426,-0.01197,-9.829764,-9.830016,0.005325,-0.00426,0.00213,99127.89,30.45,-0.006016
379.132493,0.020096,-0.043092,0.01197,-9.88722,-9.887321,0.001065,-0.007455,0.007455,99127.98,30.45,-0.063321
379.152585,0.020092,-0.057456,0.019152,-9.829764,-9.829951,0.001065,-0.00639,0.003195,99127.98,30.45,-0.005951
379.172677,0.020092,-0.028728,0.009576,-9.836946,-9.836993,0.00426,-0.007455,0.00426,99127.98,30.45,-0.012993
379.192778,0.0201,-0.062244,0.009576,-9.86328,-9.863481,0.00426,-0.00852,0.003195,99127.98,30.45,-0.039481
379.212873,0.020095,-0.069426,-0.004788,-9.846522,-9.846768,0.00426,-0.00426,0.003195,99127.98,30.45,-0.022768
379.233401,0.020528,-0.021546,0.028728,-9.858492,-9.858557,0.001065,-0.00639,0.00426,99127.98,30.45,-0.034557
379.253488,0.020087,-0.076608,-0.028728,-9.76752,-9.767863,0,-0.00639,0.003195,99127.94,30.45,0.056137
379.273582,0.020095,-0.093366,0.026334,-9.868068,-9.868545,0.00213,-0.005325,-0.001065,99127.94,30.45,-0.044545
379.293672,0.020089,-0.112518,0.004788,-9.834552,-9.835197,-0.001065,-0.007455,0.00426,99127.94,30.45,-0.011197
379.313788,0.020117,-0.086184,-0.004788,-9.801036,-9.801416,0.001065,-0.00639,0.00213,99127.94,30.45,0.022584
379.3344,0.020611,-0.105336,0.031122,-9.853704,-9.854316,0.001065,-0.005325,0.001065,99127.94,30.45,-0.030316
379.356256,0.021856,-0.090972,-0.016758,-9.836946,-9.837381,0.00213,-0.00639,0.00639,99128.07,30.45,-0.013381
379.37634,0.020084,-0.057456,0.026334,-9.846522,-9.846725,0.00213,-0.007455,0.00426,99128.07,30.45,-0.022725
379.396435,0.020095,-0.045486,-0.016758,-9.801036,-9.801156,0.001065,-0.009585,-0.001065,99128.07,30.45,0.022844
379.416553,0.020118,-0.067032,-0.021546,-9.8154,-9.815653,0.00213,-0.005325,0.005325,99128.07,30.45,0.008347
379.436666,0.020113,-0.038304,0.009576,-9.870462,-9.870541,0.001065,-0.007455,0.005325,99128.07,30.45,-0.046541
379.456852,0.020186,-0.04788,-0.05985,-9.796248,-9.796548,0,-0.00639,0.00213,99128.07,30.45,0.027452
379.476943,0.02009,-0.074214,-0.016758,-9.83934,-9.839634,0.00213,-0.00639,0.001065,99127.97,30.45,-0.015634
379.497137,0.020194,-0.064638,0.019152,-9.865674,-9.865904,0.001065,-0.007455,0.00213,99127.97,30.45,-0.041904
379.517296,0.02016,-0.052668,-0.026334,-9.822582,-9.822758,0.003195,-0.007455,0.003195,99127.97,30.45,0.001242
379.537379,0.020082,-0.038304,0.014364,-9.83934,-9.839425,0.003195,-0.00213,0.00213,99127.97,30.45,-0.015425
379.55767,0.020291,-0.067032,0.014364,-9.868068,-9.868306,0.001065,-0.01278,0.003195,99127.97,30.45,-0.044306
379.577837,0.020167,-0.07182,0.02394,-9.882432,-9.882722,0.003195,-0.003195,0.003195,99128.19,30.45,-0.058722
379.597941,0.020104,-0.093366,0.019152,-9.836946,-9.837408,0.003195,-0.005325,0.00213,99128.19,30.45,-0.013408
379.618031,0.02009,-0.07182,-0.004788,-9.82737,-9.827634,0,-0.007455,0.001065,99128.19,30.45,-0.003634
379.638132,0.020101,-0.098154,-0.014364,-9.805824,-9.806326,0.003195,-0.00426,0.005325,99128.19,30.45,0.017674
379.658822,0.02069,-0.086184,0.033516,-9.82737,-9.827805,0.00213,-0.007455,0.00426,99128.19,30.45,-0.003805
379.680557,0.021735,-0.057456,-0.045486,-9.772308,-9.772583,0.003195,-0.00213,0.00213,99128.19,30.45,0.051417
379.70066,0.020103,-0.088578,0.031122,-9.817794,-9.818243,0.001065,-0.00426,0.00213,99128.32,30.45,0.005757
379.720791,0.020131,-0.064638,0.007182,-9.853704,-9.853919,0.001065,-0.003195,0.003195,99128.32,30.45,-0.029919
379.740877,0.020086,-0.055062,-0.007182,-9.813006,-9.813163,0.003195,-0.005325,0.001065,99128.32,30.45,0.010837
379.76105,0.020173,-0.067032,0.019152,-9.88722,-9.887466,0.001065,-0.00852,0.003195,99128.32,30.45,-0.063466
379.781343,0.020293,-0.04788,-0.02394,-9.829764,-9.82991,0.007455,-0.005325,0.00426,99128.32,30.45,-0.00591
379.801434,0.020091,-0.057456,0.004788,-9.844128,-9.844297,0.001065,-0.005325,0.003195,99128.32,30.45,-0.020297
379.821554,0.02012,-0.05985,0.045486,-9.865674,-9.86596,0.001065,-0.00426,0.00426,99128.48,30.45,-0.04196
379.841656,0.020102,-0.064638,-0.045486,-9.79146,-9.791779,0.00213,-0.00213,0.003195,99128.48,30.45,0.032221
379.861774,0.020119,-0.07182,-0.016758,-9.865674,-9.86595,0.001065,-0.007455,0.001065,99128.48,30.45,-0.04195
379.881952,0.020178,-0.067032,-0.03591,-9.80343,-9.803725,0.00213,-0.00852,0.00213,99128.48,30.45,0.020275
379.902059,0.020107,-0.067032,0.007182,-9.856098,-9.856329,0,-0.003195,0.001065,99128.48,30.45,-0.032329
379.922151,0.020093,-0.102942,0.002394,-9.846522,-9.84706,0,-0.00639,0.00213,99128.48,30.45,-0.02306
379.942239,0.020088,-0.07182,-0.021546,-9.805824,-9.806111,0.00213,-0.00213,0.001065,99128.48,30.45,0.017889
379.962555,0.020316,-0.09576,0.03591,-9.848916,-9.849447,0.001065,-0.005325,0.003195,99128.48,30.45,-0.025447
379.983104,0.020549,-0.076608,0.016758,-9.836946,-9.837259,0.003195,-0.00639,0.003195,99128.48,30.45,-0.013259
380.004976,0.021872,-0.079002,-0.016758,-9.805824,-9.806157,0.003195,-0.00639,0.00213,99128.48,30.45,0.017843
380.025064,0.020088,-0.081396,0.01197,-9.83934,-9.839684,0.00213,-0.00639,0.005325,99128.48,30.45,-0.015684
380.045164,0.020101,-0.052668,-0.009576,-9.817794,-9.81794,0,-0.003195,0,99128.6,30.45,0.00606
380.065326,0.020162,-0.040698,-0.033516,-9.87525,-9.875391,0.003195,-0.00426,0.00426,99128.6,30.45,-0.051391
380.085414,0.020088,-0.028728,0.026334,-9.83934,-9.839417,0.001065,-0.007455,0.003195,99128.6,30.45,-0.015417
380.105656,0.020242,-0.050274,-0.01197,-9.824976,-9.825112,0.003195,-0.00426,0.00426,99128.6,30.45,-0.001112
380.12574,0.020085,-0.069426,0.01197,-9.860886,-9.861138,0,-0.00426,0.005325,99128.6,30.45,-0.037138
380.145866,0.020126,-0.067032,-0.031122,-9.83934,-9.839618,0.003195,-0.00639,0.001065,99128.6,30.45,-0.015618
380.166091,0.020225,-0.076608,-0.031122,-9.805824,-9.806173,-0.001065,-0.003195,0.00426,99128.76,30.45,0.017827
380.186176,0.020085,-0.067032,-0.009576,-9.844128,-9.844361,0,-0.00639,0.00213,99128.76,30.45,-0.020361
380.206388,0.020212,-0.079002,-0.016758,-9.808218,-9.80855,0.00213,-0.005325,0.00213,99128.76,30.45,0.01545
380.226507,0.020119,-0.07182,-0.004788,-9.834552,-9.834815,0.001065,-0.005325,0.001065,99128.76,30.45,-0.010815
380.246595,0.020087,-0.069426,0.03591,-9.872856,-9.873165,0.003195,-0.005325,0.005325,99128.76,30.45,-0.049165
380.26673,0.020135,-0.057456,-0.033516,-9.8154,-9.815625,0.00426,-0.003195,0,99128.82,30.45,0.008375
380.286848,0.020118,-0.09576,0.01197,-9.841734,-9.842207,0.00213,-0.005325,0.001065,99128.82,30.45,-0.018207
380.307181,0.020333,-0.081396,-0.028728,-9.822582,-9.822961,0.003195,-0.00639,0.00426,99128.82,30.45,0.001039
380.329306,0.022125,-0.074214,0.019152,-9.844128,-9.844426,0.00426,-0.005325,0.00213,99128.82,30.45,-0.020426
380.349395,0.020089,-0.062244,0.007182,-9.86328,-9.863479,0.00213,-0.007455,0.003195,99128.82,30.45,-0.039479
380.369587,0.020192,-0.057456,-0.03591,-9.820188,-9.820422,0.001065,-0.005325,0.003195,99128.82,30.45,0.003578
380.389672,0.020085,-0.067032,0.01197,-9.870462,-9.870697,0.00213,-0.00213,0.00213,99128.87,30.45,-0.046697
380.409766,0.020094,-0.055062,-0.031122,-9.8154,-9.815604,0.001065,-0.00852,0.003195,99128.87,30.45,0.008396
380.429993,0.020227,-0.04788,-0.02394,-9.808218,-9.808364,0.00213,-0.005325,0.003195,99128.87,30.45,0.015636
380.450123,0.020131,-0.05985,-0.01197,-9.85131,-9.851499,0,-0.005325,0.00426,99128.87,30.45,-0.027499
380.470209,0.020086,-0.033516,-0.031122,-9.8154,-9.815507,0.001065,-0.003195,0.001065,99128.87,30.45,0.008493
380.4903,0.020091,-0.050274,-0.026334,-9.805824,-9.805988,0.00426,-0.00426,0.00213,99128.87,30.45,0.018012
380.510408,0.020108,-0.074214,0.007182,-9.86328,-9.863562,0.00426,-0.007455,0.00213,99129,30.45,-0.039562
380.530771,0.020363,-0.055062,-0.016758,-9.808218,-9.808387,0.001065,-0.003195,0.00213,99129,30.45,0.015613
380.550859,0.020088,-0.07182,0.014364,-9.889614,-9.889885,0.001065,-0.00852,0.005325,99129,30.45,-0.065885
380.570964,0.020105,-0.09576,-0.02394,-9.822582,-9.823078,0.00213,-0.00852,0.00426,99129,30.45,0.000922
380.591094,0.020131,-0.050274,0.014364,-9.83934,-9.839479,0,-0.00213,0.00213,99129,30.45,-0.015479
380.611189,0.020094,-0.05985,0.019152,-9.865674,-9.865874,0,-0.00852,0.003195,99128.94,30.45,-0.041874
380.631288,0.0201,-0.052668,-0.026334,-9.796248,-9.796425,0.00213,-0.00426,0.00213,99128.94,30.45,0.027575
380.651369,0.020081,-0.069426,-0.01197,-9.829764,-9.830016,-0.001065,-0.007455,0.00213,99128.94,30.45,-0.006016
380.671536,0.020167,-0.055062,0.021546,-9.836946,-9.837124,0.00213,-0.00639,0.00426,99128.94,30.45,-0.013124
380.691654,0.020118,-0.069426,-0.02394,-9.789066,-9.789341,0.001065,-0.00639,0.005325,99128.94,30.45,0.034659
380.711742,0.020089,-0.08379,0.033516,-9.848916,-9.849329,0.001065,-0.005325,0.00426,99128.94,30.45,-0.025329
380.731921,0.020178,-0.069426,-0.002394,-9.829764,-9.830009,0.001065,-0.005325,0.005325,99129.11,30.45,-0.006009
380.752009,0.020088,-0.062244,0.028728,-9.846522,-9.846761,0,-0.005325,0.00426,99129.11,30.45,-0.022761
380.772118,0.020109,-0.057456,0.021546,-9.860886,-9.861077,0.003195,-0.007455,0.003195,99129.11,30.45,-0.037077
380.792202,0.020084,-0.052668,-0.026334,-9.824976,-9.825152,0.001065,-0.00852,0.001065,99129.11,30.45,-0.001152
380.812289,0.020087,-0.038304,-0.019152,-9.829764,-9.829857,0.005325,-0.00639,0.00426,99129.11,30.45,-0.005857
380.832649,0.020361,-0.04788,0.016758,-9.817794,-9.817925,0.00213,-0.007455,0.005325,99129.11,30.45,0.006075
380.852807,0.020158,-0.057456,-0.002394,-9.83934,-9.839508,0.003195,-0.00426,0,99129.21,30.45,-0.015508
380.872906,0.020099,-0.040698,0.03591,-9.894402,-9.894551,0.003195,-0.005325,0.005325,99129.21,30.45,-0.070551
380.892992,0.020086,-0.079002,-0.019152,-9.80343,-9.803767,0.003195,-0.00852,0.00213,99129.21,30.45,0.020233
380.913079,0.020088,-0.040698,0,-9.836946,-9.83703,0.00213,-0.00426,0.00426,99129.21,30.45,-0.01303
380.933409,0.02033,-0.079002,0.026334,-9.83934,-9.839692,0.001065,-0.005325,0.001065,99129.21,30.45,-0.015692
380.953523,0.020114,-0.062244,-0.021546,-9.793854,-9.794075,0.001065,-0.003195,0.00213,99129.21,30.45,0.029925
380.973613,0.020089,-0.07182,-0.002394,-9.836946,-9.837208,0.00213,-0.003195,0.003195,99129.21,30.45,-0.013208
380.993701,0.020088,-0.079002,0.007182,-9.868068,-9.868387,0.001065,-0.00426,0.00426,99129.21,30.45,-0.044387
381.013802,0.020101,-0.050274,-0.021546,-9.8154,-9.815552,0.003195,-0.00426,0.001065,99129.21,30.45,0.008448
381.033989,0.020187,-0.064638,0.019152,-9.844128,-9.844359,0.003195,-0.005325,0.00213,99129.21,30.45,-0.020359
381.054076,0.020087,-0.067032,-0.043092,-9.808218,-9.808542,0,-0.00213,0.00213,99129.21,30.45,0.015458
381.074186,0.02011,-0.100548,-0.028728,-9.77949,-9.780049,0.001065,-0.00639,0.00426,99129.19,30.45,0.043951
381.094306,0.020119,-0.074214,0.019152,-9.860886,-9.861184,0.003195,-0.00426,0,99129.19,30.45,-0.037184
381.114409,0.020104,-0.074214,-0.002394,-9.836946,-9.837226,0.00426,-0.005325,0.00213,99129.19,30.45,-0.013226
381.134683,0.020274,-0.057456,0.026334,-9.834552,-9.834755,0.003195,-0.00426,0.003195,99129.19,30.45,-0.010755
381.15478,0.020097,-0.062244,-0.014364,-9.817794,-9.818002,0,-0.00852,0.001065,99129.19,30.45,0.005998
381.174868,0.020087,-0.090972,-0.004788,-9.844128,-9.84455,0.003195,-0.005325,0.00426,99129.5,30.45,-0.02055
381.194984,0.020116,-0.081396,-0.02394,-9.848916,-9.849281,0.005325,-0.00426,0.00213,99129.5,30.45,-0.025281
381.215094,0.02011,-0.07182,0.007182,-9.8154,-9.815665,0,-0.005325,0.003195,99129.5,30.45,0.008335
381.235406,0.020312,-0.057456,-0.028728,-9.817794,-9.818004,0.003195,-0.003195,0.00213,99129.5,30.45,0.005996
381.255491,0.020085,-0.079002,0.02394,-9.858492,-9.858838,-0.001065,-0.005325,0.00426,99129.5,30.45,-0.034838
381.275582,0.020091,-0.05985,-0.033516,-9.822582,-9.822822,0.001065,-0.00426,0.00639,99129.5,30.45,0.001178
381.295676,0.020094,-0.062244,0.007182,-9.82737,-9.82757,0.00213,-0.001065,0.001065,99129.63,30.45,-0.00357
381.315769,0.020093,-0.067032,0.02394,-9.85131,-9.851567,0.001065,-0.00426,0.003195,99129.63,30.45,-0.027567
381.335918,0.020149,-0.052668,-0.014364,-9.805824,-9.805976,0,-0.007455,0.001065,99129.63,30.45,0.018024
381.356029,0.02011,-0.040698,0.026334,-9.829764,-9.829884,0.001065,-0.007455,0.00213,99129.63,30.45,-0.005884
381.376138,0.02011,-0.079002,-0.009576,-9.858492,-9.858813,0,-0.005325,0.003195,99129.63,30.45,-0.034813
381.396226,0.020088,-0.062244,-0.019152,-9.832158,-9.832374,0.003195,-0.00426,0.003195,99129.63,30.45,-0.008374
381.416349,0.020123,-0.031122,0.040698,-9.880038,-9.880171,0.001065,-0.00639,0.003195,99129.76,30.45,-0.056171
381.436533,0.020185,-0.069426,0,-9.85131,-9.851555,0.001065,-0.00426,0.00213,99129.76,30.45,-0.027555
381.456616,0.020083,-0.057456,-0.009576,-9.872856,-9.873028,0.00426,-0.005325,0.00426,99129.76,30.45,-0.049028
381.476723,0.020107,-0.05985,0.03591,-9.856098,-9.856345,0.001065,-0.007455,0.00426,99129.76,30.45,-0.032345
381.496837,0.020113,-0.067032,-0.016758,-9.82737,-9.827613,0.00213,-0.00426,0.003195,99129.76,30.45,-0.003613
381.516931,0.020095,-0.062244,-0.009576,-9.870462,-9.870663,0.001065,-0.005325,0.003195,99129.76,30.45,-0.046663
381.537348,0.020416,-0.074214,-0.007182,-9.793854,-9.794138,0.001065,-0.007455,0.00213,99129.85,30.45,0.029862
381.55743,0.020082,-0.098154,-0.021546,-9.813006,-9.813521,0.003195,-0.00639,0.00213,99129.85,30.45,0.010479
381.577515,0.020085,-0.090972,0.01197,-9.870462,-9.870888,0.001065,-0.005325,0.00426,99129.85,30.45,-0.046888
381.597608,0.020094,-0.093366,-0.004788,-9.820188,-9.820633,0.00213,-0.005325,0.003195,99129.85,30.45,0.003367
381.617704,0.020096,-0.062244,0.002394,-9.813006,-9.813204,0.00426,-0.005325,0.003195,99129.85,30.45,0.010796
381.638833,0.021128,-0.062244,0.033516,-9.86328,-9.863533,0.00213,-0.005325,0.003195,99129.73,30.45,-0.039533
381.660331,0.021498,-0.07182,-0.004788,-9.834552,-9.834815,0.003195,-0.00213,0.003195,99129.73,30.45,-0.010815
381.680428,0.020097,-0.081396,0.019152,-9.870462,-9.870816,0.001065,-0.00639,0.003195,99129.73,30.45,-0.046816
381.700518,0.02009,-0.076608,0.01197,-9.781884,-9.782191,0.001065,-0.007455,0.00426,99129.73,30.45,0.041809
381.720634,0.020116,-0.05985,-0.014364,-9.832158,-9.832351,0.00213,-0.005325,0.00213,99129.73,30.45,-0.008351
381.740734,0.0201,-0.07182,-0.019152,-9.856098,-9.856378,0.00213,-0.007455,0.00213,99129.73,30.45,-0.032378
381.761071,0.020336,-0.062244,-0.033516,-9.808218,-9.808473,0.00213,-0.00639,0.00213,99129.79,30.45,0.015527
381.783321,0.02225,-0.057456,0.004788,-9.877644,-9.877812,0.003195,-0.00852,0.003195,99129.79,30.45,-0.053812
381.80343,0.020109,-0.045486,-0.009576,-9.786672,-9.786782,0.003195,-0.005325,0.005325,99129.79,30.45,0.037218
381.823564,0.020134,-0.04788,-0.028728,-9.832158,-9.832317,0.003195,-0.00426,0.003195,99129.79,30.45,-0.008317
381.843663,0.020099,-0.090972,0.026334,-9.820188,-9.820645,0.001065,-0.00639,0.00426,99129.79,30.45,0.003355
381.864,0.020337,-0.07182,0.002394,-9.817794,-9.818057,0.00213,-0.003195,0.00213,99129.61,30.45,0.005943
381.884524,0.020524,-0.064638,0.021546,-9.889614,-9.889849,0,-0.005325,0.003195,99129.61,30.45,-0.065849
381.906397,0.021873,-0.076608,-0.019152,-9.810612,-9.81093,0,-0.00213,0.001065,99129.61,30.45,0.01307
381.926493,0.020096,-0.081396,0.016758,-9.868068,-9.868418,0.003195,-0.005325,0.00426,99129.61,30.45,-0.044418
381.946602,0.020109,-0.064638,0.043092,-9.85131,-9.851616,0.00213,-0.00852,0.00213,99129.61,30.45,-0.027616
381.9667,0.020098,-0.05985,-0.016758,-9.793854,-9.794051,0.003195,-0.00426,0.00213,99129.61,30.45,0.029949
381.986808,0.020108,-0.04788,-0.038304,-9.82737,-9.827561,0.001065,-0.007455,0.005325,99129.71,30.45,-0.003561
382.00703,0.020222,-0.057456,0.016758,-9.80343,-9.803613,0,-0.009585,0.003195,99129.71,30.45,0.020387
382.027132,0.020102,-0.05985,0.004788,-9.848916,-9.849099,0.00213,-0.003195,0.00213,99129.71,30.45,-0.025099
382.047217,0.020085,-0.045486,-0.009576,-9.85131,-9.85142,0.001065,-0.00426,0.00426,99129.71,30.45,-0.02742
382.06732,0.020103,-0.043092,-0.004788,-9.79146,-9.791556,0.00213,-0.00639,0.003195,99129.71,30.45,0.032444
382.087497,0.020177,-0.067032,0.045486,-9.79146,-9.791795,0.00213,-0.00426,0.00213,99129.71,30.45,0.032205
382.10767,0.020174,0,0.004788,-9.817794,-9.817795,0.001065,-0.005325,0.00213,99129.52,30.45,0.006205
382.127771,0.020101,-0.055062,0.026334,-9.79146,-9.79165,-0.001065,-0.00426,0.003195,99129.52,30.45,0.03235
382.147867,0.020096,0.016758,0.165186,-9.870462,-9.871858,-0.00213,-0.007455,0.003195,99129.52,30.45,-0.047858
382.167966,0.020099,0.03591,0.050274,-9.920736,-9.920928,-0.003195,-0.005325,0.003195,99129.52,30.45,-0.096928
382.188072,0.020106,-0.086184,-0.076608,-9.903978,-9.904649,0.001065,-0.00213,0.005325,99129.52,30.45,-0.080649
382.208366,0.020294,-0.07182,0.014364,-9.824976,-9.825249,-0.001065,-0.003195,0.005325,99129.64,30.45,-0.001249
382.228466,0.0201,-0.064638,-0.016758,-9.65979,-9.660021,0.00213,-0.005325,0.00639,99129.64,30.45,0.163979
382.248604,0.020139,-0.100548,-0.040698,-9.702882,-9.703488,0.003195,-0.00426,0.00639,99129.64,30.45,0.120512
382.268716,0.020112,-0.09576,-0.014364,-9.87525,-9.875725,0.00213,-0.00852,0.00639,99129.64,30.45,-0.051725
382.288831,0.020115,-0.148428,-0.067032,-9.918342,-9.919679,0.001065,-0.003195,0.003195,99129.64,30.45,-0.095679
382.309239,0.020408,-0.148428,-0.028728,-9.882432,-9.883588,0.003195,-0.007455,0.001065,99129.64,30.45,-0.059588
382.331337,0.022099,-0.136458,-0.076608,-9.774702,-9.775955,0.00213,-0.00852,0.00213,99129.56,30.45,0.048045
382.351434,0.020097,-0.086184,-0.019152,-9.76752,-9.767919,0,-0.007455,0.003195,99129.56,30.45,0.056081
382.371542,0.020107,-0.093366,0.014364,-9.841734,-9.842187,0.001065,-0.00639,0.003195,99129.56,30.45,-0.018187
382.391626,0.020085,-0.079002,-0.07182,-9.889614,-9.89019,0.001065,-0.00852,0.001065,99129.56,30.45,-0.06619
382.41172,0.020093,-0.064638,0.016758,-9.88722,-9.887445,0.003195,-0.007455,0.003195,99129.56,30.45,-0.063445
382.432008,0.020289,-0.057456,-0.01197,-9.829764,-9.829939,0.00213,-0.007455,0.003195,99129.42,30.44,-0.005939
382.452113,0.020104,-0.01197,-0.02394,-9.796248,-9.796285,0.003195,-0.005325,-0.00213,99129.42,30.44,0.027715
382.472205,0.020092,-0.004788,0.02394,-9.880038,-9.880068,0.00213,-0.009585,0.00213,99129.42,30.44,-0.056068
382.492313,0.020108,-0.033516,-0.01197,-9.884826,-9.88489,0.00213,-0.005325,0.00213,99129.42,30.44,-0.06089
382.512411,0.020098,-0.01197,-0.009576,-9.834552,-9.834564,0.00213,-0.00639,0.001065,99129.42,30.44,-0.010564
382.532697,0.020286,-0.016758,0.043092,-9.77949,-9.779599,-0.001065,-0.005325,0.00213,99129.42,30.44,0.044401
382.552787,0.02009,-0.045486,0.026334,-9.772308,-9.772449,0.00213,-0.00639,0.00426,99129.4,30.45,0.051551
382.572881,0.020095,-0.026334,0.07182,-9.882432,-9.882728,0,-0.005325,0.00213,99129.4,30.45,-0.058728
382.592972,0.02009,-0.055062,0.03591,-9.86328,-9.863499,0.001065,-0.00852,0.00213,99129.4,30.45,-0.039499
382.613092,0.02012,-0.08379,0.021546,-9.836946,-9.837326,0.001065,-0.005325,0.003195,99129.4,30.45,-0.013326
382.633392,0.0203,-0.09576,0.033516,-9.82737,-9.827894,0.001065,-0.00639,0.003195,99129.4,30.45,-0.003894
382.653477,0.020086,-0.079002,-0.02394,-9.793854,-9.794202,0.00213,-0.007455,0.00426,99129.4,30.45,0.029798
382.673568,0.02009,-0.09576,-0.028728,-9.836946,-9.837454,0.001065,-0.00639,0.00213,99129.29,30.44,-0.013454
382.693651,0.020084,-0.122094,-0.014364,-9.903978,-9.904741,0.00213,-0.00639,0.005325,99129.29,30.44,-0.080741
382.713717,0.020066,-0.086184,-0.067032,-9.801036,-9.801644,0.00213,-0.005325,0.001065,99129.29,30.44,0.022356
382.734044,0.020327,-0.076608,0.009576,-9.810612,-9.810916,0.005325,-0.00426,0.005325,99129.29,30.44,0.013084
382.754196,0.020152,-0.074214,-0.07182,-9.777096,-9.777641,0.001065,-0.00426,0.00213,99129.29,30.44,0.046359
382.774302,0.020106,-0.038304,-0.076608,-9.805824,-9.806198,0.00213,-0.003195,0.00213,99129.29,30.45,0.017802
382.794399,0.020097,-0.019152,-0.01197,-9.858492,-9.858518,0.00639,-0.01065,0.003195,99129.29,30.45,-0.034518
382.814502,0.020104,0.040698,-0.050274,-9.786672,-9.786886,0.00426,-0.00213,0.00426,99129.29,30.45,0.037114
382.83478,0.020278,-0.016758,0.03591,-9.99495,-9.995029,0.003195,-0.00426,0.00213,99129.29,30.45,-0.171029
382.854861,0.02008,-0.043092,0.081396,-9.913554,-9.913982,0.001065,-0.00852,0,99129.29,30.45,-0.089982
382.875012,0.020151,-0.040698,-0.004788,-9.669366,-9.669453,-0.001065,-0.005325,0.00213,99129.29,30.45,0.154547
382.89511,0.020098,-0.055062,0.062244,-9.777096,-9.777449,0.00213,-0.00639,0.003195,99129.31,30.44,0.046551
382.915215,0.020105,-0.117306,0.01197,-9.781884,-9.782595,0.00213,-0.00852,0.003195,99129.31,30.44,0.041405
382.935371,0.020156,-0.08379,-0.062244,-9.844128,-9.844681,0.001065,-0.00213,0.003195,99129.31,30.44,-0.020681
382.955457,0.020087,-0.088578,0.026334,-9.889614,-9.890046,0.001065,-0.009585,0.005325,99129.31,30.44,-0.066046
382.975545,0.020088,-0.110124,0,-9.798642,-9.799261,0.00426,-0.00426,0.003195,99129.31,30.44,0.024739
382.995652,0.020107,-0.134064,-0.016758,-9.769914,-9.770848,0.00426,-0.005325,0.003195,99129.31,30.44,0.053152
383.015753,0.020101,-0.122094,0.009576,-9.880038,-9.880797,0.00213,-0.005325,0.003195,99129.26,30.44,-0.056797
383.035967,0.020214,-0.110124,-0.057456,-9.884826,-9.885606,0,-0.003195,0.003195,99129.26,30.44,-0.061606
383.056054,0.020088,-0.052668,-0.002394,-9.91116,-9.9113,0,-0.007455,0.003195,99129.26,30.44,-0.0873
383.076211,0.020156,-0.069426,0.01197,-9.844128,-9.84438,-0.001065,-0.009585,0.00426,99129.26,30.44,-0.02038
383.096303,0.020093,-0.019152,-0.028728,-9.748368,-9.748429,0.001065,-0.00426,0.00213,99129.26,30.44,0.075571
383.116527,0.020224,-0.026334,-0.016758,-9.853704,-9.853753,0.001065,-0.00852,0.003195,99129.18,30.44,-0.029753
383.137084,0.020557,-0.026334,0.004788,-9.865674,-9.86571,0.00213,-0.005325,0.003195,99129.18,30.44,-0.04171
383.159019,0.021936,-0.021546,-0.016758,-9.884826,-9.884864,0.003195,-0.00639,0.00426,99129.18,30.44,-0.060864
383.179114,0.020095,-0.038304,0.016758,-9.784278,-9.784367,0,-0.007455,0.00213,99129.18,30.44,0.039633
383.199236,0.020122,-0.031122,-0.009576,-9.76752,-9.767574,0.00213,-0.005325,0.00426,99129.18,30.44,0.056426
383.219333,0.020097,-0.064638,0.040698,-9.846522,-9.846818,0.00213,-0.005325,0.00426,99129.18,30.44,-0.022818
383.239523,0.02019,-0.07182,0.04788,-9.860886,-9.861264,0.003195,-0.007455,0.00213,99129.31,30.44,-0.037264
383.259689,0.020166,-0.090972,0.01197,-9.836946,-9.837374,0.003195,-0.003195,0.00426,99129.31,30.44,-0.013374
383.279831,0.020142,-0.102942,0.016758,-9.786672,-9.787228,0.001065,-0.009585,0.00426,99129.31,30.44,0.036772
383.299915,0.020083,-0.100548,0.02394,-9.796248,-9.796793,0,-0.00426,0.00213,99129.31,30.44,0.027207
383.320021,0.020107,-0.055062,0.016758,-9.892008,-9.892175,0.003195,-0.005325,0.00213,99129.31,30.44,-0.068175
383.340227,0.020205,-0.090972,-0.009576,-9.841734,-9.842159,0,-0.00852,0.00213,99129.31,30.44,-0.018159
383.360854,0.020627,-0.045486,-0.028728,-9.822582,-9.822729,0,-0.003195,0.00426,99129.45,30.44,0.001271
383.382752,0.021898,-0.043092,0.004788,-9.829764,-9.82986,0,-0.007455,0.00426,99129.45,30.44,-0.00586
383.402892,0.02014,-0.088578,-0.02394,-9.801036,-9.801465,0.00213,-0.00426,0.003195,99129.45,30.44,0.022535
383.422981,0.020089,-0.05985,-0.026334,-9.829764,-9.829981,0.00213,-0.00852,0.003195,99129.45,30.44,-0.005981
383.443094,0.020114,-0.10773,-0.007182,-9.894402,-9.894991,0,-0.01065,0.003195,99129.45,30.44,-0.070991
383.463294,0.0202,-0.069426,-0.040698,-9.901584,-9.901911,0.001065,-0.00426,0.001065,99129.63,30.44,-0.077911
383.483621,0.020327,-0.05985,0,-9.841734,-9.841916,0.00213,-0.00639,0,99129.63,30.44,-0.017916
383.505774,0.022153,-0.02394,-0.033516,-9.70767,-9.707757,0.001065,-0.00639,0.001065,99129.63,30.44,0.116243
383.525867,0.020093,-0.014364,0.019152,-9.762732,-9.762761,0.001065,-0.00639,0.003195,99129.63,30.44,0.061239
383.545964,0.020097,-0.069426,0.028728,-9.87525,-9.875536,0.001065,-0.00639,0.005325,99129.63,30.44,-0.051536
383.566063,0.020099,-0.050274,-0.009576,-9.89919,-9.899322,0.001065,-0.00213,-0.001065,99129.63,30.44,-0.075322
383.586155,0.020092,-0.05985,0.04788,-9.901584,-9.901881,-0.001065,-0.003195,0,99129.73,30.44,-0.077881
383.606534,0.020379,-0.004788,0.040698,-9.772308,-9.772394,0.00426,-0.00426,-0.001065,99129.73,30.44,0.051606
383.626626,0.020091,-0.052668,0.03591,-9.83934,-9.839546,0.001065,-0.003195,0.00213,99129.73,30.44,-0.015546
383.646722,0.020097,-0.10773,-0.004788,-9.877644,-9.878233,0,-0.00852,0.00213,99129.73,30.44,-0.054233
383.666837,0.020114,-0.069426,0.002394,-9.848916,-9.849161,0.001065,-0.001065,0.00213,99129.73,30.44,-0.025161
383.686945,0.020108,-0.069426,-0.050274,-9.870462,-9.870834,0.001065,-0.00639,0.005325,99129.73,30.44,-0.046834
383.707114,0.020169,-0.100548,0.004788,-9.76752,-9.768039,0,-0.005325,0.003195,99129.64,30.44,0.055961
383.727226,0.020112,-0.04788,-0.02394,-9.75555,-9.755697,0.001065,-0.005325,0.003195,99129.64,30.44,0.068303
383.747354,0.020128,-0.067032,-0.007182,-9.834552,-9.834783,0.001065,-0.00852,0.00426,99129.64,30.44,-0.010783
383.767476,0.020121,-0.079002,-0.021546,-9.80343,-9.803772,0.001065,-0.00639,0.003195,99129.64,30.44,0.020228
383.787677,0.020201,-0.079002,0.01197,-9.865674,-9.865998,0.00426,-0.00426,0.00426,99129.64,30.44,-0.041998
383.80818,0.020503,-0.081396,0.014364,-9.868068,-9.868414,0.003195,-0.007455,0.00426,99129.55,30.44,-0.044414
383.828292,0.020112,-0.052668,0.01197,-9.786672,-9.786821,0.001065,-0.00426,0.003195,99129.55,30.44,0.037179
383.848397,0.020105,-0.09576,0.040698,-9.868068,-9.868617,-0.001065,-0.005325,0.003195,99129.55,30.44,-0.044617
383.868662,0.020265,-0.057456,0.002394,-9.892008,-9.892175,0.001065,-0.00639,0.00213,99129.55,30.44,-0.068175
383.888796,0.020134,-0.05985,-0.040698,-9.844128,-9.844394,0.00426,-0.00426,0.001065,99129.55,30.44,-0.020394
383.909071,0.020275,-0.079002,0.002394,-9.841734,-9.842051,0.001065,-0.00852,0.00213,99129.55,30.44,-0.018051
383.929162,0.020091,-0.081396,-0.045486,-9.82737,-9.827812,0.003195,-0.007455,0.003195,99129.61,30.44,-0.003812
383.94949,0.020328,-0.08379,-0.093366,-9.841734,-9.842534,0.00213,-0.005325,0.00426,99129.61,30.44,-0.018534
383.969588,0.020099,-0.067032,-0.016758,-9.8154,-9.815643,0,-0.00852,0.003195,99129.61,30.44,0.008357
383.989904,0.020316,-0.019152,-0.02394,-9.82737,-9.827418,0.003195,-0.007455,0.005325,99129.61,30.44,-0.003418
384.010014,0.020109,-0.043092,0.03591,-9.832158,-9.832318,0.00213,-0.005325,0.00426,99129.61,30.44,-0.008318
384.031638,0.021625,-0.055062,0.002394,-9.860886,-9.86104,0,-0.00639,0.003195,99129.74,30.44,-0.03704
384.053887,0.022249,-0.064638,0.009576,-9.908766,-9.908981,0.001065,-0.00639,0.00213,99129.74,30.44,-0.084981
384.073969,0.020081,-0.040698,0.040698,-9.757944,-9.758114,0.00213,-0.007455,0.005325,99129.74,30.44,0.065886
384.094082,0.020113,-0.067032,0.069426,-9.865674,-9.866146,0.001065,-0.007455,0.001065,99129.74,30.44,-0.042146
384.114196,0.020114,-0.093366,-0.002394,-9.796248,-9.796693,0.00426,0,0.00426,99129.74,30.44,0.027307
384.13428,0.020084,-0.090972,0.019152,-9.789066,-9.789507,0.001065,-0.007455,0.005325,99129.74,30.44,0.034493
384.154846,0.020566,-0.138852,0.081396,-9.856098,-9.857412,-0.00213,-0.005325,0.001065,99129.73,30.44,-0.033412
384.17682,0.021975,-0.098154,-0.007182,-9.786672,-9.787167,0.00213,-0.00639,0.00213,99129.73,30.44,0.036833
384.196905,0.020084,-0.090972,-0.052668,-9.829764,-9.830326,0.00213,0,0.00213,99129.73,30.44,-0.006326
384.216987,0.020083,-0.158004,0.090972,-9.877644,-9.879327,0.001065,-0.00426,0.00213,99129.73,30.44,-0.055327
384.23709,0.020103,-0.050274,-0.057456,-9.846522,-9.846818,0.001065,-0.00639,0,99129.73,30.44,-0.022818
384.257786,0.020696,-0.031122,-0.07182,-9.870462,-9.870772,0.001065,-0.00426,0.00426,99129.73,30.44,-0.046772
384.277873,0.020087,-0.07182,0.007182,-9.824976,-9.825241,0.001065,-0.00639,0.00426,99130.08,30.44,-0.001241
384.299839,0.021965,-0.043092,-0.03591,-9.786672,-9.786833,0,-0.001065,0.00213,99130.08,30.44,0.037167
384.319933,0.020094,-0.043092,-0.004788,-9.810612,-9.810708,0.001065,-0.00639,0.003195,99130.08,30.44,0.013292
384.340035,0.020102,-0.067032,0.01197,-9.798642,-9.798879,0.001065,-0.00639,0.003195,99130.08,30.44,0.025121
384.36012,0.020085,-0.07182,-0.021546,-9.853704,-9.853989,0.00213,-0.00213,0.005325,99130.08,30.44,-0.029989
384.380221,0.020101,-0.081396,0.033516,-9.822582,-9.822976,0.00213,-0.005325,0.001065,99130.02,30.44,0.001024
384.400477,0.020257,-0.09576,0.016758,-9.79146,-9.791943,0.00639,-0.00426,0.003195,99130.02,30.44,0.032057
384.420576,0.020098,-0.093366,0.093366,-9.848916,-9.849801,0.003195,-0.003195,0.005325,99130.02,30.44,-0.025801
384.440667,0.020092,-0.10773,0,-9.801036,-9.801628,0,-0.009585,0.00426,99130.02,30.44,0.022372
384.460809,0.020142,-0.09576,0.026334,-9.872856,-9.873356,0.001065,-0.005325,0.003195,99130.02,30.44,-0.049356
384.480927,0.020118,-0.081396,0.014364,-9.86328,-9.863626,0.001065,-0.00426,0.003195,99130.02,30.44,-0.039626
384.501155,0.020227,-0.086184,-0.04788,-9.796248,-9.796744,0,-0.007455,0.003195,99130.03,30.44,0.027256
384.521294,0.020139,-0.050274,0,-9.829764,-9.829893,0,-0.00639,0.00426,99130.03,30.44,-0.005893
384.541379,0.020085,-0.069426,-0.01197,-9.8154,-9.815653,0.001065,-0.00639,0.001065,99130.03,30.44,0.008347
384.561461,0.020082,-0.076608,-0.021546,-9.824976,-9.825298,0.003195,-0.00639,0.00213,99130.03,30.44,-0.001298
384.581541,0.02008,-0.088578,0.040698,-9.85131,-9.851792,0.00213,-0.00639,0.003195,99130.03,30.44,-0.027792
384.602145,0.020604,-0.081396,0.004788,-9.801036,-9.801375,0.00213,-0.00426,0.003195,99129.93,30.44,0.022625
384.622228,0.020083,-0.055062,-0.02394,-9.784278,-9.784462,0.003195,-0.005325,0.00213,99129.93,30.44,0.039538
384.642315,0.020087,-0.064638,0.031122,-9.870462,-9.870723,0.001065,-0.007455,0.005325,99129.93,30.44,-0.046723
384.662474,0.020159,-0.050274,0.002394,-9.793854,-9.793983,0.001065,-0.00639,0.00213,99129.93,30.44,0.030017
384.682607,0.020133,-0.045486,0.009576,-9.848916,-9.849026,-0.001065,-0.00639,0.001065,99129.93,30.44,-0.025026
384.703425,0.020818,-0.076608,-0.004788,-9.83934,-9.839639,0.00213,-0.00852,0.005325,99129.93,30.44,-0.015639
384.723529,0.020104,-0.102942,0.007182,-9.85131,-9.85185,0.001065,-0.009585,0.00213,99130.05,30.44,-0.02785
384.74366,0.020131,-0.07182,0.01197,-9.820188,-9.820458,-0.001065,-0.005325,0.00426,99130.05,30.44,0.003542
384.764232,0.020572,-0.050274,0.002394,-9.853704,-9.853833,0.00213,-0.005325,0.00213,99130.05,30.44,-0.029833
384.78433,0.020098,-0.079002,-0.07182,-9.80343,-9.804011,0.00213,-0.005325,0.003195,99130.05,30.44,0.019989
384.804437,0.020108,-0.057456,0.033516,-9.889614,-9.889838,-0.00213,-0.007455,0.00213,99130.05,30.44,-0.065838
384.824564,0.020126,-0.081396,-0.045486,-9.817794,-9.818237,0.003195,-0.003195,0.00426,99130.05,30.44,0.005763
384.844661,0.020097,-0.112518,-0.038304,-9.844128,-9.844846,0.003195,-0.00213,0.003195,99130.13,30.44,-0.020846
384.864768,0.020107,-0.081396,0.01197,-9.880038,-9.880381,0.001065,-0.00852,0.003195,99130.13,30.44,-0.056381
384.884889,0.020121,-0.050274,-0.01197,-9.76752,-9.767657,0.003195,-0.003195,0.00213,99130.13,30.44,0.056343
384.90508,0.020191,-0.069426,0.043092,-9.884826,-9.885164,-0.00213,-0.007455,0.00213,99130.13,30.44,-0.061164
384.925432,0.020352,-0.090972,0.01197,-9.80343,-9.803859,-0.001065,-0.007455,0.00426,99130.13,30.44,0.020141
384.945534,0.020102,-0.074214,-0.067032,-9.822582,-9.823091,0.005325,-0.00213,0.005325,99130.18,30.44,0.000909
384.96563,0.020096,-0.057456,0.021546,-9.82737,-9.827562,-0.00213,-0.007455,0,99130.18,30.44,-0.003562
384.985767,0.020138,-0.043092,0.016758,-9.796248,-9.796357,-0.00213,-0.00852,0.001065,99130.18,30.44,0.027643
385.005951,0.020183,-0.031122,0.019152,-9.877644,-9.877712,0.00426,-0.007455,0.003195,99130.18,30.44,-0.053712
385.026054,0.020103,-0.08379,-0.090972,-9.872856,-9.873631,0.001065,-0.007455,0.003195,99130.18,30.44,-0.049631
385.046142,0.020088,-0.064638,-0.031122,-9.817794,-9.818056,0.00426,-0.00639,0.00426,99130.18,30.44,0.005944
385.066263,0.020121,-0.038304,0.016758,-9.892008,-9.892096,0,-0.00639,0.001065,99130.24,30.44,-0.068096
385.086358,0.020095,-0.098154,-0.062244,-9.784278,-9.784968,0.003195,-0.007455,0.00639,99130.24,30.44,0.039032
385.106491,0.020134,-0.05985,0.009576,-9.901584,-9.90177,0.00426,-0.00213,0.001065,99130.24,30.44,-0.07777
385.126582,0.020091,-0.088578,-0.007182,-9.858492,-9.858893,0.00426,-0.009585,0.00213,99130.24,30.44,-0.034893
385.146722,0.02014,-0.033516,-0.014364,-9.829764,-9.829832,0.00213,-0.00426,0.00213,99130.24,30.44,-0.005832
385.166818,0.020096,-0.057456,0.014364,-9.824976,-9.825154,0.003195,-0.003195,0.00213,99130.24,30.44,-0.001154
385.186931,0.020113,-0.064638,-0.016758,-9.858492,-9.858718,0.00426,-0.003195,0.00426,99130.18,30.44,-0.034718
385.207068,0.020137,-0.069426,-0.033516,-9.813006,-9.813309,0.003195,-0.00639,0.001065,99130.18,30.44,0.010691
385.227189,0.020121,-0.110124,0,-9.848916,-9.849532,0.00213,-0.00639,0.003195,99130.18,30.44,-0.025532
385.247289,0.0201,-0.088578,0.02394,-9.889614,-9.89004,0.00213,-0.00639,0.00213,99130.18,30.44,-0.06604
385.267374,0.020085,-0.062244,-0.055062,-9.8154,-9.815752,0.003195,-0.00213,0.001065,99130.18,30.44,0.008248
385.287484,0.02011,-0.062244,-0.009576,-9.832158,-9.83236,0,-0.007455,0.00426,99130.18,30.44,-0.00836
385.307579,0.020094,-0.043092,-0.026334,-9.793854,-9.793984,0.003195,-0.005325,0.003195,99130.1,30.44,0.030016
385.328865,0.021287,-0.052668,0.045486,-9.844128,-9.844374,0.001065,-0.00426,0.003195,99130.1,30.44,-0.020374
385.348965,0.020099,-0.09576,0.01197,-9.860886,-9.861358,0.00213,-0.005325,0.00213,99130.1,30.44,-0.037358
385.369053,0.020088,-0.055062,-0.067032,-9.798642,-9.799026,0.00426,-0.005325,0,99130.1,30.44,0.024974
385.389166,0.020113,-0.057456,0.007182,-9.880038,-9.880208,0.003195,-0.005325,0,99130.1,30.44,-0.056208
385.409338,0.020172,-0.093366,0.009576,-9.868068,-9.868514,0.001065,-0.003195,0.003195,99130.06,30.44,-0.044514
385.429607,0.020269,-0.074214,-0.031122,-9.810612,-9.810942,0,-0.00639,0.00426,99130.06,30.44,0.013058
385.449699,0.020091,-0.064638,-0.021546,-9.765126,-9.765364,0.001065,-0.00426,0.001065,99130.06,30.44,0.058636
385.469817,0.020119,-0.079002,0.016758,-9.796248,-9.796581,0.00426,-0.00213,0.00426,99130.06,30.44,0.027419
385.490019,0.020202,-0.050274,-0.016758,-9.860886,-9.861028,0.003195,-0.005325,0.003195,99130.06,30.44,-0.037028
385.510104,0.020085,-0.045486,0.009576,-9.817794,-9.817904,0.001065,-0.007455,0.003195,99130.06,30.44,0.006096
385.530216,0.020112,-0.076608,0.002394,-9.86328,-9.863578,0.003195,-0.005325,0.001065,99129.73,30.44,-0.039578
385.550309,0.020093,-0.05985,0.007182,-9.87525,-9.875434,0.001065,-0.007455,0.001065,99129.73,30.44,-0.051434
385.570422,0.020112,-0.088578,-0.026334,-9.786672,-9.787108,-0.001065,-0.00639,0.00426,99129.73,30.44,0.036892
385.590511,0.020089,-0.05985,-0.038304,-9.83934,-9.839597,0.00426,-0.001065,0.003195,99129.73,30.44,-0.015597
385.610606,0.020096,-0.062244,-0.016758,-9.865674,-9.865885,0.00213,-0.005325,0.005325,99129.73,30.44,-0.041885
385.631158,0.020552,-0.033516,-0.033516,-9.80343,-9.803545,0.001065,-0.005325,0.003195,99129.73,30.44,0.020455
385.653276,0.022118,-0.076608,0.028728,-9.832158,-9.832498,0,-0.007455,0.003195,99129.73,30.44,-0.008498
385.673359,0.020083,-0.057456,0,-9.82737,-9.827538,0.003195,-0.005325,0.00426,99129.73,30.44,-0.003538
385.693476,0.020116,-0.062244,0.064638,-9.824976,-9.825386,0.00213,-0.005325,0,99129.73,30.44,-0.001386
385.713569,0.020093,-0.064638,0.038304,-9.836946,-9.837233,0,-0.005325,0.00213,99129.73,30.44,-0.013233
385.733665,0.020096,-0.08379,-0.040698,-9.822582,-9.823024,0.001065,-0.005325,0.001065,99129.73,30.44,0.000976
385.753914,0.02025,-0.079002,0.009576,-9.892008,-9.892328,0.001065,-0.00426,0.001065,99129.82,30.44,-0.068328
385.773994,0.02008,-0.090972,-0.031122,-9.822582,-9.823053,-0.003195,-0.00426,0.003195,99129.82,30.44,0.000947
385.794096,0.020102,-0.079002,-0.038304,-9.813006,-9.813399,0.003195,-0.005325,-0.00213,99129.82,30.44,0.010601
385.814181,0.020085,-0.090972,-0.033516,-9.85131,-9.851787,0,-0.00213,0.003195,99129.82,30.44,-0.027787
385.834292,0.020111,-0.045486,-0.03591,-9.83934,-9.839511,-0.001065,-0.007455,0,99129.82,30.44,-0.015511
385.854629,0.020337,0,-0.019152,-9.832158,-9.832177,0.00213,-0.00639,0.00426,99129.82,30.44,-0.008177
385.874733,0.020104,-0.031122,0.01197,-9.789066,-9.789123,0.003195,-0.00426,0.005325,99129.95,30.44,0.034877
385.894835,0.020102,-0.021546,-0.014364,-9.77949,-9.779524,0,-0.007455,0.00426,99129.95,30.44,0.044476
385.914953,0.020118,-0.03591,0.05985,-9.813006,-9.813254,0.003195,-0.005325,0.00213,99129.95,30.44,0.010746
385.935057,0.020104,-0.067032,0.021546,-9.870462,-9.870713,0.001065,-0.00852,0.00426,99129.95,30.44,-0.046713
385.956045,0.020988,-0.112518,0.014364,-9.87525,-9.875901,0.001065,-0.005325,0.00213,99129.95,30.44,-0.051901
385.977593,0.021548,-0.090972,0.04788,-9.844128,-9.844665,0.001065,-0.00852,0.003195,99130.02,30.44,-0.020665
385.997788,0.020195,-0.093366,0.01197,-9.85131,-9.85176,0.001065,-0.005325,0.00213,99130.02,30.44,-0.02776
386.017876,0.020088,-0.102942,-0.014364,-9.86328,-9.863828,0.003195,-0.00426,0.005325,99130.02,30.44,-0.039828
386.037976,0.0201,-0.079002,-0.01197,-9.846522,-9.846846,0,-0.007455,0.001065,99130.02,30.44,-0.022846
386.058103,0.020127,-0.04788,-0.076608,-9.80343,-9.803846,0.003195,-0.005325,0,99130.02,30.44,0.020154
386.078756,0.020653,-0.057456,-0.009576,-9.832158,-9.832331,0.00213,-0.01065,0.00426,99130.02,30.44,-0.008331
386.100588,0.021832,-0.07182,-0.055062,-9.774702,-9.775121,0.00426,-0.003195,0.003195,99130.03,30.44,0.048879
386.120677,0.020089,-0.064638,0.02394,-9.86328,-9.863521,0.003195,-0.005325,0.003195,99130.03,30.44,-0.039521
386.14081,0.020133,-0.055062,-0.028728,-9.83934,-9.839536,0.00213,-0.00213,0.001065,99130.03,30.44,-0.015536
386.160904,0.020094,-0.07182,-0.026334,-9.820188,-9.820486,0.003195,-0.00213,0.00426,99130.03,30.44,0.003514
386.181077,0.020173,-0.031122,0.052668,-9.848916,-9.849106,0.00426,-0.003195,0.001065,99130.03,30.44,-0.025106
386.201272,0.020195,-0.08379,0.01197,-9.82737,-9.827734,0.00213,-0.003195,0.00426,99130.02,30.44,-0.003734
386.221395,0.020123,-0.069426,0.045486,-9.856098,-9.856447,0.00213,-0.005325,0.003195,99130.02,30.44,-0.032447
386.241489,0.020094,-0.076608,0.043092,-9.856098,-9.85649,0.001065,-0.00426,0.00213,99130.02,30.44,-0.03249
386.261609,0.02012,-0.074214,-0.014364,-9.832158,-9.832449,0.00426,-0.001065,0.001065,99130.02,30.44,-0.008449
386.281931,0.020322,-0.069426,0.004788,-9.82737,-9.827616,0.00426,-0.00852,0.00213,99130.02,30.44,-0.003616
386.302491,0.02056,-0.045486,0.016758,-9.793854,-9.793974,0.00213,-0.00639,0.005325,99130.02,30.44,0.030026
386.324349,0.021859,-0.014364,0.002394,-9.846522,-9.846533,0.001065,-0.003195,0.005325,99129.89,30.44,-0.022533
386.344472,0.020122,-0.026334,-0.014364,-9.793854,-9.7939,0.00213,-0.007455,0.00426,99129.89,30.44,0.0301
386.364603,0.020131,-0.057456,-0.031122,-9.796248,-9.796466,0,-0.003195,0.005325,99129.89,30.44,0.027534
386.384704,0.020101,-0.062244,-0.016758,-9.844128,-9.844339,0.001065,-0.005325,0.003195,99129.89,30.44,-0.020339
386.404795,0.020091,-0.081396,-0.033516,-9.85131,-9.851703,0,-0.00639,0.001065,99129.89,30.44,-0.027703
386.425086,0.020291,-0.05985,-0.043092,-9.793854,-9.794132,0.001065,-0.003195,0.003195,99129.89,30.44,0.029868
386.445192,0.020106,-0.079002,0.01197,-9.860886,-9.86121,0.001065,-0.007455,0.00426,99129.81,30.44,-0.03721
386.465323,0.020131,-0.081396,0.009576,-9.832158,-9.8325,0,-0.003195,0.00426,99129.81,30.44,-0.0085
386.485406,0.020083,-0.05985,-0.009576,-9.796248,-9.796436,0.001065,-0.001065,0.001065,99129.81,30.44,0.027564
386.505491,0.020085,-0.079002,0.052668,-9.853704,-9.854161,0,-0.009585,0.003195,99129.81,30.44,-0.030161
386.525613,0.020122,-0.086184,-0.026334,-9.82737,-9.827783,0.003195,-0.003195,-0.00213,99129.81,30.44,-0.003783
386.545697,0.020084,-0.067032,0.04788,-9.860886,-9.86123,0,-0.007455,0.003195,99129.79,30.44,-0.03723
386.565914,0.020217,-0.062244,-0.01197,-9.784278,-9.784483,0.001065,-0.003195,0,99129.79,30.44,0.039517
386.586014,0.0201,-0.074214,-0.02394,-9.82737,-9.827679,0.003195,-0.001065,0.001065,99129.79,30.44,-0.003679
386.60621,0.020196,-0.050274,0.01197,-9.858492,-9.858627,0.00213,-0.00639,0.00426,99129.79,30.44,-0.034627
386.62706,0.020849,-0.055062,-0.062244,-9.781884,-9.782237,0,-0.007455,0.003195,99129.79,30.44,0.041763
386.648753,0.021693,-0.064638,-0.026334,-9.87525,-9.875497,0.001065,-0.009585,0.003195,99129.79,30.44,-0.051497
386.668852,0.020099,-0.043092,-0.043092,-9.820188,-9.820377,0.00213,-0.005325,0.00426,99129.81,30.44,0.003623
386.688992,0.02014,-0.062244,-0.043092,-9.829764,-9.830056,0.003195,-0.00213,0.003195,99129.81,30.44,-0.006056
386.709164,0.020172,-0.069426,0.007182,-9.836946,-9.837194,0,-0.00639,0.00426,99129.81,30.44,-0.013194
386.729342,0.020178,-0.050274,-0.02394,-9.793854,-9.794012,0.00213,-0.00852,0.00213,99129.81,30.44,0.029988
386.749441,0.020099,-0.055062,0.031122,-9.877644,-9.877846,0.00426,-0.00426,0.00426,99129.81,30.44,-0.053846
386.771718,0.022277,-0.062244,0.002394,-9.865674,-9.865871,-0.001065,-0.005325,0.00426,99129.56,30.44,-0.041871
386.791803,0.020085,-0.076608,0.026334,-9.848916,-9.849249,0.005325,-0.007455,0.003195,99129.56,30.44,-0.025249
386.811873,0.02007,-0.10773,0.050274,-9.901584,-9.902298,0.003195,-0.005325,0.00426,99129.56,30.44,-0.078298
386.831962,0.020089,-0.088578,0.002394,-9.801036,-9.801437,0.001065,-0.00213,0.001065,99129.56,30.44,0.022563
386.852052,0.02009,-0.088578,-0.004788,-9.801036,-9.801437,0.003195,-0.005325,0.00213,99129.56,30.44,0.022563
386.872279,0.020227,-0.090972,0.03591,-9.844128,-9.844614,0.00213,-0.00639,0.001065,99129.56,30.44,-0.020614
386.892367,0.020088,-0.081396,-0.007182,-9.805824,-9.806164,0.00213,-0.00426,0.00213,99129.66,30.44,0.017836
386.912456,0.020089,-0.079002,-0.033516,-9.822582,-9.822957,0.00213,-0.005325,0.00426,99129.66,30.44,0.001043
386.93255,0.020094,-0.110124,-0.050274,-9.793854,-9.794602,0,-0.005325,0.00213,99129.66,30.44,0.029398
386.95265,0.0201,-0.062244,-0.028728,-9.810612,-9.810852,0.005325,-0.005325,0,99129.66,30.44,0.013148
386.97295,0.0203,-0.045486,0.040698,-9.889614,-9.889802,0.00213,-0.007455,0.00213,99129.66,30.44,-0.065802
386.99305,0.020099,-0.057456,-0.050274,-9.836946,-9.837242,0.00426,-0.00426,0.00426,99129.66,30.44,-0.013242
387.013135,0.020085,-0.067032,0.009576,-9.858492,-9.858725,0.001065,-0.003195,0.00213,99129.76,30.44,-0.034725
387.033319,0.020184,-0.019152,0.014364,-9.832158,-9.832187,0.001065,-0.00639,0.005325,99129.76,30.44,-0.008187
387.053404,0.020085,-0.057456,0.009576,-9.80343,-9.803603,0,-0.007455,0.00213,99129.76,30.44,0.020397
387.073652,0.020247,-0.057456,0.016758,-9.834552,-9.834734,0.00213,-0.00213,0.003195,99129.76,30.44,-0.010734
387.093733,0.020081,-0.090972,-0.004788,-9.824976,-9.825398,0.00213,-0.00639,0.00213,99129.76,30.44,-0.001398
387.113819,0.020086,-0.038304,-0.026334,-9.786672,-9.786782,0.00213,-0.005325,0.001065,99129.81,30.44,0.037218
387.133938,0.02012,-0.079002,0.040698,-9.858492,-9.858893,0.00213,-0.00639,0.003195,99129.81,30.44,-0.034893
387.154039,0.020101,-0.090972,-0.004788,-9.810612,-9.811035,0.00213,-0.005325,0.00426,99129.81,30.44,0.012965
387.174347,0.020308,-0.08379,-0.026334,-9.884826,-9.885216,0.001065,-0.00426,0.001065,99129.81,30.44,-0.061216
387.19444,0.020093,-0.088578,-0.03591,-9.817794,-9.818259,-0.001065,-0.007455,0.00426,99129.81,30.44,0.005741
387.214556,0.020116,-0.07182,-0.05985,-9.801036,-9.801482,0.003195,-0.00426,0.003195,99129.81,30.44,0.022518
387.234642,0.020086,-0.062244,-0.028728,-9.858492,-9.85873,0.003195,-0.007455,0.00213,99129.9,30.44,-0.03473
387.254742,0.0201,-0.067032,0.004788,-9.793854,-9.794085,0.001065,-0.00852,0.003195,99129.9,30.44,0.029915
387.275131,0.02039,-0.057456,-0.016758,-9.848916,-9.849098,0.00639,-0.003195,0.00213,99129.9,30.44,-0.025098
387.295213,0.020082,-0.038304,-0.033516,-9.844128,-9.84426,0.00213,-0.00852,0.00639,99129.9,30.44,-0.02026
387.315378,0.020165,-0.138852,-0.019152,-9.892008,-9.893001,0.001065,-0.001065,0.003195,99129.9,30.44,-0.069001
387.335474,0.020096,-0.002394,0.074214,-9.750762,-9.751045,0.001065,-0.005325,0.001065,99129.9,30.44,0.072955
387.355567,0.020093,-0.038304,0.02394,-9.915948,-9.916051,-0.00213,-0.007455,0.001065,99129.79,30.44,-0.092051
387.375642,0.020075,-0.07182,-0.007182,-9.801036,-9.801302,0.001065,-0.00639,-0.001065,99129.79,30.44,0.022698
387.395729,0.020087,-0.043092,0.031122,-9.832158,-9.832302,0.00213,-0.007455,0.00213,99129.79,30.44,-0.008302
387.415819,0.02009,-0.038304,0.021546,-9.793854,-9.793953,-0.00213,-0.00426,0.00213,99129.79,30.44,0.030047
387.435909,0.02009,-0.13167,-0.043092,-9.848916,-9.84989,0.003195,-0.005325,0.00213,99129.79,30.44,-0.02589
387.456005,0.020096,-0.04788,0.040698,-9.846522,-9.846723,0.001065,-0.00852,0.00213,99129.79,30.44,-0.022723
387.476276,0.020272,-0.129276,0.026334,-9.813006,-9.813893,0.00213,-0.005325,0.003195,99129.69,30.44,0.010107
387.496371,0.020094,-0.064638,0.019152,-9.870462,-9.870692,0.001065,-0.00639,0.001065,99129.69,30.44,-0.046692
387.516477,0.020106,-0.076608,0.019152,-9.882432,-9.882747,0.00213,-0.007455,0.003195,99129.69,30.44,-0.058747
387.536579,0.020102,-0.04788,0.002394,-9.901584,-9.9017,0,-0.00426,0.005325,99129.69,30.44,-0.0777
387.556698,0.02012,-0.114912,0.038304,-9.793854,-9.794603,0.00213,-0.00639,0.00426,99129.69,30.44,0.029397
387.57714,0.020442,-0.052668,-0.03591,-9.73161,-9.731819,0,-0.007455,0.003195,99129.74,30.44,0.092181
387.599387,0.022247,-0.004788,-0.014364,-9.73161,-9.731622,0.003195,-0.00213,0.001065,99129.74,30.44,0.092378
387.619479,0.020092,-0.074214,0.021546,-9.901584,-9.901886,0.001065,-0.007455,0.00213,99129.74,30.44,-0.077886
387.639565,0.020086,-0.038304,-0.076608,-9.844128,-9.844501,0.00213,-0.00426,0.003195,99129.74,30.44,-0.020501
387.659703,0.020138,-0.052668,-0.031122,-9.880038,-9.880227,0,-0.00639,0.003195,99129.74,30.44,-0.056227
387.679792,0.020089,-0.052668,0.02394,-9.810612,-9.810783,0.001065,-0.00639,0.001065,99129.74,30.44,0.013217
387.700047,0.020255,-0.045486,0.028728,-9.805824,-9.805972,0.00426,-0.00639,0.00639,99129.81,30.44,0.018028
387.720143,0.020096,-0.08379,0.002394,-9.829764,-9.830121,0.00213,-0.00639,0.003195,99129.81,30.44,-0.006121
387.740234,0.020092,-0.069426,-0.045486,-9.774702,-9.775054,0.001065,-0.00852,0.001065,99129.81,30.44,0.048946
387.760326,0.020092,-0.090972,0.031122,-9.748368,-9.748842,0.001065,-0.00426,0.00213,99129.81,30.44,0.075158
387.780427,0.020101,-0.100548,0.004788,-9.750762,-9.751282,0.001065,-0.00639,0.00213,99129.81,30.44,0.072718
387.800653,0.020226,-0.079002,-0.016758,-9.741186,-9.741521,0.001065,-0.00426,0.003195,99130.08,30.44,0.082479
387.820738,0.020085,-0.07182,0.01197,-9.801036,-9.801306,-0.001065,-0.00426,0.003195,99130.08,30.44,0.022694
387.840861,0.020123,-0.069426,0.007182,-9.781884,-9.782133,0.00213,-0.00639,0.00426,99130.08,30.44,0.041867
387.860964,0.020103,-0.045486,-0.03591,-9.690912,-9.691085,0.00213,-0.00639,0.005325,99130.08,30.44,0.132915
387.881062,0.020098,-0.08379,0.002394,-9.796248,-9.796607,0.00426,-0.003195,0.003195,99130.08,30.44,0.027393
387.901339,0.020278,-0.040698,0.009576,-9.676548,-9.676638,0,-0.007455,0.00213,99130.08,30.44,0.147362
387.921418,0.020079,-0.04788,0.031122,-9.74358,-9.743747,0.001065,-0.00639,0.001065,99130.16,30.44,0.080253
387.941503,0.020085,-0.07182,0.02394,-9.726822,-9.727117,-0.003195,-0.007455,0.00639,99130.16,30.44,0.096883
387.961622,0.020119,-0.112518,-0.021546,-9.652608,-9.653288,0.00213,-0.00426,0.003195,99130.16,30.44,0.170712
387.981851,0.020229,-0.03591,-0.016758,-9.710064,-9.710145,0,-0.00639,0.001065,99130.16,30.44,0.113855
388.002023,0.020172,-0.090972,-0.021546,-9.621486,-9.62194,0.00213,-0.00639,0.00213,99130.16,30.44,0.20206
388.022108,0.020085,-0.064638,-0.028728,-9.65979,-9.660049,0.00213,-0.00426,0.00213,99130.16,30.44,0.163951
388.042235,0.020127,-0.076608,-0.016758,-9.669366,-9.669684,0.001065,-0.009585,0.003195,99130.06,30.44,0.154316
388.062343,0.020108,-0.050274,-0.03591,-9.616698,-9.616896,0,-0.00852,0.00426,99130.06,30.44,0.207104
388.082507,0.020164,-0.043092,0.009576,-9.62388,-9.623981,0.00213,-0.003195,0.00213,99130.06,30.44,0.200019
388.102876,0.020369,-0.064638,0.026334,-9.626274,-9.626527,0,-0.00639,0.003195,99130.06,30.44,0.197473
388.125065,0.022189,-0.07182,-0.038304,-9.59994,-9.600285,0.003195,-0.001065,0.00213,99130.06,30.44,0.223715
388.145177,0.020111,-0.102942,0.014364,-9.61191,-9.612472,0,-0.00852,0.003195,99130.02,30.44,0.211528
388.165325,0.020148,-0.076608,0.01197,-9.592758,-9.593071,0.003195,-0.003195,0.00213,99130.02,30.44,0.230929
388.185408,0.020083,-0.057456,-0.021546,-9.54009,-9.540287,0.003195,-0.003195,0.001065,99130.02,30.44,0.283713
388.205495,0.020087,-0.045486,0.007182,-9.561636,-9.561747,-0.001065,-0.007455,0.001065,99130.02,30.44,0.262253
388.225749,0.020253,-0.031122,-0.02394,-9.54009,-9.540171,0.003195,-0.00426,0.003195,99130.02,30.44,0.283829
388.245835,0.020086,-0.031122,0.031122,-9.580788,-9.580889,0.00426,-0.005325,0.00426,99130.02,30.44,0.243111
388.266015,0.02018,-0.064638,-0.009576,-9.535302,-9.535526,0,-0.00639,0.00213,99130.02,30.44,0.288474
388.286103,0.020088,-0.062244,-0.033516,-9.525726,-9.525988,0.003195,-0.007455,0.00213,99130.02,30.44,0.298012
388.306235,0.020132,-0.057456,0.019152,-9.525726,-9.525919,0.00213,-0.005325,0.003195,99130.02,30.44,0.298081
388.326402,0.020167,-0.04788,-0.031122,-9.465876,-9.466048,0.00213,-0.007455,0.003195,99130.02,30.44,0.357952
388.346497,0.020095,-0.05985,0.014364,-9.542484,-9.542682,0.001065,-0.007455,0.00213,99130.02,30.44,0.281318
388.366588,0.020091,-0.052668,0.04788,-9.532908,-9.533174,0,-0.005325,0.00426,99129.85,30.44,0.290826
388.386675,0.020087,-0.04788,-0.050274,-9.453906,-9.454161,0.003195,-0.007455,0.003195,99129.85,30.44,0.369839
388.406769,0.020094,-0.079002,0.002394,-9.463482,-9.463812,0.00213,-0.00213,0.001065,99129.85,30.44,0.360188
388.426986,0.020218,-0.081396,-0.02394,-9.449118,-9.449499,0,-0.00426,0.003195,99129.85,30.44,0.374501
388.449859,0.022873,-0.081396,0.014364,-9.427572,-9.427934,0.00213,-0.005325,0.003195,99129.85,30.44,0.396066
388.4722,0.022341,-0.086184,-0.004788,-9.415602,-9.415998,0,-0.007455,0,99129.85,30.44,0.408002
388.494618,0.022417,-0.050274,0.028728,-9.449118,-9.449295,0.00213,-0.00639,0.003195,99129.9,30.44,0.374705
388.51649,0.021873,-0.093366,0.016758,-9.389268,-9.389747,0.003195,-0.007455,0.00213,99129.9,30.44,0.434253
388.536591,0.020101,-0.045486,0.026334,-9.415602,-9.415749,0.003195,-0.005325,0.00426,99129.9,30.44,0.408251
388.556692,0.020101,-0.069426,0.033516,-9.410814,-9.41113,0.001065,-0.007455,0.003195,99129.9,30.44,0.41287
388.576855,0.020163,-0.08379,-0.009576,-9.36054,-9.36092,0.003195,-0.003195,0.00426,99129.9,30.44,0.46308
388.596998,0.020143,-0.052668,0.02394,-9.389268,-9.389446,0.00213,-0.00426,0.00639,99129.9,30.44,0.434554
388.617141,0.020143,-0.052668,-0.019152,-9.353358,-9.353526,0,-0.007455,0.00426,99129.98,30.44,0.470474
388.637262,0.020121,-0.050274,-0.019152,-9.329418,-9.329573,0.00426,-0.003195,0.005325,99129.98,30.44,0.494427
388.657349,0.020088,-0.100548,0.014364,-9.329418,-9.329971,0.00213,-0.007455,0.00213,99129.98,30.44,0.494029
388.677435,0.020086,-0.026334,-0.05985,-9.248022,-9.248253,0.001065,-0.00639,0.001065,99129.98,30.44,0.575747
388.697528,0.020093,-0.081396,0.01197,-9.327024,-9.327387,0.00426,-0.00426,0.00213,99129.98,30.44,0.496613
388.71795,0.020421,-0.07182,0.038304,-9.362934,-9.363288,0.001065,-0.00639,0.003195,99130,30.44,0.460712
388.738034,0.020085,-0.040698,-0.043092,-9.307872,-9.308061,0.003195,-0.003195,0.00426,99130,30.44,0.515939
388.758139,0.020105,-0.052668,0.002394,-9.362934,-9.363082,0.00213,-0.005325,0.003195,99130,30.44,0.460918
388.778246,0.020106,-0.07182,0.033516,-9.341388,-9.341724,0.00213,-0.007455,0.003195,99130,30.44,0.482276
388.798331,0.020085,-0.09576,0.002394,-9.295902,-9.296396,0.00213,-0.00426,0.00213,99130,30.44,0.527604
388.818709,0.020378,-0.062244,0.043092,-9.391662,-9.391967,0.005325,-0.00639,0.00426,99130,30.44,0.432033
388.84084,0.022131,-0.08379,-0.002394,-9.331812,-9.332188,0,-0.00213,0.003195,99129.9,30.44,0.491812
388.860924,0.020085,-0.069426,0.009576,-9.343782,-9.344045,0,-0.007455,0.003195,99129.9,30.44,0.479955
388.881016,0.020092,-0.014364,-0.007182,-9.305478,-9.305492,0.00213,-0.005325,0.00426,99129.9,30.44,0.518508
388.901113,0.020097,-0.04788,-0.014364,-9.274356,-9.274491,0.00639,-0.00639,0.003195,99129.9,30.44,0.549509
388.92128,0.020167,-0.090972,0.007182,-9.374904,-9.375348,0,-0.00213,0.00426,99129.9,30.44,0.448652
388.94162,0.02034,-0.069426,0.002394,-9.307872,-9.308131,0.001065,-0.003195,0.00213,99129.9,30.44,0.515869
388.961726,0.020106,-0.026334,0.067032,-9.389268,-9.389544,0,-0.00426,0.00213,99129.76,30.44,0.434456
388.981826,0.0201,-0.04788,0.043092,-9.370116,-9.370337,0,-0.005325,0.00213,99129.76,30.44,0.453663
389.00193,0.020104,-0.004788,-0.002394,-9.281538,-9.28154,0.00213,-0.001065,0.00213,99129.76,30.44,0.54246
389.022062,0.020132,-0.105336,-0.004788,-9.31266,-9.313257,0,-0.00639,0.003195,99129.76,30.44,0.510743
389.042268,0.020206,-0.100548,-0.055062,-9.307872,-9.308578,0.00213,-0.005325,0.003195,99129.76,30.44,0.515422
389.06237,0.020102,-0.067032,-0.019152,-9.346176,-9.346436,0.003195,-0.001065,0.00213,99129.73,30.44,0.477564
389.082453,0.020083,-0.105336,-0.031122,-9.327024,-9.327671,0.001065,-0.00426,0.003195,99129.73,30.44,0.496329
389.10257,0.020117,-0.10773,-0.014364,-9.293508,-9.294143,0.00213,-0.007455,0.00639,99129.73,30.44,0.529857
389.122702,0.020132,-0.076608,0.021546,-9.370116,-9.370454,0.00213,-0.007455,0.005325,99129.73,30.44,0.453546
389.143336,0.020634,-0.122094,0.033516,-9.350964,-9.351821,0.001065,-0.00639,0.00213,99129.73,30.44,0.472179
389.165237,0.021901,-0.057456,-0.043092,-9.26478,-9.265058,0.003195,-0.00213,0.00213,99129.73,30.44,0.558942
389.185342,0.020105,-0.055062,0.01197,-9.32463,-9.3248,0.00213,-0.00852,0.003195,99129.81,30.44,0.4992
389.205438,0.020096,-0.062244,0.01197,-9.31266,-9.312876,0.001065,-0.005325,0.00213,99129.81,30.44,0.511124
389.225527,0.020089,-0.07182,-0.004788,-9.281538,-9.281817,0.003195,-0.00426,0.005325,99129.81,30.44,0.542183
389.245614,0.020087,-0.02394,0.03591,-9.32463,-9.32473,0,-0.003195,0.00639,99129.81,30.44,0.49927
389.265878,0.020264,-0.05985,-0.01197,-9.317448,-9.317648,0.001065,-0.00426,0.005325,99129.81,30.44,0.506352
389.285963,0.020085,-0.045486,0.016758,-9.350964,-9.35109,0.001065,-0.00639,0.003195,99130.13,30.44,0.47291
389.306067,0.020104,-0.043092,-0.050274,-9.317448,-9.317683,0,-0.007455,0.00426,99130.13,30.44,0.506317
389.326174,0.020107,-0.079002,-0.021546,-9.307872,-9.308232,0.003195,-0.00213,0.00213,99130.13,30.44,0.515768
389.34627,0.020096,-0.052668,0.014364,-9.334206,-9.334366,0.001065,-0.00426,0.001065,99130.13,30.44,0.489634
389.366782,0.020512,-0.03591,-0.026334,-9.3366,-9.336706,0.001065,-0.007455,0.00213,99130.13,30.44,0.487294
389.388869,0.022087,-0.07182,0.043092,-9.346176,-9.346551,0.00213,-0.005325,0.001065,99130.13,30.44,0.477449
389.408956,0.020087,-0.076608,-0.004788,-9.281538,-9.281855,0.001065,-0.005325,0.00426,99130.11,30.44,0.542145
389.429039,0.020083,-0.086184,-0.009576,-9.315054,-9.315458,0.00213,-0.005325,0.005325,99130.11,30.44,0.508542
389.449147,0.020108,-0.110124,0.03591,-9.355752,-9.356469,0.001065,-0.00639,0.005325,99130.11,30.44,0.467531
389.46933,0.020183,-0.05985,-0.031122,-9.295902,-9.296147,0.00213,-0.005325,0.00426,99130.11,30.44,0.527853
389.48971,0.02038,-0.04788,0.01197,-9.362934,-9.363064,0.00213,-0.00213,0.00426,99130.11,30.44,0.460936
389.51188,0.02217,-0.064638,-0.021546,-9.310266,-9.310515,0.00213,-0.00639,0.00639,99130.11,30.44,0.513485
389.531965,0.020085,-0.045486,-0.009576,-9.422784,-9.422899,0.001065,-0.00426,0.00426,99130.45,30.44,0.401101
389.552054,0.020089,-0.016758,0.031122,-9.34857,-9.348637,0.003195,-0.007455,0.003195,99130.45,30.44,0.475363
389.57216,0.020106,-0.10773,-0.028728,-9.30069,-9.301358,0.001065,-0.00426,0.00426,99130.45,30.44,0.522642
389.592256,0.020096,-0.04788,-0.016758,-9.343782,-9.34392,0,-0.00639,0.00426,99130.45,30.44,0.48008
389.612605,0.020349,-0.031122,-0.016758,-9.327024,-9.327091,0.00213,-0.009585,0.003195,99130.45,30.44,0.496909
389.632689,0.020083,-0.05985,0.002394,-9.286326,-9.286519,0.005325,-0.00426,0.00213,99130.61,30.44,0.537481
389.65281,0.020121,-0.033516,0.019152,-9.389268,-9.389347,0.001065,-0.00426,0.00213,99130.61,30.44,0.434653
389.672908,0.020098,-0.02394,-0.031122,-9.322236,-9.322319,0.007455,-0.005325,0.003195,99130.61,30.44,0.501681
389.693003,0.020094,-0.03591,0.01197,-9.31266,-9.312737,0.005325,-0.003195,0.001065,99130.61,30.44,0.511263
389.713265,0.020262,-0.069426,0.03591,-9.346176,-9.346503,0.00213,-0.007455,0.003195,99130.61,30.44,0.477497
389.733352,0.020087,-0.052668,-0.040698,-9.310266,-9.310504,0.001065,-0.00213,0.001065,99130.61,30.44,0.513496
389.753438,0.020086,-0.038304,0,-9.34857,-9.348648,0.00213,-0.007455,0.00426,99130.79,30.44,0.475352
389.773582,0.020145,-0.074214,0.045486,-9.307872,-9.308279,0.001065,-0.007455,0.00639,99130.79,30.44,0.515721
389.793676,0.020094,-0.055062,-0.033516,-9.274356,-9.27458,0,-0.00213,0.00213,99130.79,30.44,0.54942
389.813914,0.020238,-0.074214,0.021546,-9.374904,-9.375223,0.00213,-0.007455,0.00213,99130.79,30.44,0.448777
389.83408,0.020166,-0.052668,-0.026334,-9.259992,-9.260179,0.00426,-0.003195,0.00426,99130.79,30.44,0.563821
389.85417,0.02009,-0.043092,-0.019152,-9.255204,-9.255324,0,-0.00426,0.003195,99131.16,30.44,0.568676
389.874262,0.020092,-0.086184,0.002394,-9.370116,-9.370513,0,-0.00639,0,99131.16,30.44,0.453487
389.89436,0.020098,-0.081396,-0.04788,-9.319842,-9.32032,0.00213,-0.00639,0.00213,99131.16,30.44,0.50368
389.91471,0.02035,-0.055062,0.055062,-9.31266,-9.312986,-0.001065,-0.003195,0.001065,99131.16,30.44,0.511014
389.934795,0.020085,-0.086184,-0.007182,-9.358146,-9.358546,-0.00213,-0.007455,0.003195,99131.16,30.44,0.465454
389.954964,0.020169,-0.086184,0,-9.310266,-9.310665,0.001065,-0.003195,0.00426,99131.16,30.44,0.513335
389.975053,0.020089,-0.028728,0.033516,-9.389268,-9.389372,0.00213,-0.00639,0.00213,99131.35,30.44,0.434628
389.995144,0.020091,-0.050274,-0.007182,-9.319842,-9.31998,-0.001065,-0.005325,0.00213,99131.35,30.44,0.50402
390.015462,0.020318,-0.062244,0.02394,-9.291114,-9.291353,0.00426,-0.005325,0.001065,99131.35,30.44,0.532647
390.03767,0.022208,-0.055062,0.02394,-9.281538,-9.281732,0,-0.007455,0.001065,99131.35,30.44,0.542268
390.057753,0.020083,-0.064638,-0.014364,-9.355752,-9.355986,0.003195,-0.00639,0.00213,99131.35,30.44,0.468014
390.077911,0.020158,-0.052668,0.014364,-9.32463,-9.32479,0.001065,-0.00639,0.003195,99131.35,30.44,0.49921
390.098002,0.020091,-0.043092,0.021546,-9.310266,-9.310391,0.001065,-0.00639,0.005325,99132.01,30.44,0.513609
390.1181,0.020098,-0.098154,0.021546,-9.34857,-9.34911,0.001065,-0.00213,0.001065,99132.01,30.44,0.47489
390.138294,0.020195,-0.052668,0.021546,-9.334206,-9.334379,-0.00213,-0.00852,0.00426,99132.01,30.44,0.489621
390.158391,0.020097,-0.05985,-0.038304,-9.317448,-9.317719,0,-0.00639,0.001065,99132.01,30.44,0.506281
390.178473,0.020082,-0.081396,0,-9.358146,-9.3585,0.00426,-0.005325,0.003195,99132.01,30.44,0.4655
390.198589,0.020116,-0.062244,-0.01197,-9.32463,-9.324845,0,-0.009585,0.00426,99132.01,30.44,0.499155
390.21868,0.020091,-0.110124,-0.045486,-9.293508,-9.294272,0.00213,-0.007455,0.00426,99132.35,30.44,0.529728
390.238908,0.020228,-0.052668,0.03591,-9.379692,-9.379909,-0.001065,-0.005325,0.00213,99132.35,30.44,0.444091
390.258991,0.020084,-0.076608,0.002394,-9.303084,-9.3034,0.00213,-0.005325,0.001065,99132.35,30.44,0.5206
390.279077,0.020086,-0.033516,-0.043092,-9.269568,-9.269729,0.00426,-0.00426,0.003195,99132.35,30.44,0.554271
390.299169,0.020092,-0.110124,0.02394,-9.386874,-9.38755,0.001065,-0.00639,0.00213,99132.35,30.44,0.43645
390.31944,0.020272,-0.08379,-0.028728,-9.303084,-9.303506,-0.00213,-0.00426,0.001065,99133,30.44,0.520494
390.339612,0.020172,-0.026334,-0.002394,-9.317448,-9.317486,0,-0.00426,0.003195,99133,30.44,0.506514
390.359724,0.020112,0.019152,-0.026334,-9.243234,-9.243291,0.001065,-0.00639,0.003195,99133,30.44,0.580709
390.379816,0.020092,-0.062244,-0.009576,-9.331812,-9.332024,0,-0.00426,0.001065,99133,30.44,0.491976
390.399918,0.020103,-0.040698,0.01197,-9.358146,-9.358242,-0.001065,-0.009585,0.00213,99133,30.44,0.465758
390.420016,0.020098,-0.052668,0.04788,-9.367722,-9.367992,-0.001065,-0.007455,0.00213,99133,30.44,0.456008
390.440217,0.020201,-0.031122,0.007182,-9.350964,-9.351019,-0.001065,-0.00639,0.003195,99133.37,30.44,0.472981
390.460311,0.020094,-0.052668,-0.002394,-9.3366,-9.336749,0,-0.00639,0.003195,99133.37,30.44,0.487251
390.480399,0.020087,-0.045486,-0.03591,-9.28872,-9.288901,0.003195,-0.00852,0.005325,99133.37,30.44,0.535099
390.500489,0.02009,-0.086184,0,-9.334206,-9.334604,0.001065,-0.005325,0.001065,99133.37,30.44,0.489396
390.520583,0.020094,-0.08379,-0.002394,-9.303084,-9.303462,-0.003195,-0.009585,0.003195,99133.37,30.44,0.520538
390.540979,0.020396,-0.112518,-0.026334,-9.327024,-9.32774,0.003195,-0.00639,0.00213,99133.37,30.44,0.49626
390.561066,0.020086,-0.081396,0.028728,-9.350964,-9.351362,0.00213,-0.005325,0.00426,99133.9,30.44,0.472638
390.581158,0.020092,-0.076608,-0.03591,-9.283932,-9.284318,0.001065,-0.005325,0.003195,99133.9,30.44,0.539682
390.601277,0.020119,-0.076608,-0.016758,-9.353358,-9.353687,0.00213,-0.003195,0.005325,99133.9,30.44,0.470313
390.621359,0.020082,-0.114912,0.069426,-9.319842,-9.320809,0.00213,-0.00639,0.00426,99133.9,30.44,0.503191
390.641574,0.020216,-0.110124,0,-9.31266,-9.313311,0,-0.003195,0.003195,99133.9,30.44,0.510689
390.661667,0.020092,-0.014364,0.009576,-9.338994,-9.33901,0.003195,-0.01065,0.00213,99134.59,30.43,0.48499
390.681752,0.020086,-0.055062,0.045486,-9.350964,-9.351237,0.00213,-0.005325,0.003195,99134.59,30.43,0.472763
390.701844,0.020091,-0.134064,-0.002394,-9.274356,-9.275325,0.00426,-0.00426,0.00426,99134.59,30.43,0.548675
390.721945,0.020101,-0.05985,0,-9.391662,-9.391853,0.001065,-0.005325,0.00213,99134.59,30.43,0.432147
390.742279,0.020334,-0.031122,-0.04788,-9.298296,-9.298471,0.00213,-0.00852,0.003195,99134.59,30.43,0.525529
390.762386,0.020107,-0.064638,0.01197,-9.365328,-9.365559,0.003195,-0.00426,0.00213,99134.59,30.43,0.458441
390.782542,0.020156,-0.028728,0.016758,-9.338994,-9.339053,0,-0.00852,0,99135.14,30.43,0.484947
390.802679,0.020137,-0.069426,-0.01197,-9.34857,-9.348835,-0.001065,-0.003195,0.00213,99135.14,30.43,0.475165
390.822879,0.0202,0.009576,0.01197,-9.31266,-9.312673,0,-0.003195,0.00213,99135.14,30.43,0.511327
390.84303,0.020151,-0.05985,0.040698,-9.37251,-9.372789,-0.001065,-0.007455,0.00639,99135.14,30.43,0.451211
390.863125,0.020095,-0.052668,-0.002394,-9.341388,-9.341537,0.003195,-0.003195,0.00639,99135.14,30.43,0.482463
390.883323,0.020198,-0.102942,-0.007182,-9.355752,-9.356321,0.001065,-0.005325,0.003195,99136.24,30.43,0.467679
390.903467,0.020143,-0.033516,-0.01197,-9.298296,-9.298364,0.001065,-0.009585,0.005325,99136.24,30.43,0.525636
390.92364,0.020174,-0.079002,0.004788,-9.38448,-9.384814,0.00426,-0.00426,0.00426,99136.24,30.43,0.439186
390.943756,0.020116,-0.038304,-0.002394,-9.355752,-9.355831,0.001065,-0.009585,0.00639,99136.24,30.43,0.468169
390.96591,0.022154,-0.064638,-0.026334,-9.269568,-9.269831,0.005325,-0.00639,0.00213,99136.24,30.43,0.554169
390.985995,0.020086,-0.162792,0.01197,-9.34857,-9.349995,0.001065,-0.00426,0.00213,99136.24,30.43,0.474005
391.006087,0.020092,-0.076608,-0.08379,-9.322236,-9.322927,0.003195,-0.005325,0.003195,99136.85,30.44,0.501073
391.026186,0.020099,-0.052668,-0.033516,-9.374904,-9.375112,0.00426,-0.00639,0.003195,99136.85,30.44,0.448888
391.046289,0.020102,-0.090972,0.007182,-9.338994,-9.33944,0.001065,-0.00639,0.001065,99136.85,30.44,0.48456
391.066631,0.020343,-0.100548,-0.055062,-9.346176,-9.346879,0.00213,-0.00639,0.003195,99136.85,30.44,0.477121
391.086735,0.020104,0.01197,0,-9.398844,-9.398852,0.00213,-0.00852,0.001065,99136.85,30.44,0.425148
391.106822,0.020087,-0.093366,-0.021546,-9.317448,-9.317941,0.001065,-0.00639,0.003195,99136.85,30.44,0.506059
391.126932,0.02011,-0.055062,-0.076608,-9.319842,-9.320319,0.003195,-0.00639,0.001065,99138.14,30.43,0.503681
391.147034,0.020102,0.002394,-0.016758,-9.355752,-9.355767,0.00426,-0.00639,0.003195,99138.14,30.43,0.468233
391.16728,0.020246,-0.064638,-0.03591,-9.358146,-9.358438,0,-0.00426,0.003195,99138.14,30.43,0.465562
391.18737,0.020091,-0.08379,0.01197,-9.410814,-9.411195,0,-0.00426,0.003195,99138.14,30.43,0.412805
391.207456,0.020086,-0.05985,-0.002394,-9.37251,-9.372701,0,-0.005325,0.00426,99138.14,30.43,0.451299
391.227549,0.020092,-0.086184,0.038304,-9.353358,-9.353833,0.00213,-0.003195,0.001065,99138.14,30.43,0.470167
391.247661,0.020113,-0.055062,0.002394,-9.334206,-9.334369,0.003195,-0.00426,0,99138.69,30.43,0.489631
391.267919,0.020258,-0.090972,-0.02394,-9.365328,-9.3658,0.003195,-0.00639,0.005325,99138.69,30.43,0.4582
391.288013,0.020094,-0.043092,0.007182,-9.346176,-9.346278,0.00213,-0.005325,0.003195,99138.69,30.43,0.477722
391.308103,0.02009,-0.08379,0.093366,-9.36054,-9.361381,0,-0.005325,0.003195,99138.69,30.43,0.462619
391.32819,0.020087,-0.13167,-0.033516,-9.317448,-9.318439,0,-0.00852,0.001065,99138.69,30.43,0.505561
391.348285,0.020096,-0.064638,0.016758,-9.350964,-9.351202,0.003195,-0.00639,0.00426,99139.93,30.43,0.472798
391.36853,0.020245,-0.050274,0.064638,-9.36054,-9.360898,0.00213,-0.007455,0.00426,99139.93,30.43,0.463102
391.388621,0.020091,-0.067032,-0.08379,-9.353358,-9.353973,0.00213,-0.00426,0.005325,99139.93,30.43,0.470027
391.408714,0.020093,-0.028728,0.016758,-9.319842,-9.319901,0,-0.005325,0.00426,99139.93,30.43,0.504099
391.428819,0.020105,-0.05985,-0.026334,-9.37251,-9.372738,0,-0.00426,0.003195,99139.93,30.43,0.451262
391.448925,0.020106,-0.007182,-0.038304,-9.310266,-9.310348,0.00426,-0.00426,0.003195,99139.93,30.43,0.513652
391.469197,0.020272,-0.045486,0.02394,-9.353358,-9.353499,0,-0.00639,0.003195,99140.8,30.43,0.470501
391.49215,0.022953,-0.079002,-0.031122,-9.315054,-9.315441,0.001065,-0.005325,0.001065,99140.8,30.43,0.508559
391.514017,0.021867,-0.004788,-0.007182,-9.329418,-9.329422,0.00213,-0.007455,0.005325,99140.8,30.43,0.494578
391.534103,0.020085,-0.002394,0.007182,-9.274356,-9.274359,0.001065,-0.003195,0.003195,99140.8,30.43,0.549641
391.554194,0.020091,-0.040698,-0.007182,-9.243234,-9.243326,0.00213,-0.003195,0.001065,99140.8,30.43,0.580674
391.574285,0.020091,-0.04788,-0.031122,-9.350964,-9.351138,-0.001065,-0.007455,0.003195,99141.41,30.43,0.472862
391.59443,0.020145,-0.021546,0.033516,-9.327024,-9.327109,0.00213,0,0.003195,99141.41,30.43,0.496891
391.614598,0.020167,-0.028728,0.05985,-9.317448,-9.317685,0.00213,-0.005325,0.003195,99141.41,30.43,0.506315
391.634678,0.02008,-0.093366,0.019152,-9.338994,-9.33948,0.001065,-0.007455,0.00426,99141.41,30.43,0.48452
391.654774,0.020096,-0.016758,-0.016758,-9.283932,-9.283962,0.00426,-0.00426,0.00426,99141.41,30.43,0.540038
391.674858,0.020084,-0.136458,0.050274,-9.3366,-9.337732,0,-0.003195,0.00213,99141.41,30.43,0.486268
391.694989,0.020131,-0.114912,0,-9.315054,-9.315763,0.001065,-0.005325,0.00426,99142.73,30.43,0.508237
391.715288,0.020298,-0.04788,0.019152,-9.322236,-9.322379,0.003195,-0.00213,0.001065,99142.73,30.43,0.501621
391.735378,0.02009,-0.079002,-0.01197,-9.293508,-9.293851,0.003195,-0.003195,0.00639,99142.73,30.43,0.530149
391.755463,0.020085,-0.122094,-0.02394,-9.338994,-9.339823,0,-0.003195,0.005325,99142.73,30.43,0.484177
391.775574,0.020112,-0.033516,-0.009576,-9.3366,-9.336665,0.003195,-0.003195,0.005325,99142.73,30.43,0.487335
391.795655,0.02008,-0.090972,-0.033516,-9.327024,-9.327528,0,-0.00639,0.00213,99142.73,30.43,0.496472
391.815925,0.02027,-0.050274,-0.028728,-9.269568,-9.269749,0.001065,-0.00426,0.005325,99143.59,30.43,0.554251
391.836014,0.020089,-0.033516,0.004788,-9.303084,-9.303146,0.003195,-0.005325,0.005325,99143.59,30.43,0.520854
391.856093,0.020079,-0.043092,-0.019152,-9.362934,-9.363053,0.003195,-0.00639,0.00213,99143.59,30.43,0.460947
391.876276,0.020184,-0.045486,-0.007182,-9.374904,-9.375017,0.00213,-0.00426,0.001065,99143.59,30.43,0.448983
391.89637,0.020093,-0.050274,0.007182,-9.310266,-9.310405,0.001065,-0.009585,0.005325,99143.59,30.43,0.513595
391.916676,0.020306,-0.050274,-0.021546,-9.291114,-9.291275,0.00213,-0.009585,0.00426,99144.99,30.43,0.532725
391.936758,0.020082,-0.026334,0.004788,-9.353358,-9.353396,0.00213,-0.007455,0.003195,99144.99,30.43,0.470604
391.956844,0.020086,-0.07182,-0.028728,-9.350964,-9.351284,0.001065,-0.00639,0.003195,99144.99,30.43,0.472716
391.976942,0.020098,-0.038304,-0.04788,-9.291114,-9.291316,0.001065,-0.003195,0.00426,99144.99,30.43,0.532684
391.997033,0.020091,0.004788,0.067032,-9.38448,-9.384721,0,-0.00213,0.00213,99144.99,30.43,0.439279
392.017495,0.020462,-0.03591,-0.02394,-9.274356,-9.274456,0,-0.00639,0.00426,99144.99,30.43,0.549544
392.039607,0.022112,-0.031122,-0.004788,-9.370116,-9.370169,0.003195,-0.007455,0.00426,99145.99,30.43,0.453831
392.059693,0.020086,-0.031122,-0.021546,-9.279144,-9.279221,0.00213,-0.00852,0.003195,99145.99,30.43,0.544779
392.079796,0.020103,0.028728,0.007182,-9.334206,-9.334253,0.003195,-0.00639,0.005325,99145.99,30.43,0.489747
392.099882,0.020087,-0.052668,0.021546,-9.365328,-9.365501,-0.001065,-0.01065,0.003195,99145.99,30.43,0.458499
392.119997,0.020115,-0.067032,0.02394,-9.305478,-9.30575,0.001065,-0.003195,0.003195,99145.99,30.43,0.51825
392.140282,0.020284,-0.090972,-0.009576,-9.315054,-9.315503,0,-0.00639,0.003195,99148,30.43,0.508497
392.160364,0.020083,-0.098154,-0.055062,-9.259992,-9.260676,-0.001065,-0.00426,0.00213,99148,30.43,0.563324
392.18046,0.020095,-0.076608,-0.02394,-9.334206,-9.334551,0.001065,-0.00426,0.003195,99148,30.43,0.489449
392.200561,0.020102,-0.117306,0.098154,-9.355752,-9.357002,0.00213,-0.001065,0.001065,99148,30.43,0.466998
392.220658,0.020096,-0.122094,-0.002394,-9.31266,-9.313461,-0.00213,-0.00852,0.003195,99148,30.43,0.510539
392.240945,0.020287,-0.076608,-0.03591,-9.34857,-9.348953,0.003195,-0.007455,0.001065,99148,30.43,0.475047
392.261025,0.020081,-0.043092,-0.045486,-9.319842,-9.320053,0.00213,-0.00639,0.00213,99148.79,30.43,0.503947
392.281124,0.020098,-0.093366,0.01197,-9.307872,-9.308348,0.00213,-0.00426,0.00426,99148.79,30.43,0.515652
392.301463,0.020339,-0.043092,0,-9.334206,-9.334305,0.00213,-0.005325,0.00426,99148.79,30.43,0.489695
392.321543,0.020081,-0.05985,0.05985,-9.343782,-9.344165,0.00213,-0.00426,0.003195,99148.79,30.43,0.479835
392.341784,0.02024,-0.081396,-0.069426,-9.271962,-9.272579,0,-0.003195,0.001065,99148.79,30.43,0.551421
392.361885,0.020101,-0.057456,-0.014364,-9.350964,-9.351152,0.00213,-0.00639,0.00426,99148.79,30.43,0.472848
392.382019,0.020134,-0.026334,0.019152,-9.262386,-9.262443,0.003195,-0.00639,0.00213,99150.95,30.43,0.561557
392.402278,0.020259,-0.009576,0.040698,-9.329418,-9.329512,0.003195,-0.00426,0.005325,99150.95,30.43,0.494488
392.42237,0.020092,0.014364,0.052668,-9.338994,-9.339154,-0.001065,-0.00639,0.00213,99150.95,30.43,0.484846
392.442595,0.020225,-0.021546,0.014364,-9.329418,-9.329454,0.001065,-0.00639,0.00213,99150.95,30.43,0.494546
392.464704,0.022109,-0.07182,-0.009576,-9.34857,-9.348851,0.00213,-0.007455,0.00213,99150.95,30.43,0.475149
392.484803,0.020099,-0.033516,-0.009576,-9.30069,-9.300755,0,-0.007455,0.005325,99152.23,30.43,0.523245
392.504931,0.020128,-0.074214,0.02394,-9.38448,-9.384804,0.001065,-0.00426,0.00426,99152.23,30.43,0.439196
392.525027,0.020097,-0.07182,0.014364,-9.379692,-9.379978,0.00213,-0.00852,0.00426,99152.23,30.43,0.444022
392.545134,0.020106,-0.114912,-0.002394,-9.319842,-9.320551,0.003195,-0.007455,0.00426,99152.23,30.43,0.503449
392.565351,0.020217,-0.074214,0.045486,-9.343782,-9.344187,0.00213,-0.005325,0.00213,99152.23,30.43,0.479813
392.58782,0.022469,-0.114912,0.016758,-9.34857,-9.349291,-0.001065,-0.009585,0.003195,99152.23,30.43,0.474709
392.607921,0.020101,-0.064638,0.03591,-9.322236,-9.322529,0,-0.007455,0.003195,99153.48,30.43,0.501471
392.628019,0.020099,-0.100548,0.067032,-9.365328,-9.366108,0.00213,-0.00639,0.00426,99153.48,30.43,0.457892
392.648114,0.020095,-0.02394,-0.004788,-9.226476,-9.226508,0.001065,-0.007455,0,99153.48,30.43,0.597492
392.668209,0.020095,-0.067032,0.026334,-9.267174,-9.267454,0.001065,-0.00852,0.003195,99153.48,30.43,0.556546
392.688381,0.020172,-0.04788,0.01197,-9.317448,-9.317579,0,-0.00852,0.003195,99153.48,30.43,0.506421
392.708477,0.020096,-0.055062,-0.004788,-9.291114,-9.291278,0,-0.00852,-0.001065,99153.48,30.43,0.532722
392.728575,0.020098,0.004788,0.07182,-9.355752,-9.356029,0,-0.005325,0,99155.89,30.43,0.467971
392.74867,0.020096,-0.067032,0.021546,-9.293508,-9.293775,0.00213,-0.00426,0.00213,99155.89,30.43,0.530225
392.768769,0.020099,-0.040698,0.031122,-9.331812,-9.331953,0.00213,-0.00639,0.001065,99155.89,30.43,0.492047
392.789055,0.020286,-0.064638,-0.028728,-9.307872,-9.308141,0.001065,-0.00639,0,99155.89,30.43,0.515859
392.809141,0.020086,-0.1197,-0.112518,-9.338994,-9.340439,0.001065,-0.00426,0.001065,99155.89,30.43,0.483561
392.829314,0.020173,-0.117306,-0.045486,-9.322236,-9.323085,0.003195,-0.00852,0.005325,99156.89,30.43,0.500915
392.849446,0.020132,-0.076608,-0.04788,-9.327024,-9.327461,0.00213,-0.003195,0.001065,99156.89,30.43,0.496539
392.869533,0.020087,-0.043092,-0.052668,-9.319842,-9.32009,0.00213,-0.003195,0.003195,99156.89,30.43,0.50391
392.889695,0.020162,-0.043092,-0.009576,-9.341388,-9.341492,0.00426,-0.001065,0.005325,99156.89,30.43,0.482508
392.909786,0.020091,-0.064638,-0.102942,-9.293508,-9.294303,0,-0.00639,0.00639,99156.89,30.43,0.529697
392.929887,0.020101,-0.021546,-0.086184,-9.27675,-9.277175,0.005325,-0.00852,0.00426,99156.89,30.43,0.546825
392.949983,0.020096,-0.01197,0.045486,-9.329418,-9.329537,0.00213,-0.00426,0.00426,99159.27,30.43,0.494463
392.970078,0.020095,-0.069426,0.03591,-9.274356,-9.274685,0.001065,-0.005325,0.003195,99159.27,30.43,0.549315
392.990325,0.020247,-0.062244,0.016758,-9.34857,-9.348792,0.001065,-0.00426,0.003195,99159.27,30.43,0.475208
393.010406,0.020081,-0.055062,0.026334,-9.358146,-9.358345,0.00213,-0.00639,0.001065,99159.27,30.43,0.465655
393.030503,0.020097,-0.100548,0.033516,-9.394056,-9.394654,0.00213,-0.00213,0,99159.27,30.43,0.429346
393.050584,0.020081,-0.045486,0.026334,-9.406026,-9.406173,0.00213,-0.003195,0.001065,99159.27,30.43,0.417827
393.070672,0.020088,-0.09576,0.105336,-9.34857,-9.349654,0.00213,-0.00639,0.001065,99160.53,30.43,0.474346
393.091076,0.020404,-0.122094,0.016758,-9.382086,-9.382895,0.003195,-0.00213,-0.003195,99160.53,30.43,0.441105
393.111157,0.020081,-0.076608,0.026334,-9.343782,-9.344133,-0.00213,-0.005325,0,99160.53,30.43,0.479867
393.131259,0.020102,-0.122094,-0.016758,-9.317448,-9.318263,0.001065,-0.007455,0.001065,99160.53,30.43,0.505737
393.151343,0.020084,-0.100548,-0.124488,-9.298296,-9.299673,0.00426,-0.00426,0.00213,99160.53,30.43,0.524327
393.171461,0.020118,-0.062244,-0.08379,-9.305478,-9.306063,0.001065,-0.00639,0.00213,99163.01,30.43,0.517937
393.191658,0.020197,-0.122094,-0.129276,-9.267174,-9.26888,0.001065,-0.00852,0.005325,99163.01,30.43,0.55512
393.211736,0.020078,-0.069426,-0.05985,-9.317448,-9.317899,0,-0.00639,0.003195,99163.01,30.43,0.506101
393.231826,0.02009,0.009576,-0.07182,-9.269568,-9.269851,0.001065,-0.007455,0.00426,99163.01,30.43,0.554149
393.251946,0.020119,-0.026334,-0.062244,-9.291114,-9.29136,0.00213,-0.00426,0.007455,99163.01,30.43,0.53264
393.272046,0.0201,-0.031122,-0.074214,-9.355752,-9.356098,0.00213,-0.005325,0.00426,99163.01,30.43,0.467902
393.292301,0.020256,0.014364,-0.13167,-9.291114,-9.292058,0.00213,-0.00213,0.005325,99164.27,30.43,0.531942
393.312395,0.020094,-0.04788,-0.002394,-9.365328,-9.365451,0.003195,-0.00426,0.00213,99164.27,30.43,0.458549
393.332482,0.020087,-0.033516,0.019152,-9.406026,-9.406105,0.00639,-0.005325,0.001065,99164.27,30.43,0.417895
393.352598,0.020116,-0.040698,0.040698,-9.310266,-9.310444,0.003195,-0.00426,0.001065,99164.27,30.43,0.513556
393.372695,0.020097,-0.114912,0.062244,-9.406026,-9.406934,0.003195,-0.00213,0.001065,99164.27,30.43,0.417066
393.392956,0.020261,-0.057456,-0.03591,-9.3366,-9.336846,0.00426,-0.003195,0.001065,99164.27,30.43,0.487154
393.413059,0.020104,-0.069426,0.04788,-9.365328,-9.365708,0.00426,0,0.001065,99166.91,30.43,0.458292
393.43315,0.02009,-0.15561,0.02394,-9.394056,-9.395375,0.00213,-0.00639,0.003195,99166.91,30.43,0.428625
393.453429,0.020279,-0.150822,-0.043092,-9.286326,-9.287651,0.001065,-0.00426,0.00213,99166.91,30.43,0.536349
393.473516,0.020087,-0.15561,-0.043092,-9.389268,-9.390656,0.003195,-0.00426,0.003195,99166.91,30.43,0.433344
393.493663,0.020147,-0.136458,-0.021546,-9.341388,-9.342409,0.003195,-0.00426,0.00639,99166.91,30.43,0.481591
393.513744,0.020081,-0.098154,-0.028728,-9.39645,-9.397007,-0.003195,-0.00426,0.00426,99168.38,30.43,0.426993
393.533846,0.020102,-0.093366,0.028728,-9.358146,-9.358656,0.00213,-0.01065,0.00639,99168.38,30.43,0.465344
393.553932,0.020086,-0.093366,0.040698,-9.341388,-9.341943,-0.001065,-0.01065,0.00639,99168.38,30.43,0.482057
393.574192,0.02026,-0.045486,-0.055062,-9.298296,-9.29857,0.001065,-0.00639,0.00426,99168.38,30.43,0.52543
393.594414,0.020222,-0.031122,-0.007182,-9.343782,-9.343837,0,-0.00426,0.003195,99168.38,30.43,0.480163
393.614498,0.020084,-0.028728,-0.007182,-9.319842,-9.319889,0.001065,-0.00639,0.00213,99168.38,30.43,0.504111
393.634593,0.020096,0.02394,0.009576,-9.30069,-9.300726,0.003195,-0.00852,0.00639,99169.89,30.43,0.523274
393.654821,0.020228,0.01197,-0.002394,-9.338994,-9.339002,0.00213,-0.00426,0.005325,99169.89,30.43,0.484998
393.674924,0.020103,-0.009576,-0.062244,-9.269568,-9.269782,0.001065,-0.005325,0.005325,99169.89,30.43,0.554218
393.695095,0.020171,-0.03591,-0.01197,-9.319842,-9.319919,0.001065,-0.007455,0.00426,99169.89,30.43,0.504081
393.715197,0.020102,-0.105336,-0.055062,-9.26478,-9.265542,0.001065,-0.007455,0.00426,99169.89,30.43,0.558458
393.73528,0.020083,-0.064638,0.01197,-9.394056,-9.394286,0.00426,-0.00426,0.001065,99169.89,30.43,0.429714
393.755473,0.020193,-0.079002,0.057456,-9.379692,-9.380201,0.003195,-0.00426,0.003195,99172.62,30.43,0.443799
393.775562,0.02009,-0.05985,0.067032,-9.422784,-9.423212,0.00213,-0.00426,0.00213,99172.62,30.43,0.400788
393.795664,0.020101,-0.021546,0.07182,-9.429966,-9.430264,0.003195,-0.003195,0.00213,99172.62,30.43,0.393736
393.815768,0.020105,-0.090972,0.090972,-9.37251,-9.373393,0.001065,-0.00852,0.001065,99172.62,30.43,0.450607
393.835867,0.020099,-0.090972,0.02394,-9.413208,-9.413678,0.00213,-0.00639,0.001065,99172.62,30.43,0.410322
393.85597,0.020103,-0.04788,0.074214,-9.422784,-9.423198,0.001065,-0.00639,0,99174.21,30.43,0.400802
393.876076,0.020106,-0.081396,0.043092,-9.394056,-9.394507,0.001065,-0.001065,0.003195,99174.21,30.43,0.429493
393.896298,0.020222,-0.098154,-0.016758,-9.406026,-9.406553,0.00213,-0.00426,0.00426,99174.21,30.43,0.417447
393.916386,0.020087,-0.04788,-0.038304,-9.434754,-9.434953,0.001065,-0.00639,0.00426,99174.21,30.43,0.389047
393.936479,0.020093,-0.110124,-0.043092,-9.43236,-9.433101,0.003195,-0.00426,0.00426,99174.21,30.43,0.390899
393.956566,0.020087,-0.067032,-0.028728,-9.429966,-9.430248,-0.001065,-0.005325,0.005325,99174.21,30.43,0.393752
393.97687,0.020304,-0.069426,-0.019152,-9.44433,-9.444605,0.001065,-0.007455,0.005325,99177.21,30.43,0.379395
393.997674,0.020804,-0.028728,-0.081396,-9.477846,-9.478239,0.00426,-0.001065,0.00639,99177.21,30.43,0.345761
394.019351,0.021676,-0.031122,0.045486,-9.547272,-9.547431,0.00213,-0.00639,0.00639,99177.21,30.43,0.276569
394.039446,0.020095,0.002394,0.007182,-9.542484,-9.542487,0.003195,-0.001065,0.00426,99177.21,30.43,0.281513
394.059581,0.020135,-0.069426,-0.01197,-9.506574,-9.506835,0.00213,-0.00213,0.00426,99177.21,30.43,0.317165
394.079683,0.020102,-0.098154,0.038304,-9.580788,-9.581367,0.00213,-0.00639,0.003195,99177.21,30.43,0.242633
394.099833,0.02015,-0.10773,-0.026334,-9.508968,-9.509615,0,-0.001065,0.00426,99178.97,30.43,0.314385
394.120019,0.020186,-0.134064,0.01197,-9.561636,-9.562583,0.00213,-0.00852,0.00213,99178.97,30.43,0.261417
394.140102,0.020083,-0.090972,0.019152,-9.578394,-9.578845,-0.001065,-0.00639,0.00213,99178.97,30.43,0.245155
394.160191,0.020089,-0.100548,-0.031122,-9.549666,-9.550246,0.001065,-0.00426,0.001065,99178.97,30.43,0.273754
394.180288,0.020097,-0.153216,0.002394,-9.571212,-9.572439,0,-0.007455,0.00213,99178.97,30.43,0.251561
394.20039,0.020103,-0.126882,-0.043092,-9.597546,-9.598481,0.00213,-0.00426,0.001065,99182.59,30.43,0.225519
394.220617,0.020227,-0.141246,0.01197,-9.67176,-9.672799,0.00213,-0.00213,0.003195,99182.59,30.43,0.151201
394.240761,0.020145,-0.081396,-0.038304,-9.616698,-9.617119,0.001065,-0.005325,0.00426,99182.59,30.43,0.206881
394.26088,0.020119,-0.08379,-0.057456,-9.609516,-9.610053,0.00213,-0.00639,0.00426,99182.59,30.43,0.213947
394.281,0.020119,-0.074214,-0.02394,-9.67176,-9.672074,0.003195,-0.00426,0.00639,99182.59,30.43,0.151926
394.301187,0.020188,-0.055062,-0.040698,-9.614304,-9.614548,-0.00213,-0.007455,0.00426,99182.59,30.43,0.209452
394.321433,0.020245,-0.01197,-0.040698,-9.710064,-9.710157,0.005325,-0.00639,0.00426,99184.4,30.43,0.113843
394.341515,0.020083,0.026334,0.040698,-9.621486,-9.621608,-0.00213,-0.00852,0.00213,99184.4,30.43,0.202392
394.361604,0.020089,0.002394,0.019152,-9.614304,-9.614323,0.001065,-0.00639,0.005325,99184.4,30.43,0.209677
394.38169,0.020086,-0.040698,0.007182,-9.68373,-9.683818,0.003195,-0.00639,0.003195,99184.4,30.43,0.140182
394.401823,0.020133,-0.043092,0.028728,-9.73161,-9.731748,-0.003195,-0.003195,0.001065,99184.4,30.43,0.092252
394.423057,0.021234,-0.090972,-0.021546,-9.774702,-9.775149,0.003195,0.001065,0.005325,99187.96,30.43,0.048851
394.444473,0.021415,-0.09576,0.090972,-9.777096,-9.777988,-0.00213,-0.009585,0.003195,99187.96,30.43,0.046012
394.464581,0.020109,-0.110124,-0.031122,-9.722034,-9.722707,0.003195,-0.003195,0.003195,99187.96,30.43,0.101293
394.484706,0.020125,-0.086184,0.004788,-9.784278,-9.784659,0.00213,-0.00639,0.003195,99187.96,30.43,0.039341
394.50483,0.020124,-0.138852,-0.002394,-9.74358,-9.74457,0.001065,-0.00639,0.003195,99187.96,30.43,0.07943
394.524952,0.020122,-0.055062,-0.13167,-9.726822,-9.727869,0.00426,-0.003195,0.003195,99187.96,30.43,0.096131
394.545532,0.02058,-0.021546,0.114912,-9.829764,-9.830459,0,-0.00639,0.003195,99189.98,30.43,-0.006459
394.567378,0.021846,-0.04788,-0.031122,-9.750762,-9.750929,0.001065,-0.00639,0.005325,99189.98,30.43,0.073071
394.587466,0.020089,-0.088578,-0.086184,-9.8154,-9.816178,0.007455,0,0.00213,99189.98,30.43,0.007822
394.607556,0.02009,0,0.028728,-9.82737,-9.827412,0.00426,-0.00639,0,99189.98,30.43,-0.003412
394.627649,0.020093,-0.002394,0.050274,-9.738792,-9.738922,0,-0.005325,-0.001065,99189.98,30.43,0.085078
394.647778,0.020128,-0.122094,-0.016758,-9.892008,-9.892776,0.00213,-0.00639,-0.001065,99189.98,30.43,-0.068776
394.668089,0.020311,-0.098154,-0.100548,-9.789066,-9.790074,0.00213,-0.005325,-0.00213,99191.86,30.43,0.033926
394.688239,0.02015,-0.158004,-0.01197,-9.858492,-9.859765,0.00213,-0.003195,0,99191.86,30.43,-0.035765
394.708324,0.020085,-0.088578,0.03591,-9.853704,-9.854168,0.001065,-0.005325,0.003195,99191.86,30.43,-0.030168
394.728424,0.0201,-0.138852,0.02394,-9.80343,-9.804443,0.001065,-0.00639,0.003195,99191.86,30.43,0.019557
394.748514,0.020089,-0.134064,-0.009576,-9.796248,-9.79717,0.003195,-0.001065,0.00213,99191.86,30.43,0.02683
394.768699,0.020185,-0.105336,0.009576,-9.796248,-9.796819,0.003195,-0.003195,0.001065,99196.05,30.43,0.027181
394.788798,0.020099,-0.074214,0.04788,-9.798642,-9.79904,0,-0.00213,0.00426,99196.05,30.43,0.02496
394.808893,0.020095,-0.067032,0.079002,-9.848916,-9.849461,0.00213,-0.007455,0.00426,99196.05,30.43,-0.025461
394.829015,0.020122,-0.02394,0.098154,-9.884826,-9.885342,0.00639,-0.00426,0.001065,99196.05,30.43,-0.061342
394.849104,0.020089,-0.026334,0.02394,-9.880038,-9.880102,0.00852,-0.00426,0.00213,99196.05,30.43,-0.056102
394.869602,0.020498,0.021546,-0.05985,-9.896796,-9.897,0.001065,-0.00852,0.00213,99196.05,30.43,-0.073
394.891699,0.022097,0.007182,-0.040698,-9.846522,-9.846609,0.003195,-0.00639,0.00213,99198.04,30.43,-0.022609
394.911805,0.020105,-0.040698,-0.055062,-9.870462,-9.870699,0,-0.007455,0.00213,99198.04,30.43,-0.046699
394.931941,0.020136,-0.043092,-0.004788,-9.846522,-9.846617,-0.001065,-0.005325,0.001065,99198.04,30.43,-0.022617
394.952057,0.020117,-0.031122,-0.100548,-9.77949,-9.780056,0.00213,-0.00639,0.00213,99198.04,30.43,0.043944
394.972165,0.020108,-0.062244,-0.043092,-9.868068,-9.868358,0.00213,-0.00639,0.00426,99198.04,30.43,-0.044358
394.992385,0.02022,-0.074214,-0.074214,-9.77949,-9.780053,0,-0.003195,0.003195,99202.55,30.43,0.043947
395.012489,0.020104,-0.069426,-0.038304,-9.801036,-9.801357,0.00426,-0.001065,0.00639,99202.55,30.43,0.022643
395.032595,0.020105,-0.09576,0.02394,-9.793854,-9.794351,0,-0.00426,0.005325,99202.55,30.43,0.029649
395.052718,0.020123,-0.088578,0.007182,-9.760338,-9.760743,0.00213,0,0.00426,99202.55,30.43,0.063257
395.072802,0.020084,-0.110124,0.033516,-9.868068,-9.868739,0.00213,-0.00639,0.00426,99202.55,30.43,-0.044739
395.0931,0.020299,-0.129276,-0.03591,-9.760338,-9.76126,0.001065,-0.00639,0.001065,99202.55,30.43,0.06274
395.113187,0.020087,-0.134064,0.04788,-9.892008,-9.893032,0.00213,-0.003195,0.005325,99204.73,30.43,-0.069032
395.133295,0.020107,-0.098154,0.043092,-9.858492,-9.859075,0.003195,-0.00639,0.00426,99204.73,30.43,-0.035075
395.153382,0.020087,-0.158004,-0.016758,-9.841734,-9.843017,0.003195,-0.007455,0.003195,99204.73,30.43,-0.019017
395.173468,0.020086,-0.110124,0.031122,-9.880038,-9.880701,0.00213,-0.001065,0.00213,99204.73,30.43,-0.056701
395.193701,0.020233,-0.172368,0.045486,-9.877644,-9.879253,-0.00213,-0.00852,0.007455,99204.73,30.43,-0.055253
395.213787,0.020086,-0.076608,0.062244,-9.906372,-9.906864,0.003195,-0.003195,0.00213,99204.73,30.43,-0.082864
395.233952,0.020165,-0.08379,0.079002,-9.930312,-9.93098,0.001065,-0.009585,0.00426,99209.13,30.43,-0.10698
395.254045,0.020093,-0.062244,0.014364,-9.786672,-9.78688,0,-0.00852,0.005325,99209.13,30.43,0.03712
395.274278,0.020233,-0.086184,0,-9.77949,-9.77987,0,-0.00426,0.005325,99209.13,30.43,0.04413
395.294959,0.020681,-0.043092,0.040698,-9.817794,-9.817973,0,-0.005325,0.00639,99209.13,30.43,0.006027
395.316748,0.021789,-0.007182,-0.014364,-9.858492,-9.858505,0.00426,-0.003195,0.00426,99209.13,30.43,-0.034505
395.336837,0.020089,-0.033516,0.02394,-9.817794,-9.81788,0.001065,-0.00639,0.003195,99211.25,30.43,0.00612
395.35694,0.020103,-0.055062,-0.038304,-9.781884,-9.782114,0.003195,-0.005325,0.00213,99211.25,30.43,0.041886
395.377105,0.020164,-0.02394,-0.04788,-9.853704,-9.853849,0.003195,-0.00213,0.003195,99211.25,30.43,-0.029849
395.397333,0.020228,-0.019152,0,-9.865674,-9.865693,0.00639,0.001065,0.001065,99211.25,30.43,-0.041693
395.417905,0.020572,-0.076608,0.019152,-9.85131,-9.851626,0.003195,-0.005325,-0.001065,99211.25,30.43,-0.027626
395.439769,0.021864,-0.067032,0.031122,-9.865674,-9.865951,0.00213,-0.003195,0.001065,99211.25,30.43,-0.041951
395.459868,0.020099,-0.093366,-0.007182,-9.829764,-9.83021,0.00426,-0.00426,0,99213.46,30.43,-0.00621
395.479962,0.020094,-0.146034,-0.014364,-9.865674,-9.866765,0.00426,-0.007455,0,99213.46,30.43,-0.042765
395.500068,0.020105,-0.098154,-0.01197,-9.834552,-9.835049,0,-0.009585,0.00213,99213.46,30.43,-0.011049
395.520174,0.020106,-0.088578,-0.002394,-9.774702,-9.775104,-0.001065,-0.009585,0.003195,99213.46,30.43,0.048896
395.540384,0.020211,-0.100548,0.002394,-9.844128,-9.844642,0.00213,-0.007455,0.003195,99213.46,30.43,-0.020642
395.560641,0.020257,-0.08379,-0.050274,-9.808218,-9.808705,0.005325,-0.00852,0.001065,99218.22,30.43,0.015295
395.580736,0.020095,-0.045486,-0.019152,-9.8154,-9.815524,0.003195,-0.00639,0.003195,99218.22,30.43,0.008476
395.600836,0.0201,-0.052668,0.028728,-9.836946,-9.837129,-0.003195,-0.005325,0.00426,99218.22,30.43,-0.013129
395.62093,0.020093,-0.067032,-0.01197,-9.832158,-9.832394,0,-0.005325,0.00426,99218.22,30.43,-0.008394
395.64107,0.02014,-0.019152,-0.043092,-9.913554,-9.913666,0.00426,-0.00213,0.00213,99218.22,30.43,-0.089666
395.661177,0.020108,-0.067032,0.004788,-9.870462,-9.870691,0,-0.009585,0.001065,99218.22,30.43,-0.046691
395.681371,0.020194,-0.057456,-0.031122,-9.841734,-9.841951,0.00213,-0.00426,-0.001065,99220.67,30.43,-0.017951
395.701465,0.020094,-0.08379,0.040698,-9.853704,-9.854144,0.001065,-0.00852,0.00213,99220.67,30.43,-0.030144
395.721556,0.02009,-0.13167,0.04788,-9.856098,-9.857094,-0.001065,-0.00852,0.00426,99220.67,30.43,-0.033094
395.741814,0.020258,-0.162792,0.019152,-9.882432,-9.883791,0.00426,-0.003195,0.00426,99220.67,30.43,-0.059791
395.761906,0.020092,-0.122094,0.086184,-9.882432,-9.883562,0,-0.011715,0.003195,99220.67,30.43,-0.059562
395.782091,0.020185,-0.150822,0.01197,-9.796248,-9.797416,-0.003195,-0.00426,0.001065,99220.67,30.43,0.026584
395.802191,0.020099,-0.146034,-0.021546,-9.808218,-9.809329,0.00213,-0.007455,0.003195,99225.66,30.43,0.014671
395.822464,0.020273,-0.086184,-0.05985,-9.817794,-9.818355,0.001065,-0.00639,0.003195,99225.66,30.43,0.005645
395.843051,0.020587,-0.040698,-0.062244,-9.781884,-9.782167,0,-0.00639,0.007455,99225.66,30.43,0.041833
395.864827,0.021777,0.03591,0.055062,-9.86328,-9.863499,0.001065,-0.00639,0.007455,99225.66,30.43,-0.039499
395.884921,0.020094,-0.062244,-0.098154,-9.741186,-9.741879,0,-0.007455,0.005325,99225.66,30.43,0.082121
395.905047,0.020126,-0.03591,-0.040698,-9.853704,-9.853853,0.005325,-0.00426,0.00213,99228.16,30.43,-0.029853
395.925145,0.020098,0.02394,0.016758,-9.870462,-9.870505,0,-0.00639,0.003195,99228.16,30.43,-0.046505
395.945291,0.020146,0.007182,0.002394,-9.774702,-9.774705,0.003195,-0.00639,0.00426,99228.16,30.43,0.049295
395.965502,0.020211,-0.04788,0.031122,-9.82737,-9.827536,0.001065,-0.003195,0.00426,99228.16,30.43,-0.003536
395.985612,0.02011,-0.090972,0.004788,-9.822582,-9.823004,0.005325,-0.005325,0.00426,99228.16,30.43,0.000996
396.005699,0.020087,-0.052668,-0.05985,-9.798642,-9.798966,0.00426,-0.003195,0.00213,99228.16,30.43,0.025034
396.025794,0.020095,-0.062244,0.040698,-9.903978,-9.904257,0.005325,-0.00213,0.00426,99233.13,30.43,-0.080257
396.045907,0.020113,-0.105336,0.067032,-9.868068,-9.868858,0.00213,-0.007455,0.00213,99233.13,30.43,-0.044858
396.066191,0.020284,-0.10773,0.016758,-9.832158,-9.832762,0.003195,-0.007455,0.005325,99233.13,30.43,-0.008762
396.086306,0.020114,-0.093366,-0.028728,-9.83934,-9.839825,0.001065,-0.003195,0.003195,99233.13,30.43,-0.015825
396.106447,0.020142,-0.079002,0.004788,-9.822582,-9.822901,0.00213,-0.005325,0.001065,99233.13,30.43,0.001099
396.126552,0.020105,-0.067032,0.004788,-9.896796,-9.897024,0.00426,-0.00852,0.00426,99233.13,30.43,-0.073024
396.146681,0.020129,-0.100548,0.050274,-9.762732,-9.763379,0,-0.009585,0.005325,99235.83,30.43,0.060621
396.167324,0.020643,-0.031122,-0.002394,-9.858492,-9.858541,0.001065,-0.00426,0.005325,99235.83,30.43,-0.034541
396.189168,0.021843,0.016758,0.016758,-9.83934,-9.839369,-0.00213,-0.005325,0.00639,99235.83,30.43,-0.015369
396.209302,0.020134,-0.007182,0.004788,-9.841734,-9.841738,0.001065,0,0.00426,99235.83,30.43,-0.017738
396.229388,0.020086,0.009576,0.04788,-9.805824,-9.805946,0.001065,-0.003195,0.00639,99235.83,30.43,0.018054
396.249577,0.02019,0.019152,-0.052668,-9.844128,-9.844288,0.001065,-0.00426,0.003195,99240.96,30.43,-0.020288
396.269664,0.020086,0.031122,-0.05985,-9.702882,-9.703116,0.005325,-0.003195,0.00213,99240.96,30.43,0.120884
396.289814,0.02015,-0.181944,-0.021546,-9.836946,-9.838652,0.00213,-0.009585,-0.001065,99240.96,30.43,-0.014652
396.309895,0.020081,-0.05985,-0.03591,-9.813006,-9.813254,0.00639,0,0,99240.96,30.43,0.010746
396.330072,0.020177,-0.1197,-0.009576,-9.820188,-9.820922,0.001065,-0.00639,0.00213,99240.96,30.43,0.003078
396.350166,0.020094,-0.129276,0.031122,-9.808218,-9.809119,0.003195,-0.007455,0.005325,99240.96,30.43,0.014881
396.370285,0.020119,-0.201096,-0.01197,-9.844128,-9.846189,0.00639,-0.001065,0.003195,99243.52,30.43,-0.022189
396.390513,0.020229,-0.136458,0.02394,-9.896796,-9.897766,0.00213,-0.005325,0.001065,99243.52,30.43,-0.073766
396.410601,0.020088,-0.222642,-0.031122,-9.882432,-9.884989,0.001065,-0.00639,0.003195,99243.52,30.43,-0.060989
396.430694,0.020093,-0.14364,-0.021546,-9.83934,-9.840412,0.00639,-0.005325,0.00426,99243.52,30.43,-0.016412
396.45078,0.020087,-0.110124,0.028728,-9.89919,-9.899844,-0.001065,-0.007455,0.007455,99243.52,30.43,-0.075844
396.470891,0.020111,-0.093366,-0.01197,-9.810612,-9.811064,-0.003195,-0.00852,0.003195,99243.52,30.43,0.012936
396.491164,0.020272,-0.067032,0.019152,-9.87525,-9.875496,0.00213,-0.005325,0,99246.02,30.43,-0.051496
396.511259,0.020095,-0.01197,-0.016758,-9.781884,-9.781906,0.001065,-0.007455,0.00426,99246.02,30.43,0.042094
396.531417,0.020158,-0.064638,-0.038304,-9.820188,-9.820475,0.001065,-0.001065,-0.001065,99246.02,30.43,0.003525
396.55151,0.020093,-0.019152,0.019152,-9.836946,-9.836983,0.00426,-0.00426,0.001065,99246.02,30.43,-0.012983
396.571617,0.020107,-0.021546,0.002394,-9.808218,-9.808242,-0.003195,-0.011715,0.00213,99246.02,30.43,0.015758
396.591759,0.020142,-0.004788,-0.009576,-9.798642,-9.798648,0.003195,-0.00852,0,99251.16,30.43,0.025352
396.611898,0.020139,-0.064638,-0.064638,-9.793854,-9.794281,0.001065,-0.00639,0,99251.16,30.43,0.029719
396.631986,0.020088,-0.069426,-0.076608,-9.817794,-9.818338,0,-0.00639,0.001065,99251.16,30.43,0.005662
396.652067,0.020081,-0.076608,-0.05985,-9.808218,-9.8087,-0.001065,-0.007455,0.00213,99251.16,30.43,0.0153
396.672162,0.020095,0,-0.055062,-9.848916,-9.84907,-0.00213,-0.00639,0.00426,99251.16,30.43,-0.02507
396.692393,0.020231,-0.002394,-0.02394,-9.805824,-9.805854,0.001065,-0.005325,0.00426,99251.16,30.43,0.018146
396.712493,0.0201,-0.067032,-0.031122,-9.858492,-9.858769,0.00213,-0.003195,0.00213,99253.69,30.43,-0.034769
396.732579,0.020086,-0.028728,-0.002394,-9.77949,-9.779532,0.001065,-0.00426,0.003195,99253.69,30.43,0.044468
396.75269,0.020111,-0.086184,0.045486,-9.820188,-9.820672,0.00213,-0.001065,0.00213,99253.69,30.43,0.003328
396.772784,0.020094,-0.129276,0.052668,-9.817794,-9.818786,0.003195,-0.005325,0.003195,99253.69,30.43,0.005214
396.793178,0.020394,-0.055062,0.002394,-9.808218,-9.808373,0.00213,-0.005325,0.00426,99253.69,30.43,0.015627
396.81339,0.020213,-0.07182,-0.002394,-9.83934,-9.839602,0.00426,-0.00426,0.003195,99253.69,30.43,-0.015602
396.833481,0.020091,-0.081396,0.062244,-9.82737,-9.827904,0.001065,-0.003195,0.001065,99258.71,30.43,-0.003904
396.853566,0.020084,-0.086184,0.055062,-9.824976,-9.825508,-0.001065,-0.007455,0.00426,99258.71,30.43,-0.001508
396.87366,0.020094,-0.100548,0.086184,-9.846522,-9.847413,0,-0.00852,0.001065,99258.71,30.43,-0.023413
396.893765,0.020105,-0.148428,0.057456,-9.870462,-9.871745,0.001065,-0.005325,0.003195,99258.71,30.43,-0.047745
396.913848,0.020082,-0.086184,-0.045486,-9.829764,-9.830247,0,-0.005325,0.001065,99258.71,30.43,-0.006247
396.933948,0.0201,-0.112518,0.057456,-9.906372,-9.907178,0.00213,-0.01278,0.00213,99261.38,30.43,-0.083178
396.954045,0.020098,-0.052668,-0.026334,-9.784278,-9.784455,-0.001065,-0.009585,0.00426,99261.38,30.43,0.039545
396.974154,0.020109,-0.07182,-0.002394,-9.805824,-9.806087,0,-0.005325,0.003195,99261.38,30.43,0.017913
396.994265,0.02011,-0.074214,0.02394,-9.85131,-9.851619,0,-0.00639,0.003195,99261.38,30.43,-0.027619
397.01436,0.020095,-0.021546,-0.05985,-9.808218,-9.808424,0.00213,-0.00426,0.00426,99261.38,30.43,0.015576
397.034453,0.020093,-0.02394,0.031122,-9.844128,-9.844206,0,-0.00426,0.00213,99261.38,30.43,-0.020206
397.054555,0.020103,-0.110124,-0.01197,-9.868068,-9.86869,-0.00213,-0.00639,0.00426,99266.7,30.43,-0.04469
397.074651,0.020096,-0.086184,-0.093366,-9.801036,-9.80186,0.003195,-0.003195,0.001065,99266.7,30.43,0.02214
397.094761,0.02011,-0.064638,0.002394,-9.896796,-9.897007,0.003195,-0.003195,0.003195,99266.7,30.43,-0.073007
397.114865,0.020103,-0.038304,-0.03591,-9.801036,-9.801177,0.00213,-0.00852,0.005325,99266.7,30.43,0.022823
397.135014,0.020149,-0.004788,-0.038304,-9.777096,-9.777172,0.005325,-0.00426,0.00213,99266.7,30.43,0.046828
397.155107,0.020093,-0.098154,0.057456,-9.841734,-9.842391,0.003195,-0.00639,0.00426,99266.7,30.43,-0.018391
397.175214,0.020107,-0.067032,0.028728,-9.769914,-9.770186,0,-0.005325,0.00426,99269.3,30.43,0.053814
397.195307,0.020093,-0.074214,0.033516,-9.796248,-9.796586,0.00426,0.00213,0.003195,99269.3,30.43,0.027414
397.215437,0.02013,-0.148428,0.088578,-9.86328,-9.864794,0.00213,-0.005325,0.003195,99269.3,30.43,-0.040794
397.235616,0.020179,-0.064638,0.031122,-9.772308,-9.772571,0,-0.003195,0.001065,99269.3,30.43,0.051429
397.255741,0.020125,-0.098154,0.086184,-9.829764,-9.830632,0.003195,-0.009585,0.00639,99269.3,30.43,-0.006632
397.275846,0.020105,-0.126882,0.050274,-9.829764,-9.830711,0,-0.001065,0.00213,99274.63,30.43,-0.006711
397.295948,0.020102,-0.112518,0.026334,-9.836946,-9.837625,0.001065,-0.005325,0.003195,99274.63,30.43,-0.013625
397.31608,0.020132,-0.074214,0.07182,-9.880038,-9.880578,0.001065,-0.00639,0.003195,99274.63,30.43,-0.056578
397.336198,0.020118,-0.129276,0.019152,-9.834552,-9.83542,0.00213,-0.005325,0.00213,99274.63,30.43,-0.01142
397.35631,0.020113,-0.124488,0.004788,-9.906372,-9.907155,0.003195,-0.00426,0.00426,99274.63,30.43,-0.083155
397.37641,0.0201,-0.050274,-0.004788,-9.856098,-9.856227,-0.00213,-0.00852,0.00213,99274.63,30.43,-0.032227
397.397153,0.020742,-0.026334,-0.031122,-9.882432,-9.882516,0.00426,-0.00639,0.00213,99277.31,30.43,-0.058516
397.417272,0.020119,-0.038304,0.002394,-9.848916,-9.848991,0.001065,-0.007455,0.00426,99277.31,30.43,-0.024991
397.437361,0.020089,-0.040698,-0.03591,-9.822582,-9.822732,-0.001065,-0.00426,0.00426,99277.31,30.43,0.001268
397.457448,0.020087,-0.002394,-0.09576,-9.79146,-9.791929,0.00639,-0.00426,0.003195,99277.31,30.43,0.032071
397.47755,0.020102,0,0.021546,-9.834552,-9.834576,0.00213,-0.00426,0.003195,99277.31,30.43,-0.010576
397.498006,0.020456,-0.004788,-0.026334,-9.805824,-9.805861,-0.00213,-0.007455,0.00426,99280.08,30.43,0.018139
397.518135,0.020129,-0.014364,-0.02394,-9.793854,-9.793894,0.00426,-0.00639,0.00213,99280.08,30.43,0.030106
397.538253,0.020118,-0.04788,-0.002394,-9.865674,-9.86579,0,-0.007455,0,99280.08,30.43,-0.04179
397.558379,0.020126,-0.040698,-0.019152,-9.777096,-9.777199,0.003195,-0.003195,0.003195,99280.08,30.43,0.046801
397.578481,0.020102,-0.100548,0.064638,-9.860886,-9.86161,0.003195,-0.007455,0.001065,99280.08,30.43,-0.03761
397.598949,0.020468,-0.129276,0.074214,-9.774702,-9.775839,0.001065,-0.009585,0.003195,99280.08,30.43,0.048161
397.620728,0.021779,-0.160398,-0.04788,-9.884826,-9.886243,0.00213,-0.00213,0.00426,99285.67,30.43,-0.062243
397.640809,0.020081,-0.105336,-0.043092,-9.822582,-9.823241,0.00213,-0.005325,0.00426,99285.67,30.43,0.000759
397.660912,0.020103,-0.150822,-0.033516,-9.856098,-9.857309,-0.001065,-0.007455,0.00639,99285.67,30.43,-0.033309
397.680999,0.020088,-0.110124,0.009576,-9.85131,-9.85193,0.001065,-0.005325,0.00426,99285.67,30.43,-0.02793
397.701095,0.020096,-0.14364,-0.02394,-9.82737,-9.828449,0,-0.011715,0.00639,99285.67,30.43,-0.004449
397.721462,0.020367,-0.076608,0.004788,-9.889614,-9.889912,0.00213,-0.005325,0.003195,99285.67,30.43,-0.065912
397.741554,0.020092,-0.064638,-0.02394,-9.793854,-9.794097,-0.00213,-0.007455,0.003195,99288.43,30.42,0.029903
397.761649,0.020095,-0.028728,-0.019152,-9.817794,-9.817855,0,-0.007455,0.00426,99288.43,30.42,0.006145
397.781739,0.02009,-0.007182,-0.007182,-9.8154,-9.815405,-0.00213,-0.007455,0.00426,99288.43,30.42,0.008595
397.80183,0.020091,-0.021546,0.007182,-9.784278,-9.784304,0.00213,-0.007455,0.00426,99288.43,30.42,0.039696
397.822132,0.020301,-0.014364,0.007182,-9.829764,-9.829777,0.005325,-0.00213,0.007455,99288.43,30.42,-0.005777
397.842216,0.020084,0.050274,0.057456,-9.80343,-9.803727,0.00213,-0.00852,0.003195,99294.2,30.43,0.020273
397.86231,0.020094,-0.028728,0.01197,-9.798642,-9.798691,0.005325,-0.003195,0.003195,99294.2,30.43,0.025309
397.882392,0.020082,0.062244,0.01197,-9.834552,-9.834756,0.005325,-0.001065,0.003195,99294.2,30.43,-0.010756
397.902485,0.020094,0,0.088578,-9.829764,-9.830163,0.00426,-0.003195,0.00213,99294.2,30.43,-0.006163
397.92284,0.020354,-0.122094,-0.026334,-9.882432,-9.883221,0,-0.00639,0.003195,99294.2,30.43,-0.059221
397.942922,0.020083,0.014364,0.067032,-9.877644,-9.877882,-0.001065,-0.007455,0.003195,99294.2,30.43,-0.053882
397.963016,0.020094,-0.141246,0.02394,-9.750762,-9.751814,0.003195,-0.003195,0.003195,99297.01,30.42,0.072186
397.983106,0.020091,-0.232218,-0.03591,-9.834552,-9.837359,0.00426,-0.00213,0.00213,99297.01,30.42,-0.013359
398.00327,0.020164,-0.10773,0.007182,-9.824976,-9.825569,0.00213,-0.005325,0.00426,99297.01,30.42,-0.001569
398.023586,0.020316,-0.165186,-0.01197,-9.858492,-9.859883,0.003195,-0.00426,0.00426,99297.01,30.42,-0.035883
398.043683,0.020097,-0.112518,-0.016758,-9.836946,-9.837604,0,-0.007455,0.005325,99297.01,30.42,-0.013604
398.06385,0.020166,-0.098154,0.04788,-9.858492,-9.859097,0.001065,-0.009585,0.00852,99302.5,30.42,-0.035097
398.083933,0.020083,-0.117306,-0.076608,-9.832158,-9.833156,0.00213,-0.003195,0.005325,99302.5,30.42,-0.009156
398.104046,0.020113,-0.067032,0.043092,-9.87525,-9.875572,0.003195,0,0.005325,99302.5,30.42,-0.051572
398.124618,0.020572,-0.04788,0.038304,-9.868068,-9.868258,-0.001065,-0.009585,0.005325,99302.5,30.42,-0.044258
398.146545,0.021927,-0.002394,0.050274,-9.798642,-9.798771,0.001065,-0.007455,0.003195,99302.5,30.42,0.025229
398.166636,0.020091,0.021546,0.045486,-9.822582,-9.822711,-0.001065,-0.005325,0.003195,99302.5,30.42,0.001289
398.186734,0.020098,0,-0.004788,-9.801036,-9.801037,0.001065,-0.00639,-0.001065,99305.13,30.42,0.022963
398.206844,0.02011,-0.021546,0.009576,-9.836946,-9.836974,0.00213,-0.003195,0.001065,99305.13,30.42,-0.012974
398.226932,0.020088,-0.01197,0.028728,-9.870462,-9.870511,0,-0.011715,-0.001065,99305.13,30.42,-0.046511
398.247215,0.020282,0.028728,0.038304,-9.745974,-9.746092,0,-0.00426,0.001065,99305.13,30.42,0.077908
398.267304,0.020089,-0.08379,0.014364,-9.832158,-9.832526,0.00213,-0.00426,-0.00213,99305.13,30.42,-0.008526
398.287391,0.020087,-0.026334,-0.04788,-9.793854,-9.794006,-0.001065,-0.009585,-0.001065,99305.13,30.42,0.029994
398.307492,0.020102,-0.043092,-0.093366,-9.71964,-9.720184,0,-0.005325,0.00213,99310.61,30.42,0.103816
398.32758,0.020088,-0.09576,-0.021546,-9.846522,-9.847011,0,-0.00639,0.003195,99310.61,30.42,-0.023011
398.347728,0.020148,-0.081396,-0.050274,-9.75555,-9.756019,-0.00213,-0.00639,0.005325,99310.61,30.42,0.067981
398.367813,0.020086,-0.014364,-0.057456,-9.820188,-9.820367,0.001065,-0.01065,0.00426,99310.61,30.42,0.003633
398.3879,0.020086,-0.08379,-0.038304,-9.793854,-9.794287,0.00213,-0.00213,0.00426,99310.61,30.42,0.029713
398.40805,0.02015,-0.01197,-0.040698,-9.729216,-9.729308,0.00426,-0.00213,0.00426,99310.61,30.42,0.094692
398.428222,0.020172,-0.086184,0.026334,-9.853704,-9.854116,0.00213,-0.003195,0.005325,99313.42,30.42,-0.030116
398.448433,0.020211,-0.093366,0.057456,-9.79146,-9.792074,0,-0.003195,0.00213,99313.42,30.42,0.031926
398.468523,0.02009,-0.074214,-0.004788,-9.868068,-9.868348,0.003195,-0.00639,0.003195,99313.42,30.42,-0.044348
398.488608,0.020085,-0.090972,0.090972,-9.853704,-9.854544,0,-0.00426,0.003195,99313.42,30.42,-0.030544
398.508717,0.020108,-0.165186,0.052668,-9.841734,-9.843261,0.00213,-0.00852,0.005325,99313.42,30.42,-0.019261
398.529027,0.02031,-0.110124,0.040698,-9.834552,-9.835253,0.001065,-0.00426,0.003195,99313.42,30.42,-0.011253
398.549683,0.020656,-0.13167,0.043092,-9.932706,-9.933672,0.003195,-0.005325,0.003195,99316.25,30.42,-0.109672
398.571458,0.021774,-0.150822,0.002394,-9.868068,-9.869221,0.00213,-0.00426,0.003195,99316.25,30.42,-0.045221
398.591595,0.020138,-0.13167,0.093366,-9.832158,-9.833483,0.001065,-0.007455,0.00213,99316.25,30.42,-0.009483
398.611687,0.020091,-0.098154,0.004788,-9.872856,-9.873345,0.001065,-0.00213,0.00426,99316.25,30.42,-0.049345
398.631791,0.020104,-0.04788,-0.040698,-9.8154,-9.815601,0.001065,-0.003195,0.00213,99316.25,30.42,0.008399
398.65189,0.020099,0.021546,-0.014364,-9.820188,-9.820222,0.001065,-0.007455,0.003195,99321.7,30.42,0.003778
398.672245,0.020355,-0.03591,-0.038304,-9.801036,-9.801177,0.003195,-0.00639,0.00852,99321.7,30.42,0.022823
398.692337,0.020092,0,-0.02394,-9.808218,-9.808247,-0.001065,-0.005325,0.00639,99321.7,30.42,0.015753
398.712531,0.020194,-0.043092,-0.016758,-9.810612,-9.810721,0,-0.005325,0.003195,99321.7,30.42,0.013279
398.732637,0.020106,-0.031122,-0.040698,-9.808218,-9.808352,0.00426,-0.00213,0.005325,99321.7,30.42,0.015648
398.75274,0.020103,0,-0.002394,-9.820188,-9.820188,0,-0.009585,0.003195,99321.7,30.42,0.003812
398.773395,0.020655,-0.055062,-0.02394,-9.801036,-9.80122,0.00213,-0.00426,0.00213,99324.44,30.42,0.02278
398.795149,0.021754,0.002394,-0.019152,-9.841734,-9.841753,0.005325,-0.00426,0.00213,99324.44,30.42,-0.017753
398.81524,0.020092,-0.07182,-0.002394,-9.829764,-9.830027,0.003195,-0.00213,-0.001065,99324.44,30.42,-0.006027
398.835355,0.020115,-0.067032,-0.016758,-9.824976,-9.825219,0.00213,-0.005325,-0.00213,99324.44,30.42,-0.001219
398.855483,0.020128,-0.126882,0.02394,-9.880038,-9.880882,0.005325,-0.005325,0.001065,99324.44,30.42,-0.056882
398.875586,0.020103,-0.09576,-0.04788,-9.820188,-9.820772,0.00213,-0.00426,0.001065,99329.92,30.42,0.003228
398.895948,0.020362,-0.122094,-0.045486,-9.85131,-9.852172,0.001065,-0.00426,-0.001065,99329.92,30.42,-0.028172
398.916037,0.02009,-0.146034,0.002394,-9.805824,-9.806912,0.001065,-0.007455,-0.001065,99329.92,30.42,0.017088
398.936171,0.020133,-0.110124,-0.007182,-9.810612,-9.811233,0,-0.003195,-0.001065,99329.92,30.42,0.012767
398.956236,0.020065,-0.129276,0.002394,-9.918342,-9.919185,-0.00213,-0.00639,0,99329.92,30.42,-0.095185
398.976323,0.020088,-0.114912,0,-9.817794,-9.818466,-0.001065,-0.00852,0.00213,99329.92,30.42,0.005534
398.996497,0.020174,-0.100548,0.026334,-9.836946,-9.837495,0,-0.00639,0.00426,99332.69,30.42,-0.013495
399.016589,0.020092,-0.045486,-0.009576,-9.858492,-9.858602,0.001065,-0.007455,0.00426,99332.69,30.42,-0.034602
399.03668,0.02009,-0.038304,-0.04788,-9.75555,-9.755743,0.001065,-0.00639,0.003195,99332.69,30.42,0.068257
399.056772,0.020093,-0.088578,-0.009576,-9.89919,-9.899591,0.00213,-0.00852,0.00426,99332.69,30.42,-0.075591
399.076864,0.020092,-0.02394,-0.01197,-9.820188,-9.820224,0.001065,-0.00639,0.001065,99332.69,30.42,0.003776
399.098944,0.022079,0.028728,0.009576,-9.79146,-9.791507,0.001065,-0.005325,0.007455,99332.69,30.42,0.032493
399.119502,0.020558,0.01197,0.057456,-9.870462,-9.870636,0.00213,-0.00639,0.00426,99338.14,30.42,-0.046636
399.139604,0.020102,-0.007182,-0.014364,-9.796248,-9.796261,0.005325,-0.003195,0.00426,99338.14,30.42,0.027739
399.15969,0.020086,-0.02394,-0.064638,-9.894402,-9.894642,0.003195,-0.00639,0.003195,99338.14,30.42,-0.070642
399.179777,0.020087,-0.090972,0.07182,-9.858492,-9.859173,0,-0.009585,0.001065,99338.14,30.42,-0.035173
399.199881,0.020105,-0.088578,-0.009576,-9.824976,-9.82538,0.005325,-0.00639,0.001065,99338.14,30.42,-0.00138
399.220336,0.020454,-0.114912,0.014364,-9.865674,-9.866354,0.00213,-0.00426,0,99340.88,30.42,-0.042354
399.24042,0.020085,-0.134064,0.007182,-9.894402,-9.895313,0.001065,-0.00639,0.003195,99340.88,30.42,-0.071313
399.260502,0.020082,-0.100548,-0.016758,-9.796248,-9.796778,0.003195,-0.009585,0.003195,99340.88,30.42,0.027222
399.280598,0.020096,-0.09576,0.03591,-9.85131,-9.851841,-0.001065,-0.01065,0.00213,99340.88,30.42,-0.027841
399.300722,0.020123,-0.1197,-0.069426,-9.841734,-9.842707,0,-0.005325,0.00213,99340.88,30.42,-0.018707
399.321393,0.020671,-0.038304,-0.050274,-9.77949,-9.779694,0,-0.003195,0.00426,99340.88,30.42,0.044306
399.34346,0.022067,-0.098154,-0.043092,-9.824976,-9.825561,-0.001065,-0.007455,0.00426,99346.19,30.42,-0.001561
399.365597,0.022136,-0.033516,-0.019152,-9.85131,-9.851386,0.003195,-0.00639,0.00639,99346.19,30.42,-0.027386
399.385681,0.020084,-0.028728,-0.026334,-9.765126,-9.765204,0.003195,-0.005325,0.005325,99346.19,30.42,0.058796
399.405771,0.02009,-0.007182,-0.002394,-9.786672,-9.786675,0.00213,-0.00426,0.00426,99346.19,30.42,0.037325
399.425878,0.020107,-0.021546,0.040698,-9.856098,-9.856206,0.00213,-0.003195,0.00426,99346.19,30.42,-0.032206
399.445987,0.020109,0.002394,0.021546,-9.808218,-9.808242,0,-0.003195,0.003195,99348.83,30.42,0.015758
399.466277,0.02029,-0.076608,0.057456,-9.848916,-9.849382,0.00213,-0.00639,0.00426,99348.83,30.42,-0.025382
399.48637,0.020093,-0.069426,0.038304,-9.810612,-9.810932,0.005325,-0.005325,0.00213,99348.83,30.42,0.013068
399.506469,0.020099,-0.064638,-0.019152,-9.85131,-9.851541,0.003195,-0.005325,0.003195,99348.83,30.42,-0.027541
399.526596,0.020127,-0.043092,0.02394,-9.817794,-9.817918,0.00426,-0.00426,0.003195,99348.83,30.42,0.006082
399.546696,0.0201,-0.086184,0.021546,-9.82737,-9.827772,0.00213,-0.00639,0.00426,99348.83,30.42,-0.003772
399.567036,0.02034,-0.021546,-0.057456,-9.796248,-9.79644,0.005325,-0.00852,0.005325,99351.65,30.42,0.02756
399.587123,0.020086,-0.13167,-0.016758,-9.930312,-9.931199,0.00639,-0.005325,0.001065,99351.65,30.42,-0.107199
399.607224,0.020101,0.01197,-0.016758,-9.801036,-9.801058,0.003195,-0.005325,0.001065,99351.65,30.42,0.022942
399.627327,0.020103,-0.112518,-0.146034,-9.77949,-9.781227,0.003195,-0.005325,0.00426,99351.65,30.42,0.042773
399.647426,0.020099,-0.146034,-0.088578,-9.896796,-9.89827,0.00852,0,0.003195,99351.65,30.42,-0.07427
399.667562,0.020136,-0.16758,-0.08379,-9.798642,-9.800433,0.001065,-0.009585,0.00213,99351.65,30.42,0.023567
399.687711,0.020149,-0.141246,-0.126882,-9.89919,-9.901011,-0.00639,-0.013845,0.00426,99357,30.42,-0.077011
399.707856,0.020145,-0.134064,-0.052668,-9.808218,-9.809276,0.00213,-0.00639,0.00426,99357,30.42,0.014724
399.727953,0.020097,-0.150822,-0.043092,-9.784278,-9.785535,-0.001065,-0.009585,0.00426,99357,30.42,0.038465
399.748106,0.020153,-0.138852,-0.067032,-9.82737,-9.828579,-0.001065,-0.005325,0.007455,99357,30.42,-0.004579
399.768213,0.020107,-0.158004,-0.016758,-9.889614,-9.89089,0.001065,-0.00426,0.00639,99357,30.42,-0.06689
399.788313,0.0201,-0.026334,0.016758,-9.784278,-9.784328,0.00213,-0.005325,0.00426,99359.89,30.42,0.039672
399.808417,0.020104,-0.169974,0.117306,-9.870462,-9.872622,-0.001065,-0.009585,0.00426,99359.89,30.42,-0.048622
399.828509,0.020092,-0.100548,0.088578,-9.86328,-9.86419,0.005325,-0.003195,0.001065,99359.89,30.42,-0.04019
399.848692,0.020183,-0.002394,0.045486,-9.853704,-9.853809,0.00426,-0.005325,0,99359.89,30.42,-0.029809
399.868889,0.020197,-0.05985,0.16758,-9.913554,-9.915151,-0.003195,-0.011715,0.001065,99359.89,30.42,-0.091151
399.888986,0.020098,-0.050274,0.021546,-9.844128,-9.84428,0,-0.003195,0.001065,99359.89,30.42,-0.02028
399.909083,0.020097,-0.090972,-0.007182,-9.822582,-9.823006,-0.003195,-0.009585,-0.001065,99365.22,30.42,0.000994
399.929182,0.020099,-0.10773,0.019152,-9.841734,-9.842342,-0.003195,-0.01278,0.001065,99365.22,30.42,-0.018342
399.949292,0.02011,-0.093366,-0.062244,-9.79146,-9.792103,0.00213,0,0,99365.22,30.42,0.031897
399.969589,0.020297,-0.088578,-0.076608,-9.836946,-9.837643,-0.00213,-0.01278,0.003195,99365.22,30.42,-0.013643
399.989666,0.020078,-0.088578,-0.01197,-9.808218,-9.808625,0.005325,-0.003195,0.005325,99365.22,30.42,0.015375
400.009767,0.0201,-0.100548,-0.126882,-9.774702,-9.776043,0.00426,-0.00213,0.00426,99367.91,30.42,0.047957
400.02985,0.020083,-0.102942,-0.002394,-9.810612,-9.811152,0.00213,-0.00426,0.003195,99367.91,30.42,0.012848
400.049948,0.020098,-0.153216,-0.016758,-9.769914,-9.77113,0.001065,-0.007455,0.005325,99367.91,30.42,0.05287
400.070297,0.020349,-0.1197,0.04788,-9.829764,-9.830609,0.003195,-0.00426,0.003195,99367.91,30.42,-0.006609
400.090376,0.02008,-0.10773,0.004788,-9.796248,-9.796842,0.003195,-0.007455,0.00639,99367.91,30.42,0.027158
400.110489,0.020113,-0.16758,-0.002394,-9.805824,-9.807256,0.007455,0.00213,0.003195,99367.91,30.42,0.016744
400.130577,0.020088,-0.117306,0.02394,-9.841734,-9.842462,0.00639,0,0.003195,99373.56,30.42,-0.018462
400.15067,0.020093,-0.09576,0.043092,-9.865674,-9.866233,0.003195,-0.00639,0.00426,99373.56,30.42,-0.042233
400.170885,0.020215,-0.093366,0.050274,-9.880038,-9.880607,0.00213,-0.00213,0.003195,99373.56,30.42,-0.056607
400.190972,0.020087,-0.1197,-0.014364,-9.865674,-9.866411,0,-0.005325,0.003195,99373.56,30.42,-0.042411
400.21105,0.020078,-0.134064,-0.026334,-9.77949,-9.780444,0.00213,-0.00852,0.003195,99373.56,30.42,0.043556
400.231144,0.020094,-0.138852,-0.031122,-9.92313,-9.92415,0.005325,-0.00213,0.00213,99373.56,30.42,-0.10015
400.251254,0.02011,-0.03591,-0.021546,-9.836946,-9.837035,-0.001065,-0.00639,0.003195,99376.39,30.42,-0.013035
400.271359,0.020105,-0.08379,-0.016758,-9.820188,-9.82056,0,-0.00852,0.005325,99376.39,30.42,0.00344
400.291461,0.020102,-0.057456,-0.033516,-9.858492,-9.858716,0.001065,-0.007455,0.001065,99376.39,30.42,-0.034716
400.311664,0.020202,-0.098154,-0.045486,-9.82737,-9.827965,0.00426,-0.00852,0.001065,99376.39,30.42,-0.003965
400.33176,0.020096,0.03591,-0.014364,-9.796248,-9.796324,0.003195,-0.00639,0.00213,99376.39,30.42,0.027676
400.351924,0.020165,-0.05985,0.038304,-9.856098,-9.856354,0,-0.00852,0.001065,99379.33,30.42,-0.032354
400.372172,0.020247,0.033516,0.016758,-9.75555,-9.755622,0,-0.005325,0.001065,99379.33,30.42,0.068378
400.392303,0.020131,0.033516,0.031122,-9.915948,-9.916053,0.003195,-0.00426,0.001065,99379.33,30.42,-0.092053
400.412424,0.020121,-0.043092,0.033516,-9.83934,-9.839491,0.00426,-0.00426,0.001065,99379.33,30.42,-0.015491
400.432527,0.020103,-0.062244,-0.04788,-9.793854,-9.794169,0.00213,-0.00639,0,99379.33,30.42,0.029831
400.452656,0.02013,-0.052668,0.031122,-9.844128,-9.844318,0.00213,-0.00426,-0.001065,99379.33,30.42,-0.020318
400.472823,0.020166,-0.122094,0.004788,-9.822582,-9.823342,0.003195,-0.003195,0.001065,99385.08,30.42,0.000658
400.492914,0.020092,-0.07182,0.052668,-9.860886,-9.861288,0.00213,-0.001065,-0.001065,99385.08,30.42,-0.037288
400.513002,0.020087,-0.100548,0.069426,-9.85131,-9.852068,0.003195,-0.005325,0.001065,99385.08,30.42,-0.028068
400.533096,0.020094,-0.110124,-0.004788,-9.79146,-9.79208,0.001065,-0.00639,0,99385.08,30.42,0.03192
400.553269,0.020174,-0.126882,-0.007182,-9.88722,-9.888037,0,-0.00639,0.001065,99385.08,30.42,-0.064037
400.57361,0.020341,-0.122094,-0.004788,-9.858492,-9.859249,0.001065,-0.005325,-0.001065,99385.08,30.42,-0.035249
400.593698,0.020087,-0.043092,-0.02394,-9.796248,-9.796372,0,-0.00426,0,99387.89,30.42,0.027628
400.613915,0.020217,-0.050274,-0.01197,-9.880038,-9.880173,0.001065,-0.011715,0.003195,99387.89,30.42,-0.056173
400.634089,0.020174,-0.007182,-0.004788,-9.8154,-9.815404,-0.001065,-0.00426,0.00213,99387.89,30.42,0.008596
400.654188,0.020099,-0.09576,-0.086184,-9.801036,-9.801883,0.00213,-0.007455,0.00426,99387.89,30.42,0.022117
400.674339,0.020151,-0.016758,-0.05985,-9.846522,-9.846718,0.00213,-0.00852,0.005325,99387.89,30.42,-0.022718
400.694453,0.020115,-0.069426,-0.031122,-9.8154,-9.815695,-0.001065,-0.009585,0.007455,99393.4,30.42,0.008305
400.714547,0.020094,0,-0.031122,-9.757944,-9.757994,-0.001065,-0.00426,0.00639,99393.4,30.42,0.066006
400.734646,0.020098,-0.057456,0.028728,-9.817794,-9.818004,-0.001065,-0.01065,0.007455,99393.4,30.42,0.005996
400.754735,0.020089,-0.03591,-0.002394,-9.79146,-9.791526,0.003195,0,0.005325,99393.4,30.42,0.032474
400.775044,0.02031,-0.067032,-0.04788,-9.844128,-9.844473,0.001065,-0.005325,0.007455,99393.4,30.42,-0.020473
400.795142,0.020098,-0.04788,-0.02394,-9.856098,-9.856243,0,-0.00852,0.001065,99393.4,30.42,-0.032243
400.815282,0.02014,-0.067032,-0.052668,-9.77949,-9.779862,0.001065,-0.00639,0.00213,99396.4,30.42,0.044138
400.835406,0.020124,-0.07182,-0.045486,-9.86328,-9.863646,-0.001065,-0.009585,0.003195,99396.4,30.42,-0.039646
400.855513,0.020107,-0.019152,-0.086184,-9.77949,-9.779889,0,-0.00639,0.00213,99396.4,30.42,0.044111
400.875604,0.02009,-0.026334,-0.05985,-9.80343,-9.803648,0.003195,0.001065,0,99396.4,30.42,0.020352
400.895705,0.020101,-0.067032,-0.009576,-9.74358,-9.743815,0.001065,-0.007455,0.00213,99396.4,30.42,0.080185
400.915884,0.020179,-0.122094,-0.069426,-9.832158,-9.833161,0.003195,-0.001065,0,99396.4,30.42,-0.009161
400.935988,0.020104,-0.124488,-0.014364,-9.8154,-9.8162,0.00426,-0.00426,0.001065,99402.14,30.42,0.0078
400.956089,0.020101,-0.102942,0.009576,-9.865674,-9.866216,0,-0.00639,0.00213,99402.14,30.42,-0.042216
400.97618,0.020091,-0.062244,0.019152,-9.817794,-9.81801,0.001065,-0.001065,0.001065,99402.14,30.42,0.00599
400.996268,0.020088,-0.122094,0.007182,-9.844128,-9.844888,0.001065,-0.005325,0.003195,99402.14,30.42,-0.020888
401.01639,0.020122,-0.14364,0.055062,-9.8154,-9.816605,-0.003195,-0.01065,0.00426,99402.14,30.42,0.007395
401.036481,0.020091,-0.112518,-0.009576,-9.841734,-9.842382,0.003195,-0.001065,0.00426,99404.99,30.42,-0.018382
401.056594,0.020113,-0.088578,0.03591,-9.88722,-9.887682,0,-0.005325,0.00639,99404.99,30.42,-0.063682
401.076838,0.020244,-0.1197,0.01197,-9.829764,-9.8305,0.00426,-0.00426,0.00639,99404.99,30.42,-0.0065
401.096965,0.020127,-0.129276,0.009576,-9.918342,-9.919189,0.001065,-0.007455,0.00639,99404.99,30.42,-0.095189
401.117099,0.020134,-0.10773,-0.026334,-9.868068,-9.868691,0.00213,-0.00426,0.005325,99404.99,30.42,-0.044691
401.13719,0.020092,-0.076608,-0.038304,-9.832158,-9.832531,0.003195,-0.005325,0.00639,99404.99,30.42,-0.008531
401.157282,0.020091,-0.05985,0.064638,-9.92313,-9.923521,-0.001065,-0.00639,0.003195,99410.66,30.42,-0.099521
401.177539,0.020257,0.033516,0.014364,-9.748368,-9.748436,-0.001065,-0.00639,0.005325,99410.66,30.42,0.075564
401.197629,0.02009,-0.03591,-0.028728,-9.786672,-9.78678,0.001065,-0.00213,0.00426,99410.66,30.42,0.03722
401.217713,0.020084,-0.026334,-0.052668,-9.832158,-9.832334,-0.001065,-0.00426,0.001065,99410.66,30.42,-0.008334
401.237871,0.020157,0.093366,-0.05985,-9.734004,-9.734636,0.003195,-0.00213,0,99410.66,30.42,0.089364
401.257968,0.020097,-0.08379,-0.086184,-9.8154,-9.816136,-0.001065,-0.007455,0.001065,99410.66,30.42,0.007864
401.278214,0.020246,-0.026334,-0.009576,-9.813006,-9.813046,-0.001065,-0.00426,0,99413.47,30.42,0.010954
401.298295,0.020081,-0.08379,-0.04788,-9.820188,-9.820662,0.00639,-0.00213,0.001065,99413.47,30.42,0.003338
401.318397,0.020102,-0.117306,-0.10773,-9.865674,-9.86696,0.00639,-0.001065,-0.001065,99413.47,30.42,-0.04296
401.33848,0.020083,-0.069426,-0.04788,-9.856098,-9.856459,0.001065,-0.005325,0,99413.47,30.42,-0.032459
401.358581,0.020101,-0.09576,-0.007182,-9.83934,-9.839809,0.001065,-0.00426,0.00213,99413.47,30.42,-0.015809
401.379146,0.020566,-0.16758,0,-9.920736,-9.922151,0.003195,-0.00426,0.00213,99416.21,30.42,-0.098151
401.401158,0.022012,-0.14364,-0.016758,-9.80343,-9.804497,0.003195,-0.005325,0.00426,99416.21,30.42,0.019503
401.421325,0.020166,-0.146034,0.050274,-9.813006,-9.814221,-0.00213,-0.011715,0.003195,99416.21,30.42,0.009779
401.441411,0.020087,-0.098154,0.050274,-9.820188,-9.820807,-0.001065,-0.00639,0.00639,99416.21,30.42,0.003193
401.461496,0.020085,-0.098154,0.033516,-9.801036,-9.801585,0,-0.00639,0.005325,99416.21,30.42,0.022415
401.481574,0.020078,-0.10773,0.009576,-9.844128,-9.844722,-0.001065,-0.00426,0.005325,99416.21,30.42,-0.020722
401.501897,0.020323,-0.1197,0.007182,-9.853704,-9.854434,0.00213,-0.001065,0.003195,99421.77,30.42,-0.030434
401.521989,0.020092,-0.05985,0.045486,-9.860886,-9.861173,0.001065,-0.007455,0.00213,99421.77,30.42,-0.037173
401.542084,0.020095,-0.08379,0.040698,-9.820188,-9.82063,-0.00213,-0.011715,0.00426,99421.77,30.42,0.00337
401.56218,0.020096,-0.04788,-0.064638,-9.80343,-9.80376,0.003195,-0.007455,0.00213,99421.77,30.42,0.02024
401.582269,0.020088,-0.014364,-0.088578,-9.805824,-9.806235,0.00213,-0.00639,0.001065,99421.77,30.42,0.017765
401.602563,0.020294,0.004788,0.028728,-9.817794,-9.817837,-0.00213,-0.007455,0.003195,99421.77,30.42,0.006163
401.622697,0.020134,0,-0.031122,-9.762732,-9.762782,0,-0.007455,0.003195,99424.54,30.42,0.061218
401.642791,0.020095,-0.004788,0.004788,-9.832158,-9.83216,0.001065,-0.00852,0.00426,99424.54,30.42,-0.00816
401.662882,0.020091,-0.062244,-0.062244,-9.808218,-9.808613,-0.001065,-0.00852,0.003195,99424.54,30.42,0.015387
401.682993,0.020111,0.01197,-0.088578,-9.745974,-9.746384,0.005325,-0.00213,0.00426,99424.54,30.42,0.077616
401.703291,0.020298,-0.043092,-0.04788,-9.836946,-9.837157,0,-0.00639,0.005325,99424.54,30.42,-0.013157
401.723405,0.020114,-0.03591,-0.031122,-9.8154,-9.815515,0.005325,-0.00213,0.003195,99430.06,30.42,0.008485
401.743526,0.020121,-0.090972,-0.007182,-9.853704,-9.854127,0.005325,0,0.005325,99430.06,30.42,-0.030127
401.76363,0.020104,-0.067032,-0.02394,-9.889614,-9.88987,0,-0.003195,0.00426,99430.06,30.42,-0.06587
401.783754,0.020124,-0.033516,0,-9.894402,-9.894459,0.00426,-0.001065,0.003195,99430.06,30.42,-0.070459
401.803949,0.020194,-0.004788,0.03591,-9.829764,-9.829831,0.00213,-0.00639,0.00213,99430.06,30.42,-0.005831
401.824053,0.020104,-0.04788,0.007182,-9.822582,-9.822701,0.00213,-0.00426,0.00426,99430.06,30.42,0.001299
401.84425,0.020197,-0.057456,-0.01197,-9.91116,-9.911334,0.00213,-0.007455,0.00213,99432.75,30.42,-0.087334
401.86434,0.02009,-0.067032,0.028728,-9.91116,-9.911428,0.003195,-0.00426,0.005325,99432.75,30.42,-0.087428
401.884437,0.020097,-0.093366,0.014364,-9.841734,-9.842187,0,-0.00852,0.00213,99432.75,30.42,-0.018187
401.904605,0.020169,-0.09576,0.038304,-9.85131,-9.85185,0.003195,-0.00852,0.00213,99432.75,30.42,-0.02785
401.92471,0.020105,-0.079002,-0.004788,-9.832158,-9.832477,0,-0.005325,0.001065,99432.75,30.42,-0.008477
401.944803,0.020093,-0.141246,-0.03591,-9.777096,-9.778182,0.00213,-0.00426,0.003195,99438.31,30.42,0.045818
401.964882,0.020079,-0.148428,0.007182,-9.858492,-9.859612,0.001065,-0.00852,0.00213,99438.31,30.42,-0.035612
401.984985,0.020103,-0.064638,-0.045486,-9.757944,-9.758264,0.001065,-0.009585,0.00213,99438.31,30.42,0.065736
402.005278,0.020293,-0.158004,0.002394,-9.824976,-9.826247,0.001065,-0.00426,0.001065,99438.31,30.42,-0.002247
402.025364,0.020086,-0.088578,-0.045486,-9.822582,-9.823087,0.00213,-0.00426,0.00213,99438.31,30.42,0.000913
402.045448,0.020084,-0.052668,-0.040698,-9.822582,-9.822808,0.00213,-0.00213,0.003195,99438.31,30.42,0.001192
402.065537,0.020089,-0.057456,0.014364,-9.824976,-9.825154,0.00213,-0.007455,0.00426,99441.08,30.42,-0.001154
402.085646,0.020109,-0.052668,-0.004788,-9.88722,-9.887361,0.001065,-0.00639,0.003195,99441.08,30.42,-0.063361
402.105888,0.020242,-0.031122,-0.052668,-9.796248,-9.796439,0.003195,-0.00213,0.00213,99441.08,30.42,0.027561
402.125976,0.020088,-0.093366,0.04788,-9.901584,-9.90214,-0.00213,-0.00852,0.003195,99441.08,30.42,-0.07814
402.14606,0.020085,-0.01197,-0.021546,-9.884826,-9.884857,0.00213,-0.00852,0.003195,99441.08,30.42,-0.060857
402.166157,0.020097,0.002394,-0.031122,-9.801036,-9.801086,0,-0.003195,0,99441.08,30.42,0.022914
402.186259,0.020102,0.026334,0.014364,-9.848916,-9.848962,0.00213,-0.007455,0.005325,99446.45,30.42,-0.024962
402.206545,0.020287,-0.04788,-0.076608,-9.757944,-9.758362,0.003195,-0.005325,-0.00213,99446.45,30.42,0.065638
402.226712,0.020166,-0.026334,-0.009576,-9.856098,-9.856138,0.001065,-0.00213,0.00213,99446.45,30.42,-0.032138
402.246805,0.020093,-0.079002,0.026334,-9.834552,-9.834905,-0.001065,-0.00639,0.001065,99446.45,30.42,-0.010905
402.266889,0.020085,-0.05985,-0.03591,-9.745974,-9.746224,0.001065,-0.00852,0.001065,99446.45,30.42,0.077776
402.286993,0.020104,-0.124488,-0.02394,-9.789066,-9.789887,0.001065,-0.003195,0.005325,99446.45,30.42,0.034113
402.30718,0.020186,-0.126882,0.021546,-9.853704,-9.854544,0.001065,-0.005325,0.005325,99448.93,30.42,-0.030544
402.327275,0.020095,-0.079002,0.002394,-9.77949,-9.779809,0.001065,-0.005325,0.003195,99448.93,30.42,0.044191
402.347372,0.020097,-0.177156,0.09576,-9.889614,-9.891664,-0.001065,-0.009585,0.00426,99448.93,30.42,-0.067664
402.367464,0.020092,-0.136458,0.028728,-9.80343,-9.804422,0.00213,-0.00852,0.00426,99448.93,30.42,0.019578
402.387578,0.020114,-0.09576,0.028728,-9.796248,-9.796758,0.00426,-0.00426,0.00426,99448.93,30.42,0.027242
402.407866,0.020288,-0.114912,0.090972,-9.88722,-9.888306,0.001065,-0.009585,0.00639,99451.64,30.42,-0.064306
402.427985,0.02012,-0.088578,0.045486,-9.836946,-9.83745,0.003195,-0.00426,0.00426,99451.64,30.42,-0.01345
402.448086,0.020101,-0.031122,0.086184,-9.824976,-9.825403,0.003195,-0.00426,0.003195,99451.64,30.42,-0.001403
402.468182,0.020095,-0.062244,0.10773,-9.89919,-9.899972,0,-0.00852,0.00213,99451.64,30.42,-0.075972
402.488282,0.0201,-0.002394,0.040698,-9.786672,-9.786757,0.00426,-0.00213,0.003195,99451.64,30.42,0.037243
402.50845,0.020168,-0.007182,0.002394,-9.848916,-9.848919,0.001065,-0.00639,0.001065,99451.64,30.42,-0.024919
402.528547,0.020097,-0.055062,-0.028728,-9.793854,-9.794051,-0.001065,-0.00852,0.00213,99457.23,30.42,0.029949
402.548631,0.020084,-0.045486,-0.028728,-9.817794,-9.817941,0.00213,-0.005325,0.00213,99457.23,30.42,0.006059
402.568725,0.020094,-0.033516,-0.045486,-9.832158,-9.83232,0.001065,-0.007455,0.00426,99457.23,30.42,-0.00832
402.588826,0.020101,-0.090972,-0.076608,-9.817794,-9.818514,0.003195,-0.005325,0.00213,99457.23,30.42,0.005486
402.609148,0.020321,-0.031122,-0.002394,-9.882432,-9.882481,0.00426,-0.00213,0.00426,99457.23,30.42,-0.058481
402.631465,0.022318,-0.052668,-0.033516,-9.836946,-9.837144,0.001065,-0.00639,0.00213,99460.1,30.42,-0.013144
402.651551,0.020086,-0.028728,-0.014364,-9.901584,-9.901636,0.00213,-0.00426,0.005325,99460.1,30.42,-0.077636
402.671658,0.020107,-0.067032,-0.01197,-9.872856,-9.873091,0.001065,-0.007455,0.005325,99460.1,30.42,-0.049091
402.691757,0.020099,-0.040698,-0.033516,-9.908766,-9.908906,0,-0.00426,0.005325,99460.1,30.42,-0.084906
402.711855,0.020099,-0.002394,0.016758,-9.83934,-9.839355,-0.00213,-0.009585,0.005325,99460.1,30.42,-0.015355
402.732115,0.020259,-0.040698,0.021546,-9.824976,-9.825084,0,-0.00852,0.005325,99460.1,30.42,-0.001084
402.752212,0.020097,-0.038304,0.014364,-9.832158,-9.832243,-0.001065,-0.007455,0.003195,99465.61,30.42,-0.008243
402.772294,0.020082,-0.043092,0.040698,-9.87525,-9.875428,0,-0.003195,0.003195,99465.61,30.42,-0.051428
402.792391,0.020097,-0.01197,0.052668,-9.786672,-9.786821,0.003195,-0.00852,0.005325,99465.61,30.42,0.037179
402.812483,0.020093,-0.064638,0.028728,-9.808218,-9.808473,0.00213,-0.007455,0.00426,99465.61,30.42,0.015527
402.832888,0.020404,0.007182,0.045486,-9.793854,-9.793962,0,-0.005325,0.00213,99465.61,30.42,0.030038
402.853012,0.020125,0.033516,-0.009576,-9.80343,-9.803492,0.00426,-0.00213,0.001065,99465.61,30.42,0.020508
402.873176,0.020164,0.01197,-0.009576,-9.772308,-9.77232,0.003195,-0.005325,0.001065,99468.36,30.42,0.05168
402.89328,0.020103,-0.01197,0.088578,-9.810612,-9.811019,0.003195,-0.003195,-0.00213,99468.36,30.42,0.012981
402.913364,0.020084,-0.040698,0.004788,-9.789066,-9.789152,0.00426,-0.00213,0,99468.36,30.42,0.034848
402.93348,0.020116,-0.102942,0.043092,-9.810612,-9.811247,0.005325,-0.001065,0.00213,99468.36,30.42,0.012753
402.953564,0.020084,-0.141246,-0.064638,-9.824976,-9.826204,0.003195,-0.007455,0,99468.36,30.42,-0.002204
402.973685,0.020121,-0.1197,0.043092,-9.817794,-9.818618,0.005325,-0.003195,0.00213,99473.95,30.42,0.005382
402.993778,0.020093,-0.20349,0.02394,-9.85131,-9.853441,-0.001065,-0.00426,0.001065,99473.95,30.42,-0.029441
403.013872,0.020094,-0.146034,0.038304,-9.820188,-9.821348,-0.003195,-0.009585,0.00426,99473.95,30.42,0.002652
403.034229,0.020357,-0.136458,-0.009576,-9.858492,-9.859441,0.00426,-0.005325,0.00426,99473.95,30.42,-0.035441
403.054321,0.020092,-0.1197,0.021546,-9.884826,-9.885574,0,-0.00639,0.005325,99473.95,30.42,-0.061574
403.07445,0.020128,-0.117306,-0.002394,-9.80343,-9.804132,0,-0.011715,0.005325,99473.95,30.42,0.019868
403.094546,0.020097,-0.067032,0.057456,-9.884826,-9.88522,-0.001065,-0.007455,0.005325,99476.77,30.42,-0.06122
403.114616,0.020069,-0.062244,0.043092,-9.882432,-9.882722,-0.003195,-0.005325,0.003195,99476.77,30.42,-0.058722
403.134827,0.020211,0.033516,-0.031122,-9.74358,-9.743687,0.001065,-0.01065,0.007455,99476.77,30.42,0.080313
403.154925,0.020099,0.064638,0.05985,-9.86328,-9.863673,0.001065,-0.00852,0.001065,99476.77,30.42,-0.039673
403.175003,0.020078,0.04788,0.050274,-9.796248,-9.796494,0.00213,-0.00426,0.003195,99476.77,30.42,0.027506
403.195147,0.020144,-0.019152,0.016758,-9.798642,-9.798675,0.001065,-0.005325,0.00213,99476.77,30.42,0.025325
403.215263,0.020116,-0.01197,0.079002,-9.836946,-9.837271,-0.001065,-0.00639,0.00213,99482.33,30.42,-0.013271
403.235439,0.020176,-0.07182,-0.019152,-9.813006,-9.813288,-0.00213,-0.003195,-0.001065,99482.33,30.42,0.010712
403.255519,0.02008,-0.08379,0.002394,-9.856098,-9.856454,0.00213,-0.005325,0.001065,99482.33,30.42,-0.032454
403.275606,0.020087,-0.105336,-0.02394,-9.882432,-9.883022,0.003195,-0.00639,0.003195,99482.33,30.42,-0.059022
403.295695,0.020089,-0.045486,-0.07182,-9.772308,-9.772678,0,-0.00426,-0.001065,99482.33,30.42,0.051322
403.315784,0.020089,-0.033516,-0.014364,-9.846522,-9.84659,0.001065,-0.005325,0.005325,99485.07,30.42,-0.02259
403.336136,0.020353,-0.102942,0.014364,-9.808218,-9.808769,0.001065,-0.00639,0.005325,99485.07,30.42,0.015231
403.356219,0.020083,-0.05985,-0.062244,-9.846522,-9.846901,0.00213,-0.00213,0.00213,99485.07,30.42,-0.022901
403.376322,0.020103,-0.014364,-0.052668,-9.858492,-9.858643,0,-0.00852,0.00426,99485.07,30.42,-0.034643
403.396404,0.020082,-0.007182,-0.067032,-9.846522,-9.846753,0.003195,-0.00639,0.005325,99485.07,30.42,-0.022753
403.416491,0.020087,-0.007182,-0.007182,-9.87525,-9.875255,0.003195,-0.007455,0.003195,99485.07,30.42,-0.051255
403.436851,0.02036,-0.007182,0.021546,-9.892008,-9.892034,0.00213,-0.01065,0.005325,99487.88,30.42,-0.068034
403.456956,0.020105,-0.016758,0.043092,-9.786672,-9.786781,-0.00213,-0.00639,0.00639,99487.88,30.42,0.037219
403.477039,0.020083,-0.038304,0.069426,-9.8154,-9.81572,0,-0.00639,0.003195,99487.88,30.42,0.00828
403.497131,0.020093,-0.019152,0.04788,-9.808218,-9.808354,0.001065,-0.005325,0.005325,99487.88,30.42,0.015646
403.51726,0.020129,-0.040698,0,-9.793854,-9.793939,0,-0.00639,0.00213,99487.88,30.42,0.030061
403.537754,0.020493,-0.160398,0.033516,-9.82737,-9.828736,0.00213,-0.007455,0,99487.88,30.42,-0.004736
403.5598,0.022046,-0.14364,-0.004788,-9.745974,-9.747034,0.003195,-0.00426,0.003195,99493.49,30.42,0.076966
403.579888,0.020088,-0.169974,0.079002,-9.880038,-9.881816,0,-0.00426,0.003195,99493.49,30.42,-0.057816
403.599999,0.020111,-0.148428,-0.01197,-9.786672,-9.787805,-0.001065,-0.00852,0.00213,99493.49,30.42,0.036195
403.620097,0.020098,-0.172368,0.01197,-9.844128,-9.845644,0,-0.003195,0.00639,99493.49,30.42,-0.021644
403.640211,0.020114,-0.1197,0.074214,-9.870462,-9.871467,0,-0.003195,0.003195,99493.49,30.42,-0.047467
403.660533,0.020322,-0.093366,-0.016758,-9.77949,-9.77995,0.001065,-0.003195,0.00639,99496.42,30.42,0.04405
403.680654,0.020121,-0.079002,0.014364,-9.92313,-9.923455,0.001065,-0.005325,0.003195,99496.42,30.42,-0.099455
403.700739,0.020085,-0.007182,-0.019152,-9.858492,-9.858513,0.001065,-0.005325,0.00852,99496.42,30.42,-0.034513
403.720859,0.02012,-0.014364,-0.04788,-9.810612,-9.810739,0.001065,-0.005325,0.00639,99496.42,30.42,0.013261
403.740961,0.020102,0.014364,-0.009576,-9.83934,-9.839355,0.00213,-0.007455,0.005325,99496.42,30.42,-0.015355
403.761419,0.020458,0.064638,0.004788,-9.820188,-9.820402,0,-0.005325,0.001065,99496.42,30.42,0.003598
403.783581,0.022162,0.110124,-0.007182,-9.870462,-9.871079,0.00213,-0.00426,0.00213,99501.88,30.42,-0.047079
403.803695,0.020114,0.081396,0.045486,-9.83934,-9.839782,-0.001065,-0.007455,-0.001065,99501.88,30.42,-0.015782
403.823797,0.020102,0.031122,-0.038304,-9.772308,-9.772433,0.001065,-0.003195,-0.00213,99501.88,30.42,0.051567
403.843895,0.020097,0.021546,-0.033516,-9.784278,-9.784359,0.005325,-0.00426,0.001065,99501.88,30.42,0.039641
403.864014,0.02012,-0.050274,0.03591,-9.813006,-9.8132,0,-0.009585,-0.001065,99501.88,30.42,0.0108
403.88421,0.020195,-0.090972,-0.057456,-9.774702,-9.775294,0.00213,-0.001065,-0.001065,99504.9,30.42,0.048706
403.904358,0.020148,-0.138852,-0.004788,-9.834552,-9.835533,0,-0.003195,0,99504.9,30.42,-0.011533
403.924491,0.020133,-0.15561,0.01197,-9.868068,-9.869302,0.001065,-0.00426,-0.001065,99504.9,30.42,-0.045302
403.944591,0.0201,-0.162792,-0.045486,-9.810612,-9.812068,0.003195,-0.003195,0,99504.9,30.42,0.011932
403.964698,0.020107,-0.16758,-0.009576,-9.848916,-9.850346,0.003195,-0.00639,0.00426,99504.9,30.42,-0.026346
403.984908,0.020209,-0.17955,-0.01197,-9.841734,-9.843379,0.003195,-0.003195,0.005325,99504.9,30.42,-0.019379
404.004987,0.020079,-0.181944,0.052668,-9.870462,-9.872279,0.003195,-0.003195,0.00426,99510.96,30.42,-0.048279
404.025106,0.020119,-0.158004,0.040698,-9.841734,-9.843086,-0.00213,-0.009585,0.00639,99510.96,30.42,-0.019086
404.045278,0.020172,-0.122094,0.002394,-9.870462,-9.871217,0.003195,-0.003195,0.00426,99510.96,30.42,-0.047217
404.065416,0.020138,-0.110124,0.076608,-9.882432,-9.883342,0.00426,-0.00426,0.007455,99510.96,30.42,-0.059342
404.08557,0.020154,-0.040698,0.069426,-9.884826,-9.885154,0,-0.007455,0.00852,99510.96,30.42,-0.061154
404.105664,0.020094,-0.016758,0.088578,-9.832158,-9.832571,-0.00213,-0.01065,0.00426,99510.96,30.42,-0.008571
404.125753,0.02009,-0.028728,0.126882,-9.882432,-9.883288,-0.00213,-0.00639,0.00213,99513.93,30.42,-0.059288
404.145876,0.020122,-0.002394,-0.021546,-9.77949,-9.779514,0,-0.009585,0.001065,99513.93,30.42,0.044486
404.165973,0.020097,0.01197,-0.019152,-9.83934,-9.839366,0.00213,-0.003195,-0.001065,99513.93,30.42,-0.015366
404.186232,0.020259,-0.02394,0.002394,-9.85131,-9.851339,0.003195,-0.005325,0,99513.93,30.42,-0.027339
404.206317,0.020085,-0.07182,-0.040698,-9.784278,-9.784626,-0.001065,-0.005325,-0.001065,99513.93,30.42,0.039374
404.226401,0.020084,-0.076608,-0.045486,-9.810612,-9.811017,0.003195,-0.00426,0.00213,99519.83,30.42,0.012983
404.246496,0.020095,-0.129276,-0.021546,-9.832158,-9.833031,0,-0.00426,0,99519.83,30.42,-0.009031
404.266596,0.0201,-0.112518,-0.129276,-9.760338,-9.761843,0.00213,-0.00639,0.00213,99519.83,30.42,0.062157
404.286867,0.020271,-0.114912,-0.08379,-9.834552,-9.83558,0,-0.00852,0.003195,99519.83,30.42,-0.01158
404.306973,0.020106,-0.117306,0.019152,-9.805824,-9.806544,0.001065,-0.005325,0.00213,99519.83,30.42,0.017456
404.327083,0.02011,-0.076608,-0.002394,-9.824976,-9.825275,0.001065,-0.007455,0.00426,99519.83,30.42,-0.001275
404.347193,0.02011,-0.088578,0,-9.868068,-9.868466,0.001065,-0.00426,0.00639,99522.86,30.42,-0.044466
404.367295,0.020103,-0.08379,0.014364,-9.808218,-9.808586,0,-0.001065,0.00213,99522.86,30.42,0.015414
404.38749,0.020194,-0.040698,0.102942,-9.88722,-9.88784,0.003195,-0.003195,0.005325,99522.86,30.42,-0.06384
404.407577,0.020087,-0.033516,0.081396,-9.848916,-9.849309,0,-0.00639,0.00426,99522.86,30.42,-0.025309
404.427675,0.020098,-0.004788,0.062244,-9.80343,-9.803629,0.001065,-0.00639,0.00426,99522.86,30.42,0.020371
404.447767,0.020092,-0.062244,0,-9.880038,-9.880234,0.001065,-0.00213,0,99522.86,30.42,-0.056234
404.467932,0.020165,0.026334,0.040698,-9.79146,-9.79158,0.00213,-0.009585,0.00213,99525.63,30.42,0.03242
404.488188,0.020256,-0.064638,-0.07182,-9.813006,-9.813482,0,-0.00852,0.001065,99525.63,30.42,0.010518
404.508271,0.020083,-0.019152,0.067032,-9.853704,-9.853951,0.00213,-0.009585,0.00213,99525.63,30.42,-0.029951
404.528368,0.020097,-0.08379,0.007182,-9.765126,-9.765488,-0.00426,-0.009585,0.005325,99525.63,30.42,0.058512
404.548499,0.020131,-0.004788,-0.07182,-9.829764,-9.830028,0.001065,-0.007455,0.003195,99525.63,30.42,-0.006028
404.568597,0.020098,-0.100548,-0.124488,-9.820188,-9.821492,0.003195,-0.005325,0.003195,99525.63,30.42,0.002508
404.588861,0.020263,-0.177156,-0.205884,-9.810612,-9.814371,0.007455,-0.00852,0.005325,99531.37,30.42,0.009629
404.608943,0.020083,0.050274,-0.14364,-9.86328,-9.864454,0.005325,-0.005325,0.00213,99531.37,30.42,-0.040454
404.629038,0.020095,-0.112518,0.057456,-9.784278,-9.785094,0.003195,-0.005325,0.00213,99531.37,30.42,0.038906
404.649154,0.020116,-0.126882,-0.062244,-9.932706,-9.933711,0.005325,0,0.001065,99531.37,30.42,-0.109711
404.6693,0.020146,-0.09576,-0.002394,-9.824976,-9.825443,0.005325,-0.003195,0.00213,99531.37,30.42,-0.001443
404.68958,0.02028,-0.138852,0.04788,-9.913554,-9.914642,0.003195,-0.00639,0.003195,99534.16,30.42,-0.090642
404.709693,0.020113,-0.031122,0.050274,-9.8154,-9.815578,0.001065,-0.00213,0.003195,99534.16,30.42,0.008422
404.729779,0.020086,-0.093366,0.040698,-9.882432,-9.882957,0.001065,-0.00213,0.005325,99534.16,30.42,-0.058957
404.749869,0.02009,-0.052668,0.038304,-9.801036,-9.801252,0.00213,-0.003195,0.003195,99534.16,30.42,0.022748
404.769985,0.020117,-0.079002,0.10773,-9.83934,-9.840247,0.003195,-0.003195,0.003195,99534.16,30.42,-0.016247
404.790219,0.020234,-0.098154,0.074214,-9.860886,-9.861654,0,-0.00639,0.003195,99534.16,30.42,-0.037654
404.810314,0.020095,-0.090972,0,-9.872856,-9.873275,0.00426,-0.001065,0.00213,99539.64,30.42,-0.049275
404.830403,0.020088,-0.081396,0.079002,-9.87525,-9.875901,0.003195,-0.00213,0.005325,99539.64,30.42,-0.051901
404.8505,0.020097,-0.057456,0.079002,-9.82737,-9.827855,0.003195,-0.005325,0.003195,99539.64,30.42,-0.003855
404.870679,0.020179,-0.1197,0.050274,-9.810612,-9.811471,-0.00213,-0.00639,0,99539.64,30.42,0.012529
404.890838,0.020159,-0.148428,0.074214,-9.846522,-9.84792,0.003195,-0.007455,0.00213,99539.64,30.42,-0.02392
404.910929,0.02009,-0.04788,-0.031122,-9.834552,-9.834718,0.003195,-0.00426,0.005325,99542.47,30.42,-0.010718
404.931096,0.020167,-0.088578,-0.093366,-9.889614,-9.890451,0.001065,-0.00852,0.001065,99542.47,30.42,-0.066451
404.951198,0.020103,-0.04788,0,-9.82737,-9.827487,-0.00213,-0.009585,0.00213,99542.47,30.42,-0.003487
404.971296,0.020097,-0.014364,0.007182,-9.772308,-9.772321,0.001065,-0.01065,0.005325,99542.47,30.42,0.051679
404.991427,0.020131,-0.055062,-0.110124,-9.85131,-9.852079,0,-0.00852,0.003195,99542.47,30.42,-0.028079
405.011516,0.020089,-0.086184,-0.134064,-9.784278,-9.785576,0.003195,-0.001065,0.00426,99542.47,30.42,0.038424
405.031607,0.020092,-0.019152,-0.05985,-9.789066,-9.789268,0.00426,-0.005325,0.005325,99548.28,30.42,0.034732
405.051705,0.020098,0.01197,0.021546,-9.808218,-9.808249,-0.001065,-0.00639,0.00213,99548.28,30.42,0.015751
405.071798,0.020093,-0.014364,-0.079002,-9.750762,-9.751093,0.00213,-0.005325,0.00639,99548.28,30.42,0.072907
405.092076,0.020277,-0.069426,-0.052668,-9.8154,-9.815787,0.005325,-0.001065,0.00426,99548.28,30.42,0.008213
405.112161,0.020085,-0.040698,0.021546,-9.846522,-9.84663,0.00213,-0.00426,0.003195,99548.28,30.42,-0.02263
405.132251,0.02009,-0.038304,0.031122,-9.870462,-9.870585,0.00213,-0.00213,0.00213,99548.28,30.42,-0.046585
405.152366,0.020114,-0.057456,0.026334,-9.817794,-9.817997,0.001065,-0.007455,0.005325,99551.34,30.42,0.006003
405.172469,0.020104,-0.110124,0.038304,-9.894402,-9.895089,0.00213,-0.003195,0.003195,99551.34,30.42,-0.071089
405.1929,0.020431,-0.112518,-0.016758,-9.836946,-9.837604,0.003195,-0.00426,0.00426,99551.34,30.42,-0.013604
405.212987,0.020087,-0.112518,0.090972,-9.872856,-9.873916,0.001065,-0.00852,0.005325,99551.34,30.42,-0.049916
405.233078,0.020091,-0.100548,0.062244,-9.944676,-9.945379,0,-0.00852,0.003195,99551.34,30.42,-0.121379
405.253166,0.020088,-0.102942,0.050274,-9.844128,-9.844795,-0.001065,-0.00426,0.005325,99551.34,30.42,-0.020795
405.273314,0.020148,-0.102942,0.055062,-9.901584,-9.902272,0.001065,-0.005325,0.005325,99557.3,30.42,-0.078272
405.293475,0.020161,-0.052668,-0.004788,-9.836946,-9.837088,0.001065,-0.00426,0.005325,99557.3,30.42,-0.013088
405.313567,0.020093,-0.045486,0.045486,-9.822582,-9.822793,-0.00213,-0.007455,0.00639,99557.3,30.42,0.001207
405.333651,0.020084,-0.055062,-0.050274,-9.777096,-9.77738,0,-0.009585,0.00426,99557.3,30.42,0.04662
405.353741,0.02009,-0.090972,-0.088578,-9.769914,-9.770739,0.003195,-0.00426,0.00426,99557.3,30.42,0.053261
405.373827,0.020086,-0.045486,-0.03591,-9.858492,-9.858662,0.00426,-0.005325,0.00639,99560.4,30.42,-0.034662
405.394282,0.020455,-0.050274,-0.016758,-9.832158,-9.832301,0.001065,-0.005325,0.00426,99560.4,30.42,-0.008301
405.414382,0.020101,0.009576,-0.04788,-9.88722,-9.887341,0.00426,-0.00426,0.00426,99560.4,30.42,-0.063341
405.434479,0.020097,0.026334,0.026334,-9.915948,-9.916018,0.00426,-0.003195,0.00426,99560.4,30.42,-0.092018
405.454631,0.020152,0.045486,-0.002394,-9.877644,-9.877749,0.005325,-0.003195,0.003195,99560.4,30.42,-0.053749
405.47472,0.02009,0.007182,0.007182,-9.966222,-9.966227,0.005325,0,0.001065,99560.4,30.42,-0.142227
405.494825,0.020105,0.02394,0.079002,-9.997344,-9.997685,0.001065,-0.007455,-0.001065,99563.46,30.42,-0.173685
405.514907,0.020082,-0.033516,0.028728,-10.01889,-10.018987,0.00426,-0.003195,-0.001065,99563.46,30.42,-0.194987
405.535011,0.020104,-0.07182,-0.033516,-10.047618,-10.047931,0.003195,-0.00639,-0.003195,99563.46,30.42,-0.223931
405.555095,0.020084,-0.045486,-0.026334,-10.071558,-10.071695,0,-0.00213,-0.003195,99563.46,30.42,-0.247695
405.575204,0.020109,-0.08379,-0.01197,-10.064376,-10.064732,0.001065,-0.005325,-0.00213,99563.46,30.42,-0.240732
405.595402,0.020198,-0.110124,-0.043092,-9.987768,-9.988468,-0.00213,-0.00852,-0.00213,99569.43,30.41,-0.164468
405.615498,0.020096,-0.110124,-0.105336,-9.97101,-9.972174,0.001065,-0.007455,0.001065,99569.43,30.41,-0.148174
405.635608,0.02011,-0.102942,-0.050274,-10.033254,-10.033908,0.003195,-0.01065,0.003195,99569.43,30.41,-0.209908
405.655763,0.020154,-0.1197,-0.043092,-10.0548,-10.055605,0.001065,-0.005325,0.001065,99569.43,30.41,-0.231605
405.675852,0.020089,-0.067032,-0.062244,-9.978192,-9.978611,0,-0.007455,0.005325,99569.43,30.41,-0.154611
405.696103,0.020252,-0.136458,0.038304,-10.033254,-10.034255,0,-0.007455,0.00426,99569.43,30.41,-0.210255
405.716189,0.020085,-0.102942,-0.021546,-10.00692,-10.007473,0.00426,-0.003195,0.00426,99572.71,30.41,-0.183473
405.736279,0.02009,-0.08379,-0.016758,-10.050012,-10.050375,0.00213,-0.005325,0.003195,99572.71,30.41,-0.226375
405.756381,0.020102,-0.043092,0.026334,-10.109862,-10.109988,0.005325,0.001065,0.00426,99572.71,30.41,-0.285988
405.776498,0.020117,0.01197,0.088578,-10.117044,-10.117439,0.001065,-0.00639,0.003195,99572.71,30.41,-0.293439
405.796763,0.020266,0.031122,0.045486,-10.023678,-10.02383,0.00213,-0.00426,0.001065,99572.71,30.41,-0.19983
405.81688,0.020117,-0.043092,0.02394,-10.050012,-10.050133,0,-0.00639,0,99572.71,30.41,-0.226133
405.837009,0.020129,-0.074214,0.062244,-10.059588,-10.060054,0.001065,-0.003195,0.001065,99578.97,30.41,-0.236054
405.857198,0.020189,-0.062244,-0.057456,-10.124226,-10.12458,0.001065,-0.00213,-0.003195,99578.97,30.41,-0.30058
405.877311,0.020114,-0.081396,0.01197,-10.179288,-10.17962,0,-0.011715,0.001065,99578.97,30.41,-0.35562
405.897491,0.02018,-0.13167,-0.016758,-10.107468,-10.108339,0.001065,-0.005325,-0.00213,99578.97,30.41,-0.284339
405.917599,0.020108,-0.102942,-0.01197,-10.160136,-10.160665,0,-0.007455,0.00213,99578.97,30.41,-0.336665
405.937688,0.020089,-0.098154,-0.114912,-10.119438,-10.120566,0,-0.00852,0.001065,99582.06,30.41,-0.296566
405.957816,0.020128,-0.102942,-0.07182,-10.157742,-10.158517,0.003195,-0.003195,0.00213,99582.06,30.41,-0.334517
405.9781,0.020284,-0.086184,-0.04788,-10.21041,-10.210886,0.00213,-0.003195,0.00639,99582.06,30.41,-0.386886
405.998609,0.020509,-0.074214,-0.031122,-10.136196,-10.136515,-0.001065,-0.00852,0.007455,99582.06,30.41,-0.312515
406.020451,0.021842,-0.033516,0.014364,-10.215198,-10.215263,0.001065,-0.00639,0.00639,99582.06,30.41,-0.391263
406.04057,0.020119,-0.069426,-0.055062,-10.184076,-10.184461,0.003195,-0.00426,0.00213,99582.06,30.41,-0.360461
406.060669,0.020099,-0.093366,-0.007182,-10.279836,-10.280262,0.00213,-0.003195,0.00213,99588.34,30.41,-0.456262
406.080801,0.020131,-0.069426,0.055062,-10.279836,-10.280218,0.00426,-0.00639,0.00639,99588.34,30.41,-0.456218
406.100915,0.020115,-0.105336,-0.004788,-10.179288,-10.179834,0.00213,-0.007455,0.003195,99588.34,30.41,-0.355834
406.121702,0.020786,-0.1197,0.026334,-10.320534,-10.321262,0.00213,-0.005325,0.001065,99588.34,30.41,-0.497262
406.143511,0.021809,-0.093366,0.052668,-10.275048,-10.275607,0.003195,-0.00852,0.00213,99588.34,30.41,-0.451607
406.1636,0.020089,-0.112518,0.019152,-10.361232,-10.361861,0.00213,-0.00426,0.00426,99591.49,30.41,-0.537861
406.183694,0.020094,-0.098154,-0.038304,-10.272654,-10.273194,0.00213,-0.00426,0.003195,99591.49,30.41,-0.449194
406.203799,0.020105,-0.114912,-0.021546,-10.334898,-10.335559,0.00426,-0.003195,0.00213,99591.49,30.41,-0.511559
406.22477,0.020971,-0.090972,-0.014364,-10.34208,-10.34249,0.005325,-0.009585,0.00426,99591.49,30.41,-0.51849
406.246129,0.021358,-0.13167,-0.198702,-10.382778,-10.385514,0.001065,-0.00852,0.005325,99591.49,30.41,-0.561514
406.266582,0.020454,0.122094,0.040698,-10.325322,-10.326124,-0.003195,-0.01065,0.003195,99591.49,30.41,-0.502124
406.286663,0.02008,-0.220248,-0.076608,-10.231956,-10.234613,0.001065,-0.00639,0.00426,99597.78,30.41,-0.410613
406.306774,0.020112,-0.026334,0.03591,-10.356444,-10.35654,-0.003195,0,0.00213,99597.78,30.41,-0.53254
406.326868,0.020093,-0.122094,-0.098154,-10.291806,-10.292998,0.003195,0.005325,0.00426,99597.78,30.41,-0.468998
406.346959,0.020091,-0.169974,-0.050274,-10.445022,-10.446526,0,-0.003195,0.003195,99597.78,30.41,-0.622526
406.36716,0.020201,-0.055062,-0.021546,-10.37799,-10.378158,0.001065,-0.00639,0.00213,99597.78,30.41,-0.554158
406.387254,0.020093,-0.160398,0.007182,-10.433052,-10.434287,0.001065,-0.005325,0.005325,99597.78,30.41,-0.610287
406.407364,0.02011,-0.122094,0.043092,-10.397142,-10.397948,0.00213,-0.00639,0,99600.91,30.41,-0.573948
406.427491,0.020126,-0.090972,0.021546,-10.36602,-10.366442,0,-0.005325,0.00213,99600.91,30.41,-0.542442
406.447587,0.020097,-0.088578,0.064638,-10.452204,-10.452779,0.003195,-0.003195,0.005325,99600.91,30.41,-0.628779
406.46768,0.020093,-0.090972,0.014364,-10.40193,-10.402338,0.003195,-0.00426,0.00426,99600.91,30.41,-0.578338
406.48778,0.020099,-0.088578,0.09576,-10.47375,-10.474562,0.003195,-0.00639,0.00426,99600.91,30.41,-0.650562
406.507868,0.020088,-0.08379,0.086184,-10.464174,-10.464864,0.003195,-0.00426,0.005325,99600.91,30.41,-0.640864
406.528093,0.020225,-0.102942,0.055062,-10.478538,-10.479188,0.001065,-0.00639,0.00426,99604.05,30.41,-0.655188
406.548193,0.0201,-0.045486,0.033516,-10.512054,-10.512206,0.003195,-0.00213,0.00426,99604.05,30.41,-0.688206
406.568366,0.020173,-0.069426,0.02394,-10.54557,-10.545826,0,-0.00639,0.00426,99604.05,30.41,-0.721826
406.588462,0.020096,-0.038304,-0.086184,-10.48572,-10.486144,0.003195,-0.001065,0.00426,99604.05,30.41,-0.662144
406.608636,0.020174,-0.074214,-0.057456,-10.562328,-10.562745,0.00426,-0.00426,0.00426,99604.05,30.41,-0.738745
406.628738,0.020102,-0.055062,-0.04788,-10.555146,-10.555398,-0.001065,-0.005325,0.00639,99610.16,30.41,-0.731398
406.648845,0.020107,-0.014364,-0.043092,-10.524024,-10.524122,0.00213,-0.00852,0.00426,99610.16,30.41,-0.700122
406.668965,0.02012,0.040698,-0.026334,-10.564722,-10.564833,-0.001065,-0.007455,0.00213,99610.16,30.41,-0.740833
406.689057,0.020092,-0.038304,-0.081396,-10.588662,-10.589044,0.001065,-0.007455,0.003195,99610.16,30.41,-0.765044
406.709184,0.020126,0.014364,-0.055062,-10.526418,-10.526572,0.003195,-0.00639,0.00213,99610.16,30.41,-0.702572
406.729302,0.020119,-0.028728,-0.038304,-10.559934,-10.560043,0.00213,-0.00852,0.001065,99610.16,30.41,-0.736043
406.749388,0.020086,-0.055062,-0.069426,-10.528812,-10.529185,0.00213,-0.001065,0,99613.29,30.41,-0.705185
406.769483,0.020095,0.016758,0.002394,-10.567116,-10.56713,0.00213,-0.003195,0.00426,99613.29,30.41,-0.74313
406.789613,0.02013,-0.045486,-0.081396,-10.526418,-10.526831,0.001065,-0.007455,0.005325,99613.29,30.41,-0.702831
406.809714,0.020101,-0.055062,-0.04788,-10.586268,-10.586519,0.003195,-0.00426,0.00426,99613.29,30.41,-0.762519
406.829799,0.020085,-0.050274,0.07182,-10.619784,-10.620146,0.00213,-0.00213,0.003195,99613.29,30.41,-0.796146
406.849893,0.020094,-0.102942,0.01197,-10.607814,-10.60832,0.00213,-0.007455,0.005325,99613.29,30.41,-0.78432
406.869981,0.020088,-0.093366,-0.014364,-10.636542,-10.636961,0.005325,-0.00213,0.001065,99619.53,30.41,-0.812961
406.890062,0.020081,-0.110124,0.040698,-10.693998,-10.694642,0.00213,-0.003195,0.005325,99619.53,30.41,-0.870642
406.910122,0.020059,-0.057456,0.057456,-10.634148,-10.634458,0.001065,-0.00213,0.00213,99619.53,30.41,-0.810458
406.930223,0.020101,-0.074214,0.052668,-10.655694,-10.656083,0.00426,-0.001065,0.003195,99619.53,30.41,-0.832083
406.950317,0.020094,-0.110124,0.052668,-10.722726,-10.723421,0.001065,-0.005325,0.003195,99619.53,30.41,-0.899421
406.970444,0.020127,-0.09576,0.038304,-10.660482,-10.660981,0.00426,-0.00426,0.005325,99622.8,30.41,-0.836981
406.990531,0.020087,-0.129276,0.045486,-10.672452,-10.673332,0.003195,-0.00213,0.001065,99622.8,30.41,-0.849332
407.010615,0.020085,-0.136458,0.03591,-10.667664,-10.668597,-0.00213,-0.00852,0.005325,99622.8,30.41,-0.844597
407.030727,0.020111,-0.043092,-0.07182,-10.612602,-10.612932,0.001065,-0.00639,0.005325,99622.8,30.41,-0.788932
407.050819,0.020092,-0.074214,-0.050274,-10.624572,-10.62495,0.005325,-0.007455,0.00426,99622.8,30.41,-0.80095
407.070961,0.020142,-0.102942,-0.069426,-10.579086,-10.579815,0.00213,-0.00426,0.00426,99622.8,30.41,-0.755815
407.091051,0.02009,-0.07182,-0.074214,-10.595844,-10.596347,0.00639,-0.00639,0.00426,99628.86,30.41,-0.772347
407.111192,0.020141,-0.05985,-0.019152,-10.650906,-10.651091,0.001065,-0.007455,0.005325,99628.86,30.41,-0.827091
407.131302,0.02011,-0.040698,-0.01197,-10.603026,-10.603111,0.003195,-0.005325,0.005325,99628.86,30.41,-0.779111
407.15141,0.020108,-0.062244,-0.052668,-10.66527,-10.665582,0.00213,-0.00426,0.001065,99628.86,30.41,-0.841582
407.171504,0.020094,-0.040698,0.002394,-10.66527,-10.665348,0.003195,-0.003195,0.001065,99628.86,30.41,-0.841348
407.191626,0.020122,-0.033516,-0.016758,-10.598238,-10.598304,0.001065,-0.007455,0.001065,99628.86,30.41,-0.774304
407.211809,0.020182,-0.031122,-0.014364,-10.68921,-10.689265,0.001065,-0.001065,0.00426,99631.7,30.41,-0.865265
407.231906,0.020097,-0.062244,-0.02394,-10.658088,-10.658297,0.003195,-0.00639,0.00426,99631.7,30.41,-0.834297
407.252001,0.020095,-0.04788,-0.038304,-10.586268,-10.586446,0.003195,-0.007455,0.00426,99631.7,30.41,-0.762446
407.272106,0.020105,-0.067032,0.028728,-10.660482,-10.660731,0,-0.00639,0.005325,99631.7,30.41,-0.836731
407.29224,0.020135,-0.04788,-0.045486,-10.603026,-10.603232,0.00213,-0.003195,0.003195,99631.7,30.41,-0.779232
407.312351,0.02011,-0.067032,-0.062244,-10.59345,-10.593845,0.00213,-0.00426,0.003195,99637.78,30.41,-0.769845
407.332442,0.020091,-0.03591,-0.019152,-10.610208,-10.610286,0,-0.00213,0.00213,99637.78,30.41,-0.786286
407.352638,0.020197,-0.074214,-0.031122,-10.576692,-10.576998,0.001065,-0.00639,0.001065,99637.78,30.41,-0.752998
407.373796,0.021158,-0.062244,-0.014364,-10.66527,-10.665461,0.00426,-0.00213,-0.001065,99637.78,30.41,-0.841461
407.393891,0.020095,-0.057456,0.014364,-10.638936,-10.639101,0.005325,-0.00639,0.003195,99637.78,30.41,-0.815101
407.413979,0.020088,-0.090972,0,-10.67724,-10.677628,0.005325,-0.005325,0,99637.78,30.41,-0.853628
407.434101,0.020122,-0.13167,0.081396,-10.682028,-10.68315,0.003195,-0.00639,0.003195,99640.74,30.41,-0.85915
407.454285,0.020184,-0.114912,-0.028728,-10.650906,-10.651565,0.00213,-0.00639,-0.001065,99640.74,30.41,-0.827565
407.474487,0.020201,-0.088578,-0.002394,-10.6533,-10.653669,0.00426,-0.005325,0.00213,99640.74,30.41,-0.829669
407.494573,0.020087,-0.13167,0.019152,-10.674846,-10.675675,0.003195,-0.00639,0.003195,99640.74,30.41,-0.851675
407.514689,0.020116,-0.090972,-0.026334,-10.636542,-10.636964,0.00213,-0.00639,0.00213,99640.74,30.41,-0.812964
407.53478,0.02009,-0.045486,0.052668,-10.643724,-10.643951,0.00213,-0.007455,0,99640.74,30.41,-0.819951
407.554868,0.020088,-0.122094,0.062244,-10.660482,-10.661363,-0.001065,-0.005325,0.00213,99643.71,30.41,-0.837363
407.575107,0.02024,-0.050274,-0.009576,-10.598238,-10.598362,0.001065,-0.009585,0.00213,99643.71,30.41,-0.774362
407.595228,0.02012,-0.03591,-0.067032,-10.658088,-10.658359,0,-0.007455,0.001065,99643.71,30.41,-0.834359
407.615329,0.020102,-0.098154,-0.019152,-10.614996,-10.615467,0.00213,-0.005325,0.00213,99643.71,30.41,-0.791467
407.635413,0.020084,-0.019152,0.016758,-10.60542,-10.605451,0.00213,-0.007455,0.003195,99643.71,30.41,-0.781451
407.655542,0.020129,-0.04788,0.007182,-10.634148,-10.634258,0.001065,-0.00426,-0.001065,99649.58,30.41,-0.810258
407.675832,0.02029,-0.146034,-0.02394,-10.60542,-10.606452,0.00426,-0.00426,0.00213,99649.58,30.41,-0.782452
407.69592,0.020088,-0.13167,-0.02394,-10.643724,-10.644565,0.001065,-0.00639,0.00213,99649.58,30.41,-0.820565
407.716006,0.020086,-0.050274,0.016758,-10.62936,-10.629492,0.00213,-0.00639,0.00426,99649.58,30.41,-0.805492
407.736104,0.020098,-0.114912,-0.004788,-10.591056,-10.59168,0.00213,-0.00213,0.00213,99649.58,30.41,-0.76768
407.756203,0.020099,-0.117306,-0.019152,-10.660482,-10.661145,0.00213,-0.00426,0.00213,99649.58,30.41,-0.837145
407.776442,0.020239,-0.114912,0.019152,-10.634148,-10.634786,0.001065,-0.007455,0.00426,99652.22,30.41,-0.810786
407.796634,0.020192,-0.129276,0.019152,-10.66527,-10.666071,-0.001065,-0.003195,0.001065,99652.22,30.41,-0.842071
407.816731,0.020097,-0.124488,-0.028728,-10.667664,-10.668429,0.00213,-0.01065,0.001065,99652.22,30.41,-0.844429
407.836847,0.020116,-0.098154,0.01197,-10.62936,-10.62982,-0.001065,-0.005325,0.00213,99652.22,30.41,-0.80582
407.856969,0.020122,-0.07182,-0.007182,-10.626966,-10.627211,0.003195,-0.00426,0.00426,99652.22,30.41,-0.803211
407.877106,0.020137,-0.079002,0.03591,-10.670058,-10.670411,0.001065,-0.00639,-0.001065,99652.22,30.41,-0.846411
407.897201,0.020095,-0.069426,-0.004788,-10.624572,-10.6248,0,-0.00426,0.00213,99657.67,30.41,-0.8008
407.91732,0.020119,-0.09576,-0.019152,-10.631754,-10.632202,0.00213,-0.005325,0.00213,99657.67,30.41,-0.808202
407.937412,0.020091,-0.031122,0,-10.67724,-10.677285,0.001065,-0.00639,0.003195,99657.67,30.41,-0.853285
407.957506,0.020094,-0.081396,-0.014364,-10.619784,-10.620106,0.00213,-0.00426,0.00213,99657.67,30.41,-0.796106
407.977793,0.020287,-0.090972,-0.050274,-10.62936,-10.629868,0,-0.007455,0.003195,99657.67,30.41,-0.805868
407.997882,0.020089,-0.043092,-0.03591,-10.595844,-10.595992,0.00426,-0.00639,0.00213,99660.28,30.41,-0.771992
408.017966,0.020084,-0.079002,-0.026334,-10.610208,-10.610535,0,-0.00426,0.001065,99660.28,30.41,-0.786535
408.038065,0.020099,-0.033516,-0.043092,-10.68921,-10.689349,0.00426,-0.005325,0.001065,99660.28,30.41,-0.865349
408.058178,0.020113,-0.09576,-0.031122,-10.626966,-10.627443,0.001065,-0.00426,0.00426,99660.28,30.41,-0.803443
408.07872,0.020542,-0.086184,0,-10.660482,-10.66083,0.001065,-0.00426,0.003195,99660.28,30.41,-0.83683
408.100949,0.022229,-0.043092,0.062244,-10.66527,-10.665539,0.001065,-0.007455,0.00426,99660.28,30.41,-0.841539
408.121045,0.020096,-0.090972,0.014364,-10.708362,-10.708758,0.00213,-0.00639,0.001065,99665.39,30.41,-0.884758
408.141363,0.020318,-0.050274,-0.021546,-10.658088,-10.658228,-0.001065,-0.009585,0.00213,99665.39,30.41,-0.834228
408.161446,0.020083,-0.07182,0.031122,-10.658088,-10.658375,0.001065,-0.005325,0.003195,99665.39,30.41,-0.834375
408.181543,0.020097,-0.069426,-0.026334,-10.64133,-10.641589,0.00213,-0.00426,0.00213,99665.39,30.41,-0.817589
408.202047,0.020504,-0.045486,0.031122,-10.6533,-10.653443,0.003195,-0.00852,0.005325,99665.39,30.41,-0.829443
408.224018,0.021971,-0.074214,-0.040698,-10.612602,-10.61294,0.00213,-0.005325,0.003195,99665.39,30.41,-0.78894
408.244109,0.020092,-0.074214,0.002394,-10.612602,-10.612862,0.00213,-0.00852,0.00426,99667.86,30.41,-0.788862
408.264206,0.020097,-0.062244,-0.014364,-10.648512,-10.648704,0.003195,-0.00639,0.00213,99667.86,30.41,-0.824704
408.284304,0.020098,-0.076608,-0.009576,-10.598238,-10.598519,0.00426,-0.003195,0.001065,99667.86,30.41,-0.774519
408.304441,0.020137,-0.076608,0,-10.68921,-10.689485,0,-0.00639,0.00426,99667.86,30.41,-0.865485
408.325112,0.020671,-0.064638,0.002394,-10.610208,-10.610405,0.001065,-0.005325,0.00426,99667.86,30.41,-0.786405
408.34688,0.021768,-0.090972,0.038304,-10.658088,-10.658545,0.001065,-0.005325,0.003195,99672.64,30.41,-0.834545
408.367001,0.020121,-0.067032,-0.004788,-10.662876,-10.663088,0.00213,-0.00426,0.00213,99672.64,30.41,-0.839088
408.387095,0.020093,-0.124488,-0.045486,-10.648512,-10.649337,0.003195,-0.005325,0.00213,99672.64,30.41,-0.825337
408.407183,0.020088,-0.05985,0.026334,-10.684422,-10.684622,0.00213,-0.007455,0.003195,99672.64,30.41,-0.860622
408.427299,0.020116,-0.090972,-0.038304,-10.624572,-10.625031,0.003195,-0.007455,0.00426,99672.64,30.41,-0.801031
408.447485,0.020186,-0.05985,-0.02394,-10.634148,-10.634343,0.001065,-0.007455,0.003195,99672.64,30.41,-0.810343
408.467613,0.020128,-0.088578,-0.026334,-10.6533,-10.653701,0,-0.00213,0.00213,99674.71,30.41,-0.829701
408.487792,0.02018,-0.043092,-0.016758,-10.60542,-10.605521,0.003195,-0.003195,0.005325,99674.71,30.41,-0.781521
408.507932,0.02014,-0.088578,-0.009576,-10.643724,-10.644097,0.001065,-0.00852,0.00213,99674.71,30.41,-0.820097
408.528029,0.020097,-0.081396,0.002394,-10.662876,-10.663187,0.001065,-0.009585,0.005325,99674.71,30.41,-0.839187
408.548301,0.020272,-0.05985,-0.016758,-10.658088,-10.658269,0.00426,-0.00213,0.005325,99674.71,30.41,-0.834269
408.568382,0.02008,-0.100548,0.01197,-10.650906,-10.651387,-0.001065,-0.005325,0.00426,99676.87,30.41,-0.827387
408.588464,0.020082,-0.09576,-0.04788,-10.586268,-10.586809,0.003195,-0.007455,0.00213,99676.87,30.41,-0.762809
408.608562,0.020098,-0.050274,-0.028728,-10.667664,-10.667821,0,-0.003195,0.003195,99676.87,30.41,-0.843821
408.62867,0.020108,-0.105336,0.031122,-10.636542,-10.637109,0.00213,-0.007455,0.001065,99676.87,30.41,-0.813109
408.648836,0.020167,-0.076608,-0.01197,-10.610208,-10.610491,0.00426,-0.00426,0.003195,99676.87,30.41,-0.786491
408.668948,0.020111,-0.05985,-0.002394,-10.6533,-10.653468,0,-0.005325,0.003195,99676.87,30.41,-0.829468
408.689039,0.020091,-0.079002,0.02394,-10.660482,-10.660802,0.001065,-0.00639,0.001065,99681.04,30.41,-0.836802
408.709142,0.020103,-0.069426,-0.055062,-10.60542,-10.60579,0.003195,-0.005325,0.001065,99681.04,30.41,-0.78179
408.729278,0.020136,-0.076608,0.002394,-10.667664,-10.667939,0,-0.00426,0.003195,99681.04,30.41,-0.843939
408.749548,0.020271,-0.081396,0.014364,-10.626966,-10.627287,0,-0.003195,0.003195,99681.04,30.41,-0.803287
408.769632,0.020084,-0.064638,0.007182,-10.6533,-10.653499,0.00213,-0.00639,0.00213,99681.04,30.41,-0.829499
408.789714,0.020082,-0.067032,0.028728,-10.679634,-10.679883,0.001065,-0.00639,0.005325,99681.04,30.41,-0.855883
408.8098,0.020086,-0.05985,-0.004788,-10.64133,-10.641499,0.001065,-0.009585,0.001065,99682.94,30.41,-0.817499
408.829884,0.020084,-0.09576,-0.079002,-10.614996,-10.615722,0.003195,-0.005325,0.005325,99682.94,30.41,-0.791722
408.85034,0.020456,-0.076608,-0.019152,-10.61739,-10.617684,0,-0.007455,0.003195,99682.94,30.41,-0.793684
408.870423,0.020083,-0.064638,-0.02394,-10.624572,-10.624796,0.003195,-0.005325,0.00213,99682.94,30.41,-0.800796
408.890528,0.020106,-0.05985,0.026334,-10.662876,-10.663076,0.00213,-0.007455,0.00426,99682.94,30.41,-0.839076
408.910879,0.02035,-0.016758,0,-10.624572,-10.624585,-0.00213,-0.00852,0.00213,99686.83,30.41,-0.800585
408.930962,0.020083,-0.05985,-0.004788,-10.610208,-10.610378,0.00426,-0.00213,0.00426,99686.83,30.41,-0.786378
408.951057,0.020095,-0.110124,0.033516,-10.674846,-10.675467,0,-0.003195,0.00426,99686.83,30.41,-0.851467
408.97324,0.022183,-0.076608,-0.01197,-10.60542,-10.605703,0,-0.007455,0.00213,99686.83,30.41,-0.781703
408.993321,0.020081,-0.08379,0.009576,-10.646118,-10.646452,0.001065,-0.009585,0.00426,99686.83,30.41,-0.822452
409.013404,0.020083,-0.069426,0.002394,-10.626966,-10.627193,0.003195,-0.003195,0.00426,99686.83,30.41,-0.803193
409.033492,0.020088,-0.055062,0.004788,-10.624572,-10.624716,0.003195,-0.001065,0.00426,99688.62,30.41,-0.800716
409.05358,0.020088,-0.045486,-0.007182,-10.703574,-10.703673,0,-0.005325,0.003195,99688.62,30.41,-0.879673
409.073984,0.020404,-0.04788,-0.014364,-10.58148,-10.581598,0.001065,-0.00852,0,99688.62,30.41,-0.757598
409.094071,0.020086,-0.08379,0.043092,-10.634148,-10.634565,0.003195,-0.00639,0.005325,99688.62,30.41,-0.810565
409.114161,0.02009,-0.112518,0.033516,-10.64133,-10.641978,0,-0.005325,0.003195,99688.62,30.41,-0.817978
409.134266,0.020105,-0.110124,-0.057456,-10.543176,-10.543908,0.001065,-0.005325,0.003195,99688.62,30.41,-0.719908
409.154362,0.020097,-0.098154,-0.007182,-10.59345,-10.593907,0.00426,-0.005325,0.00213,99691.99,30.41,-0.769907
409.174655,0.020293,-0.105336,0.033516,-10.555146,-10.555725,-0.00213,-0.00639,0.00213,99691.99,30.41,-0.731725
409.194747,0.020092,-0.088578,0.009576,-10.583874,-10.584249,0,-0.00213,0.003195,99691.99,30.41,-0.760249
409.21483,0.020083,-0.038304,0.016758,-10.547964,-10.548047,0.00213,-0.003195,0.00426,99691.99,30.41,-0.724047
409.234943,0.020113,-0.02394,0.033516,-10.512054,-10.512135,-0.001065,-0.00639,0.003195,99691.99,30.41,-0.688135
409.255054,0.02011,-0.019152,-0.004788,-10.507266,-10.507285,0.001065,-0.00426,0,99693.42,30.41,-0.683285
409.275231,0.020177,-0.045486,0.002394,-10.512054,-10.512153,0.001065,-0.003195,0.001065,99693.42,30.41,-0.688153
409.295328,0.020097,-0.050274,-0.004788,-10.478538,-10.47866,0.00213,-0.007455,0.00213,99693.42,30.41,-0.65466
409.315408,0.02008,-0.076608,-0.028728,-10.4139,-10.414221,0.001065,-0.005325,0,99693.42,30.41,-0.590221
409.335514,0.020107,-0.04788,0.007182,-10.538388,-10.538499,-0.001065,-0.00852,0.00213,99693.42,30.41,-0.714499
409.355647,0.020133,-0.1197,-0.055062,-10.42587,-10.426703,0.00213,-0.00213,0.00213,99693.42,30.41,-0.602703
409.375841,0.020194,-0.105336,-0.014364,-10.492902,-10.493441,0.00213,-0.005325,0.005325,99696.37,30.41,-0.669441
409.395941,0.0201,-0.105336,-0.009576,-10.44981,-10.450345,0,-0.005325,0.003195,99696.37,30.41,-0.626345
409.416019,0.020078,-0.110124,-0.052668,-10.411506,-10.412222,0.003195,-0.00426,0.005325,99696.37,30.41,-0.588222
409.436155,0.020135,-0.126882,0.02394,-10.488114,-10.488909,0.00213,-0.007455,0.00426,99696.37,30.41,-0.664909
409.456255,0.0201,-0.064638,-0.007182,-10.418688,-10.418891,0.001065,-0.007455,0.00426,99696.37,30.41,-0.594891
409.476566,0.020311,-0.069426,-0.050274,-10.380384,-10.380738,0.001065,-0.003195,0.00213,99696.37,30.41,-0.556738
409.496657,0.020091,-0.098154,0.08379,-10.37799,-10.378792,0.003195,-0.00852,0.00213,99697.9,30.41,-0.554792
409.516803,0.020146,-0.045486,-0.019152,-10.349262,-10.34938,-0.001065,-0.003195,0.00426,99697.9,30.41,-0.52538
409.536898,0.020094,0,0.009576,-10.373202,-10.373206,0,-0.00639,0.00426,99697.9,30.41,-0.549206
409.556985,0.020087,-0.102942,0.050274,-10.433052,-10.433681,0.003195,-0.003195,0.001065,99697.9,30.41,-0.609681
409.577157,0.020172,-0.076608,-0.02394,-10.337292,-10.337604,-0.001065,-0.00426,0.001065,99697.9,30.41,-0.513604
409.597338,0.020181,-0.03591,0,-10.38996,-10.390022,-0.001065,-0.005325,0,99700.42,30.41,-0.566022
409.617421,0.020083,-0.057456,0.009576,-10.368414,-10.368578,0.001065,-0.00639,0.00213,99700.42,30.41,-0.544578
409.637509,0.020088,-0.019152,-0.057456,-10.301382,-10.30156,0.00213,-0.00426,0.00213,99700.42,30.41,-0.47756
409.657603,0.020094,-0.055062,-0.026334,-10.33011,-10.33029,0.00213,-0.00426,0.00426,99700.42,30.41,-0.50629
409.678002,0.020399,-0.08379,0.01197,-10.275048,-10.275397,0.00213,-0.005325,0.00213,99700.42,30.41,-0.451397
409.698093,0.020091,-0.05985,-0.016758,-10.327716,-10.327903,0.001065,-0.00426,0.003195,99700.42,30.41,-0.503903
409.718185,0.020092,-0.09576,-0.004788,-10.325322,-10.325767,0.001065,-0.005325,0.00426,99701.63,30.41,-0.501767
409.738291,0.020107,-0.067032,-0.009576,-10.25829,-10.258513,0.003195,-0.005325,0.003195,99701.63,30.41,-0.434513
409.758382,0.020091,-0.055062,-0.002394,-10.277442,-10.27759,0.003195,-0.005325,0.00213,99701.63,30.41,-0.45359
409.778703,0.02032,-0.105336,0.028728,-10.260684,-10.261265,0.00213,-0.007455,0.00213,99701.63,30.41,-0.437265
409.80085,0.022147,-0.07182,-0.007182,-10.24632,-10.246574,0.00213,-0.00639,0.003195,99701.63,30.41,-0.422574
409.820926,0.020076,-0.079002,0.028728,-10.255896,-10.256241,0.001065,-0.00639,0.00213,99701.63,30.41,-0.432241
409.841048,0.020122,-0.086184,0.028728,-10.181682,-10.182087,0.00213,-0.005325,0.003195,99702.8,30.41,-0.358087
409.861138,0.02009,-0.088578,-0.03591,-10.217592,-10.218039,0.001065,-0.005325,0.00213,99702.8,30.41,-0.394039
409.881319,0.020181,-0.052668,-0.002394,-10.212804,-10.21294,-0.00213,-0.007455,0.00213,99702.8,30.41,-0.38894
409.901507,0.020189,-0.110124,-0.021546,-10.1745,-10.175119,0.003195,-0.00426,0.00426,99702.8,30.41,-0.351119
409.921603,0.020096,-0.038304,0.009576,-10.208016,-10.208092,0.001065,-0.005325,0.00213,99702.8,30.41,-0.384092
409.941688,0.020085,-0.04788,-0.016758,-10.184076,-10.184202,-0.00213,-0.007455,0.00426,99704.93,30.41,-0.360202
409.961764,0.020076,-0.064638,-0.01197,-10.13859,-10.138803,0.00426,-0.005325,0.00426,99704.93,30.41,-0.314803
409.98185,0.020086,-0.079002,0.03591,-10.203228,-10.203597,0,-0.00426,0.00426,99704.93,30.41,-0.379597
410.002241,0.020391,-0.079002,-0.028728,-10.152954,-10.153302,0.003195,-0.007455,0.003195,99704.93,30.41,-0.329302
410.022372,0.020131,-0.081396,-0.019152,-10.16253,-10.162874,0.001065,-0.00426,0.005325,99704.93,30.41,-0.338874
410.042457,0.020085,-0.043092,-0.002394,-10.160136,-10.160228,-0.001065,-0.00852,0.005325,99704.93,30.41,-0.336228
410.062561,0.020104,-0.08379,-0.009576,-10.117044,-10.117396,-0.001065,-0.00426,0.003195,99705.92,30.41,-0.293396
410.082726,0.020165,-0.062244,0.01197,-10.124226,-10.124424,0.00213,-0.005325,0.00426,99705.92,30.41,-0.300424
410.102904,0.020178,-0.08379,0.028728,-10.15056,-10.150946,-0.001065,-0.00852,0.003195,99705.92,30.41,-0.326946
410.122983,0.020079,-0.081396,-0.007182,-10.081134,-10.081465,0.00213,-0.00213,0.001065,99705.92,30.41,-0.257465
410.143089,0.020106,-0.062244,-0.02394,-10.0548,-10.055021,0.003195,-0.00852,0.005325,99705.92,30.41,-0.231021
410.163198,0.020109,-0.09576,0.014364,-10.028466,-10.028933,0,-0.00639,0.00213,99705.92,30.41,-0.204933
410.183288,0.02009,-0.088578,-0.028728,-10.064376,-10.064807,0.001065,-0.005325,0.00213,99707.66,30.41,-0.240807
410.203561,0.020273,-0.076608,0.007182,-10.088316,-10.088609,0.00213,-0.007455,0.00426,99707.66,30.41,-0.264609
410.223703,0.020142,-0.055062,-0.031122,-10.014102,-10.014302,0.00213,-0.00639,0.00213,99707.66,30.41,-0.190302
410.243792,0.020088,-0.074214,-0.007182,-10.033254,-10.033531,0.00426,-0.00639,0.001065,99707.66,30.41,-0.209531
410.26389,0.020098,-0.07182,0.026334,-10.035648,-10.03594,0.001065,-0.00639,0.00426,99707.66,30.41,-0.21194
410.284016,0.020126,-0.043092,-0.038304,-9.99495,-9.995116,0.001065,-0.003195,0.003195,99708.46,30.41,-0.171116
410.30486,0.020845,-0.074214,0.004788,-10.00692,-10.007196,0.00426,-0.00213,0.00213,99708.46,30.41,-0.183196
410.325416,0.020556,-0.093366,0,-9.997344,-9.99778,-0.001065,-0.003195,0.003195,99708.46,30.41,-0.17378
410.345509,0.020092,-0.079002,-0.028728,-9.920736,-9.921092,0.003195,-0.00213,0.003195,99708.46,30.41,-0.097092
410.365618,0.020109,-0.043092,0.002394,-9.961434,-9.961527,-0.001065,-0.007455,0.001065,99708.46,30.41,-0.137527
410.385712,0.020095,-0.057456,0.009576,-9.95904,-9.95921,0,-0.005325,0.003195,99708.46,30.41,-0.13521
410.406054,0.020342,-0.03591,-0.043092,-9.951858,-9.952016,0.001065,-0.003195,0.00213,99709.88,30.41,-0.128016
410.426193,0.020139,-0.055062,-0.01197,-9.939888,-9.940048,0.001065,-0.005325,0.003195,99709.88,30.41,-0.116048
410.446341,0.020147,-0.04788,-0.014364,-9.870462,-9.870589,0.00213,-0.003195,0.001065,99709.88,30.41,-0.046589
410.466457,0.020117,-0.055062,0.03591,-9.927918,-9.928136,0.001065,-0.003195,0.00426,99709.88,30.41,-0.104136
410.486553,0.020095,-0.045486,-0.01197,-9.889614,-9.889726,0.001065,-0.00639,0.003195,99709.88,30.41,-0.065726
410.506654,0.020102,-0.052668,-0.03591,-9.87525,-9.875456,0.001065,-0.003195,0.00426,99709.88,30.41,-0.051456
410.527837,0.021183,-0.067032,0.03591,-9.906372,-9.906664,0.001065,-0.007455,0.001065,99710.54,30.41,-0.082664
410.547965,0.020128,-0.081396,-0.002394,-9.848916,-9.849253,0.00426,-0.00639,0.00213,99710.54,30.41,-0.025253
410.568074,0.020109,-0.074214,-0.007182,-9.85131,-9.851592,0.001065,-0.005325,0.003195,99710.54,30.41,-0.027592
410.58818,0.020105,-0.076608,0.01197,-9.89919,-9.899494,0.00426,-0.00639,0.00426,99710.54,30.41,-0.075494
410.608288,0.020109,-0.069426,-0.026334,-9.817794,-9.818075,0.00213,-0.003195,0.003195,99710.54,30.41,0.005925
410.62856,0.020272,-0.074214,-0.031122,-9.882432,-9.88276,0,-0.00426,0.00426,99711.22,30.41,-0.05876
410.648599,0.020039,-0.052668,-0.028728,-9.79146,-9.791644,-0.001065,-0.007455,0.003195,99711.22,30.41,0.032356
410.668772,0.020173,-0.04788,-0.028728,-9.820188,-9.820347,0.005325,-0.005325,0.00213,99711.22,30.41,0.003653
410.688865,0.020093,-0.040698,0.014364,-9.856098,-9.856192,0,-0.00213,0.00213,99711.22,30.41,-0.032192
410.708974,0.020109,-0.076608,-0.01197,-9.817794,-9.8181,0,-0.00852,0.005325,99711.22,30.41,0.0059
410.729526,0.020552,-0.07182,-0.01197,-9.824976,-9.825246,0.00426,-0.007455,0.003195,99711.22,30.41,-0.001246
410.751535,0.022009,-0.064638,-0.009576,-9.894402,-9.894618,0,-0.00639,0.003195,99712.25,30.41,-0.070618
410.771728,0.020193,-0.040698,-0.014364,-9.83934,-9.839435,0.003195,-0.005325,0,99712.25,30.41,-0.015435
410.791821,0.020093,-0.062244,-0.002394,-9.841734,-9.841931,0.00213,-0.00852,0.003195,99712.25,30.41,-0.017931
410.811922,0.020101,-0.081396,0,-9.870462,-9.870798,0.003195,-0.005325,0.003195,99712.25,30.41,-0.046798
410.832031,0.020109,-0.055062,-0.01197,-9.868068,-9.868229,0.00213,-0.003195,0.003195,99712.25,30.41,-0.044229
410.852187,0.020156,-0.069426,0.002394,-9.83934,-9.839585,0.001065,-0.007455,0.003195,99712.54,30.41,-0.015585
410.872384,0.020197,-0.07182,-0.028728,-9.844128,-9.844432,0.00213,-0.00639,0.00213,99712.54,30.41,-0.020432
410.892482,0.020098,-0.043092,0.004788,-9.858492,-9.858587,0.00213,-0.003195,0.003195,99712.54,30.41,-0.034587
410.912634,0.020152,-0.076608,0.016758,-9.91116,-9.91147,-0.001065,-0.00639,0.00426,99712.54,30.41,-0.08747
410.932745,0.020111,-0.040698,-0.033516,-9.846522,-9.846663,0.00213,-0.00639,0.00426,99712.54,30.41,-0.022663
410.953479,0.020733,-0.086184,0.016758,-9.872856,-9.873246,0.00213,-0.005325,0,99712.54,30.41,-0.049246
410.975283,0.021804,-0.062244,0.007182,-9.813006,-9.813206,0.00213,-0.005325,0.003195,99713.52,30.41,0.010794
410.995451,0.020167,-0.069426,0.016758,-9.880038,-9.880296,0.00213,-0.00639,0.00213,99713.52,30.41,-0.056296
411.015555,0.020105,-0.057456,0.03591,-9.844128,-9.844361,0.001065,-0.009585,0,99713.52,30.41,-0.020361
411.035639,0.020084,-0.057456,0.01197,-9.77949,-9.779666,0,-0.00639,0.003195,99713.52,30.41,0.044334
411.055842,0.020203,-0.069426,0.007182,-9.85131,-9.851557,0,-0.00426,0.00213,99713.52,30.41,-0.027557
411.076437,0.020596,-0.100548,-0.01197,-9.808218,-9.808741,0,-0.005325,0.003195,99713.52,30.41,0.015259
411.098332,0.021895,-0.079002,-0.03591,-9.793854,-9.794238,-0.001065,-0.005325,0,99713.77,30.41,0.029762
411.118423,0.020091,-0.122094,-0.050274,-9.817794,-9.818682,0.001065,-0.005325,0.003195,99713.77,30.41,0.005318
411.138518,0.020094,-0.076608,-0.038304,-9.80343,-9.803804,0,-0.005325,0.005325,99713.77,30.41,0.020196
411.158601,0.020083,-0.033516,-0.093366,-9.80343,-9.803932,0.003195,-0.00639,0.00639,99713.77,30.41,0.020068
411.178823,0.020222,-0.102942,0.014364,-9.884826,-9.885372,-0.001065,-0.005325,0.007455,99713.77,30.41,-0.061372
411.199229,0.020406,-0.067032,-0.007182,-9.836946,-9.837177,0.001065,-0.00639,0.005325,99714.35,30.4,-0.013177
411.22132,0.022091,-0.004788,0.090972,-9.880038,-9.880458,0.001065,-0.005325,0.005325,99714.35,30.4,-0.056458
411.241409,0.020088,-0.002394,0.040698,-9.82737,-9.827455,0.003195,-0.003195,0.001065,99714.35,30.4,-0.003455
411.261498,0.02009,-0.062244,0.014364,-9.841734,-9.841941,0.003195,-0.001065,0.003195,99714.35,30.4,-0.017941
411.281595,0.020097,-0.086184,0.055062,-9.894402,-9.894931,0.00213,-0.00213,0.003195,99714.35,30.4,-0.070931
411.301689,0.020094,-0.067032,0.007182,-9.80343,-9.803662,0.001065,-0.00213,0.00213,99714.35,30.4,0.020338
411.322227,0.020539,-0.129276,0.004788,-9.88722,-9.888066,0.001065,-0.00426,0.00213,99714.72,30.4,-0.064066
411.34441,0.022182,-0.150822,-0.050274,-9.801036,-9.802325,0.00213,-0.005325,-0.001065,99714.72,30.4,0.021675
411.364517,0.020108,-0.093366,-0.076608,-9.841734,-9.842475,0.001065,-0.00852,0.003195,99714.72,30.4,-0.018475
411.384607,0.02009,-0.117306,-0.002394,-9.85131,-9.852009,-0.001065,-0.00426,0.003195,99714.72,30.4,-0.028009
411.404711,0.020104,-0.04788,-0.081396,-9.729216,-9.729674,0.00213,-0.00639,0.00213,99714.72,30.4,0.094326
411.424825,0.020114,-0.028728,-0.028728,-9.79146,-9.791544,0,-0.003195,0.00426,99715.57,30.4,0.032456
411.445079,0.020254,-0.026334,-0.02394,-9.798642,-9.798707,0.00213,-0.00639,0.00426,99715.57,30.4,0.025293
411.465187,0.020108,-0.043092,-0.045486,-9.813006,-9.813206,0.00426,-0.00639,0.00426,99715.57,30.4,0.010794
411.48562,0.020433,0.002394,0.028728,-9.846522,-9.846564,0.00213,-0.005325,0.003195,99715.57,30.4,-0.022564
411.505708,0.020088,-0.02394,0.009576,-9.868068,-9.868102,0.001065,-0.00639,0.00426,99715.57,30.4,-0.044102
411.525802,0.020093,-0.03591,-0.045486,-9.882432,-9.882602,0.00213,-0.00213,0.003195,99715.57,30.4,-0.058602
411.546527,0.020725,-0.004788,-0.009576,-9.82737,-9.827376,0.001065,-0.007455,0.00213,99715.94,30.4,-0.003376
411.568014,0.021488,-0.040698,0.007182,-9.83934,-9.839427,0.00213,-0.005325,0.00213,99715.94,30.4,-0.015427
411.588097,0.020083,-0.057456,0.033516,-9.86328,-9.863504,0.001065,-0.00639,0.005325,99715.94,30.4,-0.039504
411.608178,0.020081,-0.129276,0.02394,-9.83934,-9.840218,0.001065,-0.007455,0.001065,99715.94,30.4,-0.016218
411.628267,0.020089,-0.093366,0.009576,-9.85131,-9.851757,0.00213,-0.005325,0.00213,99715.94,30.4,-0.027757
411.648403,0.020136,-0.090972,0.040698,-9.882432,-9.882935,0.001065,-0.007455,0.003195,99715.94,30.4,-0.058935
411.668702,0.020299,-0.112518,-0.021546,-9.8154,-9.816069,0.005325,-0.005325,0.00213,99716.44,30.4,0.007931
411.688794,0.020092,-0.052668,0.026334,-9.824976,-9.825152,0.003195,-0.007455,0.001065,99716.44,30.4,-0.001152
411.708875,0.020082,-0.090972,0.007182,-9.76752,-9.767946,-0.001065,-0.00639,0.00426,99716.44,30.4,0.056054
411.728989,0.020114,-0.081396,-0.045486,-9.789066,-9.78951,0,-0.00213,0,99716.44,30.4,0.03449
411.749085,0.020096,-0.088578,-0.03591,-9.844128,-9.844592,0.001065,-0.00639,0.00213,99716.44,30.4,-0.020592
411.769471,0.020386,-0.088578,-0.038304,-9.80343,-9.803905,0.001065,-0.00852,0.003195,99716.72,30.4,0.020095
411.78956,0.020089,-0.062244,-0.016758,-9.844128,-9.844339,0.00426,-0.003195,0.00213,99716.72,30.4,-0.020339
411.809646,0.020087,-0.031122,0.040698,-9.860886,-9.861019,0.003195,-0.005325,0.00426,99716.72,30.4,-0.037019
411.829747,0.020101,-0.057456,-0.04788,-9.822582,-9.822867,0.00213,-0.003195,0.003195,99716.72,30.4,0.001133
411.849832,0.020085,-0.021546,-0.038304,-9.841734,-9.841832,0.001065,-0.003195,0.00213,99716.72,30.4,-0.017832
411.870347,0.020514,-0.04788,0.02394,-9.892008,-9.892153,0.001065,-0.00426,0.005325,99716.72,30.4,-0.068153
411.892358,0.022012,-0.043092,0.007182,-9.83934,-9.839437,0.00426,-0.00426,0.00426,99717.07,30.4,-0.015437
411.912454,0.020096,-0.08379,0.038304,-9.880038,-9.880468,-0.001065,-0.00639,0.00426,99717.07,30.4,-0.056468
411.93254,0.020086,-0.062244,-0.004788,-9.808218,-9.808417,0,-0.00639,0.00426,99717.07,30.4,0.015583
411.952629,0.020088,-0.057456,0.04788,-9.848916,-9.8492,0.00426,-0.00639,0.005325,99717.07,30.4,-0.0252
411.972717,0.020088,-0.057456,0.031122,-9.817794,-9.818011,0,-0.005325,0.00639,99717.07,30.4,0.005989
411.993027,0.020311,-0.062244,0.016758,-9.774702,-9.774915,0.00213,-0.003195,0.001065,99717.47,30.4,0.049085
412.013108,0.020081,-0.076608,0.014364,-9.817794,-9.818103,0.00213,-0.00639,0.001065,99717.47,30.4,0.005897
412.033359,0.02025,-0.124488,0.007182,-9.832158,-9.832949,0.00213,-0.005325,0.001065,99717.47,30.4,-0.008949
412.053445,0.020087,-0.105336,-0.043092,-9.774702,-9.775365,0.003195,-0.005325,0.005325,99717.47,30.4,0.048635
412.073548,0.020103,-0.14364,-0.01197,-9.848916,-9.849971,0.00426,-0.005325,0.00426,99717.47,30.4,-0.025971
412.09379,0.020241,-0.074214,-0.009576,-9.853704,-9.853988,0,-0.003195,0.00426,99717.47,30.4,-0.029988
412.11391,0.020121,-0.062244,-0.01197,-9.853704,-9.853908,0.00213,-0.003195,0.00426,99717.7,30.4,-0.029908
412.134022,0.020112,-0.02394,0.014364,-9.856098,-9.856138,0.001065,-0.00852,0.003195,99717.7,30.4,-0.032138
412.154119,0.020096,-0.019152,0,-9.841734,-9.841753,0.001065,-0.007455,0.00426,99717.7,30.4,-0.017753
412.174213,0.020094,0.014364,0.009576,-9.813006,-9.813021,0.00213,-0.00639,0.00213,99717.7,30.4,0.010979
412.194424,0.020211,-0.019152,-0.009576,-9.846522,-9.846545,-0.001065,-0.007455,0.00213,99717.7,30.4,-0.022545
412.214541,0.020118,-0.028728,-0.02394,-9.836946,-9.837017,0.00426,-0.003195,0,99717.7,30.4,-0.013017
412.234639,0.020098,-0.019152,0.014364,-9.889614,-9.889643,0,-0.005325,0.00426,99717.94,30.4,-0.065643
412.254749,0.02011,-0.057456,-0.026334,-9.824976,-9.825179,0.00213,-0.005325,0.00426,99717.94,30.4,-0.001179
412.274889,0.020139,-0.088578,-0.043092,-9.856098,-9.85659,0.00426,-0.005325,0,99717.94,30.4,-0.03259
412.295134,0.020245,-0.110124,-0.009576,-9.853704,-9.854324,0,-0.00426,0,99717.94,30.4,-0.030324
412.315258,0.020124,-0.114912,-0.028728,-9.813006,-9.813721,0.00213,-0.00426,0.003195,99717.94,30.4,0.010279
412.335366,0.020107,-0.110124,0.004788,-9.817794,-9.818413,0.00213,-0.007455,0.00426,99718.17,30.4,0.005587
412.355664,0.020299,-0.100548,0.03591,-9.841734,-9.842313,-0.001065,-0.00426,0.003195,99718.17,30.4,-0.018313
412.37576,0.020096,-0.090972,-0.02394,-9.829764,-9.830214,0.001065,-0.007455,0.00213,99718.17,30.4,-0.006214
412.396214,0.020454,-0.098154,-0.016758,-9.848916,-9.849419,0.00213,-0.007455,0.003195,99718.17,30.4,-0.025419
412.418069,0.021856,-0.09576,0.007182,-9.808218,-9.808688,0,-0.00852,0.00213,99718.17,30.4,0.015312
412.438204,0.020134,-0.016758,0.043092,-9.822582,-9.822691,0.001065,-0.00639,0.001065,99718.17,30.4,0.001309
412.458298,0.020094,-0.02394,0.021546,-9.85131,-9.851363,0.001065,-0.005325,0.001065,99718.7,30.4,-0.027363
412.478391,0.020093,-0.050274,-0.07182,-9.813006,-9.813398,0.003195,-0.00639,0,99718.7,30.4,0.010602
412.498488,0.020097,0,-0.062244,-9.805824,-9.806022,0.005325,-0.00426,0.003195,99718.7,30.4,0.017978
412.518777,0.020289,-0.074214,-0.007182,-9.860886,-9.861168,0.00213,-0.005325,0.003195,99718.7,30.4,-0.037168
412.538864,0.020087,-0.069426,-0.007182,-9.860886,-9.861133,0,-0.00639,0.00426,99718.7,30.4,-0.037133
412.558979,0.020115,-0.079002,0.031122,-9.877644,-9.878009,0.001065,-0.007455,0.00426,99718.7,30.4,-0.054009
412.579063,0.020083,-0.040698,0.021546,-9.846522,-9.84663,0.00213,-0.00852,0.00426,99718.8,30.4,-0.02263
412.599272,0.020209,-0.052668,-0.01197,-9.836946,-9.837094,0.001065,-0.005325,0.00426,99718.8,30.4,-0.013094
412.619416,0.020144,-0.057456,0.03591,-9.865674,-9.865907,0.00213,-0.011715,0.00213,99718.8,30.4,-0.041907
412.639514,0.020098,-0.098154,-0.028728,-9.793854,-9.794388,0.003195,-0.007455,0.00426,99718.8,30.4,0.029612
412.659619,0.020105,-0.02394,-0.038304,-9.741186,-9.741291,0.00213,-0.00639,0.001065,99718.8,30.4,0.082709
412.679863,0.020243,-0.03591,0.038304,-9.817794,-9.817934,0.001065,-0.003195,0.003195,99718.94,30.4,0.006066
412.699981,0.020118,-0.08379,0.009576,-9.810612,-9.810974,0.00426,-0.00213,0.003195,99718.94,30.4,0.013026
412.7201,0.020119,-0.138852,0.019152,-9.844128,-9.845126,0,-0.005325,0.001065,99718.94,30.4,-0.021126
412.740185,0.020086,-0.081396,-0.002394,-9.796248,-9.796586,0.00213,-0.00639,0.00426,99718.94,30.4,0.027414
412.760269,0.020083,-0.098154,-0.045486,-9.903978,-9.904569,0.00213,-0.007455,0.005325,99718.94,30.4,-0.080569
412.780373,0.020105,-0.062244,-0.028728,-9.868068,-9.868306,0.001065,-0.00426,0.00426,99718.94,30.4,-0.044306
412.80048,0.020107,0.009576,-0.055062,-9.772308,-9.772468,0.003195,-0.00426,0.00426,99719.34,30.4,0.051532
412.820704,0.020224,-0.064638,0.052668,-9.853704,-9.854057,0.00213,-0.005325,0.005325,99719.34,30.4,-0.030057
412.840785,0.020081,-0.026334,0.05985,-9.824976,-9.825194,0,-0.007455,-0.001065,99719.34,30.4,-0.001194
412.860883,0.020098,-0.033516,-0.01197,-9.824976,-9.82504,0,-0.00426,0.001065,99719.34,30.4,-0.00104
412.880989,0.020106,-0.088578,0.031122,-9.856098,-9.856545,0.00213,-0.007455,0.001065,99719.34,30.4,-0.032545
412.901093,0.020104,-0.04788,-0.026334,-9.836946,-9.837098,0.001065,-0.00639,0.001065,99719.34,30.4,-0.013098
412.921399,0.020305,-0.074214,-0.007182,-9.820188,-9.820471,0.001065,-0.003195,0.001065,99719.41,30.4,0.003529
412.941479,0.020081,-0.093366,0.033516,-9.841734,-9.842234,0.003195,-0.00213,0.001065,99719.41,30.4,-0.018234
412.961564,0.020085,-0.093366,-0.04788,-9.846522,-9.847081,-0.001065,-0.00852,0.005325,99719.41,30.4,-0.023081
412.981652,0.020088,-0.03591,-0.031122,-9.80343,-9.803545,0.00213,-0.00426,0.005325,99719.41,30.4,0.020455
413.001753,0.020101,-0.105336,0.004788,-9.865674,-9.866237,0.00213,-0.00639,0.003195,99719.41,30.4,-0.042237
413.022218,0.020466,-0.069426,-0.031122,-9.793854,-9.79415,-0.001065,-0.009585,0.003195,99719.63,30.4,0.02985
413.042315,0.020097,-0.074214,-0.02394,-9.858492,-9.8588,0,-0.007455,0.00426,99719.63,30.4,-0.0348
413.062428,0.020113,-0.079002,-0.009576,-9.829764,-9.830086,0.001065,-0.007455,0.00426,99719.63,30.4,-0.006086
413.082513,0.020085,-0.021546,-0.01197,-9.786672,-9.786703,0,-0.005325,0.005325,99719.63,30.4,0.037297
413.1026,0.020086,-0.021546,0.03591,-9.82737,-9.827459,0,-0.00639,0.003195,99719.63,30.4,-0.003459
413.122736,0.020136,-0.074214,-0.016758,-9.858492,-9.858786,0.003195,-0.005325,0.003195,99719.63,30.4,-0.034786
413.142872,0.020136,-0.05985,0,-9.844128,-9.84431,0.003195,-0.005325,-0.001065,99719.67,30.4,-0.02031
413.162965,0.020094,-0.081396,0.02394,-9.865674,-9.866039,0.001065,-0.005325,0.00213,99719.67,30.4,-0.042039
413.183209,0.020244,-0.07182,0.007182,-9.841734,-9.841999,-0.001065,-0.003195,0.001065,99719.67,30.4,-0.017999
413.203301,0.020092,-0.07182,-0.064638,-9.817794,-9.818269,0.00213,-0.00426,0.003195,99719.67,30.4,0.005731
413.223585,0.020283,-0.09576,0.026334,-9.901584,-9.902082,0.001065,-0.00426,0.005325,99719.67,30.4,-0.078082
413.245767,0.022183,-0.050274,-0.045486,-9.79146,-9.791695,0,-0.00426,0.003195,99719.67,30.4,0.032305
413.26586,0.020093,-0.093366,-0.004788,-9.870462,-9.870905,0.00426,-0.00639,0.003195,99719.92,30.4,-0.046905
413.285955,0.020095,-0.045486,-0.014364,-9.820188,-9.820304,0.005325,-0.00639,0.001065,99719.92,30.4,0.003696
413.306039,0.020084,-0.033516,0.021546,-9.77949,-9.779571,0.001065,-0.003195,0.00213,99719.92,30.4,0.044429
413.326146,0.020107,-0.079002,0.016758,-9.824976,-9.825308,0.00213,-0.005325,0.00213,99719.92,30.4,-0.001308
413.346525,0.020379,-0.074214,-0.057456,-9.853704,-9.854151,0,-0.001065,0.003195,99719.92,30.4,-0.030151
413.366666,0.020142,-0.057456,-0.03591,-9.865674,-9.865907,0,-0.00639,0.003195,99720.04,30.4,-0.041907
413.386761,0.020095,-0.05985,-0.038304,-9.848916,-9.849172,0.003195,-0.007455,0.005325,99720.04,30.4,-0.025172
413.406854,0.020093,-0.057456,-0.045486,-9.808218,-9.808492,0.005325,-0.00852,0.00639,99720.04,30.4,0.015508
413.426955,0.020101,-0.04788,0.045486,-9.784278,-9.784501,0.00426,-0.00639,0.00213,99720.04,30.4,0.039499
413.447067,0.020112,-0.079002,0.033516,-9.870462,-9.870835,0,-0.005325,0.001065,99720.04,30.4,-0.046835
413.469508,0.022441,-0.088578,0.009576,-9.80343,-9.803835,0.001065,-0.003195,0.00426,99720.04,30.4,0.020165
413.489591,0.020083,-0.09576,0.028728,-9.848916,-9.849423,0.001065,-0.005325,0.00213,99720.2,30.4,-0.025423
413.509678,0.020087,-0.112518,0.002394,-9.834552,-9.835196,0,-0.007455,0.003195,99720.2,30.4,-0.011196
413.529772,0.020095,-0.07182,-0.04788,-9.8154,-9.81578,0.00426,-0.001065,0.00213,99720.2,30.4,0.00822
413.549869,0.020096,-0.081396,-0.014364,-9.88722,-9.887565,0.00213,-0.00639,0.003195,99720.2,30.4,-0.063565
413.57014,0.020271,-0.067032,-0.045486,-9.820188,-9.820522,0.003195,-0.00639,0.00213,99720.2,30.4,0.003478
413.590252,0.020112,-0.069426,0.004788,-9.872856,-9.873101,0.00213,-0.005325,0.005325,99720.23,30.4,-0.049101
413.610336,0.020083,-0.069426,-0.02394,-9.85131,-9.851584,0.001065,-0.007455,0.003195,99720.23,30.4,-0.027584
413.630437,0.020102,-0.08379,0.02394,-9.801036,-9.801423,0.001065,-0.00213,0.003195,99720.23,30.4,0.022577
413.650528,0.020091,-0.014364,-0.026334,-9.810612,-9.810658,0.00426,-0.00852,0.00426,99720.23,30.4,0.013342
413.670894,0.020366,-0.057456,0.026334,-9.801036,-9.80124,0.003195,-0.00639,0.003195,99720.23,30.4,0.02276
413.690976,0.020082,-0.055062,0.019152,-9.808218,-9.808391,0.00213,-0.00213,-0.001065,99720.23,30.4,0.015609
413.711107,0.020131,-0.04788,-0.031122,-9.860886,-9.861051,0,-0.00852,0.003195,99720.23,30.4,-0.037051
413.73122,0.020113,-0.03591,0,-9.77949,-9.779556,0.001065,-0.00426,0.001065,99720.23,30.4,0.044444
413.751308,0.020088,-0.076608,0.038304,-9.872856,-9.873228,0.00213,-0.003195,0.00213,99720.23,30.4,-0.049228
413.771508,0.0202,-0.076608,-0.021546,-9.896796,-9.897116,0.001065,-0.007455,0.00213,99720.23,30.4,-0.073116
413.791589,0.020081,-0.067032,-0.045486,-9.8154,-9.815734,0.001065,-0.00639,0,99720.23,30.4,0.008266
413.811729,0.02014,-0.04788,0.009576,-9.884826,-9.884947,0.001065,-0.00426,0.00639,99720.23,30.4,-0.060947
413.831819,0.02009,-0.086184,0,-9.829764,-9.830142,-0.001065,-0.00852,-0.001065,99720.23,30.4,-0.006142
413.852048,0.020229,-0.081396,-0.043092,-9.82737,-9.827802,0.00213,-0.00852,0.005325,99720.23,30.4,-0.003802
413.872538,0.020489,-0.067032,-0.02394,-9.85131,-9.851567,0.00213,-0.00213,0.00426,99720.23,30.4,-0.027567
413.894457,0.02192,-0.055062,-0.03591,-9.793854,-9.794075,0.003195,-0.007455,0.00213,99720.23,30.4,0.029925
413.914553,0.020096,-0.04788,0.043092,-9.880038,-9.880248,-0.001065,-0.003195,0.00213,99720.23,30.4,-0.056248
413.934707,0.020155,-0.057456,-0.021546,-9.786672,-9.786864,0.00213,-0.007455,0.001065,99720.33,30.4,0.037136
413.954809,0.020102,-0.052668,-0.03591,-9.796248,-9.796455,0.00213,-0.005325,0.00213,99720.33,30.4,0.027545
413.975057,0.020248,-0.090972,0.038304,-9.865674,-9.866168,0.003195,-0.007455,0.003195,99720.33,30.4,-0.042168
413.995683,0.020626,-0.074214,-0.007182,-9.80343,-9.803714,-0.00213,-0.00639,0.00213,99720.33,30.4,0.020286
414.017465,0.021782,-0.05985,-0.043092,-9.872856,-9.873131,0.001065,-0.00426,0.003195,99720.33,30.4,-0.049131
414.037567,0.020103,-0.088578,0.014364,-9.813006,-9.813416,-0.001065,-0.007455,0.00213,99720.33,30.4,0.010584
414.05765,0.020083,-0.050274,-0.031122,-9.817794,-9.817972,0.00213,-0.00426,0.00213,99720.65,30.4,0.006028
414.077787,0.020136,-0.02394,0.031122,-9.860886,-9.860964,0,-0.007455,0.003195,99720.65,30.4,-0.036964
414.097871,0.020085,-0.090972,-0.007182,-9.796248,-9.796673,0.00213,-0.005325,0.00213,99720.65,30.4,0.027327
414.118201,0.02033,-0.079002,-0.016758,-9.832158,-9.83249,0.005325,-0.00426,0.003195,99720.65,30.4,-0.00849
414.138353,0.020151,-0.050274,0.026334,-9.88722,-9.887383,0.001065,-0.00852,0.003195,99720.65,30.4,-0.063383
414.158439,0.020087,-0.062244,-0.043092,-9.8154,-9.815692,0,-0.00426,0.00426,99720.81,30.4,0.008308
414.178523,0.020084,-0.074214,-0.002394,-9.870462,-9.870741,0.001065,-0.003195,0.003195,99720.81,30.4,-0.046741
414.19863,0.020107,-0.033516,0.026334,-9.844128,-9.84422,-0.001065,-0.007455,0.00213,99720.81,30.4,-0.02022
414.218836,0.020206,-0.026334,-0.026334,-9.8154,-9.815471,0.00213,-0.00426,0.001065,99720.81,30.4,0.008529
414.238919,0.020083,-0.067032,0.019152,-9.853704,-9.853951,0.001065,-0.005325,0.00213,99720.81,30.4,-0.029951
414.259104,0.020185,-0.090972,-0.009576,-9.846522,-9.846947,0,-0.011715,0.001065,99720.81,30.4,-0.022947
414.279189,0.020085,-0.064638,-0.045486,-9.805824,-9.806143,0.001065,-0.003195,0.00213,99721.02,30.4,0.017857
414.299295,0.020105,-0.064638,0.01197,-9.810612,-9.810832,0,-0.00852,0.00426,99721.02,30.4,0.013168
414.319501,0.020207,-0.043092,-0.031122,-9.789066,-9.78921,0,-0.003195,0.003195,99721.02,30.4,0.03479
414.339585,0.020084,-0.050274,-0.021546,-9.80343,-9.803583,0.00426,-0.00426,0.005325,99721.02,30.4,0.020417
414.359712,0.020126,-0.08379,0.064638,-9.853704,-9.854272,0,-0.00426,0.003195,99721.02,30.4,-0.030272
414.379872,0.02016,-0.033516,0.031122,-9.798642,-9.798749,0.001065,-0.005325,0.00426,99721.02,30.4,0.025251
414.399966,0.020094,-0.076608,0.045486,-9.872856,-9.873258,0,-0.005325,0.003195,99720.96,30.4,-0.049258
414.420136,0.02017,-0.067032,0.016758,-9.868068,-9.86831,0,-0.007455,0.00213,99720.96,30.4,-0.04431
414.440237,0.020101,-0.076608,-0.043092,-9.796248,-9.796642,0.00213,-0.00426,0.001065,99720.96,30.4,0.027358
414.460432,0.020196,-0.074214,0.02394,-9.86328,-9.863588,0.001065,-0.005325,0.001065,99720.96,30.4,-0.039588
414.480655,0.020223,-0.088578,-0.016758,-9.846522,-9.846935,0.001065,-0.00426,-0.001065,99720.96,30.4,-0.022935
414.500765,0.02011,-0.076608,-0.033516,-9.822582,-9.822938,0.00213,-0.00639,0.00213,99720.96,30.4,0.001062
414.521684,0.020919,-0.074214,0.004788,-9.85131,-9.851591,0,-0.00852,0.00426,99720.99,30.4,-0.027591
414.543227,0.021543,-0.081396,-0.050274,-9.810612,-9.811078,0.00213,-0.00426,0.003195,99720.99,30.4,0.012922
414.56336,0.020133,-0.050274,-0.021546,-9.83934,-9.839492,0.001065,-0.007455,0,99720.99,30.4,-0.015492
414.583457,0.020097,-0.040698,-0.043092,-9.796248,-9.796427,0,-0.00426,0.00213,99720.99,30.4,0.027573
414.603735,0.020278,-0.019152,-0.014364,-9.805824,-9.805853,0.00426,-0.00426,0.00213,99720.99,30.4,0.018147
414.623917,0.020182,-0.007182,0.01197,-9.846522,-9.846532,0.001065,-0.005325,0.003195,99720.99,30.4,-0.022532
414.644103,0.020186,-0.040698,-0.014364,-9.798642,-9.798737,0.001065,-0.007455,0.00213,99721.1,30.4,0.025263
414.666317,0.022214,-0.055062,0.007182,-9.882432,-9.882588,0,-0.00426,0.00213,99721.1,30.4,-0.058588
414.686418,0.020101,-0.057456,0.009576,-9.824976,-9.825149,0.001065,-0.007455,0.00426,99721.1,30.4,-0.001149
414.706548,0.020129,-0.088578,-0.016758,-9.824976,-9.82539,0.00426,-0.00639,0.001065,99721.1,30.4,-0.00139
414.726686,0.020139,-0.076608,0.01197,-9.870462,-9.870767,0.00213,-0.00426,0.003195,99721.1,30.4,-0.046767
414.746797,0.020111,-0.117306,-0.009576,-9.820188,-9.820893,0.001065,-0.007455,0.003195,99721.26,30.4,0.003107
414.767034,0.020237,-0.09576,-0.004788,-9.83934,-9.839807,0.001065,-0.00213,0.001065,99721.26,30.4,-0.015807
414.787135,0.020101,-0.122094,0.031122,-9.856098,-9.856903,0,-0.00639,0.00213,99721.26,30.4,-0.032903
414.807233,0.020098,-0.090972,-0.031122,-9.810612,-9.811083,0.001065,-0.00639,0.003195,99721.26,30.4,0.012917
414.827327,0.020094,-0.055062,-0.014364,-9.829764,-9.829929,0.003195,-0.00213,0.00213,99721.26,30.4,-0.005929
414.847419,0.020092,-0.057456,-0.002394,-9.853704,-9.853872,0,-0.00639,0.003195,99721.26,30.4,-0.029872
414.867501,0.020082,-0.04788,-0.069426,-9.772308,-9.772672,0.001065,-0.005325,0.00426,99721.39,30.4,0.051328
414.887596,0.020095,-0.021546,-0.01197,-9.822582,-9.822613,0,-0.007455,0.003195,99721.39,30.4,0.001387
414.90768,0.020084,-0.038304,0.014364,-9.841734,-9.841819,-0.001065,-0.007455,0.005325,99721.39,30.4,-0.017819
414.927782,0.020102,-0.03591,-0.038304,-9.781884,-9.782025,0.001065,-0.00213,0.003195,99721.39,30.4,0.041975
414.947875,0.020093,-0.002394,0.014364,-9.848916,-9.848927,0.001065,-0.005325,0.00213,99721.39,30.4,-0.024927
414.968668,0.020794,-0.076608,0.007182,-9.808218,-9.80852,0.001065,-0.00426,0.001065,99721.39,30.4,0.01548
414.990626,0.021957,-0.081396,0.040698,-9.844128,-9.844549,0.001065,-0.00426,0.003195,99721.52,30.4,-0.020549
415.010716,0.02009,-0.10773,-0.007182,-9.844128,-9.84472,0,-0.005325,0.003195,99721.52,30.4,-0.02072
415.030809,0.020092,-0.05985,-0.055062,-9.808218,-9.808555,0,-0.00213,0.003195,99721.52,30.4,0.015445
415.050889,0.02008,-0.050274,0.002394,-9.834552,-9.834681,0.00426,-0.007455,0.005325,99721.52,30.4,-0.010681
415.071039,0.02015,-0.076608,0.002394,-9.846522,-9.84682,0.001065,-0.007455,0.00426,99721.52,30.4,-0.02282
415.09142,0.020381,-0.055062,-0.021546,-9.808218,-9.808396,0,-0.00426,0,99721.6,30.4,0.015604
415.113634,0.022215,-0.081396,0.014364,-9.836946,-9.837293,0.001065,-0.00852,0.00426,99721.6,30.4,-0.013293
415.133721,0.020086,-0.067032,-0.055062,-9.777096,-9.777481,0.001065,-0.00426,0.00213,99721.6,30.4,0.046519
415.153814,0.020093,-0.090972,0.007182,-9.853704,-9.854127,0.001065,-0.00426,0.003195,99721.6,30.4,-0.030127
415.173896,0.020082,-0.081396,-0.004788,-9.817794,-9.818133,0.001065,-0.00639,0.001065,99721.6,30.4,0.005867
415.19398,0.020084,-0.057456,-0.01197,-9.810612,-9.810788,0.001065,-0.005325,0.00426,99721.6,30.4,0.013212
415.214222,0.020242,-0.08379,0.02394,-9.858492,-9.858877,0,-0.003195,0.003195,99721.62,30.4,-0.034877
415.234315,0.020093,-0.079002,0,-9.824976,-9.825294,0.00213,-0.00426,0.00426,99721.62,30.4,-0.001294
415.25441,0.020095,-0.057456,-0.021546,-9.824976,-9.825168,0.003195,-0.00426,0.001065,99721.62,30.4,-0.001168
415.27456,0.02015,-0.055062,0.033516,-9.853704,-9.853915,-0.001065,-0.007455,0.003195,99721.62,30.4,-0.029915
415.294652,0.020092,-0.086184,-0.040698,-9.822582,-9.823044,0,-0.005325,0.00213,99721.62,30.4,0.000956
415.315252,0.0206,-0.050274,-0.02394,-9.829764,-9.829922,0.001065,-0.00639,0.00426,99721.76,30.4,-0.005922
415.3373,0.022049,-0.038304,-0.021546,-9.822582,-9.82268,0.00213,-0.00639,0.00213,99721.76,30.4,0.00132
415.357382,0.020081,-0.062244,-0.038304,-9.82737,-9.827642,0.00213,-0.007455,0.00213,99721.76,30.4,-0.003642
415.377465,0.020083,-0.055062,0.021546,-9.865674,-9.865851,0.001065,-0.003195,0.00213,99721.76,30.4,-0.041851
415.397673,0.020208,-0.064638,-0.01197,-9.796248,-9.796469,0,-0.001065,0.00213,99721.76,30.4,0.027531
415.417753,0.02008,-0.093366,-0.014364,-9.841734,-9.842187,0.001065,-0.003195,0.00213,99721.76,30.4,-0.018187
415.438235,0.020482,-0.067032,0.026334,-9.882432,-9.882694,0.003195,-0.00639,0.003195,99721.84,30.4,-0.058694
415.460307,0.022073,-0.07182,0.002394,-9.848916,-9.849178,0.003195,-0.003195,0.00213,99721.84,30.4,-0.025178
415.480395,0.020088,-0.102942,0.026334,-9.846522,-9.847095,0,-0.005325,0,99721.84,30.4,-0.023095
415.500481,0.020086,-0.093366,-0.026334,-9.813006,-9.813485,0,-0.00639,0.00213,99721.84,30.4,0.010515
415.520579,0.020099,-0.064638,0.01197,-9.829764,-9.829984,0.005325,-0.00639,0.003195,99721.84,30.4,-0.005984
415.540685,0.020106,-0.069426,0.014364,-9.841734,-9.841989,-0.001065,-0.00426,0.00426,99721.84,30.4,-0.017989
415.561083,0.020398,-0.052668,-0.019152,-9.805824,-9.805984,0,-0.00426,0.00213,99721.89,30.4,0.018016
415.581166,0.020084,-0.067032,0.014364,-9.846522,-9.846761,0.001065,-0.00426,0.00213,99721.89,30.4,-0.022761
415.601274,0.020108,-0.050274,0.019152,-9.848916,-9.849063,0.00213,-0.00426,0.003195,99721.89,30.4,-0.025063
415.621355,0.020081,-0.057456,-0.033516,-9.796248,-9.796474,0.003195,-0.007455,0.00639,99721.89,30.4,0.027526
415.641441,0.020086,-0.033516,0,-9.856098,-9.856155,0.001065,-0.003195,0.00213,99721.89,30.4,-0.032155
415.661709,0.020268,-0.076608,-0.02394,-9.846522,-9.846849,0.001065,-0.005325,0.003195,99722.05,30.4,-0.022849
415.681807,0.020098,-0.052668,0.002394,-9.882432,-9.882573,0.003195,-0.00426,0.00426,99722.05,30.4,-0.058573
415.701916,0.02011,-0.086184,0.016758,-9.86328,-9.863671,0,-0.00852,0.00426,99722.05,30.4,-0.039671
415.722028,0.020112,-0.055062,0.01197,-9.856098,-9.856259,0.001065,-0.00426,0.003195,99722.05,30.4,-0.032259
415.74215,0.020122,-0.055062,0.033516,-9.86328,-9.863491,0.001065,-0.005325,0.00213,99722.05,30.4,-0.039491
415.762353,0.020203,-0.098154,0.014364,-9.836946,-9.837446,0,-0.00639,0.00426,99722.05,30.4,-0.013446
415.784722,0.022369,-0.055062,-0.031122,-9.801036,-9.80124,0.005325,-0.005325,0.003195,99722.2,30.4,0.02276
415.804827,0.020105,-0.057456,-0.021546,-9.836946,-9.837137,0,-0.007455,0.003195,99722.2,30.4,-0.013137
415.824929,0.020103,-0.086184,-0.016758,-9.817794,-9.818187,0,-0.003195,0.003195,99722.2,30.4,0.005813
415.845575,0.020646,-0.076608,-0.02394,-9.8154,-9.815728,0,-0.00639,0.00213,99722.2,30.4,0.008272
415.865679,0.020104,-0.064638,0.01197,-9.808218,-9.808438,-0.00213,-0.00639,0.003195,99722.2,30.4,0.015562
415.885771,0.020092,-0.05985,-0.016758,-9.82737,-9.827567,0.00213,-0.003195,0.00213,99722.12,30.4,-0.003567
415.907691,0.021921,-0.069426,0.016758,-9.860886,-9.861145,0.001065,-0.00639,0.003195,99722.12,30.4,-0.037145
415.927808,0.020117,-0.079002,-0.009576,-9.80343,-9.803753,0.00213,-0.00426,0.00213,99722.12,30.4,0.020247
415.9479,0.020091,-0.050274,-0.014364,-9.844128,-9.844267,0.00213,-0.009585,0.00639,99722.12,30.4,-0.020267
415.967976,0.020076,-0.088578,0.007182,-9.870462,-9.870862,0.00213,-0.00426,0.00213,99722.12,30.4,-0.046862
415.988073,0.020097,-0.067032,-0.028728,-9.808218,-9.808489,0,-0.00639,0.00426,99722.12,30.4,0.015511
416.008314,0.020242,-0.045486,-0.002394,-9.834552,-9.834657,0.00426,-0.005325,0.00213,99722.31,30.4,-0.010657
416.028431,0.020117,-0.038304,-0.026334,-9.829764,-9.829874,0.001065,-0.005325,0.00213,99722.31,30.4,-0.005874
416.04852,0.020089,-0.04788,-0.026334,-9.798642,-9.798794,0.003195,-0.00426,0.00213,99722.31,30.4,0.025206
416.068619,0.020098,-0.079002,-0.007182,-9.841734,-9.842054,0.001065,-0.005325,0.005325,99722.31,30.4,-0.018054
416.08871,0.020091,-0.081396,0.004788,-9.810612,-9.810951,0.00213,-0.00426,0.003195,99722.31,30.4,0.013049
416.109007,0.020297,-0.04788,0.009576,-9.836946,-9.837067,0.00426,-0.001065,0.001065,99722.31,30.4,-0.013067
416.129096,0.020089,-0.069426,0.028728,-9.834552,-9.834839,0.001065,-0.007455,0.00426,99722.18,30.4,-0.010839
416.149193,0.020097,-0.09576,-0.026334,-9.808218,-9.808721,0.003195,-0.00426,0.00639,99722.18,30.4,0.015279
416.169275,0.020082,-0.08379,0.019152,-9.844128,-9.844503,0.00213,-0.003195,0.003195,99722.18,30.4,-0.020503
416.189358,0.020083,-0.057456,0.01197,-9.848916,-9.849091,0.001065,-0.007455,0.005325,99722.18,30.4,-0.025091
416.209702,0.020344,-0.100548,-0.014364,-9.801036,-9.801562,0.001065,-0.005325,0.003195,99722.18,30.4,0.022438
416.22978,0.020077,-0.086184,0.019152,-9.836946,-9.837342,-0.003195,-0.00639,0.001065,99722.12,30.4,-0.013342
416.249876,0.020097,-0.07182,0.007182,-9.856098,-9.856362,0,-0.007455,0.001065,99722.12,30.4,-0.032362
416.269964,0.020088,-0.062244,-0.019152,-9.813006,-9.813222,0.003195,-0.00639,0.003195,99722.12,30.4,0.010778
416.290062,0.020098,-0.03591,0.021546,-9.877644,-9.877733,0,-0.007455,0.003195,99722.12,30.4,-0.053733
416.310366,0.020304,-0.069426,0.014364,-9.829764,-9.83002,-0.001065,-0.00426,0.00213,99722.12,30.4,-0.00602
416.33046,0.020094,-0.052668,0.03591,-9.853704,-9.85391,0.00213,-0.00639,0.00426,99722.12,30.4,-0.02991
416.350581,0.020121,-0.052668,0.028728,-9.87525,-9.875432,0.001065,-0.007455,0.005325,99722.08,30.4,-0.051432
416.370669,0.020088,-0.074214,-0.02394,-9.832158,-9.832467,0.001065,-0.00426,0.001065,99722.08,30.4,-0.008467
416.390756,0.020087,-0.076608,-0.026334,-9.832158,-9.832492,0.00213,-0.00639,0.00426,99722.08,30.4,-0.008492
416.411041,0.020285,-0.045486,-0.007182,-9.841734,-9.841842,0,-0.00852,0.001065,99722.08,30.4,-0.017842
416.43113,0.02009,-0.079002,-0.014364,-9.824976,-9.825304,0,-0.00426,0.00426,99722.08,30.4,-0.001304
416.451487,0.020356,-0.098154,0.033516,-9.868068,-9.868613,-0.00213,-0.005325,0,99722.08,30.4,-0.044613
416.471586,0.020099,-0.08379,0.007182,-9.829764,-9.830124,0,-0.00639,0.00213,99722.07,30.4,-0.006124
416.491692,0.020106,-0.069426,-0.021546,-9.813006,-9.813275,0.00213,-0.00426,0.00213,99722.07,30.4,0.010725
416.511789,0.020098,-0.09576,0.009576,-9.858492,-9.858962,-0.001065,-0.005325,0.003195,99722.07,30.4,-0.034962
416.531868,0.020078,-0.057456,-0.019152,-9.82737,-9.827557,0.001065,-0.00426,0,99722.07,30.4,-0.003557
416.551979,0.020111,-0.081396,-0.040698,-9.810612,-9.811034,0.00213,-0.00639,0.003195,99722.07,30.4,0.012966
416.572058,0.020079,-0.088578,0.03591,-9.865674,-9.866137,0,-0.00639,0.00426,99722.04,30.4,-0.042137
416.592155,0.020098,-0.07182,-0.028728,-9.817794,-9.818099,0.001065,-0.00426,0.003195,99722.04,30.4,0.005901
416.612295,0.02014,-0.052668,-0.021546,-9.832158,-9.832323,0.00426,-0.00639,0.003195,99722.04,30.4,-0.008323
416.632379,0.020084,-0.055062,-0.004788,-9.8154,-9.815556,0.00213,-0.005325,0.00213,99722.04,30.4,0.008444
416.652477,0.020099,-0.05985,-0.03591,-9.817794,-9.818042,0.003195,-0.00852,0.00213,99722.04,30.4,0.005958
416.672569,0.020092,-0.069426,-0.019152,-9.83934,-9.839604,0.00213,-0.00639,0.003195,99722.04,30.4,-0.015604
416.692733,0.020164,-0.067032,0.038304,-9.793854,-9.794158,0.00213,-0.00639,0.00213,99722.05,30.4,0.029842
416.712956,0.020223,-0.069426,-0.043092,-9.817794,-9.818134,0.00213,-0.00426,0.00426,99722.05,30.4,0.005866
416.733047,0.02009,-0.074214,0.01197,-9.865674,-9.86596,0.00213,-0.00852,0.00426,99722.05,30.4,-0.04196
416.753163,0.020116,-0.081396,-0.021546,-9.796248,-9.79661,0,-0.005325,0.00426,99722.05,30.4,0.02739
416.773271,0.020108,-0.069426,-0.004788,-9.836946,-9.837192,0.003195,-0.007455,0.003195,99722.05,30.4,-0.013192
416.793897,0.020627,-0.074214,0.021546,-9.86328,-9.863583,0,-0.009585,0.003195,99722.05,30.4,-0.039583
416.814223,0.020325,-0.040698,-0.016758,-9.772308,-9.772407,0.00426,-0.005325,0.00213,99722,30.4,0.051593
416.8344,0.020177,-0.090972,0.002394,-9.829764,-9.830185,0.001065,-0.00213,0.00426,99722,30.4,-0.006185
416.854512,0.020112,-0.08379,0.01197,-9.856098,-9.856461,0,-0.00852,0.005325,99722,30.4,-0.032461
416.874614,0.020102,-0.057456,-0.026334,-9.813006,-9.81321,0.00426,-0.00639,0.00213,99722,30.4,0.01079
416.894718,0.020103,-0.07182,0.004788,-9.848916,-9.849179,0.003195,-0.00426,0.00213,99722,30.4,-0.025179
416.914812,0.020094,-0.067032,-0.031122,-9.856098,-9.856375,0.003195,-0.005325,0.00426,99722.26,30.4,-0.032375
416.936694,0.021882,-0.076608,0.01197,-9.865674,-9.865979,0.00213,-0.007455,0.00426,99722.26,30.4,-0.041979
416.956744,0.020051,-0.05985,0.009576,-9.860886,-9.861072,0,-0.00852,0.00213,99722.26,30.4,-0.037072
416.976841,0.020097,-0.067032,-0.040698,-9.805824,-9.806138,0.00213,-0.00426,0.001065,99722.26,30.4,0.017862
416.997099,0.020257,-0.04788,0.009576,-9.858492,-9.858613,0,-0.00426,0.00213,99722.26,30.4,-0.034613
417.017189,0.020091,-0.08379,0.007182,-9.836946,-9.837305,0,-0.005325,0.005325,99722.26,30.4,-0.013305
417.037388,0.020198,-0.050274,-0.031122,-9.820188,-9.820366,0.001065,-0.005325,0.003195,99722.41,30.4,0.003634
417.057471,0.020083,-0.079002,0.01197,-9.865674,-9.865998,0.00213,-0.00639,0.00213,99722.41,30.4,-0.041998
417.077559,0.020089,-0.074214,-0.014364,-9.810612,-9.810903,-0.001065,-0.007455,0.003195,99722.41,30.4,0.013097
417.097657,0.020098,-0.050274,-0.016758,-9.813006,-9.813149,0,-0.00426,0.003195,99722.41,30.4,0.010851
417.117752,0.020095,-0.08379,0.007182,-9.85131,-9.851669,-0.001065,-0.003195,0.00213,99722.41,30.4,-0.027669
417.138088,0.020335,-0.076608,0,-9.824976,-9.825275,0.003195,-0.005325,0.001065,99722.41,30.4,-0.001275
417.15817,0.020082,-0.069426,0.033516,-9.870462,-9.870763,0.003195,-0.00426,0.003195,99722.47,30.4,-0.046763
417.178267,0.020098,-0.067032,0.031122,-9.848916,-9.849193,0.00426,-0.007455,0.001065,99722.47,30.4,-0.025193
417.198357,0.02009,-0.08379,-0.02394,-9.817794,-9.818181,0.001065,-0.001065,0.005325,99722.47,30.4,0.005819
417.21854,0.020183,-0.074214,0.02394,-9.85131,-9.851619,0.001065,-0.005325,0.00213,99722.47,30.4,-0.027619
417.238682,0.020142,-0.055062,-0.038304,-9.824976,-9.825205,0.001065,-0.00639,0.00213,99722.47,30.4,-0.001205
417.258763,0.020081,-0.050274,-0.02394,-9.8154,-9.815558,0.00426,-0.00213,-0.001065,99722.34,30.4,0.008442
417.27886,0.020098,-0.074214,0.002394,-9.853704,-9.853984,0.001065,-0.00426,0.001065,99722.34,30.4,-0.029984
417.298969,0.020109,-0.076608,-0.01197,-9.822582,-9.822888,0.001065,-0.005325,0.001065,99722.34,30.4,0.001112
417.319082,0.020113,-0.069426,0.002394,-9.848916,-9.849161,0.00213,-0.00426,0.003195,99722.34,30.4,-0.025161
417.339985,0.020903,-0.052668,0.007182,-9.824976,-9.82512,0.001065,-0.009585,0.003195,99722.34,30.4,-0.00112
417.361837,0.021852,-0.069426,-0.028728,-9.82737,-9.827657,0.003195,-0.003195,0.003195,99722.34,30.4,-0.003657
417.38193,0.020093,-0.064638,0.026334,-9.85131,-9.851557,0.001065,-0.005325,0.00426,99722.31,30.4,-0.027557
417.402038,0.020108,-0.064638,-0.014364,-9.801036,-9.80126,0.00213,-0.00426,0.00213,99722.31,30.4,0.02274
417.422126,0.020089,-0.052668,0.002394,-9.853704,-9.853845,0.00213,-0.00426,0.00426,99722.31,30.4,-0.029845
417.442219,0.020093,-0.052668,0.038304,-9.853704,-9.853919,-0.001065,-0.007455,0.00426,99722.31,30.4,-0.029919
417.46244,0.020221,-0.098154,-0.03591,-9.82737,-9.827926,0.00213,-0.005325,0.00213,99722.31,30.4,-0.003926
417.482532,0.020093,-0.076608,0.033516,-9.856098,-9.856453,0.001065,-0.00639,0,99722.41,30.4,-0.032453
417.502653,0.02012,-0.088578,0.026334,-9.853704,-9.854137,0,-0.003195,0.001065,99722.41,30.4,-0.030137
417.522765,0.020113,-0.062244,-0.02394,-9.817794,-9.81802,0.005325,-0.00852,0.001065,99722.41,30.4,0.00598
417.542884,0.020119,-0.064638,-0.016758,-9.856098,-9.856324,0.00213,-0.00639,0.001065,99722.41,30.4,-0.032324
417.563136,0.020252,-0.076608,-0.019152,-9.83934,-9.839657,0.00213,-0.005325,0.003195,99722.41,30.4,-0.015657
417.583254,0.020118,-0.062244,0.009576,-9.858492,-9.858693,0.00426,-0.00639,0.00426,99722.41,30.4,-0.034693
417.603345,0.020091,-0.09576,0.002394,-9.858492,-9.858957,0.003195,-0.00852,0.00213,99722.33,30.39,-0.034957
417.623434,0.020089,-0.064638,0.01197,-9.848916,-9.849135,0.001065,-0.00639,0.00426,99722.33,30.39,-0.025135
417.643533,0.020098,-0.057456,-0.050274,-9.80343,-9.803727,0.003195,-0.00426,0.00426,99722.33,30.39,0.020273
417.663728,0.020195,-0.050274,-0.014364,-9.846522,-9.846661,0.001065,-0.009585,0.005325,99722.33,30.39,-0.022661
417.683855,0.020127,-0.043092,-0.02394,-9.805824,-9.805948,0.00213,-0.00426,0.00213,99722.33,30.39,0.018052
417.70393,0.020075,-0.021546,-0.062244,-9.853704,-9.853924,0.00426,-0.005325,0.005325,99722.33,30.39,-0.029924
417.724046,0.020117,-0.07182,0.007182,-9.85131,-9.851574,0.00213,-0.00852,0.00426,99722.36,30.39,-0.027574
417.744144,0.020098,-0.038304,-0.014364,-9.8154,-9.815485,0.003195,-0.005325,0.00426,99722.36,30.39,0.008515
417.764493,0.020349,-0.069426,0.007182,-9.858492,-9.858739,0.00426,-0.003195,0.003195,99722.36,30.39,-0.034739
417.784609,0.020115,-0.062244,-0.016758,-9.858492,-9.858703,0.001065,-0.003195,0.001065,99722.36,30.39,-0.034703
417.804759,0.02015,-0.08379,-0.004788,-9.8154,-9.815759,0.005325,-0.00213,0.003195,99722.36,30.39,0.008241
417.824866,0.020106,-0.062244,0.064638,-9.865674,-9.866082,0.003195,-0.00639,0.00213,99722.36,30.39,-0.042082
417.844965,0.020099,-0.100548,0.004788,-9.841734,-9.842249,-0.00213,-0.007455,0.001065,99722.57,30.39,-0.018249
417.865548,0.020583,-0.067032,-0.028728,-9.820188,-9.820459,0.003195,-0.007455,0.003195,99722.57,30.39,0.003541
417.88738,0.021833,-0.07182,-0.026334,-9.824976,-9.825274,0.003195,-0.005325,0.00639,99722.57,30.39,-0.001274
417.90747,0.02009,-0.062244,-0.040698,-9.820188,-9.82047,0.00426,-0.00426,0.003195,99722.57,30.39,0.00353
417.927594,0.020123,-0.033516,0.04788,-9.841734,-9.841908,0.001065,-0.00639,0.00426,99722.57,30.39,-0.017908
417.947718,0.020124,-0.055062,-0.007182,-9.824976,-9.825133,0.003195,-0.005325,0.00213,99722.65,30.39,-0.001133
417.967811,0.020094,-0.05985,-0.019152,-9.8154,-9.815601,0.001065,-0.00426,0.005325,99722.65,30.39,0.008399
417.987995,0.020184,-0.074214,0.064638,-9.882432,-9.882922,-0.001065,-0.007455,0.003195,99722.65,30.39,-0.058922
418.008094,0.020099,-0.05985,-0.009576,-9.853704,-9.85389,0.005325,-0.00426,0.00213,99722.65,30.39,-0.02989
418.028216,0.020122,-0.067032,-0.014364,-9.848916,-9.849155,0.00213,-0.00852,0.003195,99722.65,30.39,-0.025155
418.04833,0.020114,-0.088578,0.002394,-9.872856,-9.873254,-0.00213,-0.00639,0.00213,99722.65,30.39,-0.049254
418.068455,0.020125,-0.026334,-0.040698,-9.79146,-9.79158,0,-0.00639,0.00213,99722.58,30.39,0.03242
418.088682,0.020227,-0.03591,-0.067032,-9.868068,-9.868361,0.00213,-0.00852,0,99722.58,30.39,-0.044361
418.10879,0.020108,-0.07182,-0.08379,-9.822582,-9.823202,0.003195,-0.007455,0.003195,99722.58,30.39,0.000798
418.128886,0.020096,-0.028728,-0.016758,-9.80343,-9.803486,0.003195,-0.00426,0.003195,99722.58,30.39,0.020514
418.148994,0.020108,-0.04788,-0.007182,-9.798642,-9.798762,0.00213,-0.00639,0.00426,99722.58,30.39,0.025238
418.169108,0.020114,-0.052668,-0.02394,-9.853704,-9.853874,0.00213,-0.00426,0.003195,99722.54,30.39,-0.029874
418.18929,0.020183,-0.08379,0.02394,-9.80343,-9.803817,0.001065,-0.005325,0.003195,99722.54,30.39,0.020183
418.209398,0.020107,-0.026334,0.04788,-9.824976,-9.825128,0.00213,-0.00639,0.003195,99722.54,30.39,-0.001128
418.229507,0.02011,-0.10773,-0.100548,-9.844128,-9.845231,0.003195,-0.005325,0.005325,99722.54,30.39,-0.021231
418.249606,0.020098,-0.014364,0.067032,-9.820188,-9.820427,0.001065,-0.00426,0.00213,99722.54,30.39,0.003573
418.269692,0.020086,-0.05985,0.100548,-9.882432,-9.883125,-0.00426,-0.01278,0.003195,99722.54,30.39,-0.059125
418.29006,0.020368,-0.081396,-0.028728,-9.769914,-9.770295,0.00213,-0.005325,0.00426,99722.7,30.39,0.053705
418.312372,0.022312,-0.141246,0.03591,-9.832158,-9.833238,0.001065,-0.00852,0.00426,99722.7,30.39,-0.009238
418.332463,0.020091,-0.122094,0.086184,-9.848916,-9.85005,-0.001065,-0.00639,0.00426,99722.7,30.39,-0.02605
418.352543,0.02008,-0.028728,-0.052668,-9.798642,-9.798826,0.00426,-0.003195,0.001065,99722.7,30.39,0.025174
418.37263,0.020087,-0.110124,0.019152,-9.889614,-9.890246,0.001065,-0.005325,0.003195,99722.7,30.39,-0.066246
418.392734,0.020105,-0.124488,-0.016758,-9.801036,-9.801841,0.00426,-0.001065,0.001065,99722.7,30.39,0.022159
418.413052,0.020318,-0.045486,0.009576,-9.82737,-9.82748,0.00213,-0.00426,0.00213,99722.65,30.39,-0.00348
418.43315,0.020098,-0.05985,-0.026334,-9.793854,-9.794072,0.00213,-0.003195,0.003195,99722.65,30.39,0.029928
418.453318,0.020168,-0.074214,0.019152,-9.796248,-9.796548,0.00426,-0.007455,0.001065,99722.65,30.39,0.027452
418.473399,0.020081,-0.055062,-0.002394,-9.858492,-9.858646,0.003195,-0.005325,0,99722.65,30.39,-0.034646
418.493529,0.02013,-0.045486,0.016758,-9.786672,-9.786792,0,-0.00852,0.003195,99722.65,30.39,0.037208
418.513844,0.020315,-0.110124,0.10773,-9.844128,-9.845333,0.00213,-0.009585,0.00426,99722.73,30.39,-0.021333
418.533924,0.02008,-0.110124,0.004788,-9.844128,-9.844745,0.001065,-0.00639,0.003195,99722.73,30.39,-0.020745
418.554019,0.020095,-0.040698,-0.040698,-9.77949,-9.779659,0.00213,-0.00426,0.003195,99722.73,30.39,0.044341
418.574115,0.020095,-0.117306,0.045486,-9.930312,-9.931109,0.00426,-0.00426,0.003195,99722.73,30.39,-0.107109
418.59422,0.020105,-0.074214,-0.01197,-9.796248,-9.796536,0,-0.00639,0.00213,99722.73,30.39,0.027464
418.614665,0.020445,-0.033516,-0.076608,-9.85131,-9.851665,0.005325,-0.001065,0.00426,99722.73,30.39,-0.027665
418.636739,0.022074,-0.079002,0.031122,-9.865674,-9.866039,0.00213,-0.005325,0.00213,99722.76,30.39,-0.042039
418.656825,0.020086,-0.055062,-0.007182,-9.805824,-9.805981,0.00426,-0.00213,0.005325,99722.76,30.39,0.018019
418.676925,0.0201,-0.04788,-0.004788,-9.846522,-9.84664,0,-0.00639,0.001065,99722.76,30.39,-0.02264
418.697063,0.020138,-0.10773,-0.004788,-9.856098,-9.856688,0.001065,-0.003195,0.003195,99722.76,30.39,-0.032688
418.717153,0.02009,-0.07182,-0.014364,-9.836946,-9.837219,0.003195,-0.00426,0.003195,99722.76,30.39,-0.013219
418.737451,0.020298,-0.067032,0.007182,-9.86328,-9.86351,0.001065,-0.00426,0.001065,99722.76,30.39,-0.03951
418.757528,0.020078,-0.074214,-0.050274,-9.760338,-9.76075,0.00213,-0.00426,0.003195,99722.76,30.39,0.06325
418.777623,0.020095,-0.07182,-0.038304,-9.798642,-9.79898,0.001065,-0.007455,0.003195,99722.76,30.39,0.02502
418.797715,0.020092,-0.050274,-0.002394,-9.832158,-9.832287,0.00213,-0.007455,0.001065,99722.76,30.39,-0.008287
418.817806,0.020091,-0.126882,-0.01197,-9.915948,-9.916767,0,-0.00639,0.003195,99722.76,30.39,-0.092767
418.838116,0.02031,-0.031122,-0.07182,-9.789066,-9.789379,0.005325,-0.00639,0.00426,99722.76,30.39,0.034621
418.858202,0.020086,-0.074214,-0.033516,-9.889614,-9.889949,0,-0.009585,0.003195,99722.71,30.39,-0.065949
418.878301,0.020099,-0.088578,-0.016758,-9.824976,-9.82539,0.003195,-0.00426,0.00213,99722.71,30.39,-0.00139
418.898401,0.0201,-0.043092,0.01197,-9.836946,-9.837048,0.00426,-0.005325,0.00426,99722.71,30.39,-0.013048
418.918499,0.020098,-0.10773,0.031122,-9.889614,-9.89025,0,-0.007455,0.00639,99722.71,30.39,-0.06625
418.938714,0.020215,-0.045486,-0.064638,-9.829764,-9.830082,0.00426,-0.003195,0.003195,99722.71,30.39,-0.006082
418.95881,0.020096,-0.014364,-0.004788,-9.865674,-9.865686,-0.001065,-0.009585,0.001065,99722.71,30.39,-0.041686
418.978898,0.020088,-0.069426,0.02394,-9.860886,-9.861159,0.00213,-0.00426,0.00213,99722.87,30.39,-0.037159
418.999019,0.02012,-0.057456,-0.04788,-9.798642,-9.798927,0.005325,-0.00426,0.003195,99722.87,30.39,0.025073
419.019119,0.0201,-0.045486,-0.045486,-9.824976,-9.825187,0.00213,-0.001065,0.00213,99722.87,30.39,-0.001187
419.039408,0.020289,-0.146034,0.028728,-9.846522,-9.847647,0.00213,-0.00852,0.00426,99722.87,30.39,-0.023647
419.05949,0.020082,-0.09576,-0.055062,-9.85131,-9.851929,0.001065,-0.007455,0.001065,99722.87,30.39,-0.027929
419.079609,0.020119,-0.08379,-0.038304,-9.860886,-9.861316,0.00426,-0.00426,0.00426,99722.87,30.39,-0.037316
419.099882,0.020274,-0.074214,0.03591,-9.829764,-9.83011,-0.001065,-0.00639,0.003195,99723.15,30.39,-0.00611
419.11999,0.020108,-0.004788,-0.069426,-9.750762,-9.75101,0.003195,-0.00426,0.00426,99723.15,30.39,0.07299
419.140556,0.020565,0,0.057456,-9.75555,-9.755719,0.001065,-0.00639,0.00426,99723.15,30.39,0.068281
419.160703,0.020148,-0.09576,0.04788,-9.829764,-9.830347,0.00639,-0.001065,0.003195,99723.15,30.39,-0.006347
419.180794,0.02009,-0.052668,0.067032,-9.841734,-9.842103,0.00213,-0.007455,0.00426,99723.15,30.39,-0.018103
419.20093,0.020136,-0.043092,0.002394,-9.817794,-9.817889,-0.00213,-0.009585,0.00213,99723.15,30.39,0.006111
419.221066,0.020136,-0.040698,-0.021546,-9.810612,-9.81072,0.00639,-0.003195,0.00426,99723.15,30.39,0.01328
419.241502,0.020436,-0.074214,0.033516,-9.858492,-9.858828,0.001065,-0.005325,0.001065,99723.15,30.39,-0.034828
419.261742,0.02024,-0.086184,-0.04788,-9.796248,-9.796744,0.001065,-0.005325,0.005325,99723.15,30.39,0.027256
419.281828,0.020086,-0.069426,-0.028728,-9.858492,-9.858778,0.00426,-0.003195,0.00213,99723.15,30.39,-0.034778
419.301937,0.020109,-0.150822,0.021546,-9.868068,-9.869244,0.003195,-0.00852,0.003195,99723.15,30.39,-0.045244
419.322038,0.020101,-0.158004,-0.004788,-9.846522,-9.847791,0,-0.01065,0.005325,99723.08,30.39,-0.023791
419.342206,0.020168,-0.093366,0.045486,-9.848916,-9.849464,0.001065,-0.003195,0.005325,99723.08,30.39,-0.025464
419.362303,0.020097,-0.067032,0.026334,-9.80343,-9.803695,0.001065,-0.007455,0.00213,99723.08,30.39,0.020305
419.382406,0.020103,-0.09576,-0.009576,-9.820188,-9.82066,0.00213,-0.005325,0.00213,99723.08,30.39,0.00334
419.402631,0.020225,-0.02394,-0.067032,-9.817794,-9.818052,0,-0.00852,0.005325,99723.08,30.39,0.005948
419.423206,0.020575,-0.021546,-0.055062,-9.786672,-9.786851,0,-0.01065,0.00213,99723.08,30.39,0.037149
419.443323,0.020117,-0.033516,-0.004788,-9.822582,-9.82264,0.001065,-0.00213,0.00213,99723.12,30.39,0.00136
419.464476,0.021153,-0.033516,0.031122,-9.882432,-9.882538,0.00213,-0.007455,0.001065,99723.12,30.39,-0.058538
419.48457,0.020094,-0.043092,-0.02394,-9.824976,-9.8251,0.00213,-0.00213,0.001065,99723.12,30.39,-0.0011
419.504675,0.020105,-0.079002,0.045486,-9.877644,-9.878065,0.00426,-0.00426,0.00213,99723.12,30.39,-0.054065
419.524794,0.020119,-0.08379,0.019152,-9.856098,-9.856473,0.00213,-0.003195,0.00213,99723.12,30.39,-0.032473
419.544896,0.020102,-0.067032,-0.033516,-9.793854,-9.794141,0,-0.00639,0.003195,99723.05,30.39,0.029859
419.565157,0.020261,-0.08379,0,-9.87525,-9.875605,0.001065,-0.003195,0.003195,99723.05,30.39,-0.051605
419.587416,0.022259,-0.050274,-0.021546,-9.80343,-9.803583,0,-0.00639,0.003195,99723.05,30.39,0.020417
419.60752,0.020104,-0.064638,0.031122,-9.856098,-9.856359,0.00213,-0.007455,0.00213,99723.05,30.39,-0.032359
419.627728,0.020208,-0.086184,0.067032,-9.860886,-9.86149,-0.001065,-0.00426,0.007455,99723.05,30.39,-0.03749
419.647823,0.020096,-0.045486,-0.021546,-9.774702,-9.774832,0.003195,-0.005325,0.00213,99723.05,30.39,0.049168
419.667925,0.020102,-0.076608,0.014364,-9.856098,-9.856406,0.003195,-0.00639,0.003195,99723.16,30.39,-0.032406
419.688103,0.020178,-0.079002,-0.05985,-9.846522,-9.847021,0.003195,-0.005325,0,99723.16,30.39,-0.023021
419.710962,0.022859,-0.045486,-0.04788,-9.813006,-9.813228,0.005325,-0.003195,0.003195,99723.16,30.39,0.010772
419.732813,0.021851,-0.055062,-0.02394,-9.841734,-9.841917,0.003195,-0.005325,0.003195,99723.16,30.39,-0.017917
419.75289,0.020077,-0.069426,0.031122,-9.834552,-9.834846,0.003195,-0.003195,0.003195,99723.16,30.39,-0.010846
419.772976,0.020086,-0.069426,0.031122,-9.870462,-9.870755,0.00213,-0.005325,0.00639,99723.25,30.39,-0.046755
419.793089,0.020113,-0.04788,0.026334,-9.83934,-9.839492,0.001065,-0.00639,0.00426,99723.25,30.39,-0.015492
419.81318,0.020091,-0.04788,0.009576,-9.820188,-9.820309,0.001065,-0.003195,0,99723.25,30.39,0.003691
419.833622,0.020442,-0.052668,0.04788,-9.848916,-9.849173,0,-0.00852,0.003195,99723.25,30.39,-0.025173
419.853715,0.020093,-0.033516,0.002394,-9.822582,-9.822639,0.00426,-0.00426,0.001065,99723.25,30.39,0.001361
419.873985,0.02027,-0.069426,-0.01197,-9.822582,-9.822835,0.001065,-0.007455,0,99723.25,30.39,0.001165
419.89409,0.020105,-0.076608,0.009576,-9.846522,-9.846825,0.00426,-0.005325,0.00213,99723.34,30.39,-0.022825
419.914202,0.020112,-0.1197,-0.08379,-9.817794,-9.818881,0.001065,-0.00426,-0.00213,99723.34,30.39,0.005119
419.934703,0.020501,-0.100548,-0.014364,-9.86328,-9.863803,-0.001065,-0.005325,0.00426,99723.34,30.39,-0.039803
419.956535,0.021833,-0.110124,-0.038304,-9.808218,-9.808911,-0.001065,-0.00426,0.00426,99723.34,30.39,0.015089
419.97665,0.020115,-0.040698,-0.040698,-9.83934,-9.839508,0.003195,-0.007455,0.005325,99723.34,30.39,-0.015508
419.996734,0.020084,-0.021546,-0.002394,-9.83934,-9.839364,0.00213,-0.00639,0.005325,99723.41,30.39,-0.015364
420.016846,0.020112,0.014364,0.01197,-9.793854,-9.793872,0.00213,-0.00213,0.003195,99723.41,30.39,0.030128
420.036941,0.020095,-0.03591,0.007182,-9.789066,-9.789135,0.00213,-0.005325,0.003195,99723.41,30.39,0.034865
420.057181,0.02024,-0.040698,0.009576,-9.762732,-9.762822,0.001065,-0.00426,0.00213,99723.41,30.39,0.061178
420.077326,0.020145,-0.062244,0.043092,-9.824976,-9.825268,0.003195,-0.005325,0.003195,99723.41,30.39,-0.001268
420.097412,0.020087,-0.067032,0.050274,-9.865674,-9.86603,0.003195,-0.003195,0.00426,99723.41,30.39,-0.04203
420.117605,0.020193,-0.086184,0.019152,-9.808218,-9.808615,0.001065,-0.00426,0,99723.37,30.39,0.015385
420.137701,0.020095,-0.088578,-0.009576,-9.858492,-9.858895,0.00213,-0.003195,0.001065,99723.37,30.39,-0.034895
420.157997,0.020296,-0.114912,-0.026334,-9.877644,-9.878347,0,-0.00639,0.001065,99723.37,30.39,-0.054347
420.178084,0.020087,-0.090972,-0.043092,-9.836946,-9.837461,0.00213,-0.003195,0.001065,99723.37,30.39,-0.013461
420.198199,0.020115,-0.093366,-0.038304,-9.844128,-9.844645,0.00426,-0.007455,0.005325,99723.37,30.39,-0.020645
420.218438,0.020239,-0.07182,-0.002394,-9.829764,-9.830027,0.001065,-0.007455,0.003195,99723.37,30.39,-0.006027
420.238626,0.020188,-0.050274,-0.038304,-9.796248,-9.796452,0,-0.007455,0.00213,99723.44,30.39,0.027548
420.259058,0.020432,-0.057456,-0.007182,-9.834552,-9.834722,0.003195,-0.007455,0.00426,99723.44,30.39,-0.010722
420.280878,0.021819,-0.028728,-0.026334,-9.798642,-9.798719,0.003195,-0.005325,0.00213,99723.44,30.39,0.025281
420.301005,0.020128,-0.026334,-0.009576,-9.868068,-9.868108,0,-0.003195,0.003195,99723.44,30.39,-0.044108
420.321108,0.020102,-0.05985,0.009576,-9.832158,-9.832345,0,-0.009585,0.00213,99723.44,30.39,-0.008345
420.34119,0.020082,-0.019152,-0.028728,-9.789066,-9.789127,0.003195,-0.005325,0,99723.45,30.39,0.034873
420.361292,0.020102,-0.064638,0.028728,-9.841734,-9.841988,0.00213,-0.00426,0.001065,99723.45,30.39,-0.017988
420.381643,0.020351,-0.04788,0.031122,-9.832158,-9.832324,0.001065,-0.007455,0.003195,99723.45,30.39,-0.008324
420.40174,0.020097,-0.079002,0.021546,-9.844128,-9.844469,0.00426,-0.005325,0.00213,99723.45,30.39,-0.020469
420.42183,0.02009,-0.079002,0,-9.832158,-9.832475,0.001065,-0.007455,0.00213,99723.45,30.39,-0.008475
420.441913,0.020082,-0.079002,-0.019152,-9.846522,-9.846858,0.00213,-0.00426,0.003195,99723.45,30.39,-0.022858
420.462043,0.02013,-0.067032,-0.062244,-9.824976,-9.825402,0.005325,-0.005325,0.003195,99723.52,30.39,-0.001402
420.482285,0.020242,-0.069426,-0.019152,-9.860886,-9.861149,0.001065,-0.00852,0.00213,99723.52,30.39,-0.037149
420.502373,0.020089,-0.08379,-0.069426,-9.810612,-9.811215,0.00426,-0.003195,0.00213,99723.52,30.39,0.012785
420.522472,0.020098,-0.050274,-0.04788,-9.820188,-9.820433,0.001065,-0.005325,0.00213,99723.52,30.39,0.003567
420.542565,0.020093,-0.052668,-0.016758,-9.896796,-9.89695,0.001065,-0.005325,0.003195,99723.52,30.39,-0.07295
420.562657,0.020092,-0.05985,-0.052668,-9.817794,-9.818118,0.003195,-0.003195,0.00639,99723.52,30.39,0.005882
420.583025,0.020368,-0.040698,0.033516,-9.85131,-9.851451,0.003195,-0.005325,0.003195,99723.55,30.39,-0.027451
420.603122,0.020097,-0.052668,0.019152,-9.824976,-9.825136,0.001065,-0.00639,0.005325,99723.55,30.39,-0.001136
420.623222,0.0201,-0.040698,0.040698,-9.813006,-9.813175,0.003195,-0.00213,0.00213,99723.55,30.39,0.010825
420.643346,0.020124,-0.088578,0.08379,-9.870462,-9.871215,0,-0.007455,0.001065,99723.55,30.39,-0.047215
420.663454,0.020108,-0.08379,0.038304,-9.817794,-9.818226,0.00213,-0.003195,0.001065,99723.55,30.39,0.005774
420.684098,0.020644,-0.081396,-0.014364,-9.813006,-9.813354,0.003195,-0.005325,0.001065,99723.62,30.39,0.010646
420.705918,0.021819,-0.13167,0.019152,-9.810612,-9.811514,0.001065,-0.007455,0.003195,99723.62,30.39,0.012486
420.726014,0.020096,-0.098154,-0.04788,-9.801036,-9.801644,0.001065,-0.003195,0,99723.62,30.39,0.022356
420.74611,0.020096,-0.086184,-0.040698,-9.848916,-9.849377,0.001065,-0.005325,0.00213,99723.62,30.39,-0.025377
420.766204,0.020094,-0.090972,-0.038304,-9.801036,-9.801533,0.001065,-0.007455,0.00213,99723.62,30.39,0.022467
420.786439,0.020235,-0.055062,-0.016758,-9.805824,-9.805993,0.00426,-0.005325,0.005325,99723.62,30.39,0.018007
420.806598,0.020159,-0.057456,0.007182,-9.865674,-9.865844,0.001065,-0.005325,0.003195,99723.55,30.39,-0.041844
420.826729,0.02013,-0.04788,-0.050274,-9.817794,-9.818039,0.00213,-0.003195,0.005325,99723.55,30.39,0.005961
420.846811,0.020082,0.009576,0.016758,-9.817794,-9.817813,0.001065,-0.00426,0.001065,99723.55,30.39,0.006187
420.866908,0.020097,-0.021546,0.081396,-9.834552,-9.834912,0.00213,-0.005325,0.00426,99723.55,30.39,-0.010912
420.887033,0.020126,-0.086184,-0.031122,-9.817794,-9.818222,0,-0.00639,0.003195,99723.55,30.39,0.005778
420.907318,0.020285,-0.055062,0.038304,-9.87525,-9.875478,0,-0.007455,0,99723.55,30.39,-0.051478
420.927483,0.020165,-0.052668,0.007182,-9.8154,-9.815544,0.001065,-0.00852,0.00426,99723.55,30.39,0.008456
420.947598,0.020115,-0.10773,-0.055062,-9.80343,-9.804177,0.001065,-0.00213,-0.001065,99723.55,30.39,0.019823
420.967728,0.02013,-0.110124,0.016758,-9.841734,-9.842364,0.001065,-0.007455,0.001065,99723.55,30.39,-0.018364
420.987822,0.020093,-0.093366,-0.002394,-9.860886,-9.861328,0.001065,-0.00639,0.001065,99723.55,30.39,-0.037328
421.008476,0.020655,-0.093366,-0.038304,-9.836946,-9.837464,0.003195,-0.003195,0.00213,99723.55,30.39,-0.013464
421.03025,0.021774,-0.081396,-0.019152,-9.824976,-9.825332,0,-0.00426,0.00426,99723.66,30.39,-0.001332
421.05034,0.02009,-0.052668,-0.014364,-9.858492,-9.858643,0.001065,-0.003195,0.003195,99723.66,30.39,-0.034643
421.070442,0.020101,-0.031122,-0.021546,-9.829764,-9.829837,-0.001065,-0.007455,0.001065,99723.66,30.39,-0.005837
421.090536,0.020095,-0.079002,-0.028728,-9.868068,-9.868426,0.001065,-0.00639,0.007455,99723.66,30.39,-0.044426
421.110647,0.020111,-0.045486,-0.021546,-9.798642,-9.798771,0.00213,-0.005325,0.003195,99723.66,30.39,0.025229
421.131011,0.020364,-0.04788,0.055062,-9.846522,-9.846792,0.001065,-0.007455,0.00213,99723.66,30.39,-0.022792
421.151104,0.020094,-0.045486,0,-9.822582,-9.822687,0.001065,-0.00426,0.003195,99723.71,30.39,0.001313
421.171202,0.020098,-0.076608,0,-9.80343,-9.803729,0.00426,-0.005325,0.001065,99723.71,30.39,0.020271
421.191291,0.020089,-0.090972,0.038304,-9.860886,-9.86138,0,-0.00639,0.003195,99723.71,30.39,-0.03738
421.211405,0.020114,-0.09576,0.004788,-9.824976,-9.825444,0.001065,-0.005325,0.00213,99723.71,30.39,-0.001444
421.231558,0.020154,-0.074214,0.028728,-9.880038,-9.880358,0,-0.00639,0,99723.71,30.39,-0.056358
421.251651,0.020093,-0.014364,-0.01197,-9.82737,-9.827388,0.003195,-0.007455,0.003195,99723.79,30.39,-0.003388
421.27179,0.02014,-0.090972,-0.04788,-9.80343,-9.803969,0.001065,-0.00639,0,99723.79,30.39,0.020031
421.291909,0.020119,-0.074214,-0.009576,-9.858492,-9.858776,0,-0.005325,0.00213,99723.79,30.39,-0.034776
421.312014,0.020105,-0.081396,-0.033516,-9.801036,-9.801431,0.001065,-0.00639,0.00426,99723.79,30.39,0.022569
421.33219,0.020176,-0.05985,-0.050274,-9.769914,-9.770227,0.003195,-0.00426,0.003195,99723.79,30.39,0.053773
421.352274,0.020084,-0.040698,0.033516,-9.820188,-9.82033,-0.001065,-0.011715,0.005325,99723.79,30.39,0.00367
421.372358,0.020083,-0.07182,-0.014364,-9.841734,-9.842007,0,-0.007455,0.003195,99723.79,30.39,-0.018007
421.392499,0.020141,-0.028728,-0.076608,-9.817794,-9.818135,0.00213,-0.00213,0.00213,99723.79,30.39,0.005865
421.412598,0.020099,-0.16758,0.031122,-10.009314,-10.010765,0.003195,-0.007455,0.005325,99723.79,30.39,-0.186765
421.43287,0.020272,0.019152,0.160398,-9.714852,-9.716195,-0.001065,-0.005325,0.003195,99723.79,30.39,0.107805
421.452971,0.020101,-0.019152,0.141246,-9.86328,-9.86431,0.00213,-0.005325,0.005325,99723.79,30.39,-0.04031
421.473061,0.02009,-0.146034,-0.038304,-9.880038,-9.881191,0,-0.007455,0.00426,99723.79,30.39,-0.057191
421.493169,0.020108,-0.007182,0.040698,-9.841734,-9.841821,0.003195,-0.00426,0.00213,99723.71,30.39,-0.017821
421.513444,0.020275,0.04788,0.009576,-9.805824,-9.805946,0.00213,-0.005325,0.00426,99723.71,30.39,0.018054
421.533597,0.020153,-0.1197,-0.045486,-9.75555,-9.75639,0.003195,-0.00213,0.001065,99723.71,30.39,0.06761
421.553695,0.020098,-0.093366,-0.014364,-9.877644,-9.878096,0.00426,-0.005325,0,99723.71,30.39,-0.054096
421.573797,0.020101,-0.033516,-0.014364,-9.860886,-9.860953,0.003195,-0.005325,0.001065,99723.71,30.39,-0.036953
421.593895,0.020098,-0.062244,-0.019152,-9.79146,-9.791677,0.00213,-0.007455,0.003195,99723.71,30.39,0.032323
421.613985,0.02009,-0.057456,-0.03591,-9.834552,-9.834785,0.003195,-0.003195,0.003195,99723.58,30.39,-0.010785
421.634242,0.020256,-0.069426,0.009576,-9.844128,-9.844377,0.003195,-0.005325,0.003195,99723.58,30.39,-0.020377
421.654337,0.020095,-0.076608,-0.016758,-9.810612,-9.810925,0.001065,-0.003195,0.003195,99723.58,30.39,0.013075
421.674427,0.020091,-0.088578,0,-9.896796,-9.897192,0.00213,-0.009585,0.003195,99723.58,30.39,-0.073192
421.694514,0.020086,-0.03591,0.014364,-9.83934,-9.839416,0.001065,-0.00639,0.00426,99723.58,30.39,-0.015416
421.714762,0.020249,-0.074214,0.021546,-9.832158,-9.832462,0.001065,-0.00639,0.003195,99723.6,30.39,-0.008462
421.734893,0.02013,-0.028728,-0.01197,-9.813006,-9.813055,0.00213,-0.005325,0.00639,99723.6,30.39,0.010945
421.754981,0.020088,-0.079002,-0.050274,-9.79146,-9.791908,0.001065,-0.00639,0.003195,99723.6,30.39,0.032092
421.775069,0.020089,-0.057456,-0.026334,-9.789066,-9.78927,0.003195,-0.007455,0.003195,99723.6,30.39,0.03473
421.795147,0.020078,-0.07182,0.01197,-9.801036,-9.801306,0.001065,-0.005325,0.00213,99723.6,30.39,0.022694
421.815468,0.020321,-0.074214,-0.02394,-9.846522,-9.846831,0.003195,-0.005325,0.00213,99723.6,30.39,-0.022831
421.835559,0.020091,-0.040698,-0.031122,-9.846522,-9.846655,0.003195,-0.00426,0.00426,99723.5,30.39,-0.022655
421.85568,0.020122,-0.05985,0.01197,-9.810612,-9.810802,-0.00213,-0.00639,0.00426,99723.5,30.39,0.013198
421.875769,0.020088,-0.090972,0.01197,-9.80343,-9.803859,0.00213,-0.007455,0.00426,99723.5,30.39,0.020141
421.895922,0.020153,-0.086184,0.016758,-9.817794,-9.818187,0.00213,-0.005325,0.00426,99723.5,30.39,0.005813
421.916012,0.02009,-0.069426,0.02394,-9.829764,-9.830038,0.001065,-0.00852,0,99723.5,30.39,-0.006038
421.936432,0.02042,-0.057456,-0.040698,-9.738792,-9.739047,0.00213,-0.00639,0.005325,99723.5,30.39,0.084953
421.958622,0.02219,-0.067032,0.038304,-9.757944,-9.758249,0.00213,-0.005325,0.003195,99723.29,30.39,0.065751
421.978711,0.020089,-0.064638,-0.057456,-9.664578,-9.664965,0.001065,-0.003195,0.003195,99723.29,30.39,0.159035
421.998819,0.020108,-0.045486,-0.02394,-9.698094,-9.69823,0,-0.003195,0.001065,99723.29,30.39,0.12577
422.018906,0.020087,-0.057456,0.01197,-9.6957,-9.695878,0.001065,-0.007455,0.00426,99723.29,30.39,0.128122
422.039019,0.020113,-0.045486,0.014364,-9.67176,-9.671878,0.003195,-0.007455,0.00213,99723.29,30.39,0.152122
422.059364,0.020345,-0.045486,0.01197,-9.688518,-9.688632,0.003195,-0.00426,0.00213,99723.45,30.39,0.135368
422.079445,0.020081,-0.076608,-0.002394,-9.664578,-9.664882,0.00213,-0.00852,0,99723.45,30.39,0.159118
422.099558,0.020113,-0.045486,-0.040698,-9.619092,-9.619286,0.00213,-0.00639,0.005325,99723.45,30.39,0.204714
422.119656,0.020098,-0.08379,0.040698,-9.666972,-9.667421,0.001065,-0.00213,0.001065,99723.45,30.39,0.156579
422.139746,0.02009,-0.076608,0.009576,-9.643032,-9.643341,0.00213,-0.00852,0.005325,99723.45,30.39,0.180659
422.159891,0.020145,-0.079002,-0.040698,-9.638244,-9.638654,0.00426,-0.00426,0.00426,99723.45,30.39,0.185346
422.179992,0.0201,-0.09576,0.026334,-9.638244,-9.638756,-0.001065,-0.00426,0.001065,99723.62,30.39,0.185244
422.200124,0.020133,-0.110124,-0.004788,-9.619092,-9.619724,0,-0.00852,0.003195,99723.62,30.39,0.204276
422.220223,0.020099,-0.067032,-0.045486,-9.597546,-9.597888,0.001065,-0.00213,0.001065,99723.62,30.39,0.226112
422.240349,0.020126,-0.057456,0.038304,-9.64782,-9.648067,0.001065,-0.00426,0.00213,99723.62,30.39,0.175933
422.26055,0.020201,-0.057456,-0.004788,-9.590364,-9.590537,0,-0.005325,0.00213,99723.62,30.39,0.233463
422.283988,0.023438,-0.052668,0.021546,-9.616698,-9.616866,0.00426,-0.00426,0.003195,99723.75,30.39,0.207134
422.305446,0.021458,-0.062244,-0.007182,-9.561636,-9.561841,-0.001065,-0.00426,0.003195,99723.75,30.39,0.262159
422.325529,0.020083,-0.064638,0.04788,-9.576,-9.576338,0.00213,-0.005325,0.00426,99723.75,30.39,0.247662
422.345612,0.020083,-0.062244,0.016758,-9.580788,-9.581005,0.003195,-0.00852,0.00213,99723.75,30.39,0.242995
422.365832,0.020219,-0.050274,-0.004788,-9.549666,-9.5498,0.003195,-0.003195,0.00213,99723.75,30.39,0.2742
422.385932,0.0201,-0.057456,-0.014364,-9.54009,-9.540274,0.001065,-0.005325,0.001065,99723.75,30.39,0.283726
422.406584,0.020652,-0.081396,-0.043092,-9.513756,-9.514202,0,-0.005325,0.003195,99723.55,30.39,0.309798
422.42832,0.021736,-0.04788,-0.028728,-9.499392,-9.499556,0.001065,-0.00426,0.00426,99723.55,30.39,0.324444
422.448417,0.020097,-0.090972,-0.028728,-9.50418,-9.504659,0.00426,-0.00639,0.00426,99723.55,30.39,0.319341
422.468521,0.020103,-0.090972,-0.033516,-9.43236,-9.432858,0.001065,-0.003195,0.003195,99723.55,30.39,0.391142
422.488611,0.02009,-0.081396,0.014364,-9.465876,-9.466237,0.003195,-0.00426,0.00213,99723.55,30.39,0.357763
422.508716,0.020105,-0.064638,0.01197,-9.475452,-9.47568,0.00213,-0.003195,0.00213,99723.55,30.39,0.34832
422.528955,0.020239,-0.02394,-0.026334,-9.417996,-9.418063,0.00213,-0.00426,0.001065,99723.7,30.39,0.405937
422.549064,0.020109,-0.07182,0.014364,-9.42039,-9.420675,0.001065,-0.007455,0.00426,99723.7,30.39,0.403325
422.569154,0.02009,-0.05985,0.01197,-9.382086,-9.382285,0,-0.007455,0.00213,99723.7,30.39,0.441715
422.589274,0.02012,-0.081396,0,-9.425178,-9.425529,0.00213,-0.003195,0.00213,99723.7,30.39,0.398471
422.609436,0.020162,-0.079002,0.002394,-9.429966,-9.430297,0.00213,-0.005325,0.003195,99723.7,30.39,0.393703
422.629735,0.020299,-0.052668,-0.028728,-9.379692,-9.379884,0.00213,-0.007455,0.00213,99723.68,30.39,0.444116
422.64982,0.020085,-0.043092,0.021546,-9.39645,-9.396574,0.003195,-0.007455,0.001065,99723.68,30.39,0.427426
422.669904,0.020084,-0.074214,-0.021546,-9.403632,-9.40395,0,-0.00426,0.001065,99723.68,30.39,0.42005
422.690198,0.020294,-0.050274,-0.033516,-9.334206,-9.334402,0.00213,-0.007455,0.00426,99723.68,30.39,0.489598
422.710291,0.020093,-0.07182,0.03591,-9.379692,-9.380036,0.001065,-0.003195,0.00426,99723.68,30.39,0.443964
422.730888,0.020598,-0.076608,0.009576,-9.379692,-9.38001,0.00213,-0.001065,0.001065,99723.68,30.39,0.44399
422.752682,0.021794,-0.028728,0.01197,-9.353358,-9.35341,0.00213,-0.005325,0.00426,99723.57,30.39,0.47059
422.772828,0.020146,-0.076608,-0.007182,-9.343782,-9.344099,0.001065,-0.005325,0.003195,99723.57,30.39,0.479901
422.792931,0.020102,-0.081396,-0.045486,-9.286326,-9.286794,0,-0.007455,0.00426,99723.57,30.39,0.537206
422.813045,0.020114,-0.04788,0.021546,-9.334206,-9.334354,0.003195,-0.005325,0.00213,99723.57,30.39,0.489646
422.833132,0.020087,-0.050274,0,-9.331812,-9.331947,0.00213,-0.007455,0.00426,99723.57,30.39,0.492053
422.853376,0.020244,-0.033516,-0.028728,-9.298296,-9.298401,0.00426,-0.00426,0.00213,99723.7,30.39,0.525599
422.873479,0.020103,-0.043092,0.038304,-9.327024,-9.327202,0.00213,-0.00639,0.005325,99723.7,30.39,0.496798
422.893563,0.020084,-0.09576,-0.019152,-9.298296,-9.298809,0.001065,-0.007455,0.00426,99723.7,30.39,0.525191
422.913653,0.02009,-0.081396,-0.02394,-9.31266,-9.313046,0.001065,-0.003195,0.00426,99723.7,30.39,0.510954
422.93374,0.020087,-0.088578,0.026334,-9.346176,-9.346633,0,-0.00426,0.003195,99723.7,30.39,0.477367
422.954157,0.020417,-0.090972,-0.014364,-9.27675,-9.277207,0.00426,-0.00426,0.005325,99723.7,30.39,0.546793
422.976359,0.022202,-0.040698,0.028728,-9.346176,-9.346309,0.00213,-0.005325,0.00213,99723.71,30.39,0.477691
422.996557,0.020198,-0.04788,-0.026334,-9.279144,-9.279305,0.00213,-0.005325,0.00213,99723.71,30.39,0.544695
423.016648,0.020091,-0.031122,0.007182,-9.295902,-9.295957,0.00213,-0.00426,0.003195,99723.71,30.39,0.528043
423.036742,0.020095,-0.04788,0.02394,-9.36054,-9.360693,0.003195,-0.005325,0.005325,99723.71,30.39,0.463307
423.056864,0.020122,-0.07182,-0.009576,-9.327024,-9.327305,0.00213,-0.00426,0.00213,99723.71,30.39,0.496695
423.077376,0.020512,-0.040698,-0.026334,-9.319842,-9.319968,0.00213,-0.00213,0.00426,99723.71,30.39,0.504032
423.099455,0.022079,-0.057456,-0.026334,-9.3366,-9.336814,0.003195,-0.00852,0.00426,99723.79,30.39,0.487186
423.119556,0.0201,-0.026334,-0.01197,-9.355752,-9.355797,0.00213,-0.003195,0.00213,99723.79,30.39,0.468203
423.13968,0.020124,-0.050274,0.03591,-9.37251,-9.372714,-0.001065,-0.00426,0.001065,99723.79,30.39,0.451286
423.159806,0.020126,-0.05985,-0.021546,-9.358146,-9.358362,0.001065,-0.00639,0.00213,99723.79,30.39,0.465638
423.179921,0.020115,-0.050274,-0.014364,-9.317448,-9.317595,0.003195,-0.003195,0.00213,99723.79,30.39,0.506405
423.20008,0.020159,-0.05985,0.031122,-9.37251,-9.372753,0.00213,-0.005325,0.005325,99723.91,30.39,0.451247
423.2202,0.02012,-0.076608,-0.031122,-9.322236,-9.322603,0.00426,-0.003195,0.003195,99723.91,30.39,0.501397
423.240301,0.020101,-0.031122,-0.016758,-9.317448,-9.317515,0.003195,-0.003195,0.003195,99723.91,30.39,0.506485
423.260422,0.020121,-0.086184,0.002394,-9.36054,-9.360937,0,-0.005325,0.00213,99723.91,30.39,0.463063
423.280533,0.020111,-0.045486,-0.009576,-9.291114,-9.29123,0.001065,-0.00426,0.003195,99723.91,30.39,0.53277
423.300719,0.020186,-0.052668,0.01197,-9.334206,-9.334362,-0.001065,-0.00639,0.00213,99723.91,30.39,0.489638
423.320803,0.020084,-0.043092,-0.038304,-9.295902,-9.296081,0.003195,-0.00639,0.003195,99724.04,30.39,0.527919
423.3409,0.020097,-0.04788,-0.052668,-9.310266,-9.310538,0.001065,-0.003195,0.003195,99724.04,30.39,0.513462
423.361023,0.020123,-0.050274,-0.01197,-9.317448,-9.317591,0.00213,-0.007455,0.003195,99724.04,30.39,0.506409
423.381118,0.020095,-0.07182,0.004788,-9.350964,-9.351241,0.00426,-0.00639,0.003195,99724.04,30.39,0.472759
423.401481,0.020363,-0.076608,0.028728,-9.358146,-9.358504,0.001065,-0.00213,0,99724.04,30.39,0.465496
423.421605,0.020124,-0.055062,-0.01197,-9.317448,-9.317618,0.00213,-0.00639,0.003195,99724.26,30.39,0.506382
423.441687,0.020082,-0.052668,-0.02394,-9.317448,-9.317628,0,-0.00639,0.003195,99724.26,30.39,0.506372
423.46178,0.020093,-0.074214,0.014364,-9.350964,-9.35127,0.001065,-0.003195,0.00213,99724.26,30.39,0.47273
423.48189,0.020109,-0.088578,0.009576,-9.338994,-9.339419,0,-0.007455,0.001065,99724.26,30.39,0.484581
423.502227,0.020338,-0.052668,-0.038304,-9.28872,-9.288948,0.005325,-0.005325,0.00213,99724.26,30.39,0.535052
423.522311,0.020084,-0.016758,-0.019152,-9.334206,-9.334241,0.001065,-0.00426,0.001065,99724.26,30.39,0.489759
423.542408,0.020097,-0.079002,-0.031122,-9.341388,-9.341774,0.001065,-0.003195,0.003195,99724.42,30.38,0.482226
423.562492,0.020084,-0.050274,-0.031122,-9.334206,-9.334393,-0.001065,-0.005325,0.00426,99724.42,30.38,0.489607
423.582622,0.02013,-0.040698,0.021546,-9.350964,-9.351077,0.001065,-0.005325,0.00213,99724.42,30.38,0.472923
423.6029,0.020278,-0.04788,0,-9.298296,-9.298419,0.001065,-0.005325,0.003195,99724.42,30.38,0.525581
423.623005,0.020105,-0.057456,0.04788,-9.36054,-9.360839,0.003195,-0.005325,0.00426,99724.42,30.38,0.463161
423.643099,0.020093,-0.050274,0.014364,-9.350964,-9.35111,-0.001065,-0.00639,0.00213,99724.42,30.38,0.47289
423.663222,0.020123,-0.1197,-0.026334,-9.338994,-9.339798,0.00213,-0.007455,0.00426,99724.5,30.38,0.484202
423.683769,0.020548,-0.064638,-0.043092,-9.334206,-9.334529,0.001065,-0.003195,0.00213,99724.5,30.38,0.489471
423.703963,0.020193,-0.05985,0.004788,-9.298296,-9.29849,-0.00213,-0.007455,0.003195,99724.5,30.38,0.52551
423.725828,0.021865,-0.03591,-0.033516,-9.322236,-9.322365,0.001065,-0.00426,0.003195,99724.5,30.38,0.501635
423.74591,0.020082,-0.045486,-0.02394,-9.343782,-9.343923,0.003195,-0.007455,0.005325,99724.5,30.38,0.480077
423.766015,0.020105,-0.069426,-0.007182,-9.346176,-9.346437,0.003195,-0.00639,0.003195,99724.94,30.38,0.477563
423.786108,0.020093,-0.055062,-0.007182,-9.307872,-9.308038,0.003195,-0.00426,0.001065,99724.94,30.38,0.515962
423.80624,0.020132,-0.043092,0.01197,-9.398844,-9.39895,0,-0.00852,0.00213,99724.94,30.38,0.42505
423.826436,0.020196,-0.05985,-0.016758,-9.3366,-9.336807,0.00213,-0.00426,0.00213,99724.94,30.38,0.487193
423.846517,0.02008,-0.050274,0.02394,-9.327024,-9.32719,0.003195,-0.00426,0.001065,99724.94,30.38,0.49681
423.866609,0.020092,-0.062244,0.002394,-9.338994,-9.339202,0.00213,-0.005325,0,99724.94,30.38,0.484798
423.886724,0.020115,-0.067032,-0.038304,-9.32463,-9.32495,0.001065,-0.00426,0.003195,99725.13,30.38,0.49905
423.906854,0.020131,-0.076608,0.045486,-9.382086,-9.382509,0.00213,-0.005325,0.00213,99725.13,30.38,0.441491
423.927108,0.020254,-0.098154,-0.031122,-9.334206,-9.334774,0,-0.00213,0.003195,99725.13,30.38,0.489226
423.947194,0.020085,-0.05985,-0.040698,-9.315054,-9.315335,0.00213,-0.005325,0.003195,99725.13,30.38,0.508665
423.967289,0.020095,-0.067032,0.028728,-9.331812,-9.332097,0,-0.00639,0.00426,99725.13,30.38,0.491903
423.987414,0.020125,-0.062244,-0.045486,-9.307872,-9.308191,0.003195,-0.00852,0.003195,99725.13,30.38,0.515809
424.007517,0.020103,-0.007182,0.002394,-9.346176,-9.346179,0.00213,-0.00426,0.001065,99725.78,30.38,0.477821
424.027709,0.020191,-0.074214,0.04788,-9.31266,-9.313079,0,-0.00639,0.00213,99725.78,30.38,0.510921
424.047807,0.020098,-0.079002,-0.02394,-9.329418,-9.329783,0.00213,-0.00426,0.001065,99725.78,30.38,0.494217
424.067909,0.020102,-0.04788,-0.009576,-9.329418,-9.329546,0.00213,-0.005325,-0.001065,99725.78,30.38,0.494454
424.088045,0.020136,-0.067032,0.009576,-9.355752,-9.355997,0,-0.007455,0.003195,99725.78,30.38,0.468003
424.108216,0.020171,-0.08379,-0.052668,-9.281538,-9.282066,0.00213,-0.007455,0.001065,99726.1,30.38,0.541934
424.128385,0.020169,-0.043092,-0.02394,-9.34857,-9.3487,0.003195,-0.00852,0.00639,99726.1,30.38,0.4753
424.148476,0.02009,-0.067032,-0.057456,-9.331812,-9.33223,0.00213,-0.007455,0.005325,99726.1,30.38,0.49177
424.168572,0.020096,-0.086184,-0.03591,-9.305478,-9.305946,0.00426,-0.003195,0.00213,99726.1,30.38,0.518054
424.188671,0.020099,-0.05985,-0.007182,-9.3366,-9.336795,0,-0.00852,0.00213,99726.1,30.38,0.487205
424.20878,0.020109,-0.057456,-0.009576,-9.343782,-9.343964,0.003195,-0.003195,0.00426,99726.1,30.38,0.480036
424.229137,0.020358,-0.050274,0.016758,-9.31266,-9.312811,0.00426,-0.005325,0.00213,99727.26,30.38,0.511189
424.24926,0.020122,-0.069426,0.019152,-9.341388,-9.341666,-0.001065,-0.007455,0.00213,99727.26,30.38,0.482334
424.269349,0.020089,-0.086184,-0.031122,-9.317448,-9.317899,0.003195,0.001065,0.003195,99727.26,30.38,0.506101
424.289498,0.02015,-0.021546,0.007182,-9.3366,-9.336628,0.00213,-0.00426,0.00213,99727.26,30.38,0.487372
424.309583,0.020085,-0.064638,0.031122,-9.322236,-9.322512,-0.003195,-0.007455,0.003195,99727.26,30.38,0.501488
424.329782,0.020198,-0.038304,-0.028728,-9.295902,-9.296025,0.001065,-0.00426,0.003195,99727.26,30.38,0.527975
424.349871,0.020089,-0.055062,0.050274,-9.394056,-9.394352,0,-0.00639,0.003195,99727.65,30.38,0.429648
424.369965,0.020095,-0.07182,-0.007182,-9.334206,-9.334485,-0.001065,-0.00852,0.00213,99727.65,30.38,0.489515
424.390059,0.020094,-0.074214,-0.02394,-9.310266,-9.310593,0.001065,-0.005325,0.003195,99727.65,30.38,0.513407
424.410145,0.020086,-0.064638,-0.014364,-9.353358,-9.353592,0.001065,-0.005325,0.003195,99727.65,30.38,0.470408
424.430438,0.020293,-0.069426,-0.026334,-9.31266,-9.312956,0.00213,-0.00426,0.00426,99727.65,30.38,0.511044
424.450535,0.020098,-0.052668,0.02394,-9.343782,-9.343961,0.003195,-0.00639,0.005325,99727.92,30.38,0.480039
424.470647,0.020111,-0.069426,0.026334,-9.350964,-9.351259,0.003195,-0.00639,0.00426,99727.92,30.38,0.472741
424.490753,0.020107,-0.086184,-0.019152,-9.32463,-9.325048,0.00213,-0.00426,0.00213,99727.92,30.38,0.498952
424.510891,0.020138,-0.079002,-0.016758,-9.305478,-9.305828,0.00426,-0.00426,0.00426,99727.92,30.38,0.518172
424.531082,0.02019,-0.064638,0.01197,-9.32463,-9.324862,0.00426,-0.00852,0.005325,99727.92,30.38,0.499138
424.551164,0.020082,-0.067032,-0.01197,-9.298296,-9.298545,0.00426,-0.00426,0.003195,99727.92,30.38,0.525455
424.571272,0.020108,-0.055062,0.043092,-9.36054,-9.360801,0.003195,-0.003195,0.00213,99729.03,30.38,0.463199
424.591376,0.020104,-0.009576,-0.03591,-9.331812,-9.331886,-0.001065,-0.009585,0.00213,99729.03,30.38,0.492114
424.611498,0.020123,-0.040698,-0.031122,-9.327024,-9.327165,0.00426,-0.00639,0.00213,99729.03,30.38,0.496835
424.631701,0.020202,-0.055062,0.021546,-9.341388,-9.341575,0.00213,-0.003195,0.00426,99729.03,30.38,0.482425
424.651788,0.020087,-0.069426,-0.014364,-9.315054,-9.315324,0.00213,-0.00639,0.00426,99729.03,30.38,0.508676
424.671878,0.02009,0.004788,-0.021546,-9.327024,-9.32705,0.00426,-0.005325,0.00213,99729.03,30.38,0.49695
424.691988,0.02011,-0.04788,0.031122,-9.353358,-9.353532,0.001065,-0.005325,0.00213,99729.47,30.38,0.470468
424.712109,0.020121,-0.081396,-0.031122,-9.331812,-9.332219,0.005325,-0.007455,0.005325,99729.47,30.38,0.491781
424.732369,0.02026,-0.050274,-0.031122,-9.32463,-9.324817,0.003195,-0.003195,0.003195,99729.47,30.38,0.499183
424.752476,0.020107,-0.045486,-0.004788,-9.338994,-9.339106,0.001065,-0.005325,0.00639,99729.47,30.38,0.484894
424.772573,0.020098,-0.043092,-0.002394,-9.291114,-9.291214,-0.00213,-0.00426,0.005325,99729.47,30.38,0.532786
424.792677,0.020104,-0.098154,-0.026334,-9.322236,-9.32279,0.001065,-0.00213,0.00213,99729.47,30.38,0.50121
424.81277,0.020092,-0.057456,0.050274,-9.358146,-9.358457,0,-0.00852,0.00639,99730.53,30.38,0.465543
424.832989,0.020219,-0.114912,-0.002394,-9.37251,-9.373215,0.001065,-0.00426,0.00213,99730.53,30.38,0.450785
424.853084,0.020095,-0.033516,-0.009576,-9.281538,-9.281603,0.00213,-0.005325,0.003195,99730.53,30.38,0.542397
424.873185,0.020101,-0.08379,0.057456,-9.269568,-9.270125,0.001065,-0.00639,0.00426,99730.53,30.38,0.553875
424.893297,0.020112,-0.043092,-0.002394,-9.327024,-9.327124,0.00213,-0.00213,0.005325,99730.53,30.38,0.496876
424.913403,0.020106,-0.062244,0,-9.346176,-9.346383,0.00426,-0.003195,0.003195,99730.98,30.38,0.477617
424.933896,0.020493,-0.043092,-0.033516,-9.26478,-9.264941,0.003195,-0.007455,0.00213,99730.98,30.38,0.559059
424.953991,0.020095,-0.081396,-0.01197,-9.358146,-9.358508,0.00426,-0.00639,0.003195,99730.98,30.38,0.465492
424.974132,0.020141,-0.040698,0.01197,-9.3366,-9.336696,0.001065,-0.009585,0.003195,99730.98,30.38,0.487304
424.994271,0.020139,-0.090972,-0.064638,-9.341388,-9.342055,0.00213,-0.00639,0.003195,99730.98,30.38,0.481945
425.014358,0.020087,-0.067032,-0.004788,-9.31266,-9.312902,0.005325,-0.003195,0.005325,99730.98,30.38,0.511098
425.034509,0.020151,-0.052668,-0.02394,-9.36054,-9.360719,0.00213,-0.005325,0.005325,99732.37,30.38,0.463281
425.054588,0.020079,-0.043092,0,-9.374904,-9.375003,0.003195,-0.00639,0.003195,99732.37,30.38,0.448997
425.074669,0.020082,-0.01197,0.052668,-9.346176,-9.346332,0.001065,-0.007455,0.00213,99732.37,30.38,0.477668
425.094762,0.020093,-0.064638,-0.014364,-9.353358,-9.353592,0,-0.007455,0.00426,99732.37,30.38,0.470408
425.114861,0.020099,-0.016758,-0.038304,-9.28872,-9.288814,0.00426,-0.005325,0.003195,99732.37,30.38,0.535186
425.135209,0.020348,-0.07182,0.009576,-9.350964,-9.351245,0.00213,-0.00852,0.003195,99733.08,30.38,0.472755
425.155311,0.020102,-0.100548,-0.05985,-9.303084,-9.30382,0.00426,-0.00426,0.003195,99733.08,30.38,0.52018
425.175418,0.020107,-0.009576,0.01197,-9.341388,-9.341401,0.003195,-0.00639,0.005325,99733.08,30.38,0.482599
425.195511,0.020093,-0.040698,0.03591,-9.355752,-9.355909,0,-0.005325,0.003195,99733.08,30.38,0.468091
425.215627,0.020116,-0.05985,-0.028728,-9.274356,-9.274594,0.00213,-0.00639,0.003195,99733.08,30.38,0.549406
425.235723,0.020096,-0.07182,0.040698,-9.362934,-9.363298,0,-0.00426,0.00213,99733.08,30.38,0.460702
425.255829,0.020106,-0.028728,0.016758,-9.303084,-9.303143,0.00426,-0.00639,0.003195,99734.56,30.38,0.520857
425.275939,0.020109,-0.07182,-0.007182,-9.31266,-9.31294,0.001065,-0.00639,0.005325,99734.56,30.38,0.51106
425.296038,0.020099,-0.076608,0,-9.37251,-9.372823,0.001065,-0.003195,0.00426,99734.56,30.38,0.451177
425.316497,0.020459,-0.093366,0.02394,-9.293508,-9.294008,0.00213,-0.007455,0.003195,99734.56,30.38,0.529992
425.336608,0.020112,-0.05985,-0.057456,-9.310266,-9.310636,0.001065,-0.00639,0.003195,99734.56,30.38,0.513364
425.358752,0.022144,-0.009576,0.002394,-9.319842,-9.319847,0.003195,-0.009585,0.003195,99734.56,30.38,0.504153
425.378835,0.020083,-0.016758,-0.031122,-9.331812,-9.331879,0.00213,-0.005325,0.00426,99735.3,30.38,0.492121
425.398928,0.020093,-0.067032,0.03591,-9.370116,-9.370425,0.00213,-0.00426,0.005325,99735.3,30.38,0.453575
425.419015,0.020087,-0.081396,0.002394,-9.334206,-9.334561,0.00213,-0.003195,0.003195,99735.3,30.38,0.489439
425.439122,0.020107,-0.040698,-0.026334,-9.317448,-9.317574,0.003195,-0.005325,0.003195,99735.3,30.38,0.506426
425.45942,0.020298,-0.009576,0.02394,-9.374904,-9.374939,0.00213,-0.00426,0.003195,99735.3,30.38,0.449061
425.479537,0.020116,-0.074214,-0.01197,-9.317448,-9.317751,0.001065,-0.00426,0.00213,99736.04,30.38,0.506249
425.499643,0.020107,-0.064638,-0.055062,-9.310266,-9.310653,0.003195,-0.007455,0.00426,99736.04,30.38,0.513347
425.519735,0.020092,-0.086184,-0.007182,-9.36054,-9.36094,0.003195,-0.00213,0.003195,99736.04,30.38,0.46306
425.539856,0.020121,-0.052668,0,-9.315054,-9.315203,0.00213,-0.003195,0.003195,99736.04,30.38,0.508797
425.56006,0.020204,-0.090972,-0.009576,-9.362934,-9.363381,0.001065,-0.00639,0.00426,99736.04,30.38,0.460619
425.580212,0.020152,-0.064638,-0.038304,-9.370116,-9.370417,0,-0.003195,0,99736.04,30.38,0.453583
425.600344,0.020131,-0.098154,-0.019152,-9.315054,-9.315591,0.00426,-0.003195,0.003195,99737.77,30.38,0.508409
425.62043,0.020086,-0.064638,0.021546,-9.346176,-9.346424,0,-0.005325,0.003195,99737.77,30.38,0.477576
425.640544,0.020114,-0.076608,0.03591,-9.353358,-9.353741,0.003195,-0.007455,0.003195,99737.77,30.38,0.470259
425.660703,0.020158,-0.105336,0.016758,-9.329418,-9.330028,0.003195,-0.00639,0.00213,99737.77,30.38,0.493972
425.680808,0.020105,-0.052668,0.014364,-9.34857,-9.348729,0.001065,-0.007455,0.00213,99737.77,30.38,0.475271
425.700918,0.02011,-0.090972,-0.016758,-9.319842,-9.320301,0.001065,-0.007455,0.001065,99737.77,30.38,0.503699
425.721002,0.020084,-0.043092,0.007182,-9.338994,-9.339096,-0.001065,-0.00426,0.00213,99738.58,30.38,0.484904
425.741118,0.020117,-0.100548,0.026334,-9.329418,-9.329997,-0.001065,-0.00639,0,99738.58,30.38,0.494003
425.761398,0.020279,-0.093366,-0.033516,-9.310266,-9.310794,-0.00213,-0.00639,0,99738.58,30.38,0.513206
425.781476,0.020078,-0.057456,-0.028728,-9.329418,-9.329639,0.001065,-0.003195,0.001065,99738.58,30.38,0.494361
425.801563,0.020087,-0.04788,-0.002394,-9.374904,-9.375027,0,-0.007455,0.00639,99738.58,30.38,0.448973
425.821792,0.020229,-0.026334,-0.028728,-9.303084,-9.303166,0.003195,-0.003195,0.00213,99740.35,30.38,0.520834
425.841892,0.0201,-0.07182,0.016758,-9.350964,-9.351255,0.001065,-0.003195,0.003195,99740.35,30.38,0.472745
425.862131,0.020239,-0.081396,0.004788,-9.319842,-9.320199,0,-0.005325,0.003195,99740.35,30.38,0.503801
425.882223,0.020092,-0.04788,0.002394,-9.307872,-9.307995,0.003195,-0.00213,0.00426,99740.35,30.38,0.516005
425.902312,0.020089,-0.07182,0.007182,-9.374904,-9.375182,0.003195,-0.003195,0.00426,99740.35,30.38,0.448818
425.922423,0.020111,-0.040698,0.043092,-9.341388,-9.341576,-0.001065,-0.00852,0.005325,99740.35,30.38,0.482424
425.942517,0.020094,-0.064638,0.007182,-9.262386,-9.262614,0.00213,-0.003195,0.001065,99741.24,30.38,0.561386
425.962879,0.020362,-0.10773,0.014364,-9.32463,-9.325263,0,-0.007455,0.00426,99741.24,30.38,0.498737
425.985278,0.022399,-0.079002,-0.043092,-9.331812,-9.332246,0.00213,-0.003195,-0.001065,99741.24,30.38,0.491754
426.007383,0.022106,-0.093366,0.004788,-9.32463,-9.325099,0,-0.00852,0.003195,99741.24,30.38,0.498901
426.027468,0.020085,-0.069426,-0.04788,-9.310266,-9.310648,0,-0.00426,0.00213,99741.24,30.38,0.513352
426.047556,0.020088,-0.093366,-0.031122,-9.34857,-9.349088,0.003195,-0.00426,0.00426,99743.25,30.38,0.474912
426.067668,0.020112,-0.134064,-0.02394,-9.327024,-9.328018,0.00213,-0.005325,0,99743.25,30.38,0.495982
426.087771,0.020103,-0.07182,-0.040698,-9.27675,-9.277117,0,-0.00639,0.00213,99743.25,30.38,0.546883
426.108104,0.020333,-0.100548,0.02394,-9.3366,-9.337172,0.00213,-0.00426,0.00213,99743.25,30.38,0.486828
426.128212,0.020108,-0.102942,-0.007182,-9.310266,-9.310838,0.005325,-0.00426,0.007455,99743.25,30.38,0.513162
426.14831,0.020098,-0.09576,-0.069426,-9.283932,-9.284685,0.00213,-0.00426,0.003195,99743.25,30.38,0.539315
426.168396,0.020087,-0.093366,0.031122,-9.353358,-9.353876,0.001065,-0.00639,0.00639,99744.33,30.38,0.470124
426.188519,0.020122,-0.069426,-0.019152,-9.322236,-9.322514,0,-0.005325,0.005325,99744.33,30.38,0.501486
426.208735,0.020217,-0.021546,-0.028728,-9.281538,-9.281607,0.003195,-0.00426,0.005325,99744.33,30.38,0.542393
426.228831,0.020096,-0.079002,-0.016758,-9.319842,-9.320192,0.001065,-0.00639,0.003195,99744.33,30.38,0.503808
426.248925,0.020094,-0.014364,-0.033516,-9.346176,-9.346247,0.00213,-0.005325,0.005325,99744.33,30.38,0.477753
426.269043,0.020118,-0.004788,-0.026334,-9.338994,-9.339032,0.00426,-0.00852,0.005325,99744.33,30.38,0.484968
426.289148,0.020105,-0.031122,-0.002394,-9.358146,-9.358198,0.00213,-0.005325,0.00213,99746.35,30.38,0.465802
426.309517,0.020368,-0.052668,-0.019152,-9.31266,-9.312829,0.00639,-0.00426,0.005325,99746.35,30.38,0.511171
426.329604,0.020088,-0.057456,-0.007182,-9.32463,-9.32481,0.001065,-0.005325,0.005325,99746.35,30.38,0.49919
426.349705,0.020101,-0.016758,-0.004788,-9.3366,-9.336616,0.001065,-0.007455,0.003195,99746.35,30.38,0.487384
426.369789,0.020084,-0.055062,-0.040698,-9.310266,-9.310518,0.001065,-0.00213,0.001065,99746.35,30.38,0.513482
426.390146,0.020357,-0.055062,0.004788,-9.334206,-9.33437,-0.001065,-0.00639,0.003195,99747.44,30.38,0.48963
426.410246,0.0201,-0.05985,-0.02394,-9.28872,-9.288944,0.00213,-0.00639,0.003195,99747.44,30.38,0.535056
426.432451,0.022204,-0.028728,-0.040698,-9.317448,-9.317581,0.00426,-0.005325,0.003195,99747.44,30.38,0.506419
426.452596,0.020145,-0.057456,-0.01197,-9.298296,-9.298481,-0.001065,-0.007455,0.005325,99747.44,30.38,0.525519
426.472799,0.020203,-0.050274,-0.016758,-9.281538,-9.281689,0.00426,-0.005325,0.001065,99747.44,30.38,0.542311
426.492929,0.02013,-0.03591,0,-9.367722,-9.367791,0.003195,-0.00639,0.005325,99747.44,30.38,0.456209
426.513023,0.020094,-0.043092,0.016758,-9.343782,-9.343896,0.003195,-0.00426,0.00213,99748.59,30.38,0.480104
426.533716,0.020693,-0.08379,-0.026334,-9.346176,-9.346589,0.003195,-0.00426,0.003195,99748.59,30.38,0.477411
426.555536,0.021819,-0.074214,0.026334,-9.350964,-9.351296,0.001065,-0.005325,0.003195,99748.59,30.38,0.472704
426.575654,0.020118,-0.007182,0.002394,-9.346176,-9.346179,0.003195,-0.003195,0.00213,99748.59,30.38,0.477821
426.595738,0.020084,0.009576,-0.064638,-9.379692,-9.37992,0.00426,-0.00639,0.00213,99748.59,30.38,0.44408
426.61584,0.020101,-0.055062,0.021546,-9.327024,-9.327211,0.003195,-0.00639,0,99748.59,30.38,0.496789
426.635947,0.020108,-0.05985,0.002394,-9.303084,-9.303277,0.007455,-0.003195,0.001065,99751.17,30.38,0.520723
426.65611,0.020163,-0.090972,0.02394,-9.358146,-9.358619,0.00213,-0.00213,0.00426,99751.17,30.38,0.465381
426.6762,0.02009,-0.033516,-0.090972,-9.382086,-9.382587,0.00426,-0.007455,-0.001065,99751.17,30.38,0.441413
426.696407,0.020207,-0.138852,0.038304,-9.382086,-9.383192,0.00639,0,0.003195,99751.17,30.38,0.440808
426.716497,0.020089,-0.076608,-0.019152,-9.415602,-9.415933,0.001065,-0.007455,0,99751.17,30.38,0.408067
426.736601,0.020105,-0.110124,-0.04788,-9.32463,-9.325403,0.001065,-0.007455,-0.001065,99752.29,30.38,0.498597
426.756851,0.02025,-0.100548,0.009576,-9.341388,-9.341934,0.005325,-0.00213,0,99752.29,30.38,0.482066
426.776964,0.020113,-0.148428,0.028728,-9.358146,-9.359367,0.003195,-0.003195,0.001065,99752.29,30.38,0.464633
426.797092,0.020128,-0.079002,-0.067032,-9.322236,-9.322812,0.00426,-0.003195,0.001065,99752.29,30.38,0.501188
426.817298,0.020205,-0.067032,-0.07182,-9.3366,-9.337117,0.005325,0,0.003195,99752.29,30.38,0.486883
426.837383,0.020086,-0.1197,-0.028728,-9.377298,-9.378106,-0.001065,-0.005325,0.003195,99752.29,30.38,0.445894
426.857524,0.020141,-0.057456,-0.031122,-9.305478,-9.305707,-0.001065,-0.005325,0.003195,99754.83,30.38,0.518293
426.877613,0.020089,-0.05985,-0.004788,-9.346176,-9.346369,0.00213,-0.00426,0.00426,99754.83,30.38,0.477631
426.897712,0.020099,-0.064638,-0.016758,-9.374904,-9.375142,0,-0.00426,0.005325,99754.83,30.38,0.448858
426.917807,0.020095,-0.009576,-0.016758,-9.303084,-9.303104,0.003195,-0.00213,0.007455,99754.83,30.38,0.520896
426.9379,0.020093,0.004788,0.057456,-9.37251,-9.372687,0.00639,-0.007455,0.003195,99754.83,30.38,0.451313
426.9583,0.0204,-0.009576,0.026334,-9.307872,-9.307914,0.001065,-0.005325,0.00426,99754.83,30.38,0.516086
426.978388,0.020088,-0.019152,0.079002,-9.343782,-9.344136,0.003195,-0.005325,0.001065,99756,30.38,0.479864
426.998485,0.020098,-0.057456,0.026334,-9.31266,-9.312874,0.001065,-0.009585,0,99756,30.38,0.511126
427.018574,0.020088,-0.08379,0.033516,-9.291114,-9.291552,0.003195,-0.005325,0,99756,30.38,0.532448
427.038717,0.020143,-0.098154,0.067032,-9.358146,-9.358901,0.001065,-0.003195,-0.001065,99756,30.38,0.465099
427.059052,0.020334,-0.090972,-0.009576,-9.25281,-9.253262,-0.001065,-0.00639,-0.001065,99756,30.38,0.570738
427.081181,0.02213,-0.177156,-0.03591,-9.334206,-9.335956,0.00213,-0.005325,-0.001065,99758.76,30.38,0.488044
427.101293,0.020112,-0.088578,-0.040698,-9.30069,-9.301201,-0.001065,-0.005325,0,99758.76,30.38,0.522799
427.121378,0.020085,-0.141246,-0.09576,-9.305478,-9.307043,0.00213,-0.005325,0.001065,99758.76,30.38,0.516957
427.141463,0.020085,-0.110124,-0.028728,-9.322236,-9.322931,0.00213,-0.00852,0.003195,99758.76,30.38,0.501069
427.16155,0.020087,-0.052668,-0.038304,-9.322236,-9.322463,-0.001065,-0.007455,0.00426,99758.76,30.38,0.501537
427.182142,0.020592,-0.05985,-0.105336,-9.315054,-9.315842,0.00213,-0.00639,0.005325,99758.76,30.38,0.508158
427.204289,0.022147,0.007182,-0.02394,-9.374904,-9.374937,0.003195,-0.003195,0.00426,99760.23,30.38,0.449063
427.22437,0.020081,0.028728,-0.031122,-9.334206,-9.334302,0.003195,-0.005325,0.00426,99760.23,30.38,0.489698
427.244465,0.020095,0.05985,-0.050274,-9.329418,-9.329745,0.005325,0,0.001065,99760.23,30.38,0.494255
427.264564,0.020099,0.038304,0.002394,-9.413208,-9.413286,0.00639,-0.00639,0.003195,99760.23,30.38,0.410714
427.284693,0.020129,0.021546,-0.02394,-9.341388,-9.341444,0.00426,-0.003195,0.00426,99760.23,30.38,0.482556
427.304884,0.020191,0.055062,-0.028728,-9.3366,-9.336807,0.00426,-0.003195,0,99763.16,30.38,0.487193
427.324983,0.020099,-0.02394,0.004788,-9.3366,-9.336632,0.00213,-0.00852,0.00213,99763.16,30.38,0.487368
427.345093,0.02011,-0.079002,-0.031122,-9.322236,-9.322623,0.007455,0,0,99763.16,30.38,0.501377
427.365194,0.020101,-0.040698,-0.03591,-9.398844,-9.399001,0.003195,-0.00213,0,99763.16,30.38,0.424999
427.385302,0.020108,-0.126882,-0.007182,-9.334206,-9.335071,0.00213,-0.005325,0.003195,99763.16,30.38,0.488929
427.405504,0.020202,-0.122094,0.026334,-9.334206,-9.335042,0.00213,-0.003195,0.00213,99763.16,30.38,0.488958
427.42559,0.020086,-0.162792,0.01197,-9.391662,-9.39308,0.00213,-0.00213,0.00213,99764.66,30.38,0.43092
427.445671,0.020081,-0.10773,-0.004788,-9.307872,-9.308497,0.001065,-0.005325,0.003195,99764.66,30.38,0.515503
427.465752,0.020081,-0.079002,0.002394,-9.343782,-9.344116,0.00639,-0.003195,0,99764.66,30.38,0.479884
427.485854,0.020102,-0.086184,0.040698,-9.315054,-9.315542,0,-0.00852,0.00426,99764.66,30.38,0.508458
427.506217,0.020363,-0.076608,-0.004788,-9.286326,-9.286643,0,-0.005325,0.00426,99764.66,30.38,0.537357
427.526302,0.020085,-0.079002,-0.004788,-9.322236,-9.322572,0.00213,-0.003195,0.005325,99764.66,30.38,0.501428
427.546392,0.020089,-0.033516,0,-9.341388,-9.341448,0.001065,-0.00852,0.005325,99766.25,30.38,0.482552
427.56652,0.020128,-0.007182,-0.043092,-9.286326,-9.286429,0.00426,0,0.003195,99766.25,30.38,0.537571
427.586619,0.020099,-0.081396,-0.090972,-9.3366,-9.337398,0.00426,-0.003195,0.00426,99766.25,30.38,0.486602
427.60688,0.020261,-0.026334,-0.02394,-9.353358,-9.353426,0.00213,-0.007455,0.005325,99766.25,30.38,0.470574
427.62697,0.02009,-0.050274,0.019152,-9.322236,-9.322391,0.003195,-0.00213,0.00213,99766.25,30.38,0.501609
427.647078,0.020108,-0.043092,-0.052668,-9.315054,-9.315303,0.00213,-0.00213,0.00213,99769.4,30.38,0.508697
427.66717,0.020092,-0.04788,-0.050274,-9.367722,-9.367979,0,-0.007455,0.003195,99769.4,30.38,0.456021
427.687267,0.020097,0.01197,-0.098154,-9.34857,-9.349093,0.00213,-0.003195,0.001065,99769.4,30.38,0.474907
427.707478,0.02021,-0.028728,0.105336,-9.334206,-9.334845,-0.00213,-0.009585,0.005325,99769.4,30.38,0.489155
427.727583,0.020106,-0.081396,0.021546,-9.243234,-9.243617,0.001065,-0.00852,0.00213,99769.4,30.38,0.580383
427.747768,0.020184,-0.057456,0.069426,-9.305478,-9.305914,0.00213,-0.009585,0.00639,99769.4,30.38,0.518086
427.767866,0.020099,-0.105336,0.064638,-9.262386,-9.26321,-0.00213,-0.00852,0.00213,99771.07,30.38,0.56079
427.787969,0.020102,-0.090972,-0.043092,-9.259992,-9.260539,0.00213,-0.00213,0.00213,99771.07,30.38,0.563461
427.808171,0.020202,-0.102942,0.050274,-9.329418,-9.330121,0.003195,-0.003195,0.00213,99771.07,30.38,0.493879
427.82825,0.02008,-0.10773,-0.014364,-9.334206,-9.334839,0.001065,-0.00426,0.001065,99771.07,30.38,0.489161
427.848367,0.020117,-0.081396,-0.043092,-9.379692,-9.380144,0.00639,-0.00639,0.001065,99771.07,30.38,0.443856
427.868476,0.020109,-0.090972,0.009576,-9.391662,-9.392107,0.00213,-0.001065,0.00213,99771.07,30.38,0.431893
427.888613,0.020137,-0.126882,-0.040698,-9.43236,-9.433301,0.00213,-0.00426,0.00213,99774.28,30.38,0.390699
427.908791,0.020177,-0.057456,-0.031122,-9.406026,-9.406253,0.001065,-0.003195,-0.001065,99774.28,30.38,0.417747
427.928875,0.020085,-0.055062,-0.01197,-9.401238,-9.401407,0.00426,-0.00852,0.00426,99774.28,30.38,0.422593
427.948959,0.020084,-0.040698,-0.002394,-9.406026,-9.406114,-0.001065,-0.005325,0.005325,99774.28,30.38,0.417886
427.969042,0.020083,-0.007182,-0.031122,-9.391662,-9.391716,0.00213,-0.00213,0.00426,99774.28,30.38,0.432284
427.989135,0.020093,-0.009576,0.055062,-9.413208,-9.413374,0,-0.00639,0.007455,99776.04,30.38,0.410626
428.009459,0.020324,0.009576,-0.050274,-9.437148,-9.437287,0.00213,-0.00213,0.00213,99776.04,30.38,0.386713
428.029674,0.020215,-0.002394,-0.02394,-9.506574,-9.506604,0.00213,-0.009585,0.00213,99776.04,30.38,0.317396
428.049801,0.020127,-0.016758,-0.016758,-9.44433,-9.44436,0.001065,-0.00213,0.003195,99776.04,30.38,0.37964
428.069887,0.020086,-0.02394,-0.002394,-9.461088,-9.461119,-0.001065,-0.00639,0.003195,99776.04,30.38,0.362881
428.089991,0.020103,-0.067032,0.004788,-9.477846,-9.478084,0.00213,-0.00426,0.00213,99776.04,30.38,0.345916
428.110331,0.02034,-0.081396,0.007182,-9.463482,-9.463835,0.001065,-0.00852,0.005325,99779.54,30.38,0.360165
428.130423,0.020092,-0.079002,0.038304,-9.520938,-9.521343,0.001065,-0.00639,0.005325,99779.54,30.38,0.302657
428.150515,0.020092,-0.126882,0.04788,-9.595152,-9.59611,0.001065,-0.00639,0.003195,99779.54,30.38,0.22789
428.170619,0.020104,-0.126882,0.014364,-9.518544,-9.5194,-0.00213,-0.00852,0.003195,99779.54,30.38,0.3046
428.190712,0.020092,-0.162792,-0.021546,-9.499392,-9.500811,0,-0.007455,0.005325,99779.54,30.38,0.323189
428.210832,0.020121,-0.210672,-0.081396,-9.55206,-9.55473,0.003195,-0.009585,0.00426,99779.54,30.38,0.26927
428.23093,0.020097,-0.141246,-0.055062,-9.547272,-9.548476,0.00213,-0.00639,0.00639,99781.5,30.38,0.275524
428.25104,0.02011,-0.134064,-0.01197,-9.547272,-9.548221,0,-0.005325,0.00639,99781.5,30.38,0.275779
428.271129,0.020089,-0.146034,0.057456,-9.621486,-9.622766,0.001065,-0.011715,0.007455,99781.5,30.38,0.201234
428.29125,0.020121,-0.057456,0.009576,-9.583182,-9.583359,0.00213,-0.00426,0.007455,99781.5,30.38,0.240641
428.311412,0.020161,-0.114912,0.043092,-9.631062,-9.631844,0.00213,-0.00426,0.00426,99781.5,30.38,0.192156
428.331541,0.020129,-0.050274,-0.062244,-9.607122,-9.607455,0.00213,-0.001065,0.005325,99783.42,30.38,0.216545
428.351628,0.020087,0.028728,-0.03591,-9.643032,-9.643142,0.003195,-0.007455,0.005325,99783.42,30.38,0.180858
428.371727,0.020099,0.007182,-0.01197,-9.614304,-9.614314,0.003195,-0.00639,0.00213,99783.42,30.38,0.209686
428.391814,0.020087,-0.074214,-0.074214,-9.62388,-9.624452,0.001065,-0.009585,0.005325,99783.42,30.38,0.199548
428.412096,0.020283,0,-0.057456,-9.626274,-9.626445,0.005325,-0.005325,0.00213,99783.42,30.38,0.197555
428.432183,0.020087,-0.009576,-0.004788,-9.678942,-9.678948,0.00213,-0.00426,0.001065,99783.42,30.38,0.145052
428.452305,0.020122,0.002394,0.021546,-9.68373,-9.683754,0.00426,-0.003195,0.00213,99787.49,30.38,0.140246
428.472385,0.02008,0.002394,-0.045486,-9.68373,-9.683837,0.003195,-0.00426,0.003195,99787.49,30.38,0.140163
428.492496,0.020111,-0.038304,-0.033516,-9.750762,-9.750895,0.00213,-0.00852,0.003195,99787.49,30.38,0.073105
428.512749,0.020253,-0.028728,-0.1197,-9.702882,-9.703663,0.00852,-0.00213,0,99787.49,30.38,0.120337
428.532833,0.020084,-0.043092,0.112518,-9.750762,-9.751506,-0.00213,-0.007455,0.001065,99787.49,30.38,0.072494
428.552938,0.020105,-0.055062,0.064638,-9.63585,-9.636224,0.00426,0,-0.00213,99789.31,30.38,0.187776
428.573034,0.020095,-0.026334,0.045486,-9.774702,-9.774843,0.001065,0,0.001065,99789.31,30.38,0.049157
428.593147,0.020114,-0.09576,-0.07182,-9.6957,-9.696439,0.003195,0,-0.00213,99789.31,30.38,0.127561
428.613461,0.020314,-0.165186,-0.043092,-9.781884,-9.783374,0.00426,-0.003195,-0.003195,99789.31,30.38,0.040626
428.633544,0.020083,-0.141246,0.026334,-9.796248,-9.797302,0.003195,-0.001065,-0.00426,99789.31,30.38,0.026698
428.653627,0.020082,-0.201096,-0.114912,-9.71964,-9.722399,-0.001065,-0.011715,0.00213,99789.31,30.38,0.101601
428.673885,0.020258,-0.160398,0.019152,-9.738792,-9.740132,-0.00213,-0.00639,0.003195,99793.55,30.38,0.083868
428.693979,0.020094,-0.153216,-0.090972,-9.765126,-9.766752,0.00639,0.003195,0,99793.55,30.38,0.057248
428.714131,0.020151,-0.057456,0.043092,-9.769914,-9.770178,0.003195,-0.00426,0.005325,99793.55,30.38,0.053822
428.734214,0.020084,-0.093366,0.074214,-9.77949,-9.780217,0.003195,-0.003195,0.00426,99793.55,30.38,0.043783
428.754319,0.020105,-0.03591,0.105336,-9.77949,-9.780123,0.001065,-0.005325,0.003195,99793.55,30.38,0.043877
428.774424,0.020105,-0.021546,0.064638,-9.789066,-9.789303,0.001065,-0.00639,0.005325,99793.55,30.38,0.034697
428.794509,0.020085,-0.076608,0.031122,-9.856098,-9.856445,0.003195,-0.003195,0.00213,99795.88,30.38,-0.032445
428.81476,0.020251,0.007182,0.050274,-9.848916,-9.849047,0.00639,-0.00426,0.001065,99795.88,30.38,-0.025047
428.834854,0.020094,0.009576,0,-9.85131,-9.851315,0.00213,-0.005325,0.00213,99795.88,30.38,-0.027315
428.854935,0.020081,-0.033516,0.074214,-9.870462,-9.870798,0.00213,-0.00852,0,99795.88,30.38,-0.046798
428.875021,0.020086,0.021546,0.055062,-9.906372,-9.906548,0.001065,-0.00639,-0.001065,99795.88,30.38,-0.082548
428.895117,0.020096,0.014364,0.007182,-9.841734,-9.841747,0.001065,-0.005325,-0.001065,99795.88,30.38,-0.017747
428.915506,0.020389,-0.079002,0.007182,-9.91116,-9.911477,0.001065,-0.00213,-0.001065,99800.27,30.38,-0.087477
428.935589,0.020083,-0.090972,-0.043092,-9.822582,-9.823098,-0.003195,-0.011715,0.001065,99800.27,30.38,0.000902
428.955672,0.020083,-0.057456,-0.093366,-9.796248,-9.796861,0,-0.00852,-0.001065,99800.27,30.38,0.027139
428.975791,0.020119,-0.100548,-0.043092,-9.836946,-9.837554,0,-0.003195,0.001065,99800.27,30.38,-0.013554
428.995892,0.020101,-0.079002,-0.038304,-9.757944,-9.758339,-0.001065,-0.00426,0.00213,99800.27,30.38,0.065661
429.016089,0.020197,-0.064638,0.004788,-9.73161,-9.731826,-0.001065,-0.00426,0.00426,99802.53,30.38,0.092174
429.036194,0.020105,-0.14364,0.045486,-9.769914,-9.771076,0.001065,-0.003195,0.001065,99802.53,30.38,0.052924
429.056278,0.020085,-0.088578,-0.026334,-9.762732,-9.763169,0,-0.007455,0.00426,99802.53,30.38,0.060831
429.076375,0.020097,-0.105336,0.009576,-9.80343,-9.804001,0.003195,-0.001065,0.00426,99802.53,30.38,0.019999
429.096475,0.0201,-0.10773,0.08379,-9.901584,-9.902525,0.005325,-0.001065,0.003195,99802.53,30.38,-0.078525
429.116788,0.020312,-0.122094,0.004788,-9.793854,-9.794616,0.001065,-0.005325,0.00213,99802.53,30.38,0.029384
429.13687,0.020082,-0.114912,0.081396,-9.91116,-9.91216,0.00426,-0.003195,0.00213,99807.06,30.37,-0.08816
429.157115,0.020245,-0.138852,0.043092,-9.892008,-9.893076,0.001065,-0.00213,0.003195,99807.06,30.37,-0.069076
429.177355,0.020241,-0.102942,-0.002394,-9.858492,-9.85903,0.00213,-0.00426,0.00426,99807.06,30.37,-0.03503
429.197442,0.020086,-0.10773,0.079002,-9.901584,-9.902485,0,-0.009585,0.00426,99807.06,30.37,-0.078485
429.218095,0.020653,-0.160398,-0.002394,-9.870462,-9.871765,-0.00213,-0.007455,0.003195,99807.06,30.37,-0.047765
429.239836,0.021742,-0.093366,-0.052668,-9.846522,-9.847105,0.001065,-0.00426,0.005325,99807.06,30.37,-0.023105
429.259942,0.020106,-0.09576,-0.002394,-9.853704,-9.85417,-0.001065,-0.01065,0.003195,99809.43,30.37,-0.03017
429.280067,0.020124,0.002394,-0.050274,-9.824976,-9.825105,0,-0.005325,0.003195,99809.43,30.37,-0.001105
429.300182,0.020115,-0.052668,-0.045486,-9.848916,-9.849162,0.001065,-0.00852,0.003195,99809.43,30.37,-0.025162
429.320276,0.020094,-0.076608,-0.004788,-9.88722,-9.887518,0.001065,-0.005325,0,99809.43,30.37,-0.063518
429.340498,0.020222,-0.004788,-0.126882,-9.79146,-9.792283,0.003195,-0.00639,0.001065,99809.43,30.37,0.031717
429.360578,0.020079,0.03591,0.052668,-9.87525,-9.875456,-0.001065,-0.007455,0.005325,99811.72,30.37,-0.051456
429.380727,0.020149,0.014364,0.004788,-9.896796,-9.896808,0.001065,-0.00852,0,99811.72,30.37,-0.072808
429.400815,0.020088,0.055062,-0.031122,-9.789066,-9.78927,0.00213,-0.00852,0.00426,99811.72,30.37,0.03473
429.420902,0.020087,0.043092,-0.098154,-9.853704,-9.854287,0,-0.00639,0.001065,99811.72,30.37,-0.030287
429.442378,0.021476,0.079002,-0.031122,-9.793854,-9.794222,0.00213,-0.00639,0.001065,99811.72,30.37,0.029778
429.463533,0.021154,0.064638,-0.002394,-9.781884,-9.782098,-0.00426,-0.01278,0,99811.72,30.37,0.041902
429.483623,0.02009,-0.021546,-0.009576,-9.805824,-9.805852,0.001065,-0.00852,-0.001065,99816.66,30.37,0.018148
429.503723,0.0201,-0.028728,-0.050274,-9.829764,-9.829935,0.001065,-0.00426,0.001065,99816.66,30.37,-0.005935
429.523818,0.020095,-0.03591,-0.016758,-9.82737,-9.82745,0.00426,-0.00213,-0.001065,99816.66,30.37,-0.00345
429.543914,0.020096,-0.122094,0.057456,-9.903978,-9.904897,0.00213,-0.007455,0.001065,99816.66,30.37,-0.080897
429.564303,0.020389,-0.052668,-0.01197,-9.834552,-9.8347,0.003195,-0.003195,0.00213,99816.66,30.37,-0.0107
429.584395,0.020092,-0.028728,0.014364,-9.858492,-9.858544,0.001065,-0.00213,0.005325,99819.34,30.37,-0.034544
429.604489,0.020094,-0.08379,0.069426,-9.877644,-9.878243,0.00426,-0.005325,0.00426,99819.34,30.37,-0.054243
429.624579,0.02009,-0.07182,-0.031122,-9.801036,-9.801349,0.00213,-0.00213,0.003195,99819.34,30.37,0.022651
429.644682,0.020104,-0.07182,0.014364,-9.880038,-9.880309,0,-0.00639,0.00639,99819.34,30.37,-0.056309
429.664876,0.020193,-0.114912,-0.004788,-9.80343,-9.804105,0.003195,-0.00213,0.00213,99819.34,30.37,0.019895
429.684967,0.020092,-0.014364,-0.009576,-9.822582,-9.822597,0.00213,-0.005325,0.005325,99819.34,30.37,0.001403
429.705072,0.020105,-0.057456,0.069426,-9.889614,-9.890025,0.001065,-0.00639,0.00426,99824.79,30.37,-0.066025
429.725169,0.020097,-0.1197,0.01197,-9.83934,-9.840075,0.003195,-0.001065,0.00213,99824.79,30.37,-0.016075
429.745277,0.020108,-0.050274,0.019152,-9.810612,-9.81076,0.001065,-0.005325,0.00426,99824.79,30.37,0.01324
429.765527,0.02025,-0.110124,0.02394,-9.872856,-9.873499,0.003195,-0.00426,0.00213,99824.79,30.37,-0.049499
429.785624,0.020097,-0.098154,0.004788,-9.836946,-9.837437,0.001065,-0.00639,0,99824.79,30.37,-0.013437
429.805721,0.020097,-0.040698,0.002394,-9.853704,-9.853788,0.005325,-0.003195,0.00426,99824.79,30.37,-0.029788
429.825818,0.020096,-0.117306,0.007182,-9.856098,-9.856799,-0.00213,-0.007455,0.003195,99827.35,30.37,-0.032799
429.845907,0.020089,-0.1197,-0.117306,-9.810612,-9.812043,0.001065,-0.00852,0.003195,99827.35,30.37,0.011957
429.866296,0.020389,-0.009576,-0.110124,-9.868068,-9.868687,0,-0.00426,0.00426,99827.35,30.37,-0.044687
429.886378,0.020082,-0.074214,-0.02394,-9.817794,-9.818104,-0.003195,-0.009585,0.00426,99827.35,30.37,0.005896
429.906467,0.020089,-0.03591,-0.057456,-9.8154,-9.815634,0.00213,0.001065,0.00639,99827.35,30.37,0.008366
429.92656,0.020093,-0.002394,0.009576,-9.870462,-9.870467,0,-0.00852,0.00639,99827.35,30.37,-0.046467
429.946652,0.020092,0.02394,0.002394,-9.810612,-9.810642,-0.001065,-0.00852,0.00639,99832.66,30.37,0.013358
429.966867,0.020215,-0.007182,0.045486,-9.824976,-9.825084,-0.001065,-0.005325,0.00426,99832.66,30.37,-0.001084
429.986958,0.020091,-0.03591,0.004788,-9.817794,-9.817861,0,-0.00852,0.00426,99832.66,30.37,0.006139
430.007052,0.020094,-0.057456,0.079002,-9.798642,-9.799129,0.001065,-0.00426,0.005325,99832.66,30.37,0.024871
430.027164,0.020112,-0.098154,0.004788,-9.829764,-9.830255,0.00639,-0.00213,0.001065,99832.66,30.37,-0.006255
430.04725,0.020086,-0.114912,-0.031122,-9.769914,-9.770639,-0.001065,-0.00852,0.005325,99835.28,30.37,0.053361
430.067421,0.020171,-0.160398,0.040698,-9.83934,-9.840731,0.00426,-0.003195,0.00213,99835.28,30.37,-0.016731
430.08751,0.020089,-0.146034,0.019152,-9.872856,-9.873955,0.00426,-0.00426,0.003195,99835.28,30.37,-0.049955
430.107601,0.020091,-0.153216,0.007182,-9.82737,-9.828567,0.003195,-0.00639,0.003195,99835.28,30.37,-0.004567
430.127708,0.020107,-0.196308,-0.021546,-9.817794,-9.81978,0.003195,-0.005325,0.005325,99835.28,30.37,0.00422
430.147803,0.020095,-0.076608,0.043092,-9.846522,-9.846914,0.00213,-0.00426,0.00426,99835.28,30.37,-0.022914
430.168139,0.020336,-0.050274,-0.009576,-9.858492,-9.858625,0.00213,-0.00426,0.00426,99840.7,30.37,-0.034625
430.188219,0.02008,0.064638,-0.014364,-9.820188,-9.820411,0.005325,-0.003195,0.005325,99840.7,30.37,0.003589
430.208339,0.020119,0.067032,0.08379,-9.89919,-9.899772,-0.001065,-0.011715,0.00213,99840.7,30.37,-0.075772
430.228434,0.020095,0.13167,0.052668,-9.729216,-9.730249,-0.00213,-0.009585,-0.001065,99840.7,30.37,0.093751
430.248537,0.020103,-0.052668,-0.090972,-9.789066,-9.78963,-0.001065,-0.00426,-0.00213,99840.7,30.37,0.03437
430.268828,0.020291,0.055062,0.081396,-9.8154,-9.815892,-0.001065,-0.01065,-0.00213,99840.7,30.37,0.008108
430.28892,0.020091,-0.028728,0.043092,-9.748368,-9.748506,0.003195,-0.007455,-0.001065,99843.46,30.37,0.075494
430.309023,0.020103,-0.15561,-0.09576,-9.858492,-9.860185,0.00213,-0.001065,0,99843.46,30.37,-0.036185
430.329115,0.020092,-0.100548,-0.002394,-9.8154,-9.815915,0.003195,-0.00639,0.001065,99843.46,30.37,0.008085
430.349255,0.020141,-0.244188,0.038304,-9.89919,-9.902275,0.001065,-0.00639,0.00213,99843.46,30.37,-0.078275
430.369429,0.020174,-0.136458,0.076608,-9.89919,-9.900427,0,-0.01065,0.003195,99843.46,30.37,-0.076427
430.389514,0.020085,-0.086184,0.004788,-9.939888,-9.940263,0.005325,-0.003195,0.00639,99848.78,30.37,-0.116263
430.409597,0.020082,-0.079002,0.02394,-9.865674,-9.866019,0.007455,-0.00213,0.00213,99848.78,30.37,-0.042019
430.429684,0.020087,-0.08379,0.033516,-9.908766,-9.909177,0.003195,-0.00426,0.00213,99848.78,30.37,-0.085177
430.449769,0.020086,-0.002394,0.009576,-9.798642,-9.798647,0.001065,-0.005325,0.00639,99848.78,30.37,0.025353
430.470246,0.020477,-0.064638,0.081396,-9.834552,-9.835101,0,-0.007455,0.00639,99848.78,30.37,-0.011101
430.490365,0.020118,-0.02394,0.01197,-9.784278,-9.784315,0.001065,-0.003195,0.00426,99848.78,30.37,0.039685
430.510451,0.020086,-0.014364,0.007182,-9.868068,-9.868081,0.00426,-0.005325,0.00426,99851.39,30.37,-0.044081
430.53055,0.020099,-0.026334,0.090972,-9.846522,-9.846977,-0.001065,-0.007455,0,99851.39,30.37,-0.022977
430.550665,0.020115,-0.043092,0.055062,-9.789066,-9.789316,0.00213,-0.00639,0.001065,99851.39,30.37,0.034684
430.571142,0.020477,-0.019152,-0.050274,-9.822582,-9.822729,0,-0.00639,0,99851.39,30.37,0.001271
430.593118,0.021976,-0.040698,-0.045486,-9.860886,-9.861075,0.005325,0,0.001065,99851.39,30.37,-0.037075
430.615511,0.022393,-0.004788,-0.02394,-9.808218,-9.808248,0.00213,-0.005325,0.00213,99854.05,30.37,0.015752
430.635599,0.020087,-0.026334,0.019152,-9.848916,-9.84897,-0.001065,-0.007455,0.001065,99854.05,30.37,-0.02497
430.655692,0.020094,-0.050274,-0.126882,-9.829764,-9.830711,0.003195,-0.005325,0.00213,99854.05,30.37,-0.006711
430.675872,0.02018,-0.004788,-0.064638,-9.789066,-9.789281,0.00213,-0.00213,0.00213,99854.05,30.37,0.034719
430.696024,0.020151,-0.093366,0.045486,-9.892008,-9.892553,0.001065,-0.003195,0.00213,99854.05,30.37,-0.068553
430.716138,0.020114,-0.067032,-0.016758,-9.853704,-9.853946,0.001065,-0.00426,0.003195,99854.05,30.37,-0.029946
430.73623,0.020092,-0.052668,0.019152,-9.813006,-9.813166,0.003195,-0.00213,0.005325,99859.42,30.37,0.010834
430.756548,0.020319,-0.105336,0.062244,-9.901584,-9.90234,0.001065,-0.00426,0.003195,99859.42,30.37,-0.07834
430.776636,0.020088,-0.038304,0.033516,-9.822582,-9.822714,0.00213,0,0.005325,99859.42,30.37,0.001286
430.796767,0.02013,-0.045486,0.052668,-9.829764,-9.83001,0.00426,-0.00426,0.003195,99859.42,30.37,-0.00601
430.816877,0.02011,-0.1197,0.090972,-9.82737,-9.82852,-0.003195,-0.005325,0.003195,99859.42,30.37,-0.00452
430.836972,0.020095,-0.07182,0.031122,-9.820188,-9.8205,0.003195,-0.001065,0.001065,99859.42,30.37,0.0035
430.857128,0.020156,-0.081396,0.026334,-9.8154,-9.815773,-0.001065,-0.007455,0.003195,99862.21,30.37,0.008227
430.877278,0.02015,-0.13167,0.057456,-9.856098,-9.857145,0.00213,-0.005325,0.00639,99862.21,30.37,-0.033145
430.897366,0.020087,-0.098154,-0.009576,-9.841734,-9.842228,0.00426,-0.00213,0.003195,99862.21,30.37,-0.018228
430.917551,0.020186,-0.14364,-0.038304,-9.85131,-9.852432,-0.00213,-0.00639,0.00213,99862.21,30.37,-0.028432
430.937633,0.020082,-0.08379,-0.064638,-9.858492,-9.85906,0.00639,-0.00213,0.00426,99862.21,30.37,-0.03506
430.957716,0.020082,-0.081396,-0.009576,-9.870462,-9.870802,0.00213,-0.00426,0.00213,99867.54,30.37,-0.046802
430.977802,0.020087,-0.055062,-0.062244,-9.88722,-9.887569,0.00426,-0.00639,0.00426,99867.54,30.37,-0.063569
430.997893,0.02009,-0.07182,-0.090972,-9.836946,-9.837629,0.003195,-0.005325,0.00426,99867.54,30.37,-0.013629
431.018276,0.020383,-0.03591,-0.07182,-9.841734,-9.842062,0.00426,-0.003195,0.00213,99867.54,30.37,-0.018062
431.038359,0.020083,0,-0.055062,-9.82737,-9.827524,0,-0.009585,0.003195,99867.54,30.37,-0.003524
431.058487,0.020128,-0.016758,-0.057456,-9.798642,-9.798825,0.00213,-0.003195,0.00426,99867.54,30.37,0.025175
431.07858,0.020094,-0.004788,0.062244,-9.856098,-9.856296,0.001065,-0.003195,0.003195,99870.28,30.37,-0.032296
431.09869,0.020109,-0.021546,0.028728,-9.85131,-9.851375,0.001065,-0.007455,0.003195,99870.28,30.37,-0.027375
431.118821,0.020132,-0.016758,-0.026334,-9.789066,-9.789116,0.005325,0.001065,0,99870.28,30.37,0.034884
431.138917,0.020096,0.01197,-0.01197,-9.848916,-9.848931,0.001065,-0.00426,0.00213,99870.28,30.37,-0.024931
431.159035,0.020118,-0.086184,0.040698,-9.86328,-9.86374,0.003195,-0.007455,0.001065,99870.28,30.37,-0.03974
431.179132,0.020098,-0.02394,-0.052668,-9.741186,-9.741358,0.001065,-0.001065,0.00213,99870.28,30.37,0.082642
431.19925,0.020118,-0.04788,-0.009576,-9.865674,-9.865795,-0.001065,-0.007455,-0.001065,99875.86,30.37,-0.041795
431.219451,0.020201,-0.081396,-0.026334,-9.848916,-9.849288,0.00213,-0.00213,-0.001065,99875.86,30.37,-0.025288
431.239531,0.02008,-0.064638,-0.009576,-9.880038,-9.880254,0.001065,-0.00639,0,99875.86,30.37,-0.056254
431.259624,0.020093,-0.055062,-0.021546,-9.85131,-9.851487,-0.00213,-0.009585,0.001065,99875.86,30.37,-0.027487
431.279715,0.02009,-0.112518,-0.014364,-9.860886,-9.861538,0.003195,-0.00639,0,99875.86,30.37,-0.037538
431.299804,0.020089,-0.136458,-0.004788,-9.880038,-9.880981,0.001065,-0.005325,0.00213,99878.5,30.37,-0.056981
431.320136,0.020332,-0.081396,-0.009576,-9.834552,-9.834893,0.001065,-0.007455,0.003195,99878.5,30.37,-0.010893
431.340242,0.020106,-0.090972,0.031122,-9.865674,-9.866143,0.003195,-0.00639,0.00213,99878.5,30.37,-0.042143
431.360343,0.020101,-0.076608,0.031122,-9.865674,-9.866021,0.001065,-0.005325,0.005325,99878.5,30.37,-0.042021
431.380452,0.020109,-0.141246,-0.009576,-9.846522,-9.84754,-0.00426,-0.011715,0.00426,99878.5,30.37,-0.02354
431.400543,0.020091,-0.086184,0,-9.820188,-9.820566,0.00426,-0.00213,0.003195,99878.5,30.37,0.003434
431.420763,0.02022,-0.026334,0,-9.85131,-9.851345,0.003195,-0.003195,0.005325,99881.32,30.37,-0.027345
431.440865,0.020101,-0.02394,-0.021546,-9.736398,-9.736451,-0.001065,-0.00852,0.00213,99881.32,30.37,0.087549
431.460968,0.020103,0.002394,-0.028728,-9.76752,-9.767563,0.001065,-0.003195,0.005325,99881.32,30.37,0.056437
431.48115,0.020182,-0.043092,0.002394,-9.813006,-9.813101,0.00426,-0.007455,0.00639,99881.32,30.37,0.010899
431.501338,0.020188,-0.062244,-0.01197,-9.76752,-9.767726,0.003195,-0.005325,0.00426,99881.32,30.37,0.056274
431.52146,0.020122,-0.014364,-0.009576,-9.80343,-9.803445,-0.001065,-0.005325,0.001065,99881.32,30.37,0.020555
431.541546,0.020086,0.02394,0.033516,-9.798642,-9.798729,-0.001065,-0.00852,0.00213,99886.95,30.37,0.025271
431.56166,0.020114,-0.021546,0.004788,-9.805824,-9.805849,-0.001065,-0.00852,0.00426,99886.95,30.37,0.018151
431.581752,0.020092,-0.043092,-0.016758,-9.894402,-9.89451,0.00213,-0.00213,0.00213,99886.95,30.37,-0.07051
431.601844,0.020093,-0.033516,0.031122,-9.829764,-9.82987,0.001065,-0.01065,0.00426,99886.95,30.37,-0.00587
431.622218,0.020374,-0.124488,0.043092,-9.853704,-9.854585,0,-0.005325,0.00426,99886.95,30.37,-0.030585
431.64236,0.020142,-0.09576,0.079002,-9.89919,-9.899968,0.001065,-0.00852,0.007455,99889.61,30.37,-0.075968
431.662457,0.020097,-0.076608,0.009576,-9.832158,-9.832461,0.003195,-0.00639,0.005325,99889.61,30.37,-0.008461
431.682555,0.020098,-0.076608,0.033516,-9.868068,-9.868422,0.00213,-0.00426,0.00426,99889.61,30.37,-0.044422
431.702666,0.020111,-0.021546,0.050274,-9.884826,-9.884977,0.003195,-0.00639,0.005325,99889.61,30.37,-0.060977
431.722791,0.020126,-0.026334,0.007182,-9.786672,-9.78671,0,-0.005325,0.005325,99889.61,30.37,0.03729
431.742875,0.020084,-0.028728,-0.002394,-9.870462,-9.870504,0.003195,-0.00426,0.005325,99889.61,30.37,-0.046504
431.762971,0.020096,-0.069426,-0.064638,-9.824976,-9.825434,0.00213,-0.00426,0.003195,99894.95,30.37,-0.001434
431.783078,0.020106,0.007182,-0.102942,-9.753156,-9.753702,0.00213,-0.00426,0.005325,99894.95,30.37,0.070298
431.803169,0.020091,-0.028728,-0.057456,-9.817794,-9.818004,0.003195,-0.00426,0.00213,99894.95,30.37,0.005996
431.823631,0.020462,-0.033516,-0.090972,-9.822582,-9.82306,0,-0.007455,0.003195,99894.95,30.37,0.00094
431.84372,0.020088,0.01197,-0.088578,-9.757944,-9.758353,0.00213,-0.001065,0.00213,99894.95,30.37,0.065647
431.863808,0.020088,-0.112518,-0.07182,-9.8154,-9.816308,0.005325,0,0.003195,99894.95,30.37,0.007692
431.883894,0.020086,0.016758,0.03591,-9.777096,-9.777176,-0.00213,-0.009585,-0.001065,99897.59,30.37,0.046824
431.903985,0.020091,0.038304,-0.038304,-9.824976,-9.825125,0.003195,-0.00639,0,99897.59,30.37,-0.001125
431.924362,0.020377,-0.069426,-0.002394,-9.86328,-9.863525,0.00852,-0.00213,-0.003195,99897.59,30.37,-0.039525
431.946534,0.022172,-0.110124,0.026334,-9.870462,-9.871111,0.00213,-0.00213,0,99897.59,30.37,-0.047111
431.966621,0.020086,-0.134064,0.021546,-10.011708,-10.012629,0.001065,-0.007455,0.001065,99897.59,30.37,-0.188629
431.986713,0.020092,-0.114912,0.052668,-9.894402,-9.895209,0.00213,-0.005325,0.00213,99903.17,30.37,-0.071209
432.006799,0.020086,-0.098154,0.067032,-9.798642,-9.799363,0.00213,-0.00426,0.001065,99903.17,30.37,0.024637
432.026912,0.020113,-0.150822,-0.081396,-9.860886,-9.862375,0,-0.001065,0.003195,99903.17,30.37,-0.038375
432.047174,0.020262,-0.138852,-0.100548,-9.738792,-9.740301,-0.001065,-0.005325,0.005325,99903.17,30.37,0.083699
432.067257,0.020083,-0.153216,-0.02394,-9.829764,-9.830987,0.001065,-0.005325,0.00426,99903.17,30.37,-0.006987
432.087345,0.020088,-0.100548,-0.033516,-9.77949,-9.780064,0,-0.00213,0.00426,99903.17,30.37,0.043936
432.107434,0.02009,-0.129276,-0.067032,-9.777096,-9.77818,0.001065,-0.005325,0.00426,99905.93,30.37,0.04582
432.127524,0.02009,-0.102942,-0.04788,-9.834552,-9.835207,0.00639,-0.003195,0.00426,99905.93,30.37,-0.011207
432.147752,0.020228,-0.016758,0.088578,-9.85131,-9.851722,0.003195,-0.005325,0.00426,99905.93,30.37,-0.027722
432.171047,0.023295,-0.04788,0.021546,-9.805824,-9.805965,0.00213,-0.003195,0.00213,99905.93,30.37,0.018035
432.192604,0.021557,-0.04788,0.021546,-9.88722,-9.887359,0.001065,-0.00639,0.00213,99905.93,30.37,-0.063359
432.212684,0.020081,-0.026334,0.045486,-9.836946,-9.837086,0,-0.00426,-0.00213,99911.55,30.37,-0.013086
432.232771,0.020086,0,0.002394,-9.841734,-9.841734,0.001065,-0.00852,0.001065,99911.55,30.37,-0.017734
432.252868,0.020097,-0.1197,0.062244,-9.880038,-9.880959,-0.001065,-0.009585,0.001065,99911.55,30.37,-0.056959
432.272995,0.020127,0.002394,-0.055062,-9.793854,-9.794009,0.00213,-0.005325,0,99911.55,30.37,0.029991
432.293301,0.020306,-0.045486,-0.076608,-9.841734,-9.842137,-0.001065,-0.007455,0.003195,99911.55,30.37,-0.018137
432.313384,0.020083,-0.057456,-0.028728,-9.834552,-9.834762,0,-0.009585,0.00213,99911.55,30.37,-0.010762
432.333449,0.020066,0.007182,-0.100548,-9.757944,-9.758465,0.00213,-0.003195,0.00426,99914.53,30.37,0.065535
432.353545,0.020095,-0.050274,-0.021546,-9.801036,-9.801189,0.003195,-0.003195,0.001065,99914.53,30.37,0.022811
432.373766,0.020222,-0.08379,-0.019152,-9.848916,-9.849291,0.00213,-0.00213,0.00426,99914.53,30.37,-0.025291
432.393913,0.020146,-0.016758,-0.002394,-9.80343,-9.803445,0.005325,-0.003195,0.00213,99914.53,30.37,0.020555
432.414008,0.020096,-0.079002,0.019152,-9.83934,-9.839676,0.003195,-0.00852,0.00426,99914.53,30.37,-0.015676
432.434127,0.020119,-0.038304,-0.040698,-9.8154,-9.815559,0.001065,-0.00639,0.00426,99917.45,30.37,0.008441
432.454215,0.020088,-0.043092,0.007182,-9.858492,-9.858589,0.00639,0.001065,0.001065,99917.45,30.37,-0.034589
432.474353,0.020138,-0.08379,0.052668,-9.856098,-9.856595,0.00213,-0.00426,0.00426,99917.45,30.37,-0.032595
432.494604,0.020251,-0.110124,0.064638,-9.817794,-9.818624,0.003195,-0.005325,0.003195,99917.45,30.37,0.005376
432.51469,0.020086,-0.122094,-0.009576,-9.844128,-9.84489,0.00426,-0.005325,0.00426,99917.45,30.37,-0.02089
432.534779,0.020089,-0.153216,0.002394,-9.860886,-9.862077,0.003195,-0.003195,0.001065,99917.45,30.37,-0.038077
432.554928,0.020149,-0.150822,0.009576,-9.82737,-9.828532,0.003195,-0.00213,0.00426,99923.53,30.37,-0.004532
432.575069,0.020141,-0.129276,0.016758,-9.872856,-9.873717,0.00213,-0.00639,0.005325,99923.53,30.37,-0.049717
432.595289,0.02022,-0.15561,0.021546,-9.793854,-9.795114,0,-0.00639,0.001065,99923.53,30.37,0.028886
432.615437,0.020148,-0.114912,0,-9.865674,-9.866343,0.005325,0,0.003195,99923.53,30.37,-0.042343
432.635523,0.020085,-0.098154,-0.01197,-9.870462,-9.870957,0.00213,-0.00639,0.003195,99923.53,30.37,-0.046957
432.655609,0.020086,-0.100548,-0.009576,-9.85131,-9.851828,0,-0.00426,0.00213,99923.53,30.37,-0.027828
432.675788,0.020179,-0.050274,0.014364,-9.822582,-9.822721,-0.001065,-0.00852,0.00639,99926.51,30.37,0.001279
432.696318,0.02053,-0.01197,0.002394,-9.834552,-9.83456,0.00213,-0.005325,0.007455,99926.51,30.37,-0.01056
432.718217,0.021899,-0.014364,-0.076608,-9.8154,-9.815709,0.001065,-0.001065,0.003195,99926.51,30.37,0.008291
432.738303,0.020086,0.067032,-0.04788,-9.817794,-9.81814,-0.003195,-0.00852,0.00213,99926.51,30.37,0.00586
432.758486,0.020182,0.038304,0.03591,-9.808218,-9.808359,0.00213,-0.00852,0.003195,99926.51,30.37,0.015641
432.778599,0.020114,0.028728,-0.014364,-9.784278,-9.784331,0.00213,-0.005325,0.00426,99932.09,30.37,0.039669
432.798758,0.020158,-0.033516,-0.050274,-9.836946,-9.837132,0.001065,-0.00639,0.00426,99932.09,30.37,-0.013132
432.818964,0.020206,0.01197,-0.038304,-9.813006,-9.813088,0.00213,-0.00213,0.005325,99932.09,30.37,0.010912
432.839078,0.020114,-0.026334,0.064638,-9.822582,-9.82283,0,-0.005325,0.005325,99932.09,30.37,0.00117
432.859224,0.020146,-0.050274,0.031122,-9.829764,-9.829942,0.00213,-0.00639,0,99932.09,30.37,-0.005942
432.879323,0.020098,-0.057456,0.009576,-9.834552,-9.834724,0,-0.00639,-0.001065,99932.09,30.37,-0.010724
432.899463,0.02014,-0.098154,-0.014364,-9.872856,-9.873354,0.003195,-0.003195,-0.001065,99934.98,30.37,-0.049354
432.920054,0.020591,-0.067032,-0.007182,-9.872856,-9.873086,0,-0.00426,0,99934.98,30.37,-0.049086
432.941988,0.021934,-0.067032,0.016758,-9.848916,-9.849158,0.00213,-0.00852,0,99934.98,30.37,-0.025158
432.962069,0.020082,-0.110124,0.019152,-9.836946,-9.837581,0,-0.009585,0.001065,99934.98,30.37,-0.013581
432.982178,0.020109,-0.169974,0.019152,-9.868068,-9.86955,-0.003195,-0.009585,0.00213,99934.98,30.37,-0.04555
433.002282,0.020104,-0.08379,-0.055062,-9.824976,-9.825488,0.00213,-0.001065,0.003195,99934.98,30.37,-0.001488
433.022418,0.020136,-0.050274,0.062244,-9.8154,-9.815726,0,-0.005325,0.00426,99940.81,30.37,0.008274
433.04264,0.020222,-0.009576,0.040698,-9.793854,-9.793943,0,-0.00639,0.005325,99940.81,30.37,0.030057
433.06275,0.02011,-0.08379,0.01197,-9.846522,-9.846886,-0.00213,-0.009585,0.003195,99940.81,30.37,-0.022886
433.082874,0.020124,-0.02394,-0.067032,-9.801036,-9.801294,0.00213,-0.003195,0.005325,99940.81,30.37,0.022706
433.103018,0.020144,-0.069426,-0.067032,-9.774702,-9.775178,0.003195,-0.001065,0.005325,99940.81,30.37,0.048822
433.123205,0.020187,-0.040698,0.050274,-9.844128,-9.844341,-0.001065,-0.007455,0.00426,99943.62,30.37,-0.020341
433.143966,0.020761,-0.076608,0.009576,-9.772308,-9.772613,0.00213,-0.009585,0.003195,99943.62,30.37,0.051387
433.165668,0.021702,-0.014364,-0.014364,-9.860886,-9.860907,0.003195,-0.005325,0.00426,99943.62,30.37,-0.036907
433.185761,0.020093,-0.079002,0.014364,-9.82737,-9.827698,0.001065,-0.00426,0.003195,99943.62,30.37,-0.003698
433.205853,0.020092,-0.076608,-0.007182,-9.832158,-9.832459,0.003195,-0.00426,0.001065,99943.62,30.37,-0.008459
433.225946,0.020093,-0.150822,0.033516,-9.844128,-9.84534,0.003195,-0.00852,0.003195,99943.62,30.37,-0.02134
433.246089,0.020143,-0.169974,0.055062,-9.844128,-9.845749,0.00426,-0.00639,0.00426,99949.23,30.37,-0.021749
433.266441,0.020353,-0.134064,-0.026334,-9.88722,-9.888164,0.003195,-0.005325,0.00426,99949.23,30.37,-0.064164
433.286533,0.020091,-0.112518,0.02394,-9.882432,-9.883102,0.001065,-0.009585,0.003195,99949.23,30.37,-0.059102
433.306905,0.020372,-0.081396,-0.031122,-9.810612,-9.810999,-0.001065,-0.00426,0.00639,99949.23,30.37,0.013001
433.327032,0.020128,-0.031122,-0.02394,-9.844128,-9.844206,0.00213,-0.00639,0.00426,99949.23,30.37,-0.020206
433.34734,0.020308,-0.016758,-0.021546,-9.85131,-9.851348,-0.001065,-0.009585,0.003195,99951.95,30.37,-0.027348
433.367523,0.020183,0.007182,0.021546,-9.832158,-9.832184,0,-0.00639,0.00639,99951.95,30.37,-0.008184
433.389367,0.021843,0.050274,0.014364,-9.829764,-9.829903,-0.001065,-0.009585,0.00426,99951.95,30.37,-0.005903
433.409452,0.020086,-0.026334,-0.028728,-9.781884,-9.781962,0,-0.00852,0.00426,99951.95,30.37,0.042038
433.429542,0.020089,-0.014364,-0.014364,-9.8154,-9.815421,0.00213,-0.00639,0.00213,99951.95,30.37,0.008579
433.449629,0.020087,-0.045486,0.009576,-9.817794,-9.817904,0.001065,-0.00852,0.00426,99951.95,30.37,0.006096
433.469717,0.020089,-0.05985,-0.033516,-9.796248,-9.796488,0,-0.00852,0.00426,99954.66,30.36,0.027512
433.490026,0.020309,-0.086184,-0.045486,-9.796248,-9.796733,0.00426,-0.005325,0.00426,99954.66,30.36,0.027267
433.51012,0.020094,-0.098154,0.002394,-9.76752,-9.768013,0.00213,-0.00426,0.005325,99954.66,30.36,0.055987
433.530273,0.020153,-0.114912,-0.033516,-9.817794,-9.818524,0.00213,-0.001065,0.003195,99954.66,30.36,0.005476
433.550369,0.020097,-0.04788,0.074214,-9.820188,-9.820585,0.00426,-0.00639,0.001065,99954.66,30.36,0.003415
433.570472,0.020103,-0.093366,-0.038304,-9.836946,-9.837464,0.00426,-0.003195,0,99954.66,30.36,-0.013464
433.590796,0.020324,-0.129276,-0.069426,-9.801036,-9.802134,0.00213,-0.001065,0.001065,99960.21,30.36,0.021866
433.610887,0.020091,-0.093366,-0.004788,-9.880038,-9.88048,0.00213,-0.007455,0.00213,99960.21,30.36,-0.05648
433.630987,0.020099,-0.069426,-0.031122,-9.822582,-9.822877,0,-0.00426,0.005325,99960.21,30.36,0.001123
433.651094,0.020108,-0.146034,-0.028728,-9.870462,-9.871584,0.003195,-0.003195,0.00426,99960.21,30.36,-0.047584
433.671223,0.020129,-0.110124,-0.019152,-9.865674,-9.866307,-0.001065,-0.005325,0.001065,99960.21,30.36,-0.042307
433.69208,0.020856,-0.055062,-0.100548,-9.820188,-9.820857,0.005325,-0.003195,0.003195,99960.21,30.36,0.003143
433.713397,0.021317,-0.14364,-0.069426,-9.848916,-9.850208,0.00213,-0.00639,0.00426,99962.75,30.36,-0.026208
433.733485,0.020087,-0.088578,0.009576,-9.880038,-9.88044,-0.00213,-0.009585,0.00426,99962.75,30.36,-0.05644
433.753573,0.020088,-0.033516,-0.074214,-9.798642,-9.79898,-0.001065,-0.007455,0.005325,99962.75,30.36,0.02502
433.773664,0.020091,-0.040698,-0.007182,-9.8154,-9.815487,0.00426,-0.005325,0.00213,99962.75,30.36,0.008513
433.793765,0.020101,-0.069426,0.043092,-9.872856,-9.873194,0.001065,-0.007455,0.00213,99962.75,30.36,-0.049194
433.813884,0.020119,0.004788,-0.014364,-9.765126,-9.765138,0.00213,-0.003195,0.003195,99968.15,30.36,0.058862
433.834022,0.020139,-0.04788,0.05985,-9.832158,-9.832457,0.00639,-0.00213,0.001065,99968.15,30.36,-0.008457
433.854104,0.020082,-0.07182,0.08379,-9.870462,-9.871079,0,-0.00852,0,99968.15,30.36,-0.047079
433.874198,0.020094,-0.086184,0.028728,-9.817794,-9.818214,-0.001065,-0.003195,-0.001065,99968.15,30.36,0.005786
433.894293,0.020094,-0.062244,0.062244,-9.870462,-9.870855,0.00213,-0.009585,-0.001065,99968.15,30.36,-0.046855
433.914399,0.020107,-0.102942,0.045486,-9.805824,-9.80647,0.00213,-0.00639,-0.001065,99968.15,30.36,0.01753
433.934501,0.020101,-0.03591,-0.043092,-9.801036,-9.801197,0.001065,-0.003195,-0.00213,99971.05,30.36,0.022803
433.954588,0.020088,-0.079002,-0.014364,-9.820188,-9.820516,-0.003195,-0.00426,0,99971.05,30.36,0.003484
433.974689,0.0201,-0.117306,-0.112518,-9.8154,-9.816746,0.001065,-0.00639,0.00213,99971.05,30.36,0.007254
433.994789,0.0201,-0.114912,-0.055062,-9.86328,-9.864103,0.00213,-0.00639,0.003195,99971.05,30.36,-0.040103
434.015632,0.020843,-0.05985,-0.112518,-9.796248,-9.797077,0.001065,-0.00426,0.003195,99971.05,30.36,0.026923
434.03578,0.020148,-0.09576,0.007182,-9.846522,-9.84699,0.001065,-0.005325,0.003195,99976.78,30.36,-0.02299
434.055916,0.020136,-0.07182,-0.01197,-9.880038,-9.880306,0.007455,0.001065,0.00426,99976.78,30.36,-0.056306
434.076025,0.020109,-0.055062,0.007182,-9.805824,-9.805981,0.001065,-0.003195,0.00426,99976.78,30.36,0.018019
434.096131,0.020106,-0.110124,0.038304,-9.832158,-9.832849,0.00426,-0.00426,0.00426,99976.78,30.36,-0.008849
434.116339,0.020209,-0.062244,0.08379,-9.894402,-9.894953,0.00213,-0.00426,0.00426,99976.78,30.36,-0.070953
434.136426,0.020086,-0.079002,0.055062,-9.865674,-9.866144,0.003195,-0.003195,0.003195,99976.78,30.36,-0.042144
434.156509,0.020084,-0.07182,-0.002394,-9.829764,-9.830027,0.005325,-0.003195,0.003195,99979.45,30.36,-0.006027
434.176659,0.020149,-0.090972,0.067032,-9.906372,-9.907016,0.00213,-0.00426,0.00213,99979.45,30.36,-0.083016
434.196792,0.020133,-0.043092,-0.002394,-9.889614,-9.889708,0.00213,-0.00639,0.00213,99979.45,30.36,-0.065708
434.216964,0.020173,-0.07182,-0.002394,-9.894402,-9.894663,0,-0.00639,0.00213,99979.45,30.36,-0.070663
434.23705,0.020086,-0.02394,-0.07182,-9.781884,-9.782177,-0.00213,-0.01065,0.001065,99979.45,30.36,0.041823
434.257151,0.020101,-0.016758,-0.086184,-9.75555,-9.755945,0.00213,-0.00852,0.00213,99979.45,30.36,0.068055
434.277288,0.020137,-0.052668,-0.03591,-9.824976,-9.825183,0.003195,-0.00639,0.003195,99985.03,30.36,-0.001183
434.297373,0.020085,-0.004788,-0.088578,-9.769914,-9.770317,0.001065,-0.00852,0.00426,99985.03,30.36,0.053683
434.317668,0.020295,-0.019152,-0.09576,-9.774702,-9.77519,0.005325,-0.003195,0.005325,99985.03,30.36,0.04881
434.337774,0.020106,-0.055062,-0.016758,-9.880038,-9.880206,0.00213,-0.007455,0.003195,99985.03,30.36,-0.056206
434.357882,0.020108,-0.026334,-0.02394,-9.801036,-9.801101,0.00213,-0.00213,0.005325,99985.03,30.36,0.022899
434.377972,0.02009,-0.057456,-0.002394,-9.810612,-9.810781,0.00426,-0.005325,0.003195,99987.8,30.36,0.013219
434.398122,0.02015,-0.045486,0.07182,-9.853704,-9.854071,0.00426,-0.00213,0.005325,99987.8,30.36,-0.030071
434.418349,0.020227,-0.038304,0.004788,-9.829764,-9.82984,0.00213,0,0.00426,99987.8,30.36,-0.00584
434.438442,0.020093,0,0.052668,-9.896796,-9.896936,0,-0.007455,0.003195,99987.8,30.36,-0.072936
434.458525,0.020083,-0.062244,0.10773,-9.949464,-9.950242,0.001065,-0.00426,0.003195,99987.8,30.36,-0.126242
434.478656,0.020131,-0.100548,0.026334,-9.853704,-9.854252,-0.001065,-0.001065,0.003195,99987.8,30.36,-0.030252
434.498751,0.020095,-0.1197,-0.028728,-9.865674,-9.866442,0.003195,-0.00639,0.001065,99990.45,30.36,-0.042442
434.518981,0.02023,-0.138852,0.02394,-9.824976,-9.825986,-0.001065,-0.005325,0.00213,99990.45,30.36,-0.001986
434.539075,0.020094,-0.100548,0.019152,-9.817794,-9.818328,0,-0.00639,0.001065,99990.45,30.36,0.005672
434.559158,0.020083,-0.150822,0.033516,-9.820188,-9.821403,0,-0.00639,0.001065,99990.45,30.36,0.002597
434.579249,0.020091,-0.124488,-0.064638,-9.836946,-9.837946,0.005325,-0.00426,0.003195,99990.45,30.36,-0.013946
434.599349,0.0201,-0.098154,-0.016758,-9.796248,-9.796754,0.003195,-0.003195,0.00213,99990.45,30.36,0.027246
434.619573,0.020224,-0.10773,0.04788,-9.853704,-9.854409,-0.001065,-0.00639,0.001065,99995.77,30.36,-0.030409
434.639658,0.020085,-0.081396,-0.076608,-9.786672,-9.78731,0.003195,-0.001065,0.005325,99995.77,30.36,0.03669
434.659761,0.020103,-0.050274,-0.031122,-9.813006,-9.813184,0.00639,-0.003195,0.00426,99995.77,30.36,0.010816
434.679875,0.020114,-0.081396,-0.028728,-9.841734,-9.842113,0.00426,-0.00426,0.005325,99995.77,30.36,-0.018113
434.699986,0.020111,-0.040698,0.02394,-9.786672,-9.786786,0.00213,-0.00639,0.003195,99995.77,30.36,0.037214
434.72027,0.020283,0.007182,0.007182,-9.817794,-9.817799,0,-0.00852,0.00639,99998.53,30.36,0.006201
434.740523,0.020254,-0.02394,-0.02394,-9.786672,-9.786731,0.001065,-0.007455,0.00639,99998.53,30.36,0.037269
434.760606,0.020083,0.007182,-0.064638,-9.777096,-9.777312,0.003195,0,0.005325,99998.53,30.36,0.046688
434.780751,0.020145,-0.02394,0.021546,-9.86328,-9.863333,0.003195,-0.00852,0.00426,99998.53,30.36,-0.039333
434.800855,0.020104,-0.057456,0.03591,-9.87525,-9.875482,0.00213,-0.005325,0.003195,99998.53,30.36,-0.051482
434.820955,0.020099,-0.02394,0.014364,-9.820188,-9.820228,0.00426,-0.005325,0.005325,99998.53,30.36,0.003772
434.84104,0.020085,-0.112518,-0.021546,-9.870462,-9.871127,0.001065,-0.00426,0.00213,100004.02,30.36,-0.047127
434.861165,0.020125,-0.134064,0,-9.817794,-9.818709,0.00213,-0.001065,0.003195,100004.02,30.36,0.005291
434.881322,0.020157,-0.102942,-0.002394,-9.865674,-9.866211,0.00213,-0.00213,0.00426,100004.02,30.36,-0.042211
434.901518,0.020195,-0.14364,0.016758,-9.80343,-9.804497,-0.001065,-0.00426,0.00426,100004.02,30.36,0.019503
434.92179,0.020272,-0.148428,-0.057456,-9.793854,-9.795147,0.00213,-0.00639,0.001065,100004.02,30.36,0.028853
434.941873,0.020083,-0.100548,-0.031122,-9.836946,-9.837509,0.003195,-0.00639,0.003195,100004.02,30.36,-0.013509
434.961961,0.020088,-0.134064,0.004788,-9.805824,-9.806742,0,-0.00639,0.00213,100006.68,30.36,0.017258
434.98205,0.020089,-0.10773,0.031122,-9.834552,-9.835191,0.003195,-0.007455,0.003195,100006.68,30.36,-0.011191
435.00215,0.0201,-0.007182,0.057456,-9.846522,-9.846692,0,-0.007455,0.00213,100006.68,30.36,-0.022692
435.022509,0.020359,-0.074214,0.08379,-9.83934,-9.839977,0.001065,-0.005325,0.007455,100006.68,30.36,-0.015977
435.044645,0.022136,-0.026334,-0.04788,-9.844128,-9.84428,0.003195,-0.001065,0.00426,100006.68,30.36,-0.02028
435.064737,0.020092,-0.002394,0.043092,-9.880038,-9.880132,0.001065,-0.00852,0.001065,100012.13,30.36,-0.056132
435.084853,0.020116,0.002394,-0.002394,-9.801036,-9.801037,-0.00213,-0.009585,0.00213,100012.13,30.36,0.022963
435.10497,0.020117,-0.007182,0.019152,-9.82737,-9.827391,0.00426,-0.005325,0.003195,100012.13,30.36,-0.003391
435.125074,0.020103,-0.019152,0,-9.865674,-9.865693,0,-0.007455,0.003195,100012.13,30.36,-0.041693
435.145543,0.02047,-0.07182,-0.05985,-9.860886,-9.861329,0,-0.00639,0.00426,100012.13,30.36,-0.037329
435.167648,0.022105,0.033516,0.01197,-9.85131,-9.851374,-0.003195,-0.01065,0.003195,100012.13,30.36,-0.027374
435.187738,0.02009,-0.05985,-0.028728,-9.820188,-9.820412,-0.001065,-0.00852,0.001065,100014.94,30.36,0.003588
435.207828,0.02009,0.081396,-0.086184,-9.82737,-9.828085,0.00426,0,0.00213,100014.94,30.36,-0.004085
435.227929,0.020101,0.007182,0.052668,-9.822582,-9.822726,0.00213,-0.00213,0.00213,100014.94,30.36,0.001274
435.248026,0.020097,-0.10773,0.004788,-9.772308,-9.772903,0,-0.00426,0,100014.94,30.36,0.051097
435.268325,0.020299,-0.016758,0.026334,-9.808218,-9.808268,0,-0.00426,0.00213,100014.94,30.36,0.015732
435.288413,0.020089,0.01197,-0.102942,-9.757944,-9.758494,0.007455,0,0.001065,100020.37,30.36,0.065506
435.308498,0.020085,-0.13167,-0.088578,-9.813006,-9.814289,0.00426,-0.00213,0.00213,100020.37,30.36,0.009711
435.328606,0.020108,-0.067032,0.002394,-9.860886,-9.861114,0.00639,0.003195,0.003195,100020.37,30.36,-0.037114
435.348698,0.020092,-0.110124,0.064638,-9.820188,-9.821018,0.00213,-0.007455,0.003195,100020.37,30.36,0.002982
435.369059,0.020361,-0.129276,0.009576,-9.844128,-9.844981,0.00213,-0.00852,0.003195,100020.37,30.36,-0.020981
435.389149,0.02009,-0.13167,0.050274,-9.937494,-9.938493,0.001065,-0.00213,0.005325,100020.37,30.36,-0.114493
435.409482,0.020333,-0.124488,0.002394,-9.872856,-9.873641,0.00213,-0.007455,0.005325,100023.13,30.36,-0.049641
435.429571,0.020089,-0.114912,0.050274,-9.832158,-9.832958,0.001065,-0.005325,0.00426,100023.13,30.36,-0.008958
435.449664,0.020094,-0.055062,0.04788,-9.834552,-9.834823,-0.00213,-0.005325,0.00426,100023.13,30.36,-0.010823
435.46976,0.020095,-0.100548,0.057456,-9.83934,-9.840021,0.003195,-0.00213,0.005325,100023.13,30.36,-0.016021
435.489846,0.020086,-0.021546,0.062244,-9.858492,-9.858712,0.00213,-0.00213,0,100023.13,30.36,-0.034712
435.509941,0.020096,-0.002394,0.067032,-9.824976,-9.825205,-0.00213,-0.009585,0.00213,100023.13,30.36,-0.001205
435.530045,0.020104,-0.05985,0.05985,-9.781884,-9.78225,0,-0.007455,-0.001065,100025.98,30.36,0.04175
435.55015,0.020104,-0.038304,-0.004788,-9.860886,-9.860962,0.00213,-0.005325,0.003195,100025.98,30.36,-0.036962
435.570464,0.020315,0.004788,-0.02394,-9.789066,-9.789096,0.003195,-0.009585,-0.003195,100025.98,30.36,0.034904
435.590565,0.0201,-0.057456,-0.062244,-9.829764,-9.830129,0.00213,-0.003195,0,100025.98,30.36,-0.006129
435.610657,0.020092,-0.057456,-0.038304,-9.87525,-9.875491,0.00426,-0.01065,0,100025.98,30.36,-0.051491
435.630743,0.020086,-0.114912,-0.040698,-9.829764,-9.83052,-0.001065,-0.00852,0.001065,100031.69,30.36,-0.00652
435.650852,0.020109,-0.093366,-0.090972,-9.805824,-9.80669,0.00213,-0.00639,0.005325,100031.69,30.36,0.01731
435.671074,0.020222,-0.057456,-0.052668,-9.877644,-9.877952,0.00213,-0.005325,0.005325,100031.69,30.36,-0.053952
435.691196,0.020121,-0.009576,-0.014364,-9.822582,-9.822597,0.00213,-0.005325,0.00426,100031.69,30.36,0.001403
435.711294,0.020099,-0.069426,-0.028728,-9.82737,-9.827657,0.003195,-0.003195,0.005325,100031.69,30.36,-0.003657
435.731392,0.020098,-0.038304,-0.002394,-9.820188,-9.820263,0.003195,-0.00426,0.00639,100031.69,30.36,0.003737
435.751493,0.020101,-0.050274,0.01197,-9.808218,-9.808354,0.001065,-0.007455,0.00639,100034.52,30.36,0.015646
435.771921,0.020427,-0.122094,-0.01197,-9.865674,-9.866437,0.00426,-0.001065,0.00213,100034.52,30.36,-0.042437
435.794127,0.022207,-0.07182,0.045486,-9.856098,-9.856465,0.003195,-0.00426,0.00426,100034.52,30.36,-0.032465
435.814231,0.020103,-0.031122,0.01197,-9.801036,-9.801093,0.00213,-0.003195,0.003195,100034.52,30.36,0.022907
435.834315,0.020085,-0.112518,0.08379,-9.918342,-9.919334,0.001065,-0.003195,0.00213,100034.52,30.36,-0.095334
435.854399,0.020083,-0.062244,-0.014364,-9.822582,-9.82279,0.00213,-0.009585,0.003195,100034.52,30.36,0.00121
435.874494,0.020095,-0.057456,0.067032,-9.83934,-9.839736,0.005325,-0.00426,0,100040.44,30.36,-0.015736
435.894692,0.020197,-0.112518,0.081396,-9.882432,-9.883408,0,-0.00639,0.003195,100040.44,30.36,-0.059408
435.914786,0.020095,-0.09576,0.004788,-9.846522,-9.846989,0.005325,-0.003195,0.001065,100040.44,30.36,-0.022989
435.934889,0.020103,-0.124488,-0.004788,-9.829764,-9.830553,0.003195,-0.00639,0.00213,100040.44,30.36,-0.006553
435.954978,0.020089,-0.138852,-0.033516,-9.89919,-9.90022,0.001065,-0.00426,0.00426,100040.44,30.36,-0.07622
435.975091,0.020113,-0.057456,-0.045486,-9.772308,-9.772583,0.003195,-0.00426,0.00639,100043.36,30.36,0.051417
435.995446,0.020355,-0.090972,-0.05985,-9.836946,-9.837549,0.001065,-0.00426,0.00426,100043.36,30.36,-0.013549
436.015554,0.020108,-0.055062,-0.13167,-9.832158,-9.833194,0.00639,0.00213,0.007455,100043.36,30.36,-0.009194
436.035636,0.020083,-0.08379,-0.052668,-9.844128,-9.844625,0.00426,-0.003195,0.00426,100043.36,30.36,-0.020625
436.055743,0.020106,-0.016758,0.031122,-9.860886,-9.860949,0.001065,-0.011715,0.00426,100043.36,30.36,-0.036949
436.075834,0.020092,-0.004788,-0.043092,-9.777096,-9.777192,0,-0.00852,0.00213,100043.36,30.36,0.046808
436.095978,0.020144,0.026334,-0.004788,-9.83934,-9.839376,0.00213,-0.00426,0.00426,100049.34,30.36,-0.015376
436.11606,0.020082,-0.01197,0.026334,-9.870462,-9.870504,0.003195,-0.00639,0.003195,100049.34,30.36,-0.046504
436.136179,0.020118,0.031122,-0.014364,-9.853704,-9.853764,0.001065,-0.005325,0.00213,100049.34,30.36,-0.029764
436.156275,0.020097,0.050274,0.055062,-9.822582,-9.822865,-0.001065,-0.007455,0.00213,100049.34,30.36,0.001135
436.176435,0.02016,-0.086184,0.07182,-9.872856,-9.873493,0,-0.00639,-0.001065,100049.34,30.36,-0.049493
436.196661,0.020226,-0.055062,-0.02394,-9.76752,-9.767705,0.003195,0.001065,0,100049.34,30.36,0.056295
436.216753,0.020092,-0.064638,0.050274,-9.860886,-9.861226,-0.001065,-0.009585,0,100052.31,30.36,-0.037226
436.236884,0.020131,-0.117306,0.038304,-9.870462,-9.871233,0,-0.003195,0,100052.31,30.36,-0.047233
436.257165,0.020281,-0.129276,-0.002394,-9.784278,-9.785132,0.001065,-0.00213,0,100052.31,30.36,0.038868
436.277303,0.020138,-0.160398,0,-9.810612,-9.811923,0.001065,-0.005325,0.001065,100052.31,30.36,0.012077
436.297841,0.020538,-0.177156,-0.040698,-9.88722,-9.888891,0.00426,-0.005325,0.003195,100052.31,30.36,-0.064891
436.319743,0.021902,-0.129276,0.033516,-9.868068,-9.868972,0.00213,-0.005325,0.003195,100055.26,30.36,-0.044972
436.339832,0.020089,-0.14364,-0.002394,-9.872856,-9.873901,0,-0.009585,0.00426,100055.26,30.36,-0.049901
436.359921,0.020089,-0.134064,-0.014364,-9.844128,-9.845051,0,-0.009585,0.00426,100055.26,30.36,-0.021051
436.380011,0.02009,-0.05985,0,-9.880038,-9.880219,0.00213,-0.00639,0.00426,100055.26,30.36,-0.056219
436.400103,0.020092,-0.02394,-0.004788,-9.89919,-9.89922,0.00213,-0.00639,0.00852,100055.26,30.36,-0.07522
436.420616,0.020513,0.002394,0.01197,-9.860886,-9.860894,-0.003195,-0.009585,0.003195,100055.26,30.36,-0.036894
436.442748,0.022132,0.026334,0.026334,-9.82737,-9.827441,0,-0.00639,0.00426,100061.16,30.36,-0.003441
436.462831,0.020083,0.02394,-0.038304,-9.796248,-9.796352,0.001065,-0.00426,0.00213,100061.16,30.36,0.027648
436.482931,0.020101,0.016758,-0.016758,-9.868068,-9.868096,0.00426,-0.003195,0.001065,100061.16,30.36,-0.044096
436.503056,0.020125,0.021546,0.014364,-9.769914,-9.769948,0,-0.007455,0.001065,100061.16,30.36,0.054052
436.523164,0.020108,-0.043092,-0.055062,-9.750762,-9.751013,0.001065,-0.00639,0,100061.16,30.36,0.072987
436.543261,0.020096,-0.055062,-0.055062,-9.786672,-9.786982,0.00213,-0.00639,0.001065,100063.98,30.36,0.037018
436.56369,0.020429,-0.07182,-0.067032,-9.784278,-9.784771,0,-0.005325,0.00426,100063.98,30.36,0.039229
436.583784,0.020094,-0.105336,-0.110124,-9.745974,-9.747165,0.00213,-0.00639,0.003195,100063.98,30.36,0.076835
436.603904,0.02012,-0.114912,-0.038304,-9.836946,-9.837692,0,-0.009585,0.005325,100063.98,30.36,-0.013692
436.624015,0.020111,-0.069426,-0.033516,-9.786672,-9.786976,0.00213,-0.007455,0.00639,100063.98,30.36,0.037024
436.644323,0.020309,-0.102942,-0.014364,-9.901584,-9.90213,0.001065,-0.003195,0.003195,100063.98,30.36,-0.07813
436.664492,0.020169,-0.117306,-0.004788,-9.870462,-9.87116,0.001065,-0.003195,0.00639,100070.2,30.36,-0.04716
436.684638,0.020146,-0.055062,0.014364,-9.877644,-9.877808,0.001065,-0.00426,0.00213,100070.2,30.36,-0.053808
436.704739,0.0201,-0.098154,0.090972,-9.906372,-9.907276,0.003195,-0.007455,0.005325,100070.2,30.36,-0.083276
436.724839,0.020101,-0.057456,0.04788,-9.903978,-9.90426,-0.001065,-0.007455,0.00426,100070.2,30.36,-0.08026
436.745095,0.020256,-0.045486,0.009576,-9.892008,-9.892117,-0.00213,-0.00639,0.003195,100070.2,30.36,-0.068117
436.765292,0.020197,-0.102942,0.052668,-10.00692,-10.007588,-0.001065,-0.00426,0.00213,100070.2,30.36,-0.183588
436.78543,0.020138,-0.02394,0.03591,-9.913554,-9.913648,0.001065,-0.009585,0.001065,100073.31,30.36,-0.089648
436.805515,0.020085,-0.110124,-0.021546,-9.932706,-9.93334,-0.001065,-0.005325,0.00213,100073.31,30.36,-0.10934
436.825608,0.020093,-0.033516,0.05985,-9.985374,-9.98561,0.00426,-0.005325,0.001065,100073.31,30.36,-0.16161
436.845846,0.020237,-0.086184,-0.079002,-9.95904,-9.959726,-0.001065,-0.00852,0.00426,100073.31,30.36,-0.135726
436.865936,0.020091,0.08379,0.045486,-9.880038,-9.880498,0,-0.00639,0.00213,100073.31,30.36,-0.056498
436.886045,0.020109,-0.165186,0.112518,-9.978192,-9.980194,-0.00426,-0.011715,0.003195,100073.31,30.36,-0.156194
436.906142,0.020098,0.090972,-0.093366,-9.951858,-9.952712,0.001065,-0.001065,0,100079.31,30.36,-0.128712
436.926234,0.020092,-0.100548,-0.040698,-9.932706,-9.933298,0.00852,0.00213,0.00213,100079.31,30.36,-0.109298
436.946571,0.020336,-0.088578,-0.062244,-10.10268,-10.10326,0,-0.01278,0,100079.31,30.36,-0.27926
436.966669,0.020098,0.160398,-0.112518,-10.071558,-10.073464,-0.005325,-0.00852,0.00213,100079.31,30.36,-0.249464
436.986797,0.020128,-0.162792,-0.033516,-9.97101,-9.972395,0,-0.00852,0.001065,100079.31,30.36,-0.148395
437.006921,0.020124,-0.090972,-0.043092,-10.059588,-10.060092,0.00639,-0.005325,0.003195,100082.53,30.36,-0.236092
437.027043,0.020122,-0.043092,-0.045486,-10.023678,-10.023874,0.005325,-0.00213,0.003195,100082.53,30.36,-0.199874
437.047411,0.020368,-0.102942,0.040698,-10.131408,-10.132013,0.00213,-0.00213,0.00639,100082.53,30.36,-0.308013
437.067504,0.020092,-0.117306,0.064638,-10.064376,-10.065267,0.001065,-0.007455,0.005325,100082.53,30.36,-0.241267
437.0876,0.020096,-0.055062,0.09576,-10.112256,-10.112859,-0.001065,-0.007455,0.00426,100082.53,30.36,-0.288859
437.107729,0.020128,-0.081396,0.01197,-10.143378,-10.143712,0,-0.007455,0.003195,100082.53,30.36,-0.319712
437.127838,0.020109,-0.040698,-0.067032,-10.061982,-10.062288,0.005325,0,0.003195,100088.72,30.36,-0.238288
437.147937,0.020099,0.02394,-0.014364,-10.095498,-10.095537,0.00213,-0.00213,0.00426,100088.72,30.36,-0.271537
437.168029,0.020093,-0.069426,0.01197,-10.167318,-10.167562,0.00426,-0.00639,0.003195,100088.72,30.36,-0.343562
437.188132,0.020103,-0.090972,0.016758,-10.095498,-10.095922,-0.003195,-0.01278,0.001065,100088.72,30.36,-0.271922
437.208241,0.020109,-0.076608,0.028728,-10.11465,-10.114981,-0.001065,-0.013845,0.00426,100088.72,30.36,-0.290981
437.228329,0.020088,-0.033516,-0.026334,-10.119438,-10.119528,0.00213,-0.00426,0.003195,100088.72,30.36,-0.295528
437.248495,0.020166,-0.069426,-0.07182,-10.136196,-10.136688,0.00213,-0.003195,0.001065,100091.85,30.36,-0.312688
437.268604,0.020109,-0.050274,0.009576,-10.227168,-10.227296,0,-0.00852,0,100091.85,30.36,-0.403296
437.288703,0.020099,-0.081396,-0.062244,-10.100286,-10.100806,0.00426,-0.005325,0.001065,100091.85,30.36,-0.276806
437.308801,0.020098,-0.03591,-0.105336,-10.188864,-10.189472,0.001065,-0.005325,0.003195,100091.85,30.36,-0.365472
437.328917,0.020115,-0.043092,0.03591,-10.236744,-10.236898,0,-0.00852,0.005325,100091.85,30.36,-0.412898
437.349116,0.0202,-0.067032,-0.088578,-10.15056,-10.151168,0.003195,-0.00426,0.003195,100094.92,30.36,-0.327168
437.369299,0.020183,-0.08379,-0.098154,-10.219986,-10.220801,0.00639,-0.005325,0.00639,100094.92,30.36,-0.396801
437.389392,0.020092,-0.138852,0.03591,-10.296594,-10.297593,0.003195,-0.00426,0.003195,100094.92,30.36,-0.473593
437.409477,0.020086,-0.100548,-0.045486,-10.217592,-10.218188,0.00639,-0.001065,0,100094.92,30.36,-0.394188
437.429568,0.020091,-0.110124,-0.007182,-10.287018,-10.28761,0.00639,0,0.00213,100094.92,30.36,-0.46361
437.449667,0.020099,-0.158004,0.04788,-10.361232,-10.362547,0.00213,-0.007455,0.00213,100094.92,30.36,-0.538547
437.471733,0.022066,-0.110124,-0.033516,-10.337292,-10.337933,0.00639,-0.003195,0.003195,100101.03,30.36,-0.513933
437.491827,0.020094,-0.134064,0.014364,-10.320534,-10.321415,0.001065,-0.013845,0.00426,100101.03,30.36,-0.497415
437.511921,0.020094,-0.122094,0.052668,-10.30617,-10.307028,0.001065,-0.007455,0.003195,100101.03,30.36,-0.483028
437.532026,0.020106,-0.158004,0.014364,-10.310958,-10.312179,0.00426,-0.00213,0.00426,100101.03,30.36,-0.488179
437.552152,0.020126,-0.181944,0.007182,-10.315746,-10.317353,0,-0.00852,0.00426,100101.03,30.36,-0.493353
437.572639,0.020487,-0.114912,0.019152,-10.334898,-10.335555,0.00213,-0.005325,0.00639,100104.01,30.36,-0.511555
437.594872,0.022233,-0.117306,-0.021546,-10.356444,-10.357131,0.00213,-0.005325,0.00213,100104.01,30.36,-0.533131
437.614957,0.020086,-0.02394,0.014364,-10.30617,-10.306208,0.001065,-0.005325,0.007455,100104.01,30.36,-0.482208
437.635042,0.020085,-0.098154,-0.033516,-10.375596,-10.376114,0.001065,-0.005325,0.00639,100104.01,30.36,-0.552114
437.655151,0.020109,-0.050274,-0.129276,-10.363626,-10.364554,0,-0.007455,0.003195,100104.01,30.36,-0.540554
437.675258,0.020107,-0.124488,-0.045486,-10.296594,-10.297447,0,-0.005325,0.005325,100104.01,30.36,-0.473447
437.695407,0.020149,-0.09576,0.019152,-10.387566,-10.388025,0.003195,-0.00213,0.00426,100109.99,30.36,-0.564025
437.715494,0.020087,-0.074214,-0.069426,-10.399536,-10.400033,-0.001065,-0.009585,0.003195,100109.99,30.36,-0.576033
437.735585,0.02009,-0.002394,-0.102942,-10.385172,-10.385682,0.00213,-0.00852,0.00426,100109.99,30.36,-0.561682
437.75567,0.020085,0.033516,-0.031122,-10.428264,-10.428364,0.003195,-0.001065,0.00213,100109.99,30.36,-0.604364
437.775773,0.020103,0.014364,-0.01197,-10.428264,-10.428281,0.001065,-0.005325,0.007455,100109.99,30.36,-0.604281
437.796276,0.020504,0.04788,-0.057456,-10.466568,-10.466835,0.00213,-0.003195,0.00426,100112.92,30.36,-0.642835
437.818396,0.02212,0.074214,0.009576,-10.454598,-10.454866,0.00213,-0.00639,0.003195,100112.92,30.36,-0.630866
437.838489,0.020093,0.069426,-0.057456,-10.4139,-10.41429,0.003195,-0.00639,0,100112.92,30.36,-0.59029
437.858581,0.020092,0.031122,-0.007182,-10.459386,-10.459435,0.00213,-0.005325,0.001065,100112.92,30.36,-0.635435
437.87868,0.020099,-0.026334,-0.007182,-10.46178,-10.461816,-0.001065,-0.00639,-0.001065,100112.92,30.36,-0.637816
437.899022,0.020342,-0.021546,-0.03591,-10.46178,-10.461864,0.00213,-0.003195,-0.001065,100112.92,30.36,-0.637864
437.91916,0.020138,-0.165186,0.01197,-10.538388,-10.539689,0.00426,-0.00639,0,100118.86,30.36,-0.715689
437.939243,0.020083,-0.114912,-0.026334,-10.488114,-10.488777,0.007455,-0.005325,0.003195,100118.86,30.36,-0.664777
437.959327,0.020084,-0.105336,-0.026334,-10.490508,-10.49107,0.003195,-0.003195,0.001065,100118.86,30.36,-0.66707
437.979428,0.020101,-0.141246,-0.026334,-10.526418,-10.527399,0.003195,-0.00426,0.001065,100118.86,30.36,-0.703399
437.999521,0.020093,-0.134064,0.02394,-10.547964,-10.548843,0.00213,-0.00852,0.003195,100118.86,30.36,-0.724843
438.019924,0.020403,-0.14364,0.014364,-10.531206,-10.532195,0.003195,-0.00213,0,100118.86,30.36,-0.708195
438.040008,0.020084,-0.172368,0.002394,-10.58148,-10.582884,0.003195,-0.00639,0.001065,100121.79,30.36,-0.758884
438.0601,0.020092,-0.160398,-0.002394,-10.586268,-10.587483,0.001065,-0.005325,0.005325,100121.79,30.36,-0.763483
438.080206,0.020106,-0.15561,-0.009576,-10.567116,-10.568266,0.00213,-0.001065,0.003195,100121.79,30.36,-0.744266
438.10038,0.020174,-0.165186,0.098154,-10.636542,-10.638277,0.00213,-0.009585,0.003195,100121.79,30.36,-0.814277
438.120484,0.020105,-0.134064,0.028728,-10.603026,-10.603912,0.00213,-0.00639,0.00213,100121.79,30.36,-0.779912
438.140584,0.0201,-0.08379,-0.02394,-10.643724,-10.644081,0.00426,-0.00426,0.00426,100127.63,30.36,-0.820081
438.160671,0.020087,-0.090972,-0.002394,-10.60542,-10.60581,0.00213,-0.003195,0,100127.63,30.36,-0.78181
438.180799,0.020128,-0.05985,-0.13167,-10.614996,-10.615981,0.003195,-0.00639,0.00426,100127.63,30.36,-0.791981
438.200906,0.020107,-0.07182,-0.04788,-10.684422,-10.684771,0.00213,-0.005325,0.005325,100127.63,30.36,-0.860771
438.221173,0.020268,-0.081396,-0.074214,-10.62936,-10.629931,0,-0.011715,0.003195,100127.63,30.36,-0.805931
438.241283,0.020109,-0.05985,-0.081396,-10.62936,-10.62984,0.003195,-0.005325,0.003195,100127.63,30.36,-0.80584
438.261372,0.020089,-0.05985,-0.069426,-10.684422,-10.684815,0.003195,-0.005325,0.00426,100130.58,30.36,-0.860815
438.281462,0.02009,-0.038304,-0.019152,-10.612602,-10.612688,0.001065,-0.00852,0.00426,100130.58,30.36,-0.788688
438.301553,0.020091,-0.004788,-0.045486,-10.603026,-10.603125,0.001065,-0.00639,0.00426,100130.58,30.36,-0.779125
438.321741,0.020189,-0.124488,0.031122,-10.660482,-10.661254,0.001065,-0.00852,0.00213,100130.58,30.36,-0.837254
438.341826,0.020084,-0.124488,-0.028728,-10.658088,-10.658854,0.00639,0,0.00426,100130.58,30.36,-0.834854
438.361913,0.020088,-0.150822,0.02394,-10.619784,-10.620882,0.001065,-0.003195,0.003195,100130.58,30.36,-0.796882
438.382001,0.020088,-0.138852,0.064638,-10.636542,-10.637645,-0.001065,-0.00852,0.003195,100133.29,30.36,-0.813645
438.4021,0.020099,-0.1197,0.007182,-10.61739,-10.618067,0.001065,-0.00639,0.003195,100133.29,30.36,-0.794067
438.422477,0.020377,-0.14364,0.014364,-10.636542,-10.637522,0.001065,-0.007455,0.00426,100133.29,30.36,-0.813522
438.442557,0.02008,-0.14364,-0.033516,-10.610208,-10.611233,0.00213,-0.009585,0.00426,100133.29,30.36,-0.787233
438.462673,0.020116,-0.148428,-0.009576,-10.624572,-10.625613,0.00213,-0.00213,0.00639,100133.29,30.36,-0.801613
438.482787,0.020114,-0.102942,0.038304,-10.68921,-10.689774,-0.001065,-0.007455,0.00426,100138.61,30.36,-0.865774
438.502945,0.020158,-0.1197,-0.031122,-10.58148,-10.582203,0,-0.01065,0.003195,100138.61,30.36,-0.758203
438.523147,0.020202,-0.08379,-0.016758,-10.591056,-10.591401,0.003195,-0.003195,0.00426,100138.61,30.36,-0.767401
438.543265,0.020117,-0.057456,0.038304,-10.636542,-10.636766,0.001065,-0.005325,0.003195,100138.61,30.36,-0.812766
438.563357,0.020093,-0.04788,-0.04788,-10.61739,-10.617606,-0.001065,-0.005325,0.00426,100138.61,30.36,-0.793606
438.583439,0.020081,-0.07182,-0.10773,-10.636542,-10.63733,0.00213,-0.005325,0.003195,100138.61,30.36,-0.81333
438.60353,0.020092,-0.052668,-0.040698,-10.658088,-10.658296,0.00426,-0.007455,0.00639,100141.28,30.36,-0.834296
438.62389,0.02036,-0.076608,-0.02394,-10.610208,-10.610512,0.001065,-0.005325,0.003195,100141.28,30.36,-0.786512
438.643985,0.020095,-0.028728,-0.02394,-10.648512,-10.648578,0,-0.009585,0.005325,100141.28,30.36,-0.824578
438.664076,0.020091,-0.040698,-0.007182,-10.684422,-10.684502,0.003195,-0.007455,0.00426,100141.28,30.36,-0.860502
438.684166,0.02009,-0.031122,-0.038304,-10.636542,-10.636656,0,-0.00852,0.003195,100141.28,30.36,-0.812656
438.70429,0.020124,-0.02394,-0.028728,-10.610208,-10.610274,0.001065,-0.00426,0.00426,100141.28,30.36,-0.786274
438.724462,0.020172,-0.05985,0.031122,-10.655694,-10.655908,0.001065,-0.005325,0.005325,100146.67,30.36,-0.831908
438.744553,0.020091,0.026334,0.033516,-10.610208,-10.610294,0.003195,0,0.003195,100146.67,30.36,-0.786294
438.764636,0.020083,-0.100548,-0.019152,-10.612602,-10.613096,0.001065,-0.007455,0.003195,100146.67,30.36,-0.789096
438.784719,0.020082,-0.090972,-0.050274,-10.626966,-10.627474,0.001065,-0.00213,0.00213,100146.67,30.36,-0.803474
438.804855,0.020136,-0.038304,0.004788,-10.619784,-10.619854,0.00426,-0.005325,0,100146.67,30.36,-0.795854
438.824962,0.020107,-0.177156,0.067032,-10.650906,-10.65259,0.00213,-0.009585,0.00213,100149.42,30.36,-0.82859
438.84507,0.020108,-0.100548,-0.052668,-10.631754,-10.63236,0.00213,-0.00213,-0.00213,100149.42,30.36,-0.80836
438.865181,0.020111,-0.148428,-0.038304,-10.6533,-10.654403,0.009585,-0.00852,0,100149.42,30.36,-0.830403
438.885316,0.020135,-0.150822,-0.040698,-10.693998,-10.695139,0.001065,-0.007455,0,100149.42,30.36,-0.871139
438.905477,0.020162,-0.126882,-0.074214,-10.614996,-10.616014,0.00639,-0.003195,0,100149.42,30.36,-0.792014
438.925815,0.020338,-0.196308,-0.064638,-10.698786,-10.700782,0.003195,-0.00213,0.001065,100149.42,30.36,-0.876782
438.945896,0.020081,-0.258552,-0.019152,-10.727514,-10.730646,0.005325,-0.001065,0.00213,100154.63,30.36,-0.906646
438.966016,0.020119,-0.129276,-0.093366,-10.64133,-10.642525,0.005325,-0.003195,0.003195,100154.63,30.36,-0.818525
438.986107,0.020091,-0.086184,-0.05985,-10.679634,-10.680149,0.003195,0.001065,0.00426,100154.63,30.36,-0.856149
439.006199,0.020092,-0.189126,0.014364,-10.667664,-10.66935,0.001065,-0.003195,0.005325,100154.63,30.36,-0.84535
439.026411,0.020212,-0.033516,-0.031122,-10.634148,-10.634246,0.00213,-0.003195,0.007455,100154.63,30.36,-0.810246
439.046525,0.020114,0.088578,0.040698,-10.591056,-10.591505,0.00213,-0.007455,0.00852,100154.63,30.36,-0.767505
439.066642,0.020117,-0.09576,0.045486,-10.658088,-10.658615,0,0.001065,0.00639,100157.19,30.36,-0.834615
439.086726,0.020084,-0.002394,-0.050274,-10.622178,-10.622297,0.00213,-0.00639,0.005325,100157.19,30.36,-0.798297
439.106927,0.020201,0.05985,-0.033516,-10.588662,-10.588884,0.00213,-0.009585,0.005325,100157.19,30.36,-0.764884
439.12715,0.020224,-0.055062,0,-10.655694,-10.655836,0.00426,-0.00213,0.003195,100157.19,30.36,-0.831836
439.147233,0.020083,-0.057456,-0.02394,-10.650906,-10.651088,-0.00213,-0.009585,-0.001065,100157.19,30.36,-0.827088
439.16732,0.020087,0.05985,-0.064638,-10.55754,-10.557908,0.00426,-0.00639,0.00213,100162.19,30.36,-0.733908
439.187409,0.02009,-0.079002,-0.04788,-10.667664,-10.668064,0.005325,-0.003195,0,100162.19,30.36,-0.844064
439.207505,0.020096,-0.114912,0.004788,-10.624572,-10.625194,0.003195,-0.00426,0.003195,100162.19,30.36,-0.801194
439.22767,0.020165,-0.088578,-0.079002,-10.595844,-10.596509,0.00213,-0.007455,0.007455,100162.19,30.36,-0.772509
439.247773,0.020104,-0.169974,-0.004788,-10.631754,-10.633114,0.003195,0,0.001065,100162.19,30.36,-0.809114
439.267874,0.0201,-0.126882,0.004788,-10.686816,-10.68757,0,-0.009585,0.00426,100162.19,30.36,-0.86357
439.287968,0.020094,-0.088578,-0.08379,-10.619784,-10.620484,0.00213,-0.003195,0.005325,100164.56,30.36,-0.796484
439.308067,0.020099,-0.136458,-0.007182,-10.624572,-10.625451,0.00639,-0.003195,0.00639,100164.56,30.36,-0.801451
439.328345,0.020278,-0.110124,0.033516,-10.598238,-10.598863,-0.00213,-0.00852,0.00426,100164.56,30.36,-0.774863
439.348449,0.020104,-0.112518,0.021546,-10.624572,-10.62519,-0.00213,-0.005325,0.00213,100164.56,30.36,-0.80119
439.368606,0.020157,-0.052668,-0.03591,-10.571904,-10.572096,0.001065,-0.001065,0.001065,100164.56,30.36,-0.748096
439.38875,0.020143,-0.088578,0.03591,-10.660482,-10.66091,0.001065,-0.01065,0.003195,100164.56,30.36,-0.83691
439.408924,0.020174,-0.03591,0.009576,-10.646118,-10.646183,0.001065,-0.00852,0.005325,100166.93,30.36,-0.822183
439.429361,0.020437,-0.033516,0.031122,-10.662876,-10.662974,0.003195,-0.003195,0.00426,100166.93,30.36,-0.838974
439.44946,0.020099,-0.076608,-0.009576,-10.648512,-10.648792,0,-0.00852,0.001065,100166.93,30.36,-0.824792
439.469545,0.020085,-0.031122,-0.007182,-10.61739,-10.617438,-0.001065,-0.00852,0.001065,100166.93,30.36,-0.793438
439.48963,0.020085,-0.040698,-0.055062,-10.660482,-10.660702,0.00213,-0.00213,0.00213,100166.93,30.36,-0.836702
439.509742,0.020112,-0.079002,-0.093366,-10.6533,-10.654002,0,-0.003195,0.00213,100166.93,30.36,-0.830002
439.529839,0.020096,-0.07182,-0.086184,-10.607814,-10.608407,0.00213,-0.003195,0.003195,100171.54,30.36,-0.784407
439.549925,0.020086,-0.03591,-0.045486,-10.643724,-10.643882,0.001065,-0.00213,0.00213,100171.54,30.36,-0.819882
439.570024,0.0201,-0.02394,-0.045486,-10.574298,-10.574423,0.00426,-0.003195,0.00213,100171.54,30.36,-0.750423
439.590121,0.020097,-0.098154,-0.069426,-10.64133,-10.642009,0.005325,-0.00426,0.005325,100171.54,30.36,-0.818009
439.610204,0.020083,-0.062244,-0.014364,-10.693998,-10.694189,0.00426,-0.003195,0.00426,100171.54,30.36,-0.870189
439.630488,0.020284,-0.016758,-0.01197,-10.619784,-10.619804,-0.001065,-0.00426,0.00426,100173.83,30.36,-0.795804
439.650586,0.020098,-0.052668,0.031122,-10.660482,-10.660658,0.001065,-0.00426,0.003195,100173.83,30.36,-0.836658
439.670685,0.020099,-0.098154,0.016758,-10.672452,-10.672917,0.003195,-0.005325,0.00426,100173.83,30.36,-0.848917
439.690767,0.020082,-0.090972,-0.002394,-10.634148,-10.634537,0.00213,-0.005325,0.00213,100173.83,30.36,-0.810537
439.710868,0.020101,-0.07182,0.021546,-10.624572,-10.624837,0.00213,-0.00426,0.00426,100173.83,30.36,-0.800837
439.731172,0.020305,-0.100548,0.057456,-10.62936,-10.629991,-0.001065,-0.007455,0.003195,100173.83,30.36,-0.805991
439.751261,0.020089,-0.105336,0.009576,-10.646118,-10.646643,0.00213,-0.00426,0.00213,100178.09,30.36,-0.822643
439.771379,0.020118,-0.098154,0.014364,-10.643724,-10.644186,0.003195,-0.005325,0.00213,100178.09,30.36,-0.820186
439.791505,0.020125,-0.03591,-0.014364,-10.610208,-10.610278,-0.001065,-0.005325,0,100178.09,30.36,-0.786278
439.811592,0.020088,-0.110124,0.009576,-10.62936,-10.629935,0.001065,-0.001065,0.001065,100178.09,30.36,-0.805935
439.832097,0.020504,-0.126882,0.014364,-10.646118,-10.646884,0.003195,-0.003195,0.003195,100178.09,30.36,-0.822884
439.854126,0.022029,-0.067032,-0.03591,-10.636542,-10.636814,0.00213,-0.00426,0.003195,100180.01,30.36,-0.812814
439.874208,0.020083,-0.100548,0,-10.674846,-10.67532,0.001065,-0.00639,0.00426,100180.01,30.36,-0.85132
439.894364,0.020156,-0.105336,-0.009576,-10.648512,-10.649037,0.00213,-0.00639,0.00426,100180.01,30.36,-0.825037
439.914456,0.020092,-0.031122,-0.055062,-10.636542,-10.63673,0.003195,-0.005325,0.005325,100180.01,30.36,-0.81273
439.934554,0.020098,-0.045486,-0.014364,-10.672452,-10.672559,0.001065,-0.005325,0.003195,100180.01,30.36,-0.848559
439.954835,0.020281,-0.09576,-0.031122,-10.62936,-10.629837,0.00213,-0.00426,0.003195,100180.01,30.36,-0.805837
439.974927,0.020092,-0.055062,-0.021546,-10.634148,-10.634312,0.00426,-0.00639,0.00213,100183.67,30.35,-0.810312
439.995064,0.020137,-0.03591,-0.028728,-10.672452,-10.672551,0.001065,-0.007455,0.003195,100183.67,30.35,-0.848551
440.015186,0.020122,-0.040698,-0.026334,-10.631754,-10.631865,-0.001065,-0.005325,0.001065,100183.67,30.35,-0.807865
440.035341,0.020155,-0.04788,0.026334,-10.619784,-10.619925,0.00213,-0.005325,0.00213,100183.67,30.35,-0.795925
440.055848,0.020508,-0.050274,-0.007182,-10.670058,-10.670179,0.00213,-0.00639,0.00213,100183.67,30.35,-0.846179
440.077864,0.022015,-0.03591,-0.002394,-10.624572,-10.624633,0.003195,-0.00213,0.001065,100183.67,30.35,-0.800633
440.097951,0.020087,-0.08379,-0.004788,-10.662876,-10.663206,0.00213,-0.007455,0.00426,100185.47,30.35,-0.839206
440.118044,0.020093,-0.105336,0.004788,-10.591056,-10.591581,0.00426,-0.007455,0.001065,100185.47,30.35,-0.767581
440.138149,0.020106,-0.086184,0.009576,-10.64133,-10.641683,0.003195,-0.003195,0.00213,100185.47,30.35,-0.817683
440.158255,0.020106,-0.098154,0.01197,-10.643724,-10.644183,0.00426,-0.00852,0.003195,100185.47,30.35,-0.820183
440.178422,0.020167,-0.122094,-0.050274,-10.610208,-10.61103,0.00213,-0.00639,0.003195,100185.47,30.35,-0.78703
440.198501,0.020079,-0.069426,0.009576,-10.667664,-10.667894,0.001065,-0.007455,0.00426,100189.08,30.35,-0.843894
440.218597,0.020096,-0.110124,0.019152,-10.64133,-10.641917,-0.001065,-0.005325,0.003195,100189.08,30.35,-0.817917
440.238707,0.02011,-0.05985,-0.04788,-10.574298,-10.574576,0.00213,-0.00426,0.003195,100189.08,30.35,-0.750576
440.258809,0.020102,-0.062244,0.019152,-10.655694,-10.655893,0.003195,-0.005325,0.005325,100189.08,30.35,-0.831893
440.279182,0.020373,-0.076608,-0.002394,-10.66527,-10.665545,-0.003195,-0.00639,0.00426,100189.08,30.35,-0.841545
440.299279,0.020097,-0.014364,0.002394,-10.655694,-10.655704,0.003195,-0.00426,0.00213,100189.08,30.35,-0.831704
440.31937,0.020091,-0.086184,-0.002394,-10.662876,-10.663225,0.00213,-0.007455,0.003195,100190.84,30.35,-0.839225
440.33951,0.02014,-0.043092,-0.002394,-10.634148,-10.634236,0,-0.005325,0,100190.84,30.35,-0.810236
440.359597,0.020087,-0.019152,-0.03591,-10.612602,-10.61268,0.00213,-0.003195,0.005325,100190.84,30.35,-0.78868
440.379912,0.020315,-0.067032,0.002394,-10.624572,-10.624784,-0.001065,-0.00639,0.001065,100190.84,30.35,-0.800784
440.399996,0.020084,-0.079002,-0.043092,-10.595844,-10.596226,0.00426,-0.00639,0.003195,100190.84,30.35,-0.772226
440.420139,0.020143,-0.055062,-0.038304,-10.66527,-10.665481,0.003195,-0.00852,0.001065,100192.36,30.35,-0.841481
440.440234,0.020095,-0.069426,-0.007182,-10.612602,-10.612832,0.00213,-0.00639,0.005325,100192.36,30.35,-0.788832
440.460337,0.020103,-0.110124,-0.002394,-10.603026,-10.603598,0.003195,-0.00639,0.001065,100192.36,30.35,-0.779598
440.480441,0.020103,-0.090972,0.02394,-10.622178,-10.622595,0.00426,-0.005325,0.00213,100192.36,30.35,-0.798595
440.500545,0.020105,-0.08379,-0.002394,-10.564722,-10.565055,0.003195,-0.007455,0.003195,100192.36,30.35,-0.741055
440.52066,0.020114,-0.09576,-0.03591,-10.528812,-10.529309,0.00213,-0.00213,0.00426,100192.36,30.35,-0.705309
440.540804,0.020144,-0.090972,0.028728,-10.591056,-10.591486,0.003195,-0.005325,0.00426,100195.37,30.35,-0.767486
440.560928,0.020124,-0.04788,0.021546,-10.512054,-10.512185,-0.001065,-0.007455,0.00213,100195.37,30.35,-0.688185
440.581013,0.020085,-0.064638,-0.045486,-10.466568,-10.466866,0.001065,-0.00426,0.001065,100195.37,30.35,-0.642866
440.601097,0.020084,-0.038304,0,-10.471356,-10.471426,0.001065,-0.00852,0.003195,100195.37,30.35,-0.647426
440.621188,0.020091,-0.064638,-0.02394,-10.447416,-10.447643,0.001065,-0.005325,0.003195,100195.37,30.35,-0.623643
440.641303,0.020115,-0.057456,-0.019152,-10.452204,-10.452379,0.003195,-0.00426,0.00213,100195.37,30.35,-0.628379
440.661539,0.020236,-0.05985,0,-10.476144,-10.476315,0.00213,-0.00852,0.003195,100196.89,30.35,-0.652315
440.681668,0.020129,-0.069426,-0.05985,-10.445022,-10.445424,0.00213,-0.00639,0.00213,100196.89,30.35,-0.621424
440.704091,0.022423,-0.093366,0,-10.480932,-10.481348,0.00426,-0.003195,0.00426,100196.89,30.35,-0.657348
440.724176,0.020085,-0.064638,-0.028728,-10.406718,-10.406958,0.003195,-0.00213,0.003195,100196.89,30.35,-0.582958
440.744269,0.020093,-0.026334,-0.028728,-10.471356,-10.471429,0,-0.007455,0.003195,100196.89,30.35,-0.647429
440.764363,0.020094,-0.07182,0.021546,-10.44981,-10.450079,0.001065,-0.00213,0.00213,100196.89,30.35,-0.626079
440.784464,0.020101,-0.05985,-0.002394,-10.399536,-10.399708,0.00213,-0.003195,0.003195,100199.56,30.35,-0.575708
440.804896,0.020432,-0.014364,-0.03591,-10.440234,-10.440306,0.00213,-0.003195,0.003195,100199.56,30.35,-0.616306
440.824985,0.020089,-0.09576,-0.002394,-10.375596,-10.376038,0.001065,-0.005325,0.003195,100199.56,30.35,-0.552038
440.845067,0.020082,-0.067032,-0.009576,-10.406718,-10.406938,0.00213,-0.005325,0.00213,100199.56,30.35,-0.582938
440.865161,0.020094,-0.057456,-0.033516,-10.356444,-10.356658,0.001065,-0.00426,0.00213,100199.56,30.35,-0.532658
440.885363,0.020202,-0.093366,0.026334,-10.375596,-10.376049,0.001065,-0.00852,0.003195,100200.92,30.35,-0.552049
440.905553,0.020191,-0.079002,-0.007182,-10.36602,-10.366324,0.00426,-0.005325,0.003195,100200.92,30.35,-0.542324
440.925637,0.020084,-0.03591,0.019152,-10.399536,-10.399616,0.001065,-0.005325,0.00426,100200.92,30.35,-0.575616
440.945732,0.020095,-0.076608,-0.02394,-10.339686,-10.339998,0.001065,-0.007455,0.001065,100200.92,30.35,-0.515998
440.965821,0.020089,-0.043092,-0.004788,-10.298988,-10.299079,0.003195,-0.005325,0.00213,100200.92,30.35,-0.475079
440.985912,0.020091,-0.076608,0.014364,-10.339686,-10.33998,0.005325,-0.00426,0.003195,100200.92,30.35,-0.51598
441.00631,0.020398,-0.062244,-0.050274,-10.277442,-10.277753,-0.001065,-0.00426,0.00426,100203.37,30.35,-0.453753
441.028444,0.022135,-0.052668,-0.01197,-10.272654,-10.272796,0.00213,-0.00639,0.001065,100203.37,30.35,-0.448796
441.048554,0.020109,-0.062244,-0.026334,-10.265472,-10.265694,0,-0.007455,0.00426,100203.37,30.35,-0.441694
441.068663,0.020109,-0.064638,-0.02394,-10.28223,-10.282461,0.003195,-0.003195,0.005325,100203.37,30.35,-0.458461
441.088771,0.020108,-0.062244,-0.028728,-10.303776,-10.304004,0.00213,-0.005325,0.003195,100203.37,30.35,-0.480004
441.108868,0.020097,-0.057456,-0.03591,-10.236744,-10.236968,0.001065,-0.00426,0.00213,100203.37,30.35,-0.412968
441.129078,0.02021,-0.050274,-0.009576,-10.241532,-10.24166,0.00426,-0.003195,0.003195,100204.27,30.35,-0.41766
441.149197,0.02012,-0.045486,0.004788,-10.265472,-10.265574,0.00213,-0.007455,0.003195,100204.27,30.35,-0.441574
441.169256,0.020059,-0.07182,-0.050274,-10.215198,-10.215574,0,-0.00426,0.001065,100204.27,30.35,-0.391574
441.189356,0.020101,-0.04788,0.009576,-10.219986,-10.220103,0.003195,-0.003195,0.003195,100204.27,30.35,-0.396103
441.209443,0.020086,-0.062244,0.021546,-10.229562,-10.229774,0.003195,-0.005325,0.00213,100204.27,30.35,-0.405774
441.230053,0.02061,-0.08379,-0.028728,-10.181682,-10.182067,0.00426,-0.007455,0.00213,100206.2,30.35,-0.358067
441.252157,0.022104,-0.069426,-0.007182,-10.21041,-10.210649,0.001065,-0.00639,0.00213,100206.2,30.35,-0.386649
441.272297,0.02014,-0.064638,-0.016758,-10.155348,-10.155568,0.001065,-0.00639,0.005325,100206.2,30.35,-0.331568
441.292396,0.020098,-0.050274,-0.019152,-10.16253,-10.162672,0.001065,-0.00426,0.001065,100206.2,30.35,-0.338672
441.312478,0.020083,-0.086184,0.01197,-10.179288,-10.17966,0.00213,-0.005325,0.001065,100206.2,30.35,-0.35566
441.332599,0.020121,-0.05985,-0.02394,-10.093104,-10.09331,0.001065,-0.00426,0.00213,100206.2,30.35,-0.26931
441.352748,0.020149,-0.090972,0.014364,-10.143378,-10.143796,0.001065,-0.005325,0.00639,100207.14,30.35,-0.319796
441.372843,0.020095,-0.055062,0.028728,-10.121832,-10.122023,0.001065,-0.007455,0.00213,100207.14,30.35,-0.298023
441.392927,0.020083,-0.040698,-0.045486,-10.069164,-10.069349,0,-0.00639,0.003195,100207.14,30.35,-0.245349
441.413024,0.020097,-0.05985,0.014364,-10.11465,-10.114837,0.001065,-0.00426,0.001065,100207.14,30.35,-0.290837
441.433116,0.020092,-0.045486,0.014364,-10.100286,-10.100399,0.001065,-0.00639,0.00213,100207.14,30.35,-0.276399
441.453471,0.020355,-0.055062,-0.031122,-10.069164,-10.069363,0.003195,-0.003195,0.003195,100208.19,30.35,-0.245363
441.473548,0.020077,-0.062244,-0.028728,-10.119438,-10.11967,0.001065,-0.005325,0.001065,100208.19,30.35,-0.29567
441.493631,0.020083,-0.076608,0.01197,-10.083528,-10.083826,0.003195,-0.00639,0.001065,100208.19,30.35,-0.259826
441.513728,0.020097,-0.076608,-0.033516,-10.04283,-10.043178,0.001065,-0.001065,0.00213,100208.19,30.35,-0.219178
441.533842,0.020114,-0.08379,-0.016758,-10.035648,-10.036012,0.003195,-0.00852,0.00426,100208.19,30.35,-0.212012
441.554091,0.020249,-0.064638,0.014364,-9.999738,-9.999957,0.001065,-0.00639,0.00213,100208.19,30.35,-0.175957
441.574192,0.020102,-0.07182,0.016758,-10.035648,-10.035919,-0.001065,-0.00639,0.00213,100209.59,30.35,-0.211919
441.594274,0.020081,-0.064638,0.02394,-10.021284,-10.021521,0.00213,-0.00639,0.00213,100209.59,30.35,-0.197521
441.614372,0.020099,-0.076608,-0.031122,-9.968616,-9.968959,0,-0.005325,0.003195,100209.59,30.35,-0.144959
441.634498,0.020126,-0.05985,0.01197,-10.004526,-10.004712,0,-0.003195,0.00426,100209.59,30.35,-0.180712
441.654822,0.020324,-0.064638,0.014364,-9.992556,-9.992775,0.003195,-0.007455,0.00426,100209.59,30.35,-0.168775
441.674933,0.020111,-0.045486,-0.040698,-9.951858,-9.952045,0.00213,-0.00639,0.00426,100209.59,30.35,-0.128045
441.695081,0.020149,-0.086184,-0.007182,-9.992556,-9.99293,0.001065,-0.00639,0.00213,100210.23,30.35,-0.16893
441.715197,0.020116,-0.102942,-0.007182,-9.954252,-9.954787,0.001065,-0.007455,0.003195,100210.23,30.35,-0.130787
441.735292,0.020096,-0.055062,-0.02394,-9.892008,-9.89219,0.00426,-0.00639,0.003195,100210.23,30.35,-0.06819
441.755496,0.020204,-0.079002,0.009576,-9.94707,-9.947388,0.00426,-0.005325,0.00213,100210.23,30.35,-0.123388
441.775591,0.020094,-0.081396,-0.040698,-9.87525,-9.875669,0.00213,-0.005325,0.00639,100210.23,30.35,-0.051669
441.795695,0.020104,-0.074214,-0.033516,-9.872856,-9.873192,0.00213,-0.003195,0.003195,100211.65,30.35,-0.049192
441.81578,0.020085,-0.074214,0.002394,-9.901584,-9.901862,0.001065,-0.00852,0.003195,100211.65,30.35,-0.077862
441.835898,0.020118,-0.074214,-0.01197,-9.892008,-9.892294,0,-0.003195,0.00426,100211.65,30.35,-0.068294
441.856021,0.020123,-0.079002,-0.009576,-9.894402,-9.894722,0.003195,-0.00426,0.001065,100211.65,30.35,-0.070722
441.876119,0.020097,-0.069426,-0.033516,-9.865674,-9.865975,0.001065,-0.005325,0.003195,100211.65,30.35,-0.041975
441.896201,0.020083,-0.076608,0.014364,-9.844128,-9.844437,0.003195,-0.00639,0.00426,100211.65,30.35,-0.020437
441.916293,0.020092,-0.050274,-0.040698,-9.865674,-9.865886,0.00213,-0.00213,0.003195,100212.09,30.35,-0.041886
441.936451,0.020157,-0.07182,-0.004788,-9.860886,-9.861149,0,-0.005325,0.00213,100212.09,30.35,-0.037149
441.956741,0.020291,-0.064638,-0.031122,-9.801036,-9.801299,0.003195,-0.005325,0.001065,100212.09,30.35,0.022701
441.976835,0.020094,-0.067032,0.002394,-9.853704,-9.853932,0.001065,-0.009585,0.003195,100212.09,30.35,-0.029932
441.996919,0.020084,-0.055062,-0.01197,-9.810612,-9.810774,-0.001065,-0.005325,0.00213,100212.09,30.35,0.013226
442.017026,0.020107,-0.076608,-0.03591,-9.805824,-9.806189,0.00426,-0.00426,0.003195,100212.09,30.35,0.017811
442.03712,0.020094,-0.074214,0.040698,-9.860886,-9.861249,0.00213,-0.00426,0.00426,100213.43,30.35,-0.037249
442.057431,0.02031,-0.07182,-0.04788,-9.824976,-9.825355,0.00213,-0.007455,0.00426,100213.43,30.35,-0.001355
442.077511,0.02008,-0.05985,-0.002394,-9.853704,-9.853886,0.003195,-0.00426,0.005325,100213.43,30.35,-0.029886
442.097584,0.020073,-0.057456,0.021546,-9.85131,-9.851501,0,-0.005325,0.00213,100213.43,30.35,-0.027501
442.117679,0.020095,-0.057456,-0.026334,-9.820188,-9.820391,0,-0.009585,0.00213,100213.43,30.35,0.003609
442.137763,0.020084,-0.04788,-0.038304,-9.836946,-9.837137,0.00213,-0.003195,0,100213.98,30.35,-0.013137
442.158188,0.020426,-0.043092,0.002394,-9.83934,-9.839435,0,-0.007455,0.005325,100213.98,30.35,-0.015435
442.178275,0.020086,-0.064638,-0.007182,-9.83934,-9.839555,0.00213,-0.00426,0.001065,100213.98,30.35,-0.015555
442.198359,0.020085,-0.08379,-0.007182,-9.872856,-9.873214,0.00213,-0.005325,0.003195,100213.98,30.35,-0.049214
442.218455,0.020096,-0.069426,0.031122,-9.86328,-9.863573,0.00213,-0.005325,0.00426,100213.98,30.35,-0.039573
442.238553,0.020098,-0.074214,-0.016758,-9.87525,-9.875543,0.00426,-0.005325,0.003195,100213.98,30.35,-0.051543
442.25901,0.020458,-0.07182,0.028728,-9.930312,-9.930613,0,-0.005325,0.00426,100214.91,30.35,-0.106613
442.281076,0.022066,-0.052668,-0.028728,-9.822582,-9.822765,0.003195,-0.003195,0.005325,100214.91,30.35,0.001235
442.301175,0.020099,-0.057456,-0.007182,-9.884826,-9.884996,0.00213,-0.00426,0.00213,100214.91,30.35,-0.060996
442.321258,0.020082,-0.064638,0.021546,-9.860886,-9.861121,-0.001065,-0.009585,0.00426,100214.91,30.35,-0.037121
442.34148,0.020223,-0.052668,-0.016758,-9.810612,-9.810768,0.001065,-0.00426,0.00426,100214.91,30.35,0.013232
442.361887,0.020406,-0.038304,-0.026334,-9.83934,-9.83945,0,-0.00639,0.003195,100214.91,30.35,-0.01545
442.3824,0.020513,-0.08379,-0.045486,-9.769914,-9.770379,0.003195,-0.01065,0.003195,100215.22,30.35,0.053621
442.404165,0.021765,-0.03591,-0.019152,-9.796248,-9.796333,0.003195,-0.00426,0.003195,100215.22,30.35,0.027667
442.424264,0.020098,-0.04788,-0.057456,-9.793854,-9.79414,0.003195,-0.009585,0.00213,100215.22,30.35,0.02986
442.444356,0.020092,-0.088578,-0.026334,-9.76752,-9.767957,0,-0.003195,-0.001065,100215.22,30.35,0.056043
442.46446,0.020104,-0.079002,-0.01197,-9.82737,-9.827695,0.00213,-0.003195,0.00426,100215.22,30.35,-0.003695
442.484577,0.020117,-0.07182,-0.002394,-9.844128,-9.84439,0,-0.009585,0.003195,100215.78,30.35,-0.02039
442.504837,0.02026,-0.07182,-0.04788,-9.822582,-9.822961,0.00426,-0.001065,0.00426,100215.78,30.35,0.001039
442.524935,0.020098,-0.055062,-0.016758,-9.87525,-9.875418,0.00426,-0.007455,0.003195,100215.78,30.35,-0.051418
442.545047,0.020111,-0.076608,0.014364,-9.848916,-9.849224,0.00213,-0.005325,0.005325,100215.78,30.35,-0.025224
442.565142,0.020095,-0.069426,-0.021546,-9.868068,-9.868336,0.00426,-0.00213,0.00426,100215.78,30.35,-0.044336
442.585351,0.02021,-0.050274,0.057456,-9.868068,-9.868363,0.001065,-0.007455,0.003195,100215.78,30.35,-0.044363
442.605505,0.020154,-0.081396,-0.016758,-9.848916,-9.849267,0.003195,-0.007455,0.005325,100216.7,30.35,-0.025267
442.625598,0.020093,-0.069426,0.021546,-9.87525,-9.875518,0.003195,-0.00426,0.001065,100216.7,30.35,-0.051518
442.64573,0.020131,-0.052668,0.031122,-9.856098,-9.856288,0,-0.007455,0.00213,100216.7,30.35,-0.032288
442.665836,0.020106,-0.04788,-0.009576,-9.786672,-9.786794,0,-0.00426,0.001065,100216.7,30.35,0.037206
442.685943,0.020107,-0.043092,0,-9.83934,-9.839434,0.00426,-0.003195,0.003195,100216.7,30.35,-0.015434
442.706222,0.020279,-0.112518,0.002394,-9.846522,-9.847165,-0.001065,-0.007455,0.001065,100216.7,30.35,-0.023165
