accel,filter_accel,velocity,distance,pressure,temp,altitude,high
-0.005603,-0.000013,0.000000,0.000000,99377.060000,25.690000,169.101422,0.000000
0.018182,-0.000008,0.000000,0.000000,99377.060000,25.690000,169.101422,0.000000
-0.012712,0.000039,0.000000,0.000000,99377.040000,25.690000,169.103172,0.001750
0.018315,0.000106,0.000000,0.000000,99377.040000,25.690000,169.103172,0.001750
0.032672,0.000296,0.000000,0.000000,99377.040000,25.690000,169.103172,0.001750
0.003801,0.000664,0.000000,0.000000,99377.040000,25.690000,169.103172,0.001750
0.027688,0.001137,0.000000,0.000000,99377.040000,25.690000,169.103172,0.001750
0.013123,0.001708,0.000000,0.000000,99377.040000,25.690000,169.103172,0.001750
-0.000910,0.002311,0.000000,0.000000,99377.140000,25.690000,169.094422,-0.007000
0.006284,0.002855,0.000000,0.000000,99377.140000,25.690000,169.094422,-0.007000
-0.010393,0.003302,0.000000,0.000000,99377.140000,25.690000,169.094422,-0.007000
-0.031830,0.003550,0.000000,0.000000,99377.140000,25.690000,169.094422,-0.007000
-0.012680,0.003527,0.000000,0.000000,99377.140000,25.690000,169.094422,-0.007000
0.011132,0.003365,0.000000,0.000000,99377.140000,25.690000,169.094422,-0.007000
-0.015311,0.003180,0.000000,0.000000,99377.140000,25.690000,169.094422,-0.007000
0.013507,0.002975,0.000000,0.000000,99377.110000,25.690000,169.097047,-0.004375
-0.007797,0.002778,0.000000,0.000000,99377.110000,25.690000,169.097047,-0.004375
-0.019832,0.002529,0.000000,0.000000,99377.110000,25.690000,169.097047,-0.004375
-0.024636,0.002120,0.000000,0.000000,99377.110000,25.690000,169.097047,-0.004375
0.023229,0.001637,0.000000,0.000000,99377.110000,25.690000,169.097047,-0.004375
-0.007864,0.001235,0.000000,0.000000,99377.110000,25.690000,169.097047,-0.004375
-0.007926,0.000874,0.000000,0.000000,99377.220000,25.690000,169.087423,-0.014000
0.008895,0.000517,0.000000,0.000000,99377.220000,25.690000,169.087423,-0.014000
0.016093,0.000265,0.000000,0.000000,99377.220000,25.690000,169.087423,-0.014000
-0.017602,0.000098,0.000000,0.000000,99377.220000,25.690000,169.087423,-0.014000
0.016049,-0.000055,0.000000,0.000000,99377.220000,25.690000,169.087423,-0.014000
0.003919,-0.000143,0.000000,0.000000,99377.220000,25.690000,169.087423,-0.014000
0.015943,-0.000125,0.000000,0.000000,99377.220000,25.690000,169.087423,-0.014000
0.032550,0.000054,0.000000,0.000000,99377.220000,25.690000,169.087423,-0.014000
0.003954,0.000408,0.000000,0.000000,99377.220000,25.690000,169.087423,-0.014000
-0.000889,0.000805,0.000000,0.000000,99377.220000,25.690000,169.087423,-0.014000
0.001428,0.001151,0.000000,0.000000,99377.220000,25.690000,169.087423,-0.014000
-0.010437,0.001419,0.000000,0.000000,99377.190000,25.690000,169.090048,-0.011375
0.008808,0.001614,0.000000,0.000000,99377.190000,25.690000,169.090048,-0.011375
0.008852,0.001805,0.000000,0.000000,99377.190000,25.690000,169.090048,-0.011375
0.008809,0.002038,0.000000,0.000000,99377.190000,25.690000,169.090048,-0.011375
0.011101,0.002309,0.000000,0.000000,99377.190000,25.690000,169.090048,-0.011375
-0.010272,0.002571,0.000000,0.000000,99377.190000,25.690000,169.090048,-0.011375
-0.015173,0.002716,0.000000,0.000000,99377.200000,25.690000,169.089173,-0.012250
-0.005572,0.002707,0.000000,0.000000,99377.200000,25.690000,169.089173,-0.012250
-0.010494,0.002587,0.000000,0.000000,99377.200000,25.690000,169.089173,-0.012250
0.011226,0.002423,0.000000,0.000000,99377.200000,25.690000,169.089173,-0.012250
-0.003290,0.002278,0.000000,0.000000,99377.200000,25.690000,169.089173,-0.012250
0.006323,0.002156,0.000000,0.000000,99377.200000,25.690000,169.089173,-0.012250
-0.000628,0.002051,0.000000,0.000000,99377.230000,25.690000,169.086548,-0.014874
0.006343,0.001968,0.000000,0.000000,99377.230000,25.690000,169.086548,-0.014874
-0.003122,0.001897,0.000000,0.000000,99377.230000,25.690000,169.086548,-0.014874
0.013505,0.001851,0.000000,0.000000,99377.230000,25.690000,169.086548,-0.014874
0.032671,0.001926,0.000000,0.000000,99377.230000,25.690000,169.086548,-0.014874
0.023131,0.002214,0.000000,0.000000,99377.230000,25.690000,169.086548,-0.014874
0.006503,0.002644,0.000000,0.000000,99377.220000,25.690000,169.087423,-0.014000
0.011213,0.003104,0.000000,0.000000,99377.220000,25.690000,169.087423,-0.014000
0.035072,0.003624,0.000000,0.000000,99377.220000,25.690000,169.087423,-0.014000
-0.007882,0.004215,0.000000,0.000000,99377.220000,25.690000,169.087423,-0.014000
0.023043,0.004787,0.000000,0.000000,99377.220000,25.690000,169.087423,-0.014000
-0.000857,0.005326,0.000000,0.000000,99377.220000,25.690000,169.087423,-0.014000
0.011029,0.005820,0.000000,0.000000,99377.220000,25.690000,169.087423,-0.014000
0.049434,0.006360,0.000000,0.000000,99377.220000,25.690000,169.087423,-0.014000
0.018374,0.007071,0.000000,0.000000,99377.220000,25.690000,169.087423,-0.014000
0.028011,0.007891,0.000000,0.000000,99377.220000,25.690000,169.087423,-0.014000
0.004008,0.008712,0.000000,0.000000,99377.220000,25.690000,169.087423,-0.014000
0.011063,0.009453,0.000000,0.000000,99377.220000,25.690000,169.087423,-0.014000
0.003971,0.010077,0.000000,0.000000,99377.190000,25.690000,169.090048,-0.011375
0.004026,0.010579,0.000000,0.000000,99377.190000,25.690000,169.090048,-0.011375
-0.043833,0.010839,0.000000,0.000000,99377.190000,25.690000,169.090048,-0.011375
0.022828,0.010819,0.000000,0.000000,99377.190000,25.690000,169.090048,-0.011375
-0.003037,0.010697,0.000000,0.000000,99377.190000,25.690000,169.090048,-0.011375
-0.015788,0.010492,0.000000,0.000000,99377.190000,25.690000,169.090048,-0.011375
0.034705,0.010216,0.000000,0.000000,99377.190000,25.690000,169.090048,-0.011375
0.001693,0.010010,0.000000,0.000000,99377.270000,25.690000,169.083048,-0.018374
0.020586,0.009876,0.000000,0.000000,99377.270000,25.690000,169.083048,-0.018374
0.018451,0.009811,0.000000,0.000000,99377.270000,25.690000,169.083048,-0.018374
0.004059,0.009807,0.000000,0.000000,99377.270000,25.690000,169.083048,-0.018374
-0.029581,0.009704,0.000000,0.000000,99377.270000,25.690000,169.083048,-0.018374
0.028062,0.009459,0.000000,0.000000,99377.270000,25.690000,169.083048,-0.018374
0.025556,0.009281,0.000000,0.000000,99377.440000,25.690000,169.068173,-0.033249
-0.000990,0.009223,0.000000,0.000000,99377.440000,25.690000,169.068173,-0.033249
0.027994,0.009207,0.000000,0.000000,99377.440000,25.690000,169.068173,-0.033249
0.001493,0.009240,0.000000,0.000000,99377.440000,25.690000,169.068173,-0.033249
0.025296,0.009314,0.000000,0.000000,99377.440000,25.690000,169.068173,-0.033249
0.011303,0.009439,0.000000,0.000000,99377.440000,25.690000,169.068173,-0.033249
0.006267,0.009587,0.000000,0.000000,99377.460000,25.690000,169.066423,-0.034999
0.018294,0.009724,0.000000,0.000000,99377.460000,25.690000,169.066423,-0.034999
0.016038,0.009890,0.000000,0.000000,99377.460000,25.690000,169.066423,-0.034999
0.003953,0.010069,0.000000,0.000000,99377.460000,25.690000,169.066423,-0.034999
-0.012772,0.010155,0.000000,0.000000,99377.460000,25.690000,169.066423,-0.034999
0.018248,0.010127,0.000000,0.000000,99377.460000,25.690000,169.066423,-0.034999
-0.000784,0.010061,0.000000,0.000000,99377.460000,25.690000,169.066423,-0.034999
0.016047,0.009985,0.000000,0.000000,99377.500000,25.690000,169.062924,-0.038499
0.011182,0.009926,0.000000,0.000000,99377.500000,25.690000,169.062924,-0.038499
0.044771,0.009977,0.000000,0.000000,99377.500000,25.690000,169.062924,-0.038499
0.010827,0.010191,0.000000,0.000000,99377.500000,25.690000,169.062924,-0.038499
-0.003317,0.010428,0.000000,0.000000,99377.500000,25.690000,169.062924,-0.038499
0.003969,0.010555,0.000000,0.000000,99377.500000,25.690000,169.062924,-0.038499
0.006380,0.010592,0.000000,0.000000,99377.500000,25.690000,169.062924,-0.038499
0.020801,0.010612,0.000000,0.000000,99377.500000,25.690000,169.062924,-0.038499
-0.005825,0.010629,0.000000,0.000000,99377.500000,25.690000,169.062924,-0.038499
-0.000778,0.010564,0.000000,0.000000,99377.500000,25.690000,169.062924,-0.038499
0.003753,0.010398,0.000000,0.000000,99377.500000,25.690000,169.062924,-0.038499
-0.000695,0.010171,0.000000,0.000000,99377.500000,25.690000,169.062924,-0.038499
0.042271,0.009984,0.000000,0.000000,99377.620000,25.690000,169.052424,-0.048998
0.013457,0.009956,0.000000,0.000000,99377.620000,25.690000,169.052424,-0.048998
-0.000777,0.009999,0.000000,0.000000,99377.620000,25.690000,169.052424,-0.048998
0.008529,0.009991,0.000000,0.000000,99377.620000,25.690000,169.052424,-0.048998
0.039919,0.010022,0.000000,0.000000,99377.620000,25.690000,169.052424,-0.048998
0.003992,0.010172,0.000000,0.000000,99377.620000,25.690000,169.052424,-0.048998
-0.020204,0.010272,0.000000,0.000000,99377.570000,25.690000,169.056799,-0.044623
-0.010337,0.010151,0.000000,0.000000,99377.570000,25.690000,169.056799,-0.044623
0.006326,0.009869,0.000000,0.000000,99377.570000,25.690000,169.056799,-0.044623
-0.005482,0.009524,0.000000,0.000000,99377.570000,25.690000,169.056799,-0.044623
-0.017350,0.009083,0.000000,0.000000,99377.570000,25.690000,169.056799,-0.044623
0.013467,0.008552,0.000000,0.000000,99377.570000,25.690000,169.056799,-0.044623
-0.027190,0.007969,0.000000,0.000000,99377.570000,25.690000,169.056799,-0.044623
-0.022278,0.007239,0.000000,0.000000,99377.580000,25.690000,169.055924,-0.045498
0.015973,0.006407,0.000000,0.000000,99377.580000,25.690000,169.055924,-0.045498
0.001728,0.005651,0.000000,0.000000,99377.580000,25.690000,169.055924,-0.045498
-0.005762,0.004974,0.000000,0.000000,99377.580000,25.690000,169.055924,-0.045498
0.032551,0.004394,0.000000,0.000000,99377.580000,25.690000,169.055924,-0.045498
0.011342,0.004015,0.000000,0.000000,99377.580000,25.690000,169.055924,-0.045498
0.049246,0.003896,0.000000,0.000000,99377.600000,25.690000,169.054174,-0.047248
0.020624,0.004063,0.000000,0.000000,99377.600000,25.690000,169.054174,-0.047248
0.003838,0.004391,0.000000,0.000000,99377.600000,25.690000,169.054174,-0.047248
0.015793,0.004739,0.000000,0.000000,99377.600000,25.690000,169.054174,-0.047248
-0.005633,0.005067,0.000000,0.000000,99377.600000,25.690000,169.054174,-0.047248
-0.007999,0.005294,0.000000,0.000000,99377.600000,25.690000,169.054174,-0.047248
0.003985,0.005401,0.000000,0.000000,99377.600000,25.690000,169.054174,-0.047248
0.001521,0.005445,0.000000,0.000000,99377.600000,25.690000,169.054174,-0.047248
0.013539,0.005481,0.000000,0.000000,99377.600000,25.690000,169.054174,-0.047248
0.032589,0.005605,0.000000,0.000000,99377.600000,25.690000,169.054174,-0.047248
-0.005705,0.005832,0.000000,0.000000,99377.600000,25.690000,169.054174,-0.047248
0.011136,0.006049,0.000000,0.000000,99377.600000,25.690000,169.054174,-0.047248
0.004149,0.006230,0.000000,0.000000,99377.580000,25.690000,169.055924,-0.045498
-0.000780,0.006372,0.000000,0.000000,99377.580000,25.690000,169.055924,-0.045498
0.013376,0.006473,0.000000,0.000000,99377.580000,25.690000,169.055924,-0.045498
0.018210,0.006603,0.000000,0.000000,99377.580000,25.690000,169.055924,-0.045498
0.008757,0.006792,0.000000,0.000000,99377.580000,25.690000,169.055924,-0.045498
0.018336,0.007019,0.000000,0.000000,99377.580000,25.690000,169.055924,-0.045498
0.015399,0.007294,0.000000,0.000000,99377.580000,25.690000,169.055924,-0.045498
-0.012952,0.007548,0.000000,0.000000,99377.570000,25.690000,169.056799,-0.044623
0.008911,0.007694,0.000000,0.000000,99377.570000,25.690000,169.056799,-0.044623
-0.027030,0.007696,0.000000,0.000000,99377.570000,25.690000,169.056799,-0.044623
-0.007973,0.007500,0.000000,0.000000,99377.570000,25.690000,169.056799,-0.044623
0.011318,0.007184,0.000000,0.000000,99377.570000,25.690000,169.056799,-0.044623
0.013631,0.006909,0.000000,0.000000,99377.570000,25.690000,169.056799,-0.044623
0.013604,0.006729,0.000000,0.000000,99377.620000,25.690000,169.052424,-0.048998
0.023229,0.006660,0.000000,0.000000,99377.620000,25.690000,169.052424,-0.048998
0.001664,0.006683,0.000000,0.000000,99377.620000,25.690000,169.052424,-0.048998
0.003692,0.006711,0.000000,0.000000,99377.620000,25.690000,169.052424,-0.048998
0.020668,0.006742,0.000000,0.000000,99377.620000,25.690000,169.052424,-0.048998
0.018274,0.006854,0.000000,0.000000,99377.620000,25.690000,169.052424,-0.048998
0.001586,0.007026,0.000000,0.000000,99377.600000,25.690000,169.054174,-0.047248
0.003985,0.007169,0.000000,0.000000,99377.600000,25.690000,169.054174,-0.047248
0.008881,0.007268,0.000000,0.000000,99377.600000,25.690000,169.054174,-0.047248
0.035064,0.007420,0.000000,0.000000,99377.600000,25.690000,169.054174,-0.047248
0.003910,0.007677,0.000000,0.000000,99377.600000,25.690000,169.054174,-0.047248
0.008577,0.007949,0.000000,0.000000,99377.600000,25.690000,169.054174,-0.047248
-0.000801,0.008158,0.000000,0.000000,99377.600000,25.690000,169.054174,-0.047248
0.018503,0.008322,0.000000,0.000000,99377.600000,25.690000,169.054174,-0.047248
0.003867,0.008481,0.000000,0.000000,99377.600000,25.690000,169.054174,-0.047248
0.044650,0.008705,0.000000,0.000000,99377.600000,25.690000,169.054174,-0.047248
-0.015080,0.009002,0.000000,0.000000,99377.600000,25.690000,169.054174,-0.047248
-0.007941,0.009190,0.000000,0.000000,99377.600000,25.690000,169.054174,-0.047248
0.039820,0.009288,0.000000,0.000000,99377.580000,25.690000,169.055924,-0.045498
-0.000910,0.009451,0.000000,0.000000,99377.580000,25.690000,169.055924,-0.045498
-0.010647,0.009569,0.000000,0.000000,99377.580000,25.690000,169.055924,-0.045498
-0.012637,0.009498,0.000000,0.000000,99377.580000,25.690000,169.055924,-0.045498
-0.020227,0.009215,0.000000,0.000000,99377.580000,25.690000,169.055924,-0.045498
0.018293,0.008801,0.000000,0.000000,99377.580000,25.690000,169.055924,-0.045498
-0.003000,0.008390,0.000000,0.000000,99377.580000,25.690000,169.055924,-0.045498
0.020910,0.008032,0.000000,0.000000,99377.600000,25.690000,169.054174,-0.047248
0.006421,0.007753,0.000000,0.000000,99377.600000,25.690000,169.054174,-0.047248
0.004090,0.007527,0.000000,0.000000,99377.600000,25.690000,169.054174,-0.047248
0.030200,0.007366,0.000000,0.000000,99377.600000,25.690000,169.054174,-0.047248
-0.005758,0.007295,0.000000,0.000000,99377.600000,25.690000,169.054174,-0.047248
0.015791,0.007245,0.000000,0.000000,99377.600000,25.690000,169.054174,-0.047248
0.008848,0.007216,0.000000,0.000000,99377.550000,25.690000,169.058549,-0.042873
0.004088,0.007211,0.000000,0.000000,99377.550000,25.690000,169.058549,-0.042873
-0.000848,0.007177,0.000000,0.000000,99377.550000,25.690000,169.058549,-0.042873
0.006580,0.007101,0.000000,0.000000,99377.550000,25.690000,169.058549,-0.042873
-0.022312,0.006945,0.000000,0.000000,99377.550000,25.690000,169.058549,-0.042873
0.001683,0.006658,0.000000,0.000000,99377.550000,25.690000,169.058549,-0.042873
0.020739,0.006350,0.000000,0.000000,99377.460000,25.690000,169.066423,-0.034999
-0.008064,0.006106,0.000000,0.000000,99377.460000,25.690000,169.066423,-0.034999
0.008679,0.005869,0.000000,0.000000,99377.460000,25.690000,169.066423,-0.034999
0.006347,0.005644,0.000000,0.000000,99377.460000,25.690000,169.066423,-0.034999
-0.001014,0.005444,0.000000,0.000000,99377.460000,25.690000,169.066423,-0.034999
-0.012700,0.005199,0.000000,0.000000,99377.460000,25.690000,169.066423,-0.034999
0.023063,0.004930,0.000000,0.000000,99377.460000,25.690000,169.066423,-0.034999
0.020459,0.004777,0.000000,0.000000,99377.460000,25.690000,169.066423,-0.034999
-0.012975,0.004719,0.000000,0.000000,99377.460000,25.690000,169.066423,-0.034999
0.011090,0.004638,0.000000,0.000000,99377.460000,25.690000,169.066423,-0.034999
0.001332,0.004549,0.000000,0.000000,99377.460000,25.690000,169.066423,-0.034999
0.008741,0.004481,0.000000,0.000000,99377.460000,25.690000,169.066423,-0.034999
-0.003293,0.004417,0.000000,0.000000,99377.460000,25.690000,169.066423,-0.034999
-0.000825,0.004323,0.000000,0.000000,99377.490000,25.690000,169.063799,-0.037624
0.018356,0.004232,0.000000,0.000000,99377.490000,25.690000,169.063799,-0.037624
-0.005440,0.004185,0.000000,0.000000,99377.490000,25.690000,169.063799,-0.037624
-0.005505,0.004110,0.000000,0.000000,99377.490000,25.690000,169.063799,-0.037624
-0.000694,0.003965,0.000000,0.000000,99377.490000,25.690000,169.063799,-0.037624
0.011217,0.003813,0.000000,0.000000,99377.490000,25.690000,169.063799,-0.037624
-0.007944,0.003677,0.000000,0.000000,99377.490000,25.690000,169.063799,-0.037624
0.030372,0.003585,0.000000,0.000000,99377.490000,25.690000,169.063799,-0.037624
-0.012674,0.003566,0.000000,0.000000,99377.490000,25.690000,169.063799,-0.037624
-0.027057,0.003464,0.000000,0.000000,99377.490000,25.690000,169.063799,-0.037624
0.020783,0.003234,0.000000,0.000000,99377.490000,25.690000,169.063799,-0.037624
0.004145,0.003048,0.000000,0.000000,99377.490000,25.690000,169.063799,-0.037624
0.025480,0.002987,0.000000,0.000000,99377.490000,25.690000,169.063799,-0.037624
0.006306,0.003051,0.000000,0.000000,99377.490000,25.690000,169.063799,-0.037624
0.008819,0.003188,0.000000,0.000000,99377.490000,25.690000,169.063799,-0.037624
0.008531,0.003353,0.000000,0.000000,99377.490000,25.690000,169.063799,-0.037624
0.006220,0.003540,0.000000,0.000000,99377.490000,25.690000,169.063799,-0.037624
0.013262,0.003750,0.000000,0.000000,99377.490000,25.690000,169.063799,-0.037624
-0.017700,0.003932,0.000000,0.000000,99377.410000,25.690000,169.070798,-0.030624
-0.008220,0.003982,0.000000,0.000000,99377.410000,25.690000,169.070798,-0.030624
-0.010452,0.003882,0.000000,0.000000,99377.410000,25.690000,169.070798,-0.030624
-0.012861,0.003660,0.000000,0.000000,99377.410000,25.690000,169.070798,-0.030624
0.049301,0.003463,0.000000,0.000000,99377.410000,25.690000,169.070798,-0.030624
-0.003455,0.003454,0.000000,0.000000,99377.410000,25.690000,169.070798,-0.030624
0.004010,0.003523,0.000000,0.000000,99377.410000,25.690000,169.070798,-0.030624
-0.003249,0.003553,0.000000,0.000000,99377.410000,25.690000,169.070798,-0.030624
0.013619,0.003572,0.000000,0.000000,99377.410000,25.690000,169.070798,-0.030624
0.020880,0.003660,0.000000,0.000000,99377.410000,25.690000,169.070798,-0.030624
0.001635,0.003836,0.000000,0.000000,99377.410000,25.690000,169.070798,-0.030624
0.018583,0.004054,0.000000,0.000000,99377.410000,25.690000,169.070798,-0.030624
0.008875,0.004317,0.000000,0.000000,99377.410000,25.690000,169.070798,-0.030624
0.006483,0.004605,0.000000,0.000000,99377.380000,25.690000,169.073423,-0.027999
-0.020007,0.004816,0.000000,0.000000,99377.380000,25.690000,169.073423,-0.027999
0.006511,0.004890,0.000000,0.000000,99377.380000,25.690000,169.073423,-0.027999
0.022975,0.004946,0.000000,0.000000,99377.380000,25.690000,169.073423,-0.027999
0.003954,0.005080,0.000000,0.000000,99377.380000,25.690000,169.073423,-0.027999
0.013572,0.005254,0.000000,0.000000,99377.380000,25.690000,169.073423,-0.027999
-0.019984,0.005381,0.000000,0.000000,99377.440000,25.690000,169.068173,-0.033249
0.022956,0.005433,0.000000,0.000000,99377.440000,25.690000,169.068173,-0.033249
0.005983,0.005502,0.000000,0.000000,99377.440000,25.690000,169.068173,-0.033249
-0.001029,0.005589,0.000000,0.000000,99377.440000,25.690000,169.068173,-0.033249
0.001296,0.005625,0.000000,0.000000,99377.440000,25.690000,169.068173,-0.033249
0.018276,0.005650,0.000000,0.000000,99377.440000,25.690000,169.068173,-0.033249
0.006455,0.005722,0.000000,0.000000,99377.380000,25.690000,169.073423,-0.027999
0.025492,0.005865,0.000000,0.000000,99377.380000,25.690000,169.073423,-0.027999
-0.015058,0.006033,0.000000,0.000000,99377.380000,25.690000,169.073423,-0.027999
-0.003255,0.006104,0.000000,0.000000,99377.380000,25.690000,169.073423,-0.027999
0.004070,0.006066,0.000000,0.000000,99377.380000,25.690000,169.073423,-0.027999
0.027711,0.006053,0.000000,0.000000,99377.380000,25.690000,169.073423,-0.027999
0.054410,0.006253,0.000000,0.000000,99377.110000,25.690000,169.097047,-0.004375
0.008832,0.006711,0.000000,0.000000,99377.110000,25.690000,169.097047,-0.004375
-0.077143,0.007032,0.000000,0.000000,99377.110000,25.690000,169.097047,-0.004375
-0.000703,0.006900,0.000000,0.000000,99377.110000,25.690000,169.097047,-0.004375
0.018287,0.006579,0.000000,0.000000,99377.110000,25.690000,169.097047,-0.004375
0.025098,0.006381,0.000000,0.000000,99377.110000,25.690000,169.097047,-0.004375
-0.010930,0.006286,0.000000,0.000000,99377.110000,25.690000,169.097047,-0.004375
0.010222,0.006175,0.000000,0.000000,99377.110000,25.690000,169.097047,-0.004375
0.076988,0.006225,0.000000,0.000000,99377.110000,25.690000,169.097047,-0.004375
0.043215,0.006698,0.000000,0.000000,99377.110000,25.690000,169.097047,-0.004375
-0.020487,0.007383,0.000000,0.000000,99377.110000,25.690000,169.097047,-0.004375
-0.022134,0.007860,0.000000,0.000000,99377.110000,25.690000,169.097047,-0.004375
0.001183,0.008050,0.000000,0.000000,99377.110000,25.690000,169.097047,-0.004375
0.027715,0.008158,0.000000,0.000000,99377.070000,25.690000,169.100547,-0.000875
-0.027038,0.008244,0.000000,0.000000,99377.070000,25.690000,169.100547,-0.000875
-0.012491,0.008150,0.000000,0.000000,99377.070000,25.690000,169.100547,-0.000875
-0.022276,0.007816,0.000000,0.000000,99377.070000,25.690000,169.100547,-0.000875
-0.019866,0.007271,0.000000,0.000000,99377.070000,25.690000,169.100547,-0.000875
-0.017339,0.006543,0.000000,0.000000,99377.070000,25.690000,169.100547,-0.000875
-0.027129,0.005657,0.000000,0.000000,99377.120000,25.690000,169.096172,-0.005250
-0.000537,0.004665,0.000000,0.000000,99377.120000,25.690000,169.096172,-0.005250
0.015881,0.003732,0.000000,0.000000,99377.120000,25.690000,169.096172,-0.005250
0.030287,0.003032,0.000000,0.000000,99377.120000,25.690000,169.096172,-0.005250
0.023164,0.002631,0.000000,0.000000,99377.120000,25.690000,169.096172,-0.005250
0.044584,0.002544,0.000000,0.000000,99377.120000,25.690000,169.096172,-0.005250
-0.005776,0.002696,0.000000,0.000000,99377.120000,25.690000,169.096172,-0.005250
-0.011315,0.002853,0.000000,0.000000,99377.220000,25.690000,169.087423,-0.014000
-0.007910,0.002877,0.000000,0.000000,99377.220000,25.690000,169.087423,-0.014000
0.001216,0.002810,0.000000,0.000000,99377.220000,25.690000,169.087423,-0.014000
0.003209,0.002720,0.000000,0.000000,99377.220000,25.690000,169.087423,-0.014000
0.020205,0.002682,0.000000,0.000000,99377.220000,25.690000,169.087423,-0.014000
-0.006462,0.002711,0.000000,0.000000,99377.220000,25.690000,169.087423,-0.014000
-0.020520,0.002679,0.000000,0.000000,99377.150000,25.690000,169.093547,-0.007875
-0.003466,0.002506,0.000000,0.000000,99377.150000,25.690000,169.093547,-0.007875
0.032373,0.002344,0.000000,0.000000,99377.150000,25.690000,169.093547,-0.007875
-0.017423,0.002285,0.000000,0.000000,99377.150000,25.690000,169.093547,-0.007875
-0.005426,0.002194,0.000000,0.000000,99377.150000,25.690000,169.093547,-0.007875
-0.001111,0.002024,0.000000,0.000000,99377.150000,25.690000,169.093547,-0.007875
0.006468,0.001856,0.000000,0.000000,99377.030000,25.690000,169.104047,0.002625
0.006554,0.001735,0.000000,0.000000,99377.030000,25.690000,169.104047,0.002625
0.030311,0.001732,0.000000,0.000000,99377.030000,25.690000,169.104047,0.002625
-0.000712,0.001869,0.000000,0.000000,99377.030000,25.690000,169.104047,0.002625
0.025668,0.002099,0.000000,0.000000,99377.030000,25.690000,169.104047,0.002625
-0.007785,0.002380,0.000000,0.000000,99377.030000,25.690000,169.104047,0.002625
0.030470,0.002697,0.000000,0.000000,99377.030000,25.690000,169.104047,0.002625
-0.007990,0.003053,0.000000,0.000000,99377.030000,25.690000,169.104047,0.002625
0.023133,0.003422,0.000000,0.000000,99377.030000,25.690000,169.104047,0.002625
-0.019925,0.003752,0.000000,0.000000,99377.030000,25.690000,169.104047,0.002625
0.006533,0.003980,0.000000,0.000000,99377.030000,25.690000,169.104047,0.002625
0.013263,0.004155,0.000000,0.000000,99377.030000,25.690000,169.104047,0.002625
-0.000863,0.004343,0.000000,0.000000,99377.030000,25.690000,169.104047,0.002625
-0.012776,0.004463,0.000000,0.000000,99376.900000,25.690000,169.115422,0.014000
-0.015257,0.004426,0.000000,0.000000,99376.900000,25.690000,169.115422,0.014000
-0.005852,0.004237,0.000000,0.000000,99376.900000,25.690000,169.115422,0.014000
0.020463,0.004018,0.000000,0.000000,99376.900000,25.690000,169.115422,0.014000
0.025701,0.003933,0.000000,0.000000,99376.900000,25.690000,169.115422,0.014000
-0.017744,0.003949,0.000000,0.000000,99376.900000,25.690000,169.115422,0.014000
-0.000877,0.003902,0.000000,0.000000,99376.900000,25.690000,169.115422,0.014000
-0.024568,0.003719,0.000000,0.000000,99376.830000,25.700000,169.127206,0.025784
-0.010332,0.003384,0.000000,0.000000,99376.830000,25.700000,169.127206,0.025784
0.051812,0.003077,0.000000,0.000000,99376.830000,25.700000,169.127206,0.025784
0.010813,0.003027,0.000000,0.000000,99376.830000,25.700000,169.127206,0.025784
0.008588,0.003148,0.000000,0.000000,99376.830000,25.700000,169.127206,0.025784
0.016166,0.003328,0.000000,0.000000,99376.830000,25.700000,169.127206,0.025784
0.011294,0.003575,0.000000,0.000000,99376.740000,25.700000,169.135081,0.033659
0.011192,0.003874,0.000000,0.000000,99376.740000,25.700000,169.135081,0.033659
0.008706,0.004196,0.000000,0.000000,99376.740000,25.700000,169.135081,0.033659
-0.012618,0.004474,0.000000,0.000000,99376.740000,25.700000,169.135081,0.033659
0.004045,0.004644,0.000000,0.000000,99376.740000,25.700000,169.135081,0.033659
0.008878,0.004757,0.000000,0.000000,99376.740000,25.700000,169.135081,0.033659
0.015585,0.004899,0.000000,0.000000,99376.740000,25.700000,169.135081,0.033659
0.001119,0.005073,0.000000,0.000000,99376.740000,25.700000,169.135081,0.033659
0.018407,0.005261,0.000000,0.000000,99376.740000,25.700000,169.135081,0.033659
-0.010815,0.005439,0.000000,0.000000,99376.740000,25.700000,169.135081,0.033659
-0.003293,0.005526,0.000000,0.000000,99376.740000,25.700000,169.135081,0.033659
0.008834,0.005530,0.000000,0.000000,99376.740000,25.700000,169.135081,0.033659
-0.000640,0.005513,0.000000,0.000000,99376.740000,25.700000,169.135081,0.033659
0.011059,0.005491,0.000000,0.000000,99376.740000,25.700000,169.135081,0.033659
0.037712,0.005559,0.000000,0.000000,99376.740000,25.700000,169.135081,0.033659
-0.005698,0.005756,0.000000,0.000000,99376.740000,25.700000,169.135081,0.033659
0.039901,0.006029,0.000000,0.000000,99376.740000,25.700000,169.135081,0.033659
0.008832,0.006404,0.000000,0.000000,99376.740000,25.700000,169.135081,0.033659
0.006568,0.006820,0.000000,0.000000,99376.830000,25.700000,169.127206,0.025784
-0.002976,0.007162,0.000000,0.000000,99376.830000,25.700000,169.127206,0.025784
-0.003034,0.007385,0.000000,0.000000,99376.830000,25.700000,169.127206,0.025784
0.008745,0.007509,0.000000,0.000000,99376.830000,25.700000,169.127206,0.025784
0.008634,0.007599,0.000000,0.000000,99376.830000,25.700000,169.127206,0.025784
0.001519,0.007671,0.000000,0.000000,99376.830000,25.700000,169.127206,0.025784
0.005955,0.007702,0.000000,0.000000,99376.830000,25.700000,169.127206,0.025784
0.003238,0.007696,0.000000,0.000000,99376.870000,25.700000,169.123706,0.022284
-0.003405,0.007640,0.000000,0.000000,99376.870000,25.700000,169.123706,0.022284
-0.017572,0.007469,0.000000,0.000000,99376.870000,25.700000,169.123706,0.022284
-0.005912,0.007146,0.000000,0.000000,99376.870000,25.700000,169.123706,0.022284
0.008583,0.006748,0.000000,0.000000,99376.870000,25.700000,169.123706,0.022284
0.008757,0.006388,0.000000,0.000000,99376.870000,25.700000,169.123706,0.022284
0.015825,0.006113,0.000000,0.000000,99376.900000,25.700000,169.121081,0.019659
0.020649,0.005961,0.000000,0.000000,99376.900000,25.700000,169.121081,0.019659
0.030347,0.005980,0.000000,0.000000,99376.900000,25.700000,169.121081,0.019659
-0.010529,0.006106,0.000000,0.000000,99376.900000,25.700000,169.121081,0.019659
0.032801,0.006257,0.000000,0.000000,99376.900000,25.700000,169.121081,0.019659
0.040084,0.006554,0.000000,0.000000,99376.900000,25.700000,169.121081,0.019659
0.004229,0.007026,0.000000,0.000000,99376.900000,25.700000,169.121081,0.019659
0.001579,0.007487,0.000000,0.000000,99376.870000,25.700000,169.123706,0.022284
0.006420,0.007849,0.000000,0.000000,99376.870000,25.700000,169.123706,0.022284
0.035094,0.008205,0.000000,0.000000,99376.870000,25.700000,169.123706,0.022284
0.001700,0.008622,0.000000,0.000000,99376.870000,25.700000,169.123706,0.022284
-0.000806,0.008991,0.000000,0.000000,99376.870000,25.700000,169.123706,0.022284
0.023385,0.009282,0.000000,0.000000,99376.870000,25.700000,169.123706,0.022284
-0.005777,0.009541,0.000000,0.000000,99376.870000,25.700000,169.123706,0.022284
-0.012730,0.009674,0.000000,0.000000,99376.870000,25.700000,169.123706,0.022284
0.006465,0.009639,0.000000,0.000000,99376.870000,25.700000,169.123706,0.022284
0.025218,0.009579,0.000000,0.000000,99376.870000,25.700000,169.123706,0.022284
0.003588,0.009578,0.000000,0.000000,99376.870000,25.700000,169.123706,0.022284
0.001275,0.009567,0.000000,0.000000,99376.870000,25.700000,169.123706,0.022284
0.003474,0.009490,0.000000,0.000000,99376.830000,25.700000,169.127206,0.025784
0.011024,0.009378,0.000000,0.000000,99376.830000,25.700000,169.127206,0.025784
-0.007719,0.009235,0.000000,0.000000,99376.830000,25.700000,169.127206,0.025784
-0.022914,0.008960,0.000000,0.000000,99376.830000,25.700000,169.127206,0.025784
-0.024840,0.008452,0.000000,0.000000,99376.830000,25.700000,169.127206,0.025784
0.025741,0.007821,0.000000,0.000000,99376.830000,25.700000,169.127206,0.025784
0.015676,0.007299,0.000000,0.000000,99376.830000,25.700000,169.127206,0.025784
0.006128,0.006927,0.000000,0.000000,99376.710000,25.700000,169.137706,0.036284
0.025830,0.006666,0.000000,0.000000,99376.710000,25.700000,169.137706,0.036284
-0.025091,0.006453,0.000000,0.000000,99376.710000,25.700000,169.137706,0.036284
0.035269,0.006234,0.000000,0.000000,99376.710000,25.700000,169.137706,0.036284
-0.014980,0.006057,0.000000,0.000000,99376.710000,25.700000,169.137706,0.036284
0.006253,0.005873,0.000000,0.000000,99376.710000,25.700000,169.137706,0.036284
0.004174,0.005662,0.000000,0.000000,99376.690000,25.700000,169.139456,0.038034
0.003944,0.005470,0.000000,0.000000,99376.690000,25.700000,169.139456,0.038034
0.015720,0.005317,0.000000,0.000000,99376.690000,25.700000,169.139456,0.038034
0.013770,0.005250,0.000000,0.000000,99376.690000,25.700000,169.139456,0.038034
-0.015228,0.005208,0.000000,0.000000,99376.690000,25.700000,169.139456,0.038034
0.004062,0.005093,0.000000,0.000000,99376.710000,25.700000,169.137706,0.036284
0.018570,0.004973,0.000000,0.000000,99376.710000,25.700000,169.137706,0.036284
0.068579,0.005080,0.000000,0.000000,99376.710000,25.700000,169.137706,0.036284
0.106778,0.005744,0.000000,0.000000,99376.710000,25.700000,169.137706,0.036284
0.042374,0.007030,0.000000,0.000000,99376.710000,25.700000,169.137706,0.036284
0.077625,0.008715,0.000000,0.000000,99376.710000,25.700000,169.137706,0.036284
0.066302,0.010716,0.000000,0.000000,99376.710000,25.700000,169.137706,0.036284
0.032785,0.012923,0.000000,0.000000,99376.710000,25.700000,169.137706,0.036284
-0.003213,0.015020,0.000000,0.000000,99376.710000,25.700000,169.137706,0.036284
0.015997,0.016797,0.000000,0.000000,99376.710000,25.700000,169.137706,0.036284
-0.013062,0.018217,0.000000,0.000000,99376.710000,25.700000,169.137706,0.036284
-0.003349,0.019245,0.000000,0.000000,99376.710000,25.700000,169.137706,0.036284
-0.027133,0.019845,0.000000,0.000000,99376.660000,25.700000,169.142081,0.040659
-0.067930,0.019883,0.000000,0.000000,99376.660000,25.700000,169.142081,0.040659
-0.048754,0.019229,0.000000,0.000000,99376.660000,25.700000,169.142081,0.040659
-0.065470,0.017936,0.000000,0.000000,99376.660000,25.700000,169.142081,0.040659
-0.053305,0.016096,0.000000,0.000000,99376.660000,25.700000,169.142081,0.040659
-0.048547,0.013828,0.000000,0.000000,99376.790000,25.700000,169.130706,0.029284
-0.055869,0.011244,0.000000,0.000000,99376.790000,25.700000,169.130706,0.029284
-0.012747,0.008488,0.000000,0.000000,99376.790000,25.700000,169.130706,0.029284
-0.062955,0.005678,0.000000,0.000000,99376.790000,25.700000,169.130706,0.029284
-0.065627,0.002705,0.000000,0.000000,99376.790000,25.700000,169.130706,0.029284
-0.039183,-0.000450,0.000000,0.000000,99376.790000,25.700000,169.130706,0.029284
-0.029302,-0.003591,0.000000,0.000000,99376.820000,25.700000,169.128081,0.026659
-0.020007,-0.006559,0.000000,0.000000,99376.820000,25.700000,169.128081,0.026659
-0.007929,-0.009255,0.000000,0.000000,99376.820000,25.700000,169.128081,0.026659
-0.005485,-0.011603,0.000000,0.000000,99376.820000,25.700000,169.128081,0.026659
-0.017554,-0.013616,0.000000,0.000000,99376.820000,25.700000,169.128081,0.026659
-0.039144,-0.015423,0.000000,0.000000,99376.820000,25.700000,169.128081,0.026659
-0.036659,-0.017157,0.000000,0.000000,99376.830000,25.700000,169.127206,0.025784
-0.022288,-0.018817,0.000000,0.000000,99376.830000,25.700000,169.127206,0.025784
-0.017749,-0.020312,0.000000,0.000000,99376.830000,25.700000,169.127206,0.025784
-0.022642,-0.021608,0.000000,0.000000,99376.830000,25.700000,169.127206,0.025784
-0.022439,-0.022730,0.000000,0.000000,99376.830000,25.700000,169.127206,0.025784
-0.072548,-0.023819,0.000000,0.000000,99376.830000,25.700000,169.127206,0.025784
-0.039179,-0.025026,0.000000,0.000000,99376.910000,25.700000,169.120206,0.018784
-0.039137,-0.026285,0.000000,0.000000,99376.910000,25.700000,169.120206,0.018784
-0.060891,-0.027550,0.000000,0.000000,99376.910000,25.700000,169.120206,0.018784
-0.065450,-0.028921,0.000000,0.000000,99376.910000,25.700000,169.120206,0.018784
-0.086922,-0.030495,-0.000308,-0.000005,99376.910000,25.700000,169.120206,0.018784
-0.106360,-0.032387,-0.000635,-0.000013,99376.910000,25.700000,169.120206,0.018784
-0.142066,-0.034765,-0.000999,-0.000025,99376.910000,25.700000,169.120206,0.018784
-0.127747,-0.037721,-0.001380,-0.000041,99376.910000,25.700000,169.120206,0.018784
-0.156440,-0.041236,-0.001796,-0.000061,99376.910000,25.700000,169.120206,0.018784
-0.168389,-0.045331,-0.002255,-0.000086,99376.910000,25.700000,169.120206,0.018784
-0.182650,-0.050050,-0.002760,-0.000117,99376.910000,25.700000,169.120206,0.018784
-0.185229,-0.055366,-0.003322,-0.000153,99376.910000,25.700000,169.120206,0.018784
-0.208950,-0.061251,-0.003939,-0.000196,99376.910000,25.700000,169.120206,0.018784
-0.204249,-0.067683,-0.004629,-0.000247,99376.830000,25.700000,169.127206,0.025784
-0.213980,-0.074583,-0.005387,-0.000305,99376.830000,25.700000,169.127206,0.025784
-0.240039,-0.081922,-0.006215,-0.000372,99376.830000,25.700000,169.127206,0.025784
-0.209036,-0.089645,-0.007120,-0.000449,99376.830000,25.700000,169.127206,0.025784
-0.269061,-0.097685,-0.008164,-0.000542,99376.830000,25.700000,169.127206,0.025784
-0.221040,-0.106020,-0.009234,-0.000640,99376.830000,25.700000,169.127206,0.025784
-0.249681,-0.114516,-0.010391,-0.000751,99376.880000,25.700000,169.122831,0.021409
-0.242531,-0.123076,-0.011634,-0.000875,99376.880000,25.700000,169.122831,0.021409
-0.230557,-0.131616,-0.012966,-0.001013,99376.880000,25.700000,169.122831,0.021409
-0.247450,-0.140026,-0.014375,-0.001165,99376.880000,25.700000,169.122831,0.021409
-0.240291,-0.148277,-0.015872,-0.001332,99376.880000,25.700000,169.122831,0.021409
-0.230445,-0.156296,-0.017447,-0.001516,99376.880000,25.700000,169.122831,0.021409
-0.252424,-0.164026,-0.019104,-0.001718,99376.850000,25.700000,169.125456,0.024034
-0.232957,-0.171468,-0.020834,-0.001936,99376.850000,25.700000,169.125456,0.024034
-0.237715,-0.178561,-0.022636,-0.002174,99376.850000,25.700000,169.125456,0.024034
-0.245266,-0.185277,-0.024506,-0.002431,99376.850000,25.700000,169.125456,0.024034
-0.252178,-0.191668,-0.026438,-0.002707,99376.850000,25.700000,169.125456,0.024034
-0.235499,-0.197727,-0.028433,-0.003004,99376.850000,25.700000,169.125456,0.024034
-0.238005,-0.203384,-0.030486,-0.003322,99376.850000,25.700000,169.125456,0.024034
-0.271333,-0.208690,-0.032603,-0.003663,99376.770000,25.700000,169.132456,0.031034
-0.252240,-0.213761,-0.034765,-0.004026,99376.770000,25.700000,169.132456,0.031034
-0.266708,-0.218601,-0.036970,-0.004410,99376.770000,25.700000,169.132456,0.031034
-0.290482,-0.223275,-0.039224,-0.004817,99376.770000,25.700000,169.132456,0.031034
-0.266765,-0.227852,-0.041547,-0.005253,99376.770000,25.700000,169.132456,0.031034
-0.271622,-0.232256,-0.043894,-0.005708,99376.770000,25.700000,169.132456,0.031034
-0.283691,-0.236465,-0.046349,-0.006202,99376.770000,25.700000,169.132456,0.031034
-0.273717,-0.240509,-0.048814,-0.006715,99376.770000,25.700000,169.132456,0.031034
-0.290486,-0.244394,-0.051302,-0.007250,99376.770000,25.700000,169.132456,0.031034
-0.295414,-0.248170,-0.053806,-0.007806,99376.770000,25.700000,169.132456,0.031034
-0.292746,-0.251874,-0.056348,-0.008387,99376.770000,25.700000,169.132456,0.031034
-0.297704,-0.255490,-0.058931,-0.008996,99376.770000,25.700000,169.132456,0.031034
-0.304698,-0.259029,-0.061546,-0.009630,99376.750000,25.700000,169.134206,0.032784
-0.314372,-0.262537,-0.064215,-0.010297,99376.750000,25.700000,169.134206,0.032784
-0.338438,-0.266102,-0.066902,-0.010986,99376.750000,25.700000,169.134206,0.032784
-0.312009,-0.269758,-0.069637,-0.011706,99376.750000,25.700000,169.134206,0.032784
-0.319226,-0.273407,-0.072415,-0.012456,99376.750000,25.700000,169.134206,0.032784
-0.345527,-0.277049,-0.075309,-0.013258,99376.750000,25.700000,169.134206,0.032784
-0.350388,-0.280804,-0.078168,-0.014068,99376.690000,25.700000,169.139456,0.038034
-0.340700,-0.284683,-0.081038,-0.014899,99376.690000,25.700000,169.139456,0.038034
-0.384123,-0.288701,-0.084062,-0.015796,99376.690000,25.700000,169.139456,0.038034
-0.352587,-0.292910,-0.087016,-0.016688,99376.690000,25.700000,169.139456,0.038034
-0.343212,-0.297176,-0.090016,-0.017612,99376.690000,25.700000,169.139456,0.038034
-0.367055,-0.301389,-0.093103,-0.018582,99376.690000,25.700000,169.139456,0.038034
-0.383939,-0.305646,-0.096189,-0.019568,99376.690000,25.700000,169.139456,0.038034
-0.367168,-0.309998,-0.099324,-0.020589,99376.720000,25.700000,169.136831,0.035409
-0.403311,-0.314437,-0.102502,-0.021640,99376.720000,25.700000,169.136831,0.035409
-0.374485,-0.318973,-0.105724,-0.022725,99376.720000,25.700000,169.136831,0.035409
-0.383843,-0.323521,-0.109041,-0.023860,99376.720000,25.700000,169.136831,0.035409
-0.410329,-0.328075,-0.112354,-0.025011,99376.720000,25.700000,169.136831,0.035409
-0.395822,-0.332705,-0.115726,-0.026201,99376.720000,25.700000,169.136831,0.035409
-0.381468,-0.337316,-0.119138,-0.027423,99376.850000,25.700000,169.125456,0.024034
-0.431782,-0.341885,-0.122587,-0.028677,99376.850000,25.700000,169.125456,0.024034
-0.405735,-0.346517,-0.126132,-0.029986,99376.850000,25.700000,169.125456,0.024034
-0.412715,-0.351170,-0.129693,-0.031319,99376.850000,25.700000,169.125456,0.024034
-0.441424,-0.355839,-0.133283,-0.032682,99376.850000,25.700000,169.125456,0.024034
-0.434285,-0.360611,-0.136932,-0.034086,99376.850000,25.700000,169.125456,0.024034
-0.463056,-0.365530,-0.140627,-0.035526,99376.850000,25.700000,169.125456,0.024034
-0.472371,-0.370671,-0.144370,-0.037003,99376.850000,25.700000,169.125456,0.024034
-0.467494,-0.376056,-0.148169,-0.038519,99376.850000,25.700000,169.125456,0.024034
-0.472500,-0.381613,-0.152046,-0.040084,99376.850000,25.700000,169.125456,0.024034
-0.496558,-0.387335,-0.155959,-0.041679,99376.850000,25.700000,169.125456,0.024034
-0.496357,-0.393272,-0.159924,-0.043311,99376.850000,25.700000,169.125456,0.024034
-0.489273,-0.399377,-0.163999,-0.045005,99376.850000,25.700000,169.125456,0.024034
-0.493992,-0.405549,-0.168094,-0.046723,99376.800000,25.700000,169.129831,0.028409
-0.488963,-0.411714,-0.172247,-0.048481,99376.800000,25.700000,169.129831,0.028409
-0.501062,-0.417830,-0.176465,-0.050285,99376.800000,25.700000,169.129831,0.028409
-0.499093,-0.423888,-0.180741,-0.052129,99376.800000,25.700000,169.129831,0.028409
-0.498751,-0.429856,-0.185123,-0.054039,99376.800000,25.700000,169.129831,0.028409
-0.513153,-0.435717,-0.189650,-0.056033,99376.800000,25.700000,169.129831,0.028409
-0.515408,-0.441503,-0.194107,-0.058015,99376.690000,25.700000,169.139456,0.038034
-0.520247,-0.447225,-0.198616,-0.060040,99376.690000,25.700000,169.139456,0.038034
-0.505807,-0.452831,-0.203181,-0.062111,99376.690000,25.700000,169.139456,0.038034
-0.524975,-0.458274,-0.207809,-0.064233,99376.690000,25.700000,169.139456,0.038034
-0.515522,-0.463556,-0.212490,-0.066402,99376.690000,25.700000,169.139456,0.038034
-0.491675,-0.468595,-0.217227,-0.068622,99376.690000,25.700000,169.139456,0.038034
-0.525187,-0.473319,-0.222008,-0.070889,99376.550000,25.700000,169.151706,0.050284
-0.505965,-0.477781,-0.226827,-0.073201,99376.550000,25.700000,169.151706,0.050284
-0.510949,-0.481975,-0.231688,-0.075563,99376.550000,25.700000,169.151706,0.050284
-0.489161,-0.485823,-0.236630,-0.077994,99376.550000,25.700000,169.151706,0.050284
-0.508651,-0.489290,-0.241608,-0.080478,99376.550000,25.700000,169.151706,0.050284
-0.527666,-0.492479,-0.247037,-0.083231,99376.550000,25.700000,169.151706,0.050284
-0.510742,-0.495492,-0.252605,-0.086101,99376.370000,25.700000,169.167456,0.066034
-0.484320,-0.498227,-0.258223,-0.089044,99376.370000,25.700000,169.167456,0.066034
-0.472418,-0.500503,-0.263793,-0.092011,99376.370000,25.700000,169.167456,0.066034
-0.505954,-0.502320,-0.269441,-0.095073,99376.370000,25.700000,169.167456,0.066034
-0.510837,-0.503862,-0.275021,-0.098149,99376.370000,25.700000,169.167456,0.066034
-0.496245,-0.505220,-0.280756,-0.101369,99376.370000,25.700000,169.167456,0.066034
-0.472514,-0.506292,-0.286361,-0.104570,99376.260000,25.700000,169.177081,0.075659
-0.479908,-0.506977,-0.292051,-0.107880,99376.260000,25.700000,169.177081,0.075659
-0.479636,-0.507298,-0.297689,-0.111219,99376.260000,25.700000,169.177081,0.075659
-0.503487,-0.507372,-0.303336,-0.114627,99376.260000,25.700000,169.177081,0.075659
-0.494188,-0.507321,-0.309017,-0.118119,99376.260000,25.700000,169.177081,0.075659
-0.484397,-0.507153,-0.314684,-0.121667,99376.260000,25.700000,169.177081,0.075659
-0.482030,-0.506809,-0.320468,-0.125357,99376.260000,25.700000,169.177081,0.075659
-0.482116,-0.506284,-0.326021,-0.128964,99376.260000,25.700000,169.177081,0.075659
-0.501831,-0.505646,-0.331698,-0.132720,99376.260000,25.700000,169.177081,0.075659
-0.484429,-0.504969,-0.337313,-0.136502,99376.260000,25.700000,169.177081,0.075659
-0.474804,-0.504207,-0.342946,-0.140365,99376.260000,25.700000,169.177081,0.075659
-0.491614,-0.503331,-0.348613,-0.144322,99376.260000,25.700000,169.177081,0.075659
-0.470162,-0.502370,-0.354213,-0.148301,99376.040000,25.700000,169.196331,0.094909
-0.477059,-0.501300,-0.359832,-0.152366,99376.040000,25.700000,169.196331,0.094909
-0.477251,-0.500127,-0.365412,-0.156474,99376.040000,25.700000,169.196331,0.094909
-0.477348,-0.498894,-0.371045,-0.160695,99376.040000,25.700000,169.196331,0.094909
-0.496457,-0.497665,-0.376648,-0.164968,99376.040000,25.700000,169.196331,0.094909
-0.486820,-0.496521,-0.382502,-0.169511,99375.940000,25.700000,169.205081,0.103659
-0.482017,-0.495448,-0.387964,-0.173818,99375.940000,25.700000,169.205081,0.103659
-0.491781,-0.494425,-0.393283,-0.178078,99375.940000,25.700000,169.205081,0.103659
-0.510805,-0.493534,-0.398813,-0.182578,99375.940000,25.700000,169.205081,0.103659
-0.510609,-0.492879,-0.404317,-0.187124,99375.940000,25.700000,169.205081,0.103659
-0.503650,-0.492462,-0.409903,-0.191805,99375.940000,25.700000,169.205081,0.103659
-0.477091,-0.492160,-0.415332,-0.196416,99375.700000,25.700000,169.226081,0.124659
-0.496618,-0.491864,-0.420924,-0.201234,99375.700000,25.700000,169.226081,0.124659
-0.477518,-0.491561,-0.426233,-0.205866,99375.700000,25.700000,169.226081,0.124659
-0.484392,-0.491227,-0.431769,-0.210763,99375.700000,25.700000,169.226081,0.124659
-0.506146,-0.490908,-0.437323,-0.215742,99375.700000,25.700000,169.226081,0.124659
-0.515411,-0.490746,-0.442736,-0.220655,99375.700000,25.700000,169.226081,0.124659
-0.484398,-0.490743,-0.448358,-0.225824,99375.690000,25.700000,169.226956,0.125534
-0.475146,-0.490731,-0.453702,-0.230794,99375.690000,25.700000,169.226956,0.125534
-0.479678,-0.490607,-0.459338,-0.236103,99375.690000,25.700000,169.226956,0.125534
-0.513266,-0.490464,-0.464790,-0.241300,99375.690000,25.700000,169.226956,0.125534
-0.493879,-0.490431,-0.470349,-0.246663,99375.690000,25.700000,169.226956,0.125534
-0.508548,-0.490515,-0.475644,-0.251826,99375.690000,25.700000,169.226956,0.125534
-0.522749,-0.490756,-0.481127,-0.257232,99375.690000,25.700000,169.226956,0.125534
-0.472863,-0.491116,-0.486642,-0.262728,99375.690000,25.700000,169.226956,0.125534
-0.491517,-0.491418,-0.492147,-0.268272,99375.690000,25.700000,169.226956,0.125534
-0.477311,-0.491604,-0.497642,-0.273865,99375.690000,25.700000,169.226956,0.125534
-0.482294,-0.491675,-0.503094,-0.279473,99375.690000,25.700000,169.226956,0.125534
-0.493863,-0.491664,-0.508659,-0.285262,99375.570000,25.700000,169.237456,0.136034
-0.487122,-0.491632,-0.514118,-0.291002,99375.570000,25.700000,169.237456,0.136034
-0.503540,-0.491616,-0.519692,-0.296926,99375.570000,25.700000,169.237456,0.136034
-0.484272,-0.491631,-0.525091,-0.302721,99375.570000,25.700000,169.237456,0.136034
-0.491606,-0.491637,-0.530587,-0.308684,99375.570000,25.700000,169.237456,0.136034
-0.498751,-0.491641,-0.536201,-0.314838,99375.570000,25.700000,169.237456,0.136034
-0.491617,-0.491679,-0.541617,-0.320835,99375.290000,25.700000,169.261957,0.160535
-0.472583,-0.491682,-0.547141,-0.327012,99375.290000,25.700000,169.261957,0.160535
-0.484388,-0.491578,-0.552583,-0.333160,99375.290000,25.700000,169.261957,0.160535
-0.510895,-0.491455,-0.558132,-0.339493,99375.290000,25.700000,169.261957,0.160535
-0.503401,-0.491451,-0.563702,-0.345914,99375.290000,25.700000,169.261957,0.160535
-0.508342,-0.491589,-0.569108,-0.352202,99375.290000,25.700000,169.261957,0.160535
-0.491718,-0.491816,-0.574470,-0.358494,99375.030000,25.700000,169.284707,0.183285
-0.501312,-0.492074,-0.579453,-0.364388,99375.030000,25.700000,169.284707,0.183285
-0.482368,-0.492318,-0.584417,-0.370305,99375.030000,25.700000,169.284707,0.183285
-0.482038,-0.492480,-0.589400,-0.376293,99375.030000,25.700000,169.284707,0.183285
-0.498738,-0.492561,-0.594371,-0.382317,99375.030000,25.700000,169.284707,0.183285
-0.498972,-0.492652,-0.599352,-0.388402,99375.030000,25.700000,169.284707,0.183285
-0.503567,-0.492800,-0.604328,-0.394529,99374.840000,25.700000,169.301332,0.199910
-0.505974,-0.493025,-0.609311,-0.400713,99374.840000,25.700000,169.301332,0.199910
-0.501146,-0.493325,-0.614301,-0.406952,99374.840000,25.700000,169.301332,0.199910
-0.505778,-0.493681,-0.619294,-0.413240,99374.840000,25.700000,169.301332,0.199910
-0.496477,-0.494072,-0.624479,-0.419821,99374.840000,25.700000,169.301332,0.199910
-0.494051,-0.494449,-0.629503,-0.426243,99374.840000,25.700000,169.301332,0.199910
-0.496469,-0.494785,-0.634513,-0.432694,99374.840000,25.700000,169.301332,0.199910
-0.479602,-0.495046,-0.639526,-0.439194,99374.840000,25.700000,169.301332,0.199910
-0.498609,-0.495211,-0.644541,-0.445747,99374.840000,25.700000,169.301332,0.199910
-0.491790,-0.495326,-0.649554,-0.452347,99374.840000,25.700000,169.301332,0.199910
-0.491535,-0.495408,-0.654585,-0.459019,99374.840000,25.700000,169.301332,0.199910
-0.484479,-0.495426,-0.659596,-0.465717,99374.840000,25.700000,169.301332,0.199910
-0.489108,-0.495366,-0.664593,-0.472445,99374.840000,25.700000,169.301332,0.199910
-0.475033,-0.495211,-0.669606,-0.479250,99374.550000,25.700000,169.326708,0.225286
-0.498836,-0.494976,-0.674608,-0.486093,99374.550000,25.700000,169.326708,0.225286
-0.511131,-0.494781,-0.679822,-0.493284,99374.550000,25.700000,169.326708,0.225286
-0.496367,-0.494702,-0.684830,-0.500241,99374.550000,25.700000,169.326708,0.225286
-0.460709,-0.494600,-0.689823,-0.507231,99374.550000,25.700000,169.326708,0.225286
-0.503619,-0.494378,-0.694828,-0.514291,99374.550000,25.700000,169.326708,0.225286
-0.482363,-0.494120,-0.699826,-0.521394,99374.200000,25.700000,169.357334,0.255911
-0.506245,-0.493893,-0.704845,-0.528582,99374.200000,25.700000,169.357334,0.255911
-0.503619,-0.493749,-0.709827,-0.535770,99374.200000,25.700000,169.357334,0.255911
-0.474794,-0.493656,-0.714869,-0.543098,99374.200000,25.700000,169.357334,0.255911
-0.501171,-0.493527,-0.719852,-0.550391,99374.200000,25.700000,169.357334,0.255911
-0.501207,-0.493426,-0.724829,-0.557726,99374.200000,25.700000,169.357334,0.255911
-0.486783,-0.493377,-0.729809,-0.565118,99374.200000,25.700000,169.357334,0.255911
-0.527660,-0.493403,-0.734800,-0.572576,99373.800000,25.700000,169.392334,0.290912
-0.479584,-0.493539,-0.739793,-0.580086,99373.800000,25.700000,169.392334,0.290912
-0.508293,-0.493706,-0.744767,-0.587615,99373.800000,25.700000,169.392334,0.290912
-0.489418,-0.493876,-0.749749,-0.595203,99373.800000,25.700000,169.392334,0.290912
-0.503571,-0.494060,-0.754741,-0.602853,99373.800000,25.700000,169.392334,0.290912
-0.527241,-0.494331,-0.759729,-0.610545,99373.800000,25.700000,169.392334,0.290912
-0.498822,-0.494754,-0.764724,-0.618291,99373.440000,25.700000,169.423835,0.322413
-0.513128,-0.495260,-0.769725,-0.626088,99373.440000,25.700000,169.423835,0.322413
-0.494043,-0.495789,-0.774747,-0.633961,99373.440000,25.700000,169.423835,0.322413
-0.513479,-0.496322,-0.779761,-0.641864,99373.440000,25.700000,169.423835,0.322413
-0.498811,-0.496866,-0.784862,-0.649948,99373.440000,25.700000,169.423835,0.322413
-0.506355,-0.497408,-0.789900,-0.657974,99373.440000,25.700000,169.423835,0.322413
-0.496399,-0.497921,-0.794933,-0.666035,99373.440000,25.700000,169.423835,0.322413
-0.501389,-0.498388,-0.799963,-0.674134,99373.440000,25.700000,169.423835,0.322413
-0.496190,-0.498797,-0.804997,-0.682283,99373.440000,25.700000,169.423835,0.322413
-0.482452,-0.499107,-0.810040,-0.690493,99373.440000,25.700000,169.423835,0.322413
-0.503521,-0.499301,-0.815088,-0.698760,99373.440000,25.700000,169.423835,0.322413
-0.460413,-0.499357,-0.820126,-0.707059,99373.440000,25.700000,169.423835,0.322413
-0.510725,-0.499260,-0.825171,-0.715423,99373.440000,25.700000,169.423835,0.322413
-0.499020,-0.499137,-0.830216,-0.723840,99373.090000,25.700000,169.454461,0.353039
-0.524989,-0.499118,-0.835262,-0.732309,99373.090000,25.700000,169.454461,0.353039
-0.503651,-0.499234,-0.840337,-0.740879,99373.090000,25.700000,169.454461,0.353039
-0.510822,-0.499443,-0.845378,-0.749437,99373.090000,25.700000,169.454461,0.353039
-0.501523,-0.499693,-0.850415,-0.758034,99373.090000,25.700000,169.454461,0.353039
-0.481998,-0.499904,-0.855457,-0.766687,99373.090000,25.700000,169.454461,0.353039
-0.482016,-0.499963,-0.860499,-0.775391,99372.560000,25.700000,169.500838,0.399416
-0.510548,-0.499913,-0.865542,-0.784147,99372.560000,25.700000,169.500838,0.399416
-0.537196,-0.499965,-0.870592,-0.792966,99372.560000,25.700000,169.500838,0.399416
-0.489213,-0.500185,-0.875644,-0.801836,99372.560000,25.700000,169.500838,0.399416
-0.503487,-0.500420,-0.880701,-0.810762,99372.560000,25.700000,169.500838,0.399416
-0.501237,-0.500613,-0.885781,-0.819775,99372.560000,25.700000,169.500838,0.399416
-0.496457,-0.500781,-0.891035,-0.829153,99372.180000,25.700000,169.534089,0.432667
-0.496206,-0.500896,-0.896095,-0.838230,99372.180000,25.700000,169.534089,0.432667
-0.518319,-0.501005,-0.901188,-0.847418,99372.180000,25.700000,169.534089,0.432667
-0.491518,-0.501147,-0.906243,-0.856583,99372.180000,25.700000,169.534089,0.432667
-0.481839,-0.501220,-0.911294,-0.865793,99372.180000,25.700000,169.534089,0.432667
-0.539626,-0.501259,-0.916368,-0.875093,99372.180000,25.700000,169.534089,0.432667
-0.520249,-0.501473,-0.921438,-0.884437,99371.700000,25.700000,169.576091,0.474669
-0.500944,-0.501836,-0.926508,-0.893821,99371.700000,25.700000,169.576091,0.474669
-0.515541,-0.502223,-0.931592,-0.903278,99371.700000,25.700000,169.576091,0.474669
-0.477077,-0.502558,-0.936668,-0.912764,99371.700000,25.700000,169.576091,0.474669
-0.472276,-0.502689,-0.941744,-0.922299,99371.700000,25.700000,169.576091,0.474669
-0.477653,-0.502539,-0.946893,-0.932027,99371.700000,25.700000,169.576091,0.474669
-0.429481,-0.502048,-0.952765,-0.943205,99371.700000,25.700000,169.576091,0.474669
-0.441422,-0.501080,-0.958124,-0.953480,99371.140000,25.700000,169.625093,0.523671
-0.429450,-0.499621,-0.963766,-0.964397,99371.140000,25.700000,169.625093,0.523671
-0.420119,-0.497700,-0.969304,-0.975212,99371.140000,25.700000,169.625093,0.523671
-0.407789,-0.495295,-0.974837,-0.986134,99371.140000,25.700000,169.625093,0.523671
-0.422036,-0.492447,-0.980341,-0.997122,99371.140000,25.700000,169.625093,0.523671
-0.417689,-0.489268,-0.986095,-1.008752,99371.140000,25.700000,169.625093,0.523671
-0.393256,-0.485788,-0.991201,-1.019198,99371.140000,25.700000,169.625093,0.523671
-0.376828,-0.481916,-0.996582,-1.030356,99371.140000,25.700000,169.625093,0.523671
-0.407808,-0.477678,-1.001966,-1.041678,99371.140000,25.700000,169.625093,0.523671
-0.360009,-0.473157,-1.007244,-1.052944,99371.140000,25.700000,169.625093,0.523671
-0.357431,-0.468275,-1.012669,-1.064707,99371.140000,25.700000,169.625093,0.523671
-0.345755,-0.462973,-1.017885,-1.076204,99370.600000,25.700000,169.672345,0.570923
-0.367254,-0.457347,-1.023051,-1.087789,99370.600000,25.700000,169.672345,0.570923
-0.324270,-0.451465,-1.028080,-1.099270,99370.600000,25.700000,169.672345,0.570923
-0.359760,-0.445348,-1.032574,-1.109712,99370.600000,25.700000,169.672345,0.570923
-0.340699,-0.439107,-1.037700,-1.121855,99370.600000,25.700000,169.672345,0.570923
-0.326601,-0.432776,-1.042603,-1.133697,99370.600000,25.700000,169.672345,0.570923
-0.328972,-0.426322,-1.047335,-1.145346,99369.940000,25.700000,169.730099,0.628676
-0.312019,-0.419760,-1.052033,-1.157147,99369.940000,25.700000,169.730099,0.628676
-0.319265,-0.413109,-1.056675,-1.169048,99369.940000,25.700000,169.730099,0.628676
-0.355171,-0.406522,-1.061174,-1.180816,99369.940000,25.700000,169.730099,0.628676
-0.290582,-0.400087,-1.065658,-1.192786,99369.940000,25.700000,169.730099,0.628676
-0.316858,-0.393686,-1.070068,-1.204795,99369.940000,25.700000,169.730099,0.628676
-0.299904,-0.387307,-1.074412,-1.216871,99369.220000,25.700000,169.793102,0.691680
-0.278470,-0.380939,-1.078661,-1.228925,99369.220000,25.700000,169.793102,0.691680
-0.285730,-0.374517,-1.082845,-1.241046,99369.220000,25.700000,169.793102,0.691680
-0.276132,-0.368069,-1.086954,-1.253203,99369.220000,25.700000,169.793102,0.691680
-0.273627,-0.361625,-1.090997,-1.265423,99369.220000,25.700000,169.793102,0.691680
-0.261720,-0.355183,-1.095065,-1.277991,99368.540000,25.700000,169.852606,0.751184
-0.235350,-0.348680,-1.098881,-1.290037,99368.540000,25.700000,169.852606,0.751184
-0.259363,-0.342088,-1.102704,-1.302382,99368.540000,25.700000,169.852606,0.751184
-0.257070,-0.335528,-1.106452,-1.314763,99368.540000,25.700000,169.852606,0.751184
-0.237861,-0.329058,-1.110140,-1.327223,99368.540000,25.700000,169.852606,0.751184
-0.256860,-0.322676,-1.113781,-1.339813,99368.540000,25.700000,169.852606,0.751184
-0.250053,-0.316458,-1.117302,-1.352263,99368.540000,25.700000,169.852606,0.751184
-0.235359,-0.310419,-1.120771,-1.364809,99368.540000,25.700000,169.852606,0.751184
-0.187667,-0.304396,-1.124160,-1.377343,99368.540000,25.700000,169.852606,0.751184
-0.240130,-0.298305,-1.127502,-1.389993,99368.540000,25.700000,169.852606,0.751184
-0.245218,-0.292362,-1.130837,-1.402914,99368.540000,25.700000,169.852606,0.751184
-0.214215,-0.286677,-1.134010,-1.415481,99368.540000,25.700000,169.852606,0.751184
-0.194864,-0.281090,-1.137116,-1.428065,99367.900000,25.700000,169.908610,0.807188
-0.185275,-0.275453,-1.140195,-1.440826,99367.900000,25.700000,169.908610,0.807188
-0.218786,-0.269814,-1.143222,-1.453669,99367.900000,25.700000,169.908610,0.807188
-0.182982,-0.264278,-1.146195,-1.466577,99367.900000,25.700000,169.908610,0.807188
-0.192331,-0.258816,-1.149109,-1.479534,99367.900000,25.700000,169.908610,0.807188
-0.193013,-0.253430,-1.151901,-1.492240,99367.050000,25.700000,169.982991,0.881569
-0.190156,-0.248181,-1.154687,-1.505215,99367.050000,25.700000,169.982991,0.881569
-0.158944,-0.243012,-1.157403,-1.518166,99367.050000,25.700000,169.982991,0.881569
-0.204346,-0.237917,-1.160093,-1.531300,99367.050000,25.700000,169.982991,0.881569
-0.142009,-0.232927,-1.162676,-1.544205,99367.050000,25.700000,169.982991,0.881569
-0.146675,-0.227898,-1.165224,-1.557250,99367.050000,25.700000,169.982991,0.881569
-0.175514,-0.222827,-1.167711,-1.570296,99366.240000,25.700000,170.053872,0.952450
-0.142120,-0.217836,-1.170167,-1.583503,99366.240000,25.700000,170.053872,0.952450
-0.122913,-0.212825,-1.172566,-1.596736,99366.240000,25.700000,170.053872,0.952450
-0.139454,-0.207715,-1.174865,-1.609747,99366.240000,25.700000,170.053872,0.952450
-0.127573,-0.202572,-1.177122,-1.622875,99366.240000,25.700000,170.053872,0.952450
-0.153961,-0.197493,-1.179338,-1.636120,99366.240000,25.700000,170.053872,0.952450
-0.089390,-0.192462,-1.181521,-1.649534,99365.380000,25.700000,170.129129,1.027707
-0.087169,-0.187274,-1.183583,-1.662577,99365.380000,25.700000,170.129129,1.027707
-0.127750,-0.181930,-1.185611,-1.675806,99365.380000,25.700000,170.129129,1.027707
-0.082318,-0.176580,-1.187582,-1.689077,99365.380000,25.700000,170.129129,1.027707
-0.122827,-0.171253,-1.189502,-1.702422,99365.380000,25.700000,170.129129,1.027707
-0.106431,-0.166042,-1.191391,-1.715986,99365.380000,25.700000,170.129129,1.027707
-0.062982,-0.160895,-1.193159,-1.729110,99365.380000,25.700000,170.129129,1.027707
-0.094108,-0.155683,-1.194911,-1.742563,99365.380000,25.700000,170.129129,1.027707
-0.082238,-0.150480,-1.196582,-1.755862,99365.380000,25.700000,170.129129,1.027707
-0.031913,-0.145232,-1.198206,-1.769266,99365.380000,25.700000,170.129129,1.027707
-0.077696,-0.139838,-1.199780,-1.782778,99365.380000,25.700000,170.129129,1.027707
-0.046393,-0.134391,-1.201282,-1.796212,99364.610000,25.700000,170.196511,1.095088
-0.048837,-0.128916,-1.202732,-1.809755,99364.610000,25.700000,170.196511,1.095088
-0.010789,-0.123316,-1.204094,-1.823061,99364.610000,25.700000,170.196511,1.095088
-0.058889,-0.117600,-1.205420,-1.836653,99364.610000,25.700000,170.196511,1.095088
0.001559,-0.111832,-1.206691,-1.850381,99364.610000,25.700000,170.196511,1.095088
0.008670,-0.105886,-1.207861,-1.863731,99364.610000,25.700000,170.196511,1.095088
-0.003202,-0.099691,-1.208968,-1.877160,99363.770000,25.700000,170.270018,1.168596
-0.022211,-0.093425,-1.210010,-1.890666,99363.770000,25.700000,170.270018,1.168596
-0.005585,-0.087234,-1.210986,-1.904213,99363.770000,25.700000,170.270018,1.168596
0.037628,-0.081031,-1.211895,-1.917820,99363.770000,25.700000,170.270018,1.168596
-0.005775,-0.074735,-1.212737,-1.931480,99363.770000,25.700000,170.270018,1.168596
0.032943,-0.068430,-1.213492,-1.944880,99362.830000,25.700000,170.352277,1.250855
-0.017873,-0.062216,-1.214192,-1.958540,99362.830000,25.700000,170.352277,1.250855
0.030347,-0.056173,-1.214818,-1.972088,99362.830000,25.700000,170.352277,1.250855
0.030230,-0.050230,-1.215380,-1.985695,99362.830000,25.700000,170.352277,1.250855
0.015881,-0.044349,-1.215876,-1.999294,99362.830000,25.700000,170.352277,1.250855
0.025534,-0.038623,-1.216308,-2.012899,99362.830000,25.700000,170.352277,1.250855
0.061302,-0.032990,-1.216678,-2.026557,99362.060000,25.700000,170.419660,1.318238
0.015793,-0.027405,-1.216678,-2.026557,99362.060000,25.700000,170.419660,1.318238
0.051777,-0.021961,-1.216678,-2.026557,99362.060000,25.700000,170.419660,1.318238
0.082745,-0.016556,-1.216678,-2.026557,99362.060000,25.700000,170.419660,1.318238
0.089813,-0.010986,-1.216678,-2.026557,99362.060000,25.700000,170.419660,1.318238
0.048886,-0.005318,-1.216678,-2.026557,99362.060000,25.700000,170.419660,1.318238
0.095098,0.000316,-1.216678,-2.026557,99362.060000,25.700000,170.419660,1.318238
0.075753,0.005942,-1.216678,-2.026557,99362.060000,25.700000,170.419660,1.318238
0.056473,0.011481,-1.216678,-2.026557,99362.060000,25.700000,170.419660,1.318238
0.116419,0.016897,-1.216678,-2.026557,99362.060000,25.700000,170.419660,1.318238
0.068434,0.022279,-1.216678,-2.026557,99362.060000,25.700000,170.419660,1.318238
0.090125,0.027547,-1.216678,-2.026557,99361.280000,25.700000,170.487919,1.386497
0.111481,0.032707,-1.216322,-2.039813,99361.280000,25.700000,170.487919,1.386497
0.109325,0.037870,-1.215898,-2.053423,99361.280000,25.700000,170.487919,1.386497
0.106881,0.043021,-1.215418,-2.066969,99361.280000,25.700000,170.487919,1.386497
0.118890,0.048127,-1.214880,-2.080551,99361.280000,25.700000,170.487919,1.386497
0.116448,0.053188,-1.214276,-2.094332,99361.280000,25.700000,170.487919,1.386497
0.128561,0.058210,-1.213623,-2.107945,99360.350000,25.700000,170.569305,1.467883
0.119023,0.063178,-1.212923,-2.121394,99360.350000,25.700000,170.569305,1.467883
0.140174,0.068087,-1.212165,-2.134876,99360.350000,25.700000,170.569305,1.467883
0.114011,0.072914,-1.211351,-2.148400,99360.350000,25.700000,170.569305,1.467883
0.159225,0.077656,-1.210479,-2.161988,99360.350000,25.700000,170.569305,1.467883
0.142858,0.082394,-1.209644,-2.174242,99360.350000,25.700000,170.569305,1.467883
0.140380,0.087107,-1.208762,-2.186471,99359.410000,25.700000,170.651566,1.550144
0.168860,0.091771,-1.207835,-2.198667,99359.410000,25.700000,170.651566,1.550144
0.176229,0.096494,-1.206860,-2.210860,99359.410000,25.700000,170.651566,1.550144
0.183285,0.101341,-1.205838,-2.223020,99359.410000,25.700000,170.651566,1.550144
0.217056,0.106382,-1.204762,-2.235196,99359.410000,25.700000,170.651566,1.550144
0.157298,0.111578,-1.203635,-2.247350,99359.410000,25.700000,170.651566,1.550144
0.205063,0.116770,-1.202455,-2.259495,99358.420000,25.700000,170.738204,1.636782
0.188192,0.121954,-1.201220,-2.271648,99358.420000,25.700000,170.738204,1.636782
0.214351,0.127177,-1.199892,-2.284171,99358.420000,25.700000,170.738204,1.636782
0.212125,0.132463,-1.198552,-2.296294,99358.420000,25.700000,170.738204,1.636782
0.238458,0.137867,-1.197160,-2.308372,99358.420000,25.700000,170.738204,1.636782
0.228462,0.143417,-1.195713,-2.320427,99358.420000,25.700000,170.738204,1.636782
0.228734,0.149058,-1.194193,-2.332600,99358.420000,25.700000,170.738204,1.636782
0.192898,0.154617,-1.192625,-2.344686,99358.420000,25.700000,170.738204,1.636782
0.224161,0.159959,-1.190994,-2.356816,99358.420000,25.700000,170.738204,1.636782
0.221417,0.165118,-1.189330,-2.368800,99358.420000,25.700000,170.738204,1.636782
0.224204,0.170137,-1.187613,-2.380773,99358.420000,25.700000,170.738204,1.636782
0.212088,0.174966,-1.185847,-2.392732,99358.420000,25.700000,170.738204,1.636782
0.265148,0.179658,-1.183993,-2.404941,99358.420000,25.700000,170.738204,1.636782
0.207395,0.184274,-1.182035,-2.417492,99357.580000,25.700000,170.811715,1.710293
0.257746,0.188750,-1.180130,-2.429390,99357.580000,25.700000,170.811715,1.710293
0.286635,0.193233,-1.178179,-2.441277,99357.580000,25.700000,170.811715,1.710293
0.245893,0.197839,-1.176185,-2.453125,99357.580000,25.700000,170.811715,1.710293
0.269703,0.202440,-1.174144,-2.464953,99357.580000,25.700000,170.811715,1.710293
0.281692,0.207037,-1.172048,-2.476808,99357.580000,25.700000,170.811715,1.710293
0.329772,0.211814,-1.169895,-2.488687,99356.480000,25.700000,170.907981,1.806559
0.274409,0.216826,-1.167708,-2.500452,99356.480000,25.700000,170.907981,1.806559
0.310577,0.221932,-1.165470,-2.512192,99356.480000,25.700000,170.907981,1.806559
0.334372,0.227169,-1.163167,-2.523973,99356.480000,25.700000,170.907981,1.806559
0.331892,0.232660,-1.160821,-2.535668,99356.480000,25.700000,170.907981,1.806559
0.315140,0.238326,-1.158416,-2.547344,99356.480000,25.700000,170.907981,1.806559
0.329729,0.244039,-1.155934,-2.559091,99355.470000,25.700000,170.996371,1.894949
0.329701,0.249768,-1.153414,-2.570716,99355.470000,25.700000,170.996371,1.894949
0.338877,0.255514,-1.150837,-2.582306,99355.470000,25.700000,170.996371,1.894949
0.341497,0.261268,-1.148202,-2.593873,99355.470000,25.700000,170.996371,1.894949
0.345854,0.267021,-1.145506,-2.605428,99355.470000,25.700000,170.996371,1.894949
0.370219,0.272801,-1.142756,-2.616935,99355.470000,25.700000,170.996371,1.894949
0.348030,0.278624,-1.139945,-2.628420,99354.350000,25.700000,171.094389,1.992967
0.381727,0.284462,-1.137074,-2.639881,99354.350000,25.700000,171.094389,1.992967
0.384620,0.290371,-1.134139,-2.651331,99354.350000,25.700000,171.094389,1.992967
0.360807,0.296322,-1.131146,-2.662738,99354.350000,25.700000,171.094389,1.992967
0.362749,0.302153,-1.127946,-2.674670,99354.350000,25.700000,171.094389,1.992967
0.336908,0.307717,-1.124484,-2.687300,99354.350000,25.700000,171.094389,1.992967
0.408466,0.313049,-1.120992,-2.699786,99354.350000,25.700000,171.094389,1.992967
0.382334,0.318343,-1.117460,-2.712165,99354.350000,25.700000,171.094389,1.992967
0.370412,0.323573,-1.113839,-2.724609,99354.350000,25.700000,171.094389,1.992967
0.418160,0.328692,-1.110150,-2.737047,99354.350000,25.700000,171.094389,1.992967
0.386999,0.333790,-1.106412,-2.749416,99354.350000,25.700000,171.094389,1.992967
0.379726,0.338770,-1.102609,-2.761773,99354.350000,25.700000,171.094389,1.992967
0.420712,0.343591,-1.098790,-2.773964,99353.330000,25.700000,171.183656,2.082234
0.420459,0.348402,-1.094910,-2.786136,99353.330000,25.700000,171.183656,2.082234
0.417936,0.353250,-1.090937,-2.798385,99353.330000,25.700000,171.183656,2.082234
0.422888,0.358083,-1.086934,-2.810512,99353.330000,25.700000,171.183656,2.082234
0.463539,0.362970,-1.082882,-2.822580,99353.330000,25.700000,171.183656,2.082234
0.487462,0.368119,-1.078742,-2.834687,99353.330000,25.700000,171.183656,2.082234
0.456401,0.373581,-1.074594,-2.846596,99352.150000,25.700000,171.286926,2.185504
0.453959,0.379168,-1.070323,-2.858629,99352.150000,25.700000,171.286926,2.185504
0.475649,0.384776,-1.066050,-2.870444,99352.150000,25.700000,171.286926,2.185504
0.497282,0.390497,-1.061637,-2.882417,99352.150000,25.700000,171.286926,2.185504
0.489948,0.396399,-1.057253,-2.894085,99352.150000,25.700000,171.286926,2.185504
0.470715,0.402373,-1.052714,-2.905935,99351.310000,25.700000,171.360441,2.259019
0.485276,0.408279,-1.048159,-2.917602,99351.310000,25.700000,171.360441,2.259019
0.509069,0.414150,-1.043542,-2.929209,99351.310000,25.700000,171.360441,2.259019
0.473300,0.419998,-1.038803,-2.940904,99351.310000,25.700000,171.360441,2.259019
0.492376,0.425703,-1.034070,-2.952375,99351.310000,25.700000,171.360441,2.259019
0.511676,0.431280,-1.029278,-2.963786,99351.310000,25.700000,171.360441,2.259019
0.506868,0.436820,-1.024363,-2.975282,99350.320000,25.700000,171.447085,2.345663
0.535248,0.442364,-1.019389,-2.986718,99350.320000,25.700000,171.447085,2.345663
0.506849,0.447916,-1.014369,-2.998057,99350.320000,25.700000,171.447085,2.345663
0.528414,0.453405,-1.009317,-3.009277,99350.320000,25.700000,171.447085,2.345663
0.525934,0.458817,-1.004238,-3.020364,99350.320000,25.700000,171.447085,2.345663
0.523553,0.464145,-0.999007,-3.031593,99350.320000,25.700000,171.447085,2.345663
0.523297,0.469332,-0.993775,-3.042642,99350.320000,25.700000,171.447085,2.345663
0.513708,0.474319,-0.988433,-3.053745,99350.320000,25.700000,171.447085,2.345663
0.487480,0.478976,-0.983102,-3.064657,99350.320000,25.700000,171.447085,2.345663
0.487577,0.483159,-0.977732,-3.075495,99350.320000,25.700000,171.447085,2.345663
0.494706,0.486846,-0.972251,-3.086409,99350.320000,25.700000,171.447085,2.345663
0.506475,0.490129,-0.966798,-3.097136,99349.330000,25.700000,171.533729,2.432307
0.525916,0.493149,-0.961282,-3.107856,99349.330000,25.700000,171.533729,2.432307
0.492193,0.495953,-0.955697,-3.118587,99349.330000,25.700000,171.533729,2.432307
0.485318,0.498413,-0.950170,-3.129094,99349.330000,25.700000,171.533729,2.432307
0.504188,0.500484,-0.944553,-3.139663,99349.330000,25.700000,171.533729,2.432307
0.482952,0.502221,-0.938929,-3.150145,99349.330000,25.700000,171.533729,2.432307
0.516311,0.503675,-0.933260,-3.160618,99348.390000,25.700000,171.615998,2.514576
0.513873,0.504970,-0.927622,-3.170943,99348.390000,25.700000,171.615998,2.514576
0.513928,0.506184,-0.921949,-3.181245,99348.390000,25.700000,171.615998,2.514576
0.501982,0.507282,-0.916308,-3.191403,99348.390000,25.700000,171.615998,2.514576
0.504428,0.508219,-0.910587,-3.201620,99348.390000,25.700000,171.615998,2.514576
0.477876,0.508927,-0.904928,-3.211651,99348.390000,25.700000,171.615998,2.514576
0.499597,0.509362,-0.899215,-3.221705,99347.370000,25.700000,171.705269,2.603847
0.504611,0.509608,-0.893536,-3.231630,99347.370000,25.700000,171.705269,2.603847
0.511611,0.509779,-0.887797,-3.241593,99347.370000,25.700000,171.705269,2.603847
0.492239,0.509883,-0.882062,-3.251481,99347.370000,25.700000,171.705269,2.603847
0.458923,0.509773,-0.876434,-3.261127,99347.370000,25.700000,171.705269,2.603847
0.516479,0.509413,-0.870697,-3.270901,99346.510000,25.700000,171.780538,2.679115
0.485360,0.508958,-0.865053,-3.280461,99346.510000,25.700000,171.780538,2.679115
0.504037,0.508458,-0.859346,-3.290075,99346.510000,25.700000,171.780538,2.679115
0.518779,0.507974,-0.853616,-3.299671,99346.510000,25.700000,171.780538,2.679115
0.509129,0.507598,-0.847966,-3.309079,99346.510000,25.700000,171.780538,2.679115
0.494597,0.507275,-0.842242,-3.318550,99346.510000,25.700000,171.780538,2.679115
0.516384,0.506961,-0.836651,-3.327746,99346.510000,25.700000,171.780538,2.679115
0.487528,0.506658,-0.830921,-3.337112,99346.510000,25.700000,171.780538,2.679115
0.504513,0.506322,-0.825317,-3.346215,99346.510000,25.700000,171.780538,2.679115
0.491753,0.505944,-0.819671,-3.355330,99346.510000,25.700000,171.780538,2.679115
0.523449,0.505588,-0.813995,-3.364437,99346.510000,25.700000,171.780538,2.679115
0.521193,0.505366,-0.808355,-3.373426,99345.480000,25.700000,171.870685,2.769263
0.497269,0.505273,-0.802707,-3.382368,99345.480000,25.700000,171.870685,2.769263
0.497032,0.505172,-0.797064,-3.391239,99345.480000,25.700000,171.870685,2.769263
0.497293,0.505008,-0.791382,-3.400112,99345.480000,25.700000,171.870685,2.769263
0.513917,0.504833,-0.785779,-3.408802,99345.480000,25.700000,171.870685,2.769263
0.511762,0.504722,-0.780097,-3.417552,99345.480000,25.700000,171.870685,2.769263
0.477860,0.504617,-0.774453,-3.426182,99344.590000,25.700000,171.948581,2.847158
0.513857,0.504439,-0.768804,-3.434760,99344.590000,25.700000,171.948581,2.847158
0.506539,0.504270,-0.763216,-3.443188,99344.590000,25.700000,171.948581,2.847158
0.492364,0.504130,-0.757569,-3.451641,99344.590000,25.700000,171.948581,2.847158
0.506868,0.503965,-0.751910,-3.460052,99344.590000,25.700000,171.948581,2.847158
0.506691,0.503814,-0.746253,-3.468400,99344.590000,25.700000,171.948581,2.847158
0.482620,0.503654,-0.740605,-3.476674,99343.670000,25.700000,172.029102,2.927680
0.513455,0.503447,-0.735027,-3.484787,99343.670000,25.700000,172.029102,2.927680
0.509297,0.503278,-0.729380,-3.492939,99343.670000,25.700000,172.029102,2.927680
0.514005,0.503210,-0.724300,-3.500226,99343.670000,25.700000,172.029102,2.927680
0.465909,0.503128,-0.719208,-3.507478,99343.670000,25.700000,172.029102,2.927680
0.492394,0.502882,-0.714126,-3.514669,99343.670000,25.700000,172.029102,2.927680
0.489828,0.502501,-0.709039,-3.521822,99342.880000,25.700000,172.098246,2.996824
0.489688,0.502057,-0.703960,-3.528918,99342.880000,25.700000,172.098246,2.996824
0.497230,0.501573,-0.698899,-3.535943,99342.880000,25.700000,172.098246,2.996824
0.492312,0.501083,-0.693830,-3.542937,99342.880000,25.700000,172.098246,2.996824
0.492168,0.500587,-0.688772,-3.549872,99342.880000,25.700000,172.098246,2.996824
0.518792,0.500140,-0.683679,-3.556807,99342.880000,25.700000,172.098246,2.996824
0.514031,0.499854,-0.678538,-3.563759,99342.880000,25.700000,172.098246,2.996824
0.475694,0.499660,-0.673458,-3.570580,99342.880000,25.700000,172.098246,2.996824
0.511545,0.499441,-0.668378,-3.577353,99342.880000,25.700000,172.098246,2.996824
0.525975,0.499315,-0.663343,-3.584017,99342.880000,25.700000,172.098246,2.996824
0.487588,0.499332,-0.658306,-3.590632,99342.880000,25.700000,172.098246,2.996824
0.561910,0.499502,-0.653265,-3.597199,99342.880000,25.700000,172.098246,2.996824
0.521133,0.499967,-0.648218,-3.603717,99341.850000,25.700000,172.188397,3.086975
0.523422,0.500671,-0.643162,-3.610186,99341.850000,25.700000,172.188397,3.086975
0.523629,0.501491,-0.638094,-3.616610,99341.850000,25.700000,172.188397,3.086975
0.521154,0.502405,-0.633021,-3.622976,99341.850000,25.700000,172.188397,3.086975
0.545052,0.503437,-0.627934,-3.629295,99341.850000,25.700000,172.188397,3.086975
0.533086,0.504640,-0.622584,-3.635867,99341.850000,25.700000,172.188397,3.086975
0.525974,0.505963,-0.617474,-3.642078,99341.000000,25.700000,172.262793,3.161371
0.497085,0.507249,-0.612087,-3.648549,99341.000000,25.700000,172.262793,3.161371
0.521077,0.508392,-0.606954,-3.654651,99341.000000,25.700000,172.262793,3.161371
0.501897,0.509402,-0.601816,-3.660696,99341.000000,25.700000,172.262793,3.161371
0.473256,0.510185,-0.596670,-3.666688,99341.000000,25.700000,172.262793,3.161371
0.501749,0.510651,-0.591514,-3.672635,99341.000000,25.700000,172.262793,3.161371
0.504223,0.510910,-0.586358,-3.678527,99341.000000,25.700000,172.262793,3.161371
0.523511,0.511111,-0.581194,-3.684372,99340.270000,25.700000,172.326687,3.225265
0.506602,0.511317,-0.575942,-3.690261,99340.270000,25.700000,172.326687,3.225265
0.521273,0.511525,-0.570773,-3.696003,99340.270000,25.700000,172.326687,3.225265
0.513912,0.511746,-0.565542,-3.701757,99340.270000,25.700000,172.326687,3.225265
0.511670,0.511971,-0.560377,-3.707384,99340.270000,25.700000,172.326687,3.225265
0.530618,0.512212,-0.555215,-3.712954,99340.270000,25.700000,172.326687,3.225265
0.518510,0.512522,-0.550046,-3.718475,99339.490000,25.700000,172.394958,3.293536
0.514077,0.512866,-0.544858,-3.723960,99339.490000,25.700000,172.394958,3.293536
0.542261,0.513252,-0.539674,-3.729384,99339.490000,25.700000,172.394958,3.293536
0.473272,0.513631,-0.534492,-3.734751,99339.490000,25.700000,172.394958,3.293536
0.552423,0.513929,-0.529300,-3.740072,99339.490000,25.700000,172.394958,3.293536
0.509258,0.514262,-0.524090,-3.745355,99339.490000,25.700000,172.394958,3.293536
0.516506,0.514623,-0.518889,-3.750573,99339.490000,25.700000,172.394958,3.293536
0.487706,0.514868,-0.513688,-3.755736,99339.490000,25.700000,172.394958,3.293536
0.556889,0.515056,-0.508496,-3.760836,99339.490000,25.700000,172.394958,3.293536
0.528423,0.515383,-0.503298,-3.765885,99339.490000,25.700000,172.394958,3.293536
0.518741,0.515834,-0.498100,-3.770879,99339.490000,25.700000,172.394958,3.293536
0.494751,0.516219,-0.492896,-3.775821,99339.490000,25.700000,172.394958,3.293536
0.492415,0.516402,-0.487688,-3.780713,99338.660000,25.700000,172.467605,3.366183
0.521029,0.516407,-0.482474,-3.785559,99338.660000,25.700000,172.467605,3.366183
0.506834,0.516354,-0.477269,-3.790343,99338.660000,25.700000,172.467605,3.366183
0.509217,0.516258,-0.472050,-3.795089,99338.660000,25.700000,172.467605,3.366183
0.539975,0.516174,-0.466815,-3.799797,99338.660000,25.700000,172.467605,3.366183
0.485171,0.516125,-0.461603,-3.804432,99338.660000,25.700000,172.467605,3.366183
0.528033,0.516020,-0.456162,-3.809213,99338.660000,25.700000,172.467605,3.366183
0.489752,0.515852,-0.450678,-3.813975,99337.940000,25.700000,172.530625,3.429203
0.502147,0.515579,-0.445349,-3.818551,99337.940000,25.700000,172.530625,3.429203
0.518671,0.515225,-0.439161,-3.823788,99337.940000,25.700000,172.530625,3.429203
0.537792,0.514957,-0.433396,-3.828607,99337.940000,25.700000,172.530625,3.429203
0.516038,0.514843,-0.427602,-3.833387,99337.940000,25.700000,172.530625,3.429203
0.501977,0.514774,-0.421868,-3.838054,99337.280000,25.700000,172.588394,3.486972
0.518769,0.514666,-0.416108,-3.842679,99337.280000,25.700000,172.588394,3.486972
0.526047,0.514588,-0.410372,-3.847221,99337.280000,25.700000,172.588394,3.486972
0.509105,0.514572,-0.404582,-3.851741,99337.280000,25.700000,172.588394,3.486972
0.516293,0.514563,-0.398817,-3.856177,99337.280000,25.700000,172.588394,3.486972
0.521207,0.514567,-0.393076,-3.860531,99337.280000,25.700000,172.588394,3.486972
0.521179,0.514621,-0.387317,-3.864833,99336.600000,25.700000,172.647913,3.546491
0.475535,0.514622,-0.381571,-3.869061,99336.600000,25.700000,172.647913,3.546491
0.518666,0.514463,-0.375814,-3.873234,99336.600000,25.700000,172.647913,3.546491
0.533118,0.514298,-0.370081,-3.877328,99336.600000,25.700000,172.647913,3.546491
0.542504,0.514320,-0.364351,-3.881355,99336.600000,25.700000,172.647913,3.546491
0.523536,0.514538,-0.358525,-3.885382,99336.600000,25.700000,172.647913,3.546491
0.499646,0.514800,-0.352771,-3.889293,99336.600000,25.700000,172.647913,3.546491
0.513725,0.514975,-0.347066,-3.893106,99336.600000,25.700000,172.647913,3.546491
0.496968,0.515041,-0.341287,-3.896903,99336.600000,25.700000,172.647913,3.546491
0.518397,0.515019,-0.335495,-3.900644,99336.600000,25.700000,172.647913,3.546491
0.518658,0.514981,-0.329777,-3.904273,99336.600000,25.700000,172.647913,3.546491
0.513899,0.514971,-0.324013,-3.907868,99335.990000,25.700000,172.701306,3.599884
0.513988,0.514964,-0.318250,-3.911397,99335.990000,25.700000,172.701306,3.599884
0.513936,0.514948,-0.312524,-3.914840,99335.990000,25.700000,172.701306,3.599884
0.533029,0.514970,-0.306743,-3.918251,99335.990000,25.700000,172.701306,3.599884
0.499450,0.515035,-0.300924,-3.921618,99335.990000,25.700000,172.701306,3.599884
0.508829,0.515046,-0.295194,-3.924871,99335.990000,25.700000,172.701306,3.599884
0.508930,0.514975,-0.289433,-3.928076,99335.390000,25.700000,172.753824,3.652401
0.506749,0.514851,-0.283672,-3.931218,99335.390000,25.700000,172.753824,3.652401
0.499727,0.514656,-0.277937,-3.934283,99335.390000,25.700000,172.753824,3.652401
0.504260,0.514373,-0.272187,-3.937293,99335.390000,25.700000,172.753824,3.652401
0.482895,0.513971,-0.266435,-3.940243,99335.390000,25.700000,172.753824,3.652401
0.489971,0.513396,-0.260635,-3.943155,99335.390000,25.700000,172.753824,3.652401
0.499639,0.512683,-0.254968,-3.945942,99334.620000,25.700000,172.821222,3.719800
0.470767,0.511850,-0.249134,-3.948748,99334.620000,25.700000,172.821222,3.719800
0.473232,0.510814,-0.243530,-3.951389,99334.620000,25.700000,172.821222,3.719800
0.475550,0.509561,-0.237779,-3.954040,99334.620000,25.700000,172.821222,3.719800
0.449087,0.508086,-0.232120,-3.956594,99334.620000,25.700000,172.821222,3.719800
0.458913,0.506335,-0.226477,-3.959087,99334.080000,25.700000,172.868488,3.767066
0.432706,0.504284,-0.220768,-3.961554,99334.080000,25.700000,172.868488,3.767066
0.420637,0.501863,-0.215238,-3.963895,99334.080000,25.700000,172.868488,3.767066
0.418141,0.499020,-0.209618,-3.966224,99334.080000,25.700000,172.868488,3.767066
0.437195,0.495842,-0.203558,-3.968675,99334.080000,25.700000,172.868488,3.767066
0.389411,0.492375,-0.198347,-3.970746,99334.080000,25.700000,172.868488,3.767066
0.384466,0.488497,-0.193072,-3.972803,99334.080000,25.700000,172.868488,3.767066
0.367902,0.484125,-0.187704,-3.974854,99334.080000,25.700000,172.868488,3.767066
0.384743,0.479315,-0.182327,-3.976870,99334.080000,25.700000,172.868488,3.767066
0.382014,0.474205,-0.177060,-3.978807,99334.080000,25.700000,172.868488,3.767066
0.336874,0.468803,-0.171767,-3.980716,99334.080000,25.700000,172.868488,3.767066
0.346424,0.463001,-0.166575,-3.982555,99334.080000,25.700000,172.868488,3.767066
0.341573,0.456836,-0.161436,-3.984342,99333.550000,25.700000,172.914880,3.813457
0.339091,0.450406,-0.156458,-3.986044,99333.550000,25.700000,172.914880,3.813457
0.334315,0.443774,-0.151512,-3.987705,99333.550000,25.700000,172.914880,3.813457
0.322487,0.436971,-0.146601,-3.989325,99333.550000,25.700000,172.914880,3.813457
0.341381,0.430064,-0.141767,-3.990891,99333.550000,25.700000,172.914880,3.813457
0.322213,0.423145,-0.137059,-3.992390,99333.060000,25.700000,172.957770,3.856348
0.322500,0.416238,-0.132420,-3.993840,99333.060000,25.700000,172.957770,3.856348
0.326867,0.409372,-0.127853,-3.995241,99333.060000,25.700000,172.957770,3.856348
0.293805,0.402550,-0.123352,-3.996595,99333.060000,25.700000,172.957770,3.856348
0.286274,0.395667,-0.118911,-3.997905,99333.060000,25.700000,172.957770,3.856348
0.288887,0.388688,-0.114576,-3.999159,99333.060000,25.700000,172.957770,3.856348
0.279235,0.381665,-0.110301,-4.000370,99332.620000,25.700000,172.996284,3.894862
0.300555,0.374679,-0.106079,-4.001542,99332.620000,25.700000,172.996284,3.894862
0.286343,0.367837,-0.101987,-4.002653,99332.620000,25.700000,172.996284,3.894862
0.286556,0.361166,-0.097952,-4.003725,99332.620000,25.700000,172.996284,3.894862
0.291158,0.354687,-0.094377,-4.004659,99332.620000,25.700000,172.996284,3.894862
0.264994,0.348395,-0.090849,-4.005561,99332.620000,25.700000,172.996284,3.894862
0.272112,0.342229,-0.087394,-4.006426,99332.100000,25.700000,173.041800,3.940378
0.279366,0.336219,-0.084001,-4.007256,99332.100000,25.700000,173.041800,3.940378
0.276855,0.330447,-0.080653,-4.008056,99332.100000,25.700000,173.041800,3.940378
0.274704,0.324935,-0.077367,-4.008822,99332.100000,25.700000,173.041800,3.940378
0.310289,0.319769,-0.074132,-4.009556,99332.100000,25.700000,173.041800,3.940378
0.250480,0.314974,-0.070943,-4.010258,99332.100000,25.700000,173.041800,3.940378
0.214698,0.310262,-0.067747,-4.010939,99332.100000,25.700000,173.041800,3.940378
0.245926,0.305432,-0.064608,-4.011587,99332.100000,25.700000,173.041800,3.940378
0.214876,0.300534,-0.061574,-4.012193,99332.100000,25.700000,173.041800,3.940378
0.212406,0.295545,-0.058591,-4.012770,99332.100000,25.700000,173.041800,3.940378
0.217199,0.290450,-0.055659,-4.013317,99332.100000,25.700000,173.041800,3.940378
0.231575,0.285362,-0.052777,-4.013835,99332.100000,25.700000,173.041800,3.940378
0.217104,0.280374,-0.049945,-4.014325,99331.590000,25.700000,173.086442,3.985020
0.197497,0.275438,-0.047166,-4.014787,99331.590000,25.700000,173.086442,3.985020
0.197751,0.270468,-0.044436,-4.015222,99331.590000,25.700000,173.086442,3.985020
0.190648,0.265454,-0.041744,-4.015632,99331.590000,25.700000,173.086442,3.985020
0.195262,0.260426,-0.039112,-4.016014,99331.590000,25.700000,173.086442,3.985020
0.166641,0.255372,-0.036526,-4.016370,99331.590000,25.700000,173.086442,3.985020
0.190472,0.250275,-0.033878,-4.016715,99331.060000,25.700000,173.132834,4.031412
0.176131,0.245200,-0.031251,-4.017036,99331.060000,25.700000,173.132834,4.031412
0.181004,0.240191,-0.028358,-4.017360,99331.060000,25.700000,173.132834,4.031412
0.195107,0.235309,-0.025953,-4.017613,99331.060000,25.700000,173.132834,4.031412
0.152330,0.230562,-0.023348,-4.017862,99331.060000,25.700000,173.132834,4.031412
0.142954,0.225785,-0.020837,-4.018080,99331.060000,25.700000,173.132834,4.031412
0.140396,0.220876,-0.018330,-4.018273,99330.740000,25.700000,173.160844,4.059422
0.135556,0.215853,-0.015973,-4.018435,99330.740000,25.700000,173.160844,4.059422
0.147540,0.210778,-0.013619,-4.018574,99330.740000,25.700000,173.160844,4.059422
0.161649,0.205785,-0.011312,-4.018688,99330.740000,25.700000,173.160844,4.059422
0.132718,0.200936,-0.009054,-4.018777,99330.740000,25.700000,173.160844,4.059422
0.106949,0.196094,-0.006858,-4.018841,99330.740000,25.700000,173.160844,4.059422
0.071092,0.191029,-0.004718,-4.018882,99330.280000,25.700000,173.201110,4.099688
0.066483,0.185578,-0.002645,-4.018900,99330.280000,25.700000,173.201110,4.099688
0.075875,0.179760,-0.000646,-4.018896,99330.280000,25.700000,173.201110,4.099688
0.052016,0.173655,0.001362,-4.018869,99330.280000,25.700000,173.201110,4.099688
0.068776,0.167308,0.003187,-4.018824,99330.280000,25.700000,173.201110,4.099688
0.096978,0.160900,0.004996,-4.018758,99330.280000,25.700000,173.201110,4.099688
0.114083,0.154712,0.006706,-4.018674,99330.280000,25.700000,173.201110,4.099688
0.059341,0.148792,0.008368,-4.018571,99330.280000,25.700000,173.201110,4.099688
0.032944,0.142880,0.010022,-4.018446,99330.280000,25.700000,173.201110,4.099688
0.042580,0.136799,0.011501,-4.018314,99330.280000,25.700000,173.201110,4.099688
0.037663,0.130602,0.013039,-4.018151,99330.280000,25.700000,173.201110,4.099688
0.059054,0.124412,0.014310,-4.017998,99329.980000,25.700000,173.227370,4.125948
0.099351,0.118471,0.015511,-4.017835,99329.980000,25.700000,173.227370,4.125948
0.055871,0.112939,0.016654,-4.017661,99329.980000,25.700000,173.227370,4.125948
0.041187,0.107670,0.017741,-4.017476,99329.980000,25.700000,173.227370,4.125948
0.050982,0.102530,0.018774,-4.017282,99329.980000,25.700000,173.227370,4.125948
-0.013420,0.097411,0.019787,-4.017071,99329.980000,25.700000,173.227370,4.125948
0.008161,0.092127,0.020717,-4.016857,99329.530000,25.700000,173.266760,4.165338
0.005277,0.086695,0.021593,-4.016634,99329.530000,25.700000,173.266760,4.165338
0.041552,0.081307,0.022417,-4.016403,99329.530000,25.700000,173.266760,4.165338
0.019317,0.076120,0.023186,-4.016165,99329.530000,25.700000,173.266760,4.165338
-0.007062,0.071076,0.023935,-4.015909,99329.530000,25.700000,173.266760,4.165338
-0.008836,0.066021,0.024607,-4.015655,99329.530000,25.700000,173.266760,4.165338
-0.044169,0.060851,0.025220,-4.015397,99329.530000,25.700000,173.266760,4.165338
-0.036702,0.055477,0.025780,-4.015135,99329.180000,25.700000,173.297397,4.195975
-0.036780,0.049928,0.026283,-4.014867,99329.180000,25.700000,173.297397,4.195975
-0.027255,0.044320,0.026731,-4.014594,99329.180000,25.700000,173.297397,4.195975
-0.005433,0.038809,0.027123,-4.014319,99329.180000,25.700000,173.297397,4.195975
0.032969,0.033650,0.027480,-4.014025,99329.180000,25.700000,173.297397,4.195975
0.008952,0.029022,0.027480,-4.014025,99329.180000,25.700000,173.297397,4.195975
0.047368,0.024964,0.027480,-4.014025,99328.910000,25.700000,173.321031,4.219609
0.004160,0.021464,0.027480,-4.014025,99328.910000,25.700000,173.321031,4.219609
0.013809,0.018389,0.027480,-4.014025,99328.910000,25.700000,173.321031,4.219609
0.027964,0.015688,0.027480,-4.014025,99328.910000,25.700000,173.321031,4.219609
0.040040,0.013457,0.027480,-4.014025,99328.910000,25.700000,173.321031,4.219609
0.075861,0.011827,0.027480,-4.014025,99328.910000,25.700000,173.321031,4.219609
0.073303,0.010927,0.027480,-4.014025,99328.910000,25.700000,173.321031,4.219609
0.051176,0.010689,0.027480,-4.014025,99328.910000,25.700000,173.321031,4.219609
0.056607,0.010928,0.027480,-4.014025,99328.910000,25.700000,173.321031,4.219609
0.030209,0.011492,0.027480,-4.014025,99328.910000,25.700000,173.321031,4.219609
-0.003004,0.012141,0.027480,-4.014025,99328.910000,25.700000,173.321031,4.219609
0.003646,0.012656,0.027480,-4.014025,99328.910000,25.700000,173.321031,4.219609
-0.003419,0.012984,0.027480,-4.014025,99328.650000,25.700000,173.343790,4.242368
0.017861,0.013182,0.027480,-4.014025,99328.650000,25.700000,173.343790,4.242368
0.012944,0.013336,0.027480,-4.014025,99328.650000,25.700000,173.343790,4.242368
0.051200,0.013567,0.027480,-4.014025,99328.650000,25.700000,173.343790,4.242368
0.020374,0.013960,0.027480,-4.014025,99328.650000,25.700000,173.343790,4.242368
0.001059,0.014388,0.027480,-4.014025,99328.650000,25.700000,173.343790,4.242368
0.027620,0.014742,0.027480,-4.014025,99328.380000,25.700000,173.367424,4.266002
0.015704,0.015080,0.027480,-4.014025,99328.380000,25.700000,173.367424,4.266002
0.003611,0.015378,0.027480,-4.014025,99328.380000,25.700000,173.367424,4.266002
0.065911,0.015702,0.027480,-4.014025,99328.380000,25.700000,173.367424,4.266002
0.029863,0.016224,0.027480,-4.014025,99328.380000,25.700000,173.367424,4.266002
0.018349,0.016863,0.027480,-4.014025,99328.380000,25.700000,173.367424,4.266002
-0.017438,0.017374,0.027480,-4.014025,99328.380000,25.700000,173.367424,4.266002
-0.005398,0.017603,0.027480,-4.014025,99328.160000,25.700000,173.386682,4.285260
-0.015002,0.017533,0.027480,-4.014025,99328.160000,25.700000,173.386682,4.285260
-0.026929,0.017160,0.027480,-4.014025,99328.160000,25.700000,173.386682,4.285260
-0.017565,0.016471,0.027480,-4.014025,99328.160000,25.700000,173.386682,4.285260
-0.029533,0.015502,0.027480,-4.014025,99328.160000,25.700000,173.386682,4.285260
-0.022453,0.014281,0.027480,-4.014025,99328.160000,25.700000,173.386682,4.285260
-0.007997,0.012894,0.027480,-4.014025,99327.920000,25.700000,173.407690,4.306268
-0.043875,0.011375,0.027480,-4.014025,99327.920000,25.700000,173.407690,4.306268
-0.002952,0.009717,0.027480,-4.014025,99327.920000,25.700000,173.407690,4.306268
-0.024649,0.008012,0.027480,-4.014025,99327.920000,25.700000,173.407690,4.306268
-0.026928,0.006270,0.027480,-4.014025,99327.920000,25.700000,173.407690,4.306268
-0.005361,0.004503,0.027480,-4.014025,99327.920000,25.700000,173.407690,4.306268
0.008879,0.002859,0.027480,-4.014025,99327.650000,25.700000,173.431325,4.329903
0.025492,0.001496,0.027480,-4.014025,99327.650000,25.700000,173.431325,4.329903
0.027845,0.000506,0.027480,-4.014025,99327.650000,25.700000,173.431325,4.329903
0.034948,-0.000084,0.027480,-4.014025,99327.650000,25.700000,173.431325,4.329903
0.063927,-0.000213,0.027480,-4.014025,99327.650000,25.700000,173.431325,4.329903
0.025432,0.000120,0.027480,-4.014025,99327.650000,25.700000,173.431325,4.329903
0.034890,0.000760,0.027480,-4.014025,99327.650000,25.700000,173.431325,4.329903
0.037283,0.001621,0.027480,-4.014025,99327.650000,25.700000,173.431325,4.329903
0.065930,0.002766,0.027480,-4.014025,99327.650000,25.700000,173.431325,4.329903
0.046363,0.004242,0.027480,-4.014025,99327.650000,25.700000,173.431325,4.329903
0.025047,0.005914,0.027480,-4.014025,99327.650000,25.700000,173.431325,4.329903
-0.013013,0.007506,0.027480,-4.014025,99327.650000,25.700000,173.431325,4.329903
-0.008106,0.008795,0.027480,-4.014025,99327.650000,25.700000,173.431325,4.329903
-0.027269,0.009697,0.027480,-4.014025,99327.540000,25.700000,173.440954,4.339532
-0.012800,0.010210,0.027480,-4.014025,99327.540000,25.700000,173.440954,4.339532
-0.003556,0.010426,0.027480,-4.014025,99327.540000,25.700000,173.440954,4.339532
-0.022282,0.010415,0.027480,-4.014025,99327.540000,25.700000,173.440954,4.339532
-0.014964,0.010159,0.027480,-4.014025,99327.540000,25.700000,173.440954,4.339532
-0.015338,0.009682,0.027480,-4.014025,99327.540000,25.700000,173.440954,4.339532
-0.003137,0.009062,0.027480,-4.014025,99327.500000,25.700000,173.444455,4.343033
0.001696,0.008391,0.027480,-4.014025,99327.500000,25.700000,173.444455,4.343033
-0.020083,0.007684,0.027480,-4.014025,99327.500000,25.700000,173.444455,4.343033
0.011414,0.006934,0.027480,-4.014025,99327.500000,25.700000,173.444455,4.343033
0.011262,0.006251,0.027480,-4.014025,99327.500000,25.700000,173.444455,4.343033
-0.005638,0.005667,0.027480,-4.014025,99327.500000,25.700000,173.444455,4.343033
0.044810,0.005212,0.027480,-4.014025,99327.500000,25.700000,173.444455,4.343033
0.035244,0.005049,0.027480,-4.014025,99327.260000,25.700000,173.465464,4.364042
0.025605,0.005192,0.027480,-4.014025,99327.260000,25.700000,173.465464,4.364042
0.004090,0.005481,0.027480,-4.014025,99327.260000,25.700000,173.465464,4.364042
0.042256,0.005859,0.027480,-4.014025,99327.260000,25.700000,173.465464,4.364042
0.006415,0.006356,0.027480,-4.014025,99327.260000,25.700000,173.465464,4.364042
0.015896,0.006894,0.027480,-4.014025,99327.260000,25.700000,173.465464,4.364042
0.027968,0.007452,0.027480,-4.014025,99327.140000,25.700000,173.475968,4.374546
0.031744,0.008110,0.027480,-4.014025,99327.140000,25.700000,173.475968,4.374546
0.001325,0.008823,0.027480,-4.014025,99327.140000,25.700000,173.475968,4.374546
0.008228,0.009459,0.027480,-4.014025,99327.140000,25.700000,173.475968,4.374546
-0.012895,0.009933,0.027480,-4.014025,99327.140000,25.700000,173.475968,4.374546
0.018490,0.010252,0.027480,-4.014025,99327.140000,25.700000,173.475968,4.374546
-0.013190,0.010458,0.027480,-4.014025,99327.140000,25.700000,173.475968,4.374546
-0.005789,0.010506,0.027480,-4.014025,99327.140000,25.700000,173.475968,4.374546
0.003549,0.010399,0.027480,-4.014025,99327.140000,25.700000,173.475968,4.374546
0.020409,0.010259,0.027480,-4.014025,99327.140000,25.700000,173.475968,4.374546
-0.008369,0.010126,0.027480,-4.014025,99327.140000,25.700000,173.475968,4.374546
0.001724,0.009927,0.027480,-4.014025,99327.140000,25.700000,173.475968,4.374546
-0.012721,0.009620,0.027480,-4.014025,99327.140000,25.700000,173.475968,4.374546
-0.019836,0.009160,0.027480,-4.014025,99327.090000,25.700000,173.480345,4.378923
-0.012678,0.008521,0.027480,-4.014025,99327.090000,25.700000,173.480345,4.378923
-0.012645,0.007750,0.027480,-4.014025,99327.090000,25.700000,173.480345,4.378923
-0.017371,0.006878,0.027480,-4.014025,99327.090000,25.700000,173.480345,4.378923
-0.015016,0.005910,0.027480,-4.014025,99327.090000,25.700000,173.480345,4.378923
0.011181,0.004928,0.027480,-4.014025,99327.090000,25.700000,173.480345,4.378923
0.006355,0.004063,0.027480,-4.014025,99326.880000,25.700000,173.498727,4.397305
0.030259,0.003402,0.027480,-4.014025,99326.880000,25.700000,173.498727,4.397305
0.004093,0.002963,0.027480,-4.014025,99326.880000,25.700000,173.498727,4.397305
0.001681,0.002649,0.027480,-4.014025,99326.880000,25.700000,173.498727,4.397305
0.030376,0.002441,0.027480,-4.014025,99326.880000,25.700000,173.498727,4.397305
0.008994,0.002406,0.027480,-4.014025,99326.880000,25.700000,173.498727,4.397305
-0.020215,0.002420,0.027480,-4.014025,99326.710000,25.700000,173.513608,4.412186
0.042377,0.002434,0.027480,-4.014025,99326.710000,25.700000,173.513608,4.412186
0.032646,0.002653,0.027480,-4.014025,99326.710000,25.700000,173.513608,4.412186
0.023086,0.003126,0.027480,-4.014025,99326.710000,25.700000,173.513608,4.412186
-0.029408,0.003623,0.027480,-4.014025,99326.710000,25.700000,173.513608,4.412186
-0.000987,0.003933,0.027480,-4.014025,99326.710000,25.700000,173.513608,4.412186
-0.000806,0.004090,0.027480,-4.014025,99326.670000,25.700000,173.517110,4.415688
0.003484,0.004189,0.027480,-4.014025,99326.670000,25.700000,173.517110,4.415688
-0.027548,0.004185,0.027480,-4.014025,99326.670000,25.700000,173.517110,4.415688
0.008690,0.004042,0.027480,-4.014025,99326.670000,25.700000,173.517110,4.415688
-0.020249,0.003807,0.027480,-4.014025,99326.670000,25.700000,173.517110,4.415688
-0.020006,0.003445,0.027480,-4.014025,99326.670000,25.700000,173.517110,4.415688
0.008546,0.002977,0.027480,-4.014025,99326.670000,25.700000,173.517110,4.415688
0.025287,0.002596,0.027480,-4.014025,99326.670000,25.700000,173.517110,4.415688
-0.003776,0.002371,0.027480,-4.014025,99326.670000,25.700000,173.517110,4.415688
0.020219,0.002243,0.027480,-4.014025,99326.670000,25.700000,173.517110,4.415688
0.049307,0.002314,0.027480,-4.014025,99326.670000,25.700000,173.517110,4.415688
-0.017593,0.002592,0.027480,-4.014025,99326.670000,25.700000,173.517110,4.415688
-0.007764,0.002823,0.027480,-4.014025,99326.670000,25.700000,173.517110,4.415688
-0.003055,0.002912,0.027480,-4.014025,99326.560000,25.700000,173.526739,4.425317
0.035169,0.003012,0.027480,-4.014025,99326.560000,25.700000,173.526739,4.425317
0.044735,0.003335,0.027480,-4.014025,99326.560000,25.700000,173.526739,4.425317
0.040031,0.003971,0.027480,-4.014025,99326.560000,25.700000,173.526739,4.425317
0.039954,0.004874,0.027480,-4.014025,99326.560000,25.700000,173.526739,4.425317
-0.000915,0.005892,0.027480,-4.014025,99326.510000,25.700000,173.531116,4.429693
-0.003089,0.006802,0.027480,-4.014025,99326.510000,25.700000,173.531116,4.429693
0.023364,0.007566,0.027480,-4.014025,99326.510000,25.700000,173.531116,4.429693
0.037200,0.008348,0.027480,-4.014025,99326.510000,25.700000,173.531116,4.429693
0.015943,0.009215,0.027480,-4.014025,99326.510000,25.700000,173.531116,4.429693
0.008592,0.010064,0.027480,-4.014025,99326.510000,25.700000,173.531116,4.429693
-0.010367,0.010759,0.027480,-4.014025,99326.450000,25.700000,173.536368,4.434946
0.027744,0.011297,0.027480,-4.014025,99326.450000,25.700000,173.536368,4.434946
0.006327,0.011778,0.027480,-4.014025,99326.450000,25.700000,173.536368,4.434946
-0.026986,0.012117,0.027480,-4.014025,99326.450000,25.700000,173.536368,4.434946
-0.003015,0.012177,0.027480,-4.014025,99326.450000,25.700000,173.536368,4.434946
0.001161,0.012039,0.027480,-4.014025,99326.450000,25.700000,173.536368,4.434946
-0.010621,0.011779,0.027480,-4.014025,99326.310000,25.700000,173.548623,4.447201
0.015826,0.011432,0.027480,-4.014025,99326.310000,25.700000,173.548623,4.447201
0.008107,0.011092,0.027480,-4.014025,99326.310000,25.700000,173.548623,4.447201
-0.024917,0.010710,0.027480,-4.014025,99326.310000,25.700000,173.548623,4.447201
0.015786,0.010216,0.027480,-4.014025,99326.310000,25.700000,173.548623,4.447201
-0.005632,0.009694,0.027480,-4.014025,99326.310000,25.700000,173.548623,4.447201
0.006261,0.009175,0.027480,-4.014025,99326.310000,25.700000,173.548623,4.447201
0.008881,0.008675,0.027480,-4.014025,99326.310000,25.700000,173.548623,4.447201
0.013159,0.008247,0.027480,-4.014025,99326.310000,25.700000,173.548623,4.447201
0.020962,0.007931,0.027480,-4.014025,99326.310000,25.700000,173.548623,4.447201
0.001783,0.007716,0.027480,-4.014025,99326.310000,25.700000,173.548623,4.447201
0.013637,0.007546,0.027480,-4.014025,99326.100000,25.700000,173.567005,4.465583
0.004027,0.007406,0.027480,-4.014025,99326.100000,25.700000,173.567005,4.465583
0.003899,0.007275,0.027480,-4.014025,99326.100000,25.700000,173.567005,4.465583
0.020866,0.007170,0.027480,-4.014025,99326.100000,25.700000,173.567005,4.465583
0.008793,0.007139,0.027480,-4.014025,99326.100000,25.700000,173.567005,4.465583
0.011276,0.007163,0.027480,-4.014025,99326.100000,25.700000,173.567005,4.465583
-0.005482,0.007176,0.027480,-4.014025,99326.040000,25.700000,173.572258,4.470835
0.011378,0.007148,0.027480,-4.014025,99326.040000,25.700000,173.572258,4.470835
0.003971,0.007106,0.027480,-4.014025,99326.040000,25.700000,173.572258,4.470835
0.030391,0.007120,0.027480,-4.014025,99326.040000,25.700000,173.572258,4.470835
0.015883,0.007255,0.027480,-4.014025,99326.040000,25.700000,173.572258,4.470835
0.020636,0.007499,0.027480,-4.014025,99325.920000,25.700000,173.582762,4.481340
0.006347,0.007790,0.027480,-4.014025,99325.920000,25.700000,173.582762,4.481340
0.027892,0.008113,0.027480,-4.014025,99325.920000,25.700000,173.582762,4.481340
0.001498,0.008466,0.027480,-4.014025,99325.920000,25.700000,173.582762,4.481340
-0.010551,0.008741,0.027480,-4.014025,99325.920000,25.700000,173.582762,4.481340
0.018276,0.008894,0.027480,-4.014025,99325.920000,25.700000,173.582762,4.481340
-0.013102,0.008973,0.027480,-4.014025,99325.860000,25.700000,173.588014,4.486592
-0.001053,0.008936,0.027480,-4.014025,99325.860000,25.700000,173.588014,4.486592
0.015798,0.008821,0.027480,-4.014025,99325.860000,25.700000,173.588014,4.486592
-0.008059,0.008691,0.027480,-4.014025,99325.860000,25.700000,173.588014,4.486592
-0.022348,0.008443,0.027480,-4.014025,99325.860000,25.700000,173.588014,4.486592
-0.010414,0.007999,0.027480,-4.014025,99325.860000,25.700000,173.588014,4.486592
-0.005576,0.007424,0.027480,-4.014025,99325.860000,25.700000,173.588014,4.486592
0.044342,0.006908,0.027480,-4.014025,99325.860000,25.700000,173.588014,4.486592
0.051832,0.006714,0.027480,-4.014025,99325.860000,25.700000,173.588014,4.486592
-0.013031,0.006801,0.027480,-4.014025,99325.860000,25.700000,173.588014,4.486592
0.013814,0.006905,0.027480,-4.014025,99325.860000,25.700000,173.588014,4.486592
-0.000800,0.006963,0.027480,-4.014025,99325.800000,25.700000,173.593266,4.491844
0.006489,0.006991,0.027480,-4.014025,99325.800000,25.700000,173.593266,4.491844
-0.014977,0.006944,0.027480,-4.014025,99325.800000,25.700000,173.593266,4.491844
0.042497,0.006882,0.027480,-4.014025,99325.800000,25.700000,173.593266,4.491844
0.023169,0.006983,0.027480,-4.014025,99325.800000,25.700000,173.593266,4.491844
-0.029368,0.007144,0.027480,-4.014025,99325.800000,25.700000,173.593266,4.491844
-0.005566,0.007121,0.027480,-4.014025,99325.650000,25.700000,173.606397,4.504975
0.025721,0.006998,0.027480,-4.014025,99325.650000,25.700000,173.606397,4.504975
0.006367,0.006949,0.027480,-4.014025,99325.650000,25.700000,173.606397,4.504975
-0.005515,0.006918,0.027480,-4.014025,99325.650000,25.700000,173.606397,4.504975
0.016207,0.006854,0.027480,-4.014025,99325.650000,25.700000,173.606397,4.504975
0.003951,0.006806,0.027480,-4.014025,99325.650000,25.700000,173.606397,4.504975
0.008823,0.006778,0.027480,-4.014025,99325.570000,25.700000,173.613400,4.511978
-0.029715,0.006670,0.027480,-4.014025,99325.570000,25.700000,173.613400,4.511978
0.030054,0.006466,0.027480,-4.014025,99325.570000,25.700000,173.613400,4.511978
0.001304,0.006302,0.027480,-4.014025,99325.570000,25.700000,173.613400,4.511978
-0.001290,0.006175,0.027480,-4.014025,99325.570000,25.700000,173.613400,4.511978
0.015737,0.006040,0.027480,-4.014025,99325.450000,25.700000,173.623904,4.522482
0.004010,0.005947,0.027480,-4.014025,99325.450000,25.700000,173.623904,4.522482
0.018192,0.005909,0.027480,-4.014025,99325.450000,25.700000,173.623904,4.522482
0.015959,0.005953,0.027480,-4.014025,99325.450000,25.700000,173.623904,4.522482
0.023021,0.006107,0.027480,-4.014025,99325.450000,25.700000,173.623904,4.522482
0.011239,0.006357,0.027480,-4.014025,99325.450000,25.700000,173.623904,4.522482
-0.017517,0.006579,0.027480,-4.014025,99325.450000,25.700000,173.623904,4.522482
0.032682,0.006730,0.027480,-4.014025,99325.450000,25.700000,173.623904,4.522482
0.035269,0.006994,0.027480,-4.014025,99325.450000,25.700000,173.623904,4.522482
0.006293,0.007415,0.027480,-4.014025,99325.450000,25.700000,173.623904,4.522482
-0.019864,0.007777,0.027480,-4.014025,99325.450000,25.700000,173.623904,4.522482
0.032906,0.008016,0.027480,-4.014025,99325.450000,25.700000,173.623904,4.522482
-0.005485,0.008243,0.027480,-4.014025,99325.540000,25.700000,173.616026,4.514604
0.022946,0.008468,0.027480,-4.014025,99325.540000,25.700000,173.616026,4.514604
